0112b1f6b5abaaa89ab1a53b0f7c9dee	1	330754	player+silence	it2play	Impulse Tracker 2.11	12	776253	5241f952	367a92a9	albums/LED/full/chl-led4.zip/PALPITAT.IT
0112b1f6b5abaaa89ab1a53b0f7c9dee	1	330754	player+silence	it2play	Impulse Tracker 2.11	12	776253	5241f952	367a92a9	albums/LED/full/chll-led.zip/PALPITAT.IT
0112b1f6b5abaaa89ab1a53b0f7c9dee	1	330754	player+silence	it2play	Impulse Tracker 2.11	12	776253	5241f952	367a92a9	albums/LED/singles/zn_palp.zip/PALPITAT.IT
016a089dcd611de99ab314ce031ad359	1	188917	player+silence	ft2play	FastTracker v2.00	14	988645	430464b5	e360da0a	releases/xx-rave.zip/XX-RAVE.XM
018711b13adf54032d729839ecc3e5d2	1	321469	player+silence	it2play	Impulse Tracker 2.08	59	564161	3c74a732	79fab8e4	releases/zn-ccrow.zip/CLUBCROW.IT
018711b13adf54032d729839ecc3e5d2	2	7153	player
01ddddfd7b417ba509a81e5801604961	1	272400	player+silence	ft2play	FastTracker v2.00	16	526974	16018c55	9b99338a	albums/unpublishedworks/freakyou.zip/FREAKYOU.XM
01ddddfd7b417ba509a81e5801604961	1	272400	player+silence	ft2play	FastTracker v2.00	16	526974	16018c55	9b99338a	albums/unpublishedworks/ms-unpub.zip/FREAKYOU.XM
03e511e5123fc3497e227c449f6a182d	1	138891	player	st3play	Scream Tracker 3.01 (SB)	16	251066	b8595e12	47b09827	prechill/bnb/BOB_ELEC.ZIP/ELECTRIC.S3M
0488a377b1495840e7f5ff8e68b932cb	1	384993	player	ft2play	FastTracker v2.00	20	916690	07836804	e672017f	albums/LED/full/chl-led1.zip/ACOPOLCO.XM
0488a377b1495840e7f5ff8e68b932cb	1	384993	player	ft2play	FastTracker v2.00	20	916690	07836804	e672017f	albums/LED/full/chll-led.zip/ACOPOLCO.XM
0488a377b1495840e7f5ff8e68b932cb	1	384993	player	ft2play	FastTracker v2.00	20	916690	07836804	e672017f	albums/LED/singles/tr-acopo.zip/ACOPOLCO.XM
0539c3d1ca660521179544725b8ac876	1	240106	player	it2play	Impulse Tracker 2.14+	17	295177	5c209a38	4c707098	releases/mv-v9.zip/V95.IT
0661611983d292ae5c6be085352fb02f	1	230521	player+silence	it2play	Impulse Tracker 2.14+	13	142288	b3d8f333	f39413fb	releases/KJGREEN.IT
069a29fc63a9055920e2f60aa287bae0	1	319095	loop	ft2play	FastTracker v2.00	20	982407	1fd2ac31	07aa768e	prechill/maz/DISK6/MAZ-6TH1.ZIP/M-60MINS.XM
06cd02302d8a30bdebe132dea2ad442b	1	360546	player+silence	ft2play	FastTracker v2.00	16	544261	d005f6d2	850643d7	releases/bb-gashd.zip/GASHEAD7.XM
06f530b159959f7091298baf4b850181	1	232812	player	st3play	Scream Tracker 3.2x (SB)	10	303045	a3aa1fca	95676a3a	prechill/maz/DISK4/REBIRTH1.ZIP/WICKED.S3M
0701b44bc1f75115fbdfaccf5d62b41b	1	117852	player	st3play	Scream Tracker 3.2x (SB)	10	294427	7e2c7981	4721100e	prechill/maz/DISK4/REBIRTH2.ZIP/WINTER.S3M
0755b5c943016b7a9b9e8de69733c925	1	212236	player+silence	ft2play	FastTracker v2.00	12	930211	d39ab1cf	bf08b215	releases/dx_atom.zip/DX_ATOM.XM
077affed5f55c36ab6824cde6934abeb	1	268596	player+silence	it2play	Impulse Tracker 2.14	6	1328218	b0037f19	cfad6e4c	releases/zn-symet.zip/ZN-SYMET.IT
09c7a8784c4fab65a941c8ba12fdee9c	1	194814	player+silence	st3play	Scream Tracker 3.2x (GUS)	16	482912	d3c532f7	1dba1cfd	prechill/maz/DISK6/MAZ-6TH2.ZIP/M-DRMREA.S3M
0a52aabd9a63787574898fbb2d07f9b4	1	300654	player	ft2play	FastTracker v2.00	32	1916385	68e05da6	c5f0cef6	releases/sin-alie.zip/Sin_alie.xm
0b00c5f0b8453c742e16fd21fa6fca6c	1	416704	player+silence	st3play	Scream Tracker 3.2x (SB)	16	493275	6a51ce64	e9446054	prechill/maz/DISK4/REBIRTH1.ZIP/PUBLIC-I.S3M
0bc32e55027e0b8a036dd06090f6dd8b	1	131778	player	st3play	Scream Tracker 3.01 (SB)	16	334414	0cc436e6	cf6572eb	prechill/ato/ATO_JAZ3.ZIP/SLOWPRGS.S3M
0c4e6cd0709aa779e2d3665b1deb590b	1	231066	player+silence	ft2play	FastTracker v2.00	14	362048	9e3593ca	c514b2d6	albums/amber/amber.zip/TH-LACON.XM
0c4e6cd0709aa779e2d3665b1deb590b	1	231066	player+silence	ft2play	FastTracker v2.00	14	362048	9e3593ca	c514b2d6	albums/amber/th-lacon.zip/TH-LACON.XM
0c749c44b230cb0ab0e398797dc95c9b	1	340353	player+silence	ft2play	FastTracker v2.00	16	665764	8e0e62ff	6c1a3ecc	albums/prototype/xms/ch1-prot.zip/ANCIENTS.XM
0c749c44b230cb0ab0e398797dc95c9b	1	340353	player+silence	ft2play	FastTracker v2.00	16	665764	8e0e62ff	6c1a3ecc	albums/prototype/xms/ms-ancie.zip/ANCIENTS.XM
0d3ffad9cdd95ec69479ab74dddbea2f	1	306296	player+silence	ft2play	FastTracker v2.00	14	600965	67d97c97	a6d7e4eb	releases/dx_auto9.zip/DX_AUTO9.XM
0d7b2a5c1e7cfbdfed5baa0f86707f7e	1	246931	player+silence	st3play	Scream Tracker 3.2x (SB)	16	256931	4811cefc	d9671248	prechill/maz/SOLO/MAZ!BOB2.ZIP/HARTBEAT.S3M
0dae471ce8629ef07e6e24fc413447ae	1	162601	player+silence	ft2play	FastTracker v2.00	24	157464	c279bb6d	771cc9ae	eps/relaxed_vision/relaxed_vision.zip/rv-orig.xm
0dae471ce8629ef07e6e24fc413447ae	1	162601	player+silence	ft2play	FastTracker v2.00	24	157464	c279bb6d	771cc9ae	eps/relaxed_vision/rv-orig.zip/rv-orig.xm
0dbac15f275e69221198607cfdbce1ce	1	211553	player+silence	st3play	Scream Tracker 3.01 (SB)	10	131037	698dbcd5	e78a4581	prechill/ato/ATO_PDX3.ZIP/MOVE.S3M
0df14f02e93f5aee250760500c9b8e9c	1	389962	player	ft2play	FastTracker v2.00	10	1311631	bd5832b7	191f33f6	albums/unpublishedworks/ms-unpub.zip/TITAN.XM
0df14f02e93f5aee250760500c9b8e9c	1	389962	player	ft2play	FastTracker v2.00	10	1311631	bd5832b7	191f33f6	albums/unpublishedworks/titan.zip/TITAN.XM
0e3529a33fdc4af77fc2d64dccb9b20c	1	204972	player+silence	ft2play	FastTracker v2.00	24	342052	a9f5e4c5	75d1412c	albums/amber/amber.zip/M3-DELIL.XM
0ed353a4a5dae04f8000c129bb7a6b8c	1	363695	player+silence	it2play	Impulse Tracker 2.14+	17	269683	329843f0	38413860	releases/mv-v9.zip/V91.IT
0ed7e760ebfb66477438f12b6c7664af	1	299586	player+silence	ft2play	FastTracker v2.00	20	999225	98d11777	be500085	albums/LED/full/chl-led1.zip/TG-CHILD.XM
0ed7e760ebfb66477438f12b6c7664af	1	299586	player+silence	ft2play	FastTracker v2.00	20	999225	98d11777	be500085	albums/LED/full/chll-led.zip/TG-CHILD.XM
0ed7e760ebfb66477438f12b6c7664af	1	299586	player+silence	ft2play	FastTracker v2.00	20	999225	98d11777	be500085	albums/LED/singles/tg-child.zip/TG-CHILD.XM
0fa9b7a05352387d2962130b3a788fd4	1	399151	player	ft2play	FastTracker v2.00	12	370817	6234c81b	ab79d53c	albums/amber/amber.zip/VG-BEVIL.XM
0fa9b7a05352387d2962130b3a788fd4	1	399151	player	ft2play	FastTracker v2.00	12	370817	6234c81b	ab79d53c	albums/amber/vg-bevil.zip/VG-BEVIL.XM
11cea2a73a32a2c2c580286c0d89bc25	1	214552	player+silence	st3play	Scream Tracker 3.2x (SB)	16	147051	1c27d167	7d56f738	prechill/maz/DISK5/MAZVOID1.ZIP/FURTHER.S3M
135fdb5988e9165024e050beb04786c3	1	431855	player+silence	ft2play	FastTracker v2.00	16	571520	2c759f9c	6750160b	albums/prototype/xms/ch1-prot.zip/STATIC.XM
135fdb5988e9165024e050beb04786c3	1	431855	player+silence	ft2play	FastTracker v2.00	16	571520	2c759f9c	6750160b	albums/prototype/xms/ms-stati.zip/STATIC.XM
13c9a14ab8e816fa8e6302f93a09d513	1	77322	player	st3play	Scream Tracker 3.2x (SB)	16	295880	2ee33af7	d9d50633	prechill/maz/MAZPARTY.ZIP/ANDREWM.S3M
14a62bf9f3beabc4eaddd2fa799167c4	1	337435	player+silence	st3play	Scream Tracker 3.2x (SB)	16	251088	e6fca3ec	4eab29f1	prechill/maz/SOLO/MAZ!BOB1.ZIP/TRAUMA-T.S3M
1577569377149a24533356206876ff42	1	143126	player	ft2play	FastTracker v2.00	8	156980	9927c049	2aab5bcb	prechill/maz/UNOF/MS-HIGH.ZIP/MS-HIGH.XM
175a50b504c3254fd3c381acc2f5ae5e	1	264050	player+silence	ft2play	FastTracker v2.00	12	876670	ce37517e	49c046c1	releases/qm+in-cow.zip/COWBOY.XM
1837c4431aee2aeccdfe373525f106d7	1	233160	player+silence	st3play	Scream Tracker 3.2x (SB)	16	148062	1dad0639	5594ca90	prechill/maz/DISK4/REBIRTH1.ZIP/ETERNAL.S3M
1850dd5e4e3186e67cbaf6183af202a0	1	374173	player+silence	ft2play	FastTracker v2.00	32	3405284	99d6307a	bc1614cb	releases/mh-asylm.zip/ASYLUM.XM
189f019c87e57756dfe7ebf3d536cec7	1	162589	player+silence	st3play	Scream Tracker 3.01 (SB)	10	353198	22022bd0	e18bb6c0	prechill/ato/ATO_JAZ7.ZIP/REWIND.MOD
18dbfde8a98e7e3a3837f341cec826d1	1	178594	player+silence	ft2play	FastTracker v2.00	10	154283	643ce2b5	8c3b8699	eps/mh-anlog.zip/3.XM
19613b432334ec7a52faf46082601b63	1	286946	player+silence	ft2play	FastTracker v2.00	18	1122935	e4da6323	3c30f89f	prechill/maz/UNOF/ENHANCE.ZIP/ENHANCE.XM
1a05fda770737c4c1108413f09a4da6c	1	489780	player+silence	it2play	Impulse Tracker 2.14	14	637454	f34696cf	348f5446	releases/mv-bbjzz.zip/BBJAZZ.IT
1a6032de662dfa5f2ba9adb25fbf44b0	1	187821	player+silence	ft2play	FastTracker v2.00	10	210157	bee07d92	edbc749e	releases/ms-dolph.zip/MS-DOLPH.XM
1abf6f0703ac8dd02f48f299541a54c5	1	323121	player+silence	st3play	Scream Tracker 3.01 (SB)	13	495040	6ea74614	2a4df84a	prechill/maz/MAZRAVE2.ZIP/BT-FTR.S3M
1b0ae2a6c29daa0b67602020416a0c54	1	232611	player+silence	ft2play	FastTracker v2.00	16	596459	e7cc8050	c962c57d	albums/unpublishedworks/lovefeel.zip/LOVEFEEL.XM
1b0ae2a6c29daa0b67602020416a0c54	1	232611	player+silence	ft2play	FastTracker v2.00	16	596459	e7cc8050	c962c57d	albums/unpublishedworks/ms-unpub.zip/LOVEFEEL.XM
1ebe5f2952835843c749449923df984d	1	266494	player+silence	ft2play	FastTracker v2.00	12	788521	9af60e70	2ff87cc9	releases/dx_mnrv.zip/DX_MNRV.XM
1f2c0b1d83f66e2ae92f461b13d74585	1	269472	player	ft2play	FastTracker v2.00	16	1716847	dce02b70	5b279cd7	eps/krokk.zip/QM-CROCK.XM
1ffb66e374c95d190244535904d21810	1	427613	player	ft2play	FastTracker v2.00	32	1062305	5b456a91	0dab35e5	releases/m3_fluff.zip/M3_FLUFF.XM
20bb82ac7459eada47c3d8c568e92332	1	294863	player	ft2play	FastTracker v2.00	10	342657	dba438c7	2800d825	prechill/maz/DISK6/MAZ-6TH3.ZIP/M-SHPAK.XM
211c31084262d8580aa7dff586839692	1	341002	player+silence	st3play	Scream Tracker 3.2x (SB)	16	478141	6b77249f	9381bace	prechill/maz/MAZRAVE1.ZIP/B-PICK.S3M
2274c9133224e4432f4b3f008b002938	1	315277	player+silence	ft2play	FastTracker v2.00	10	259909	6debb397	20a7cb5c	releases/bm-whous.zip/BM-WHOUS.XM
233dca204114e511ab5e26993c9ae02a	1	773771	player+silence	ft2play	FastTracker v2.00	16	1002420	1967a9cf	b593e97d	releases/vg-maest.zip/VG-MAEST.XM
236f6ae294dba3773780c849d7e75ac9	1	1214148	player+silence	ft2play	FastTracker v2.00	32	1956801	946666e7	5e72c5c5	releases/jb+m3_gg.zip/Jm_gold.xm
2390dd775d795c231d9a51ba40e3d72a	1	572744	player	ft2play	FastTracker v2.00	28	1098050	567485f1	7591836a	releases/m3_psun.zip/M3_PSUN.XM
2395ed1775858e37299481c03cd8582f	1	157177	player	st3play	Scream Tracker 3.01 (GUS)	16	69472	943262c0	dd7f00ff	prechill/maz/DISK2/MAZ-DSK2.ZIP/JESTEGO.S3M
24fd4f02b11749792b23414fd794de54	1	232293	player+silence	ft2play	FastTracker v2.00	12	551260	80b00340	00851196	releases/CABLETV.XM
25354b7b9f3e2a1ff1829d0dfe5d33e2	1	247272	player	ft2play	FastTracker v2.00	16	977545	b33805a1	6a4a39fb	releases/dx_e9.zip/DX_E9.XM
2602d4d4793bf6bfc70ba84c41aef882	1	280867	player+silence	st3play	Scream Tracker 3.2x (SB)	16	301324	81e9e545	65032dd8	prechill/maz/SOLO/MAZ!BOB1.ZIP/PLEAZURE.S3M
267f238aca2666973cafe5940c43b0ff	1	574431	player+silence	ft2play	FastTracker v2.00	26	898124	c4d5f4d6	3f191038	releases/dx-desol.zip/DESOLATE.XM
28a1c82f03fcde7952c5f6fef6c63a56	1	210835	player+volume	st3play	Scream Tracker 3.01 (SB)	6	173260	aa22c42d	3a46f9d0	prechill/maz/DISK2/MAZ-DSK2.ZIP/HONEY.S3M
28f7df18b4bc408dbf13c752dcf59130	1	471707	player+silence	it2play	Impulse Tracker 2.14+	14	465764	bfadd641	30a64f77	eps/mv-dir.zip/THREE.IT
2993cbbee66c442a80323c3600a44a8f	1	290944	player	st3play	Scream Tracker 3.01 (SB)	16	242252	fec9595c	cbf01977	prechill/maz/DISK1/MAZ-DSK1.ZIP/CHAOS.S3M
2a478e283dc115a2181e71fb5d17c8e9	1	303295	player+silence	ft2play	FastTracker v2.00	12	511637	f21d1d5f	d240020b	releases/vg-sunri.zip/SUNRISE.XM
2a4b9f890c70de653e5e4a8f4c31f2db	1	293396	player+silence	ft2play	FastTracker v2.00	30	967584	7acec3e6	0d161a6a	albums/amber/amber.zip/MH-LAURA.XM
2a4b9f890c70de653e5e4a8f4c31f2db	1	293396	player+silence	ft2play	FastTracker v2.00	30	967584	7acec3e6	0d161a6a	albums/amber/mh-laura.zip/MH-LAURA.XM
2a5edc27c03b303877dc39aabe14f72e	1	419095	player+silence	st3play	Scream Tracker 3.2x (SB)	9	302007	af12e676	c0728e31	prechill/maz/MAZRAVE2.ZIP/ORGASMIC.S3M
2ae1d450d8d419a4080f90ef180a01a8	1	122876	player	it2play	Impulse Tracker 2.11	20	380243	adceb677	6ce8f1c1	eps/ut-nreal.zip/unitro1.it
2c27b055c342c541a482d850f38cd24a	1	234032	player+silence	st3play	Scream Tracker 3.2x (SB)	16	178318	37cfadeb	6f07cb8c	prechill/maz/MAZ-NAID.ZIP/FANATIC.S3M
2c3c2e009891aaf8446d86d13d32759d	1	145904	player	st3play	Scream Tracker 3.2x (GUS)	16	26144	3a84611e	67f194e4	prechill/maz/DISK6/MAZ-6TH4.ZIP/M-CHEESE.S3M
2c701b15ab24b35f9be49fa7e6d58212	1	274716	player+volume	it2play	Impulse Tracker 2.13	10	159932	53150120	94d5a1a7	releases/mv-athsim.zip/ATHSIM.IT
2c9f44394fca1214d3d37cc875a57d46	1	368752	player+silence	st3play	Scream Tracker 3.01 (SB)	16	388736	6bab43e8	9ea6a254	prechill/maz/DISK1/MAZ-DSK1.ZIP/ACIDHEAD.S3M
2d2bbb08c7099852488ccec1beb15e4e	1	344275	player	it2play	Impulse Tracker 2.14	25	427850	dc91704d	bb6c9bd1	albums/amber/amber.zip/UT-WORMF.IT
2d2bbb08c7099852488ccec1beb15e4e	1	344275	player	it2play	Impulse Tracker 2.14	25	427850	dc91704d	bb6c9bd1	albums/amber/ut-wormf.zip/UT-WORMF.IT
2d9798303fdca8f6c3b6c2243522e448	1	183123	player+silence	it2play	Impulse Tracker 2.14+	13	432958	0911ef06	56bddbaa	releases/kj-jpeg.zip/KJJPEG.IT
2e3659ecfdec57a6826280f1b73e2924	1	267531	player+silence	ft2play	FastTracker v2.00	16	366895	9a3e2fd4	35f54df8	prechill/maz/DISK6/MAZ-6TH1.ZIP/M-ESCAPE.XM
2ec5af41ecbeef87691d70a3c77bcc53	1	783758	player	ft2play	FastTracker v2.00	18	545309	7a8d93c8	a08c741b	releases/m3_rsands.zip/M3_RSAND.XM
2f9c43ba5efd8682e15a501010f17392	1	252231	player+silence	ft2play	FastTracker v2.00	12	243322	ad4af3aa	b4604ecd	releases/dg-virtu.zip/INTENSE.XM
2fc9a09d4612c9d3555c5d400cb73019	1	310475	player	ft2play	FastTracker v2.00	32	1429783	3559c4cc	f449858a	releases/m3_subson.zip/M3_subso.xm
30499bbe93ee0015799f7af6ff7c849f	1	307880	player	ft2play	FastTracker v2.00	16	397738	33b04b5d	ab7451ab	albums/unpublishedworks/apodream.zip/APODREAM.XM
30499bbe93ee0015799f7af6ff7c849f	1	307880	player	ft2play	FastTracker v2.00	16	397738	33b04b5d	ab7451ab	albums/unpublishedworks/ms-unpub.zip/APODREAM.XM
30645728cc80fbaf7c3ba2095238fae1	1	665284	player+silence	ft2play	FastTracker v2.00	20	1254084	8c45d0b9	f31820ed	releases/jb_bnw.zip/BRVNEWLD.XM
307ef91eb43cb12a08a94abdeee1b829	1	214225	player	st3play	Scream Tracker 3.01 (SB)	10	167296	0f0b780d	a851176d	prechill/maz/DISK1/MAZ-DSK1.ZIP/TSUNAMI.MOD
30f2731b455c719d93f8e406883a098d	1	372278	player	ft2play	FastTracker v2.00	8	597024	505dd5e6	7beb5630	releases/dx-dirty.zip/DIRTY.XM
314fbcdaecaf25cd52c33aad17c23e18	1	262348	player+silence	ft2play	FastTracker v2.00	32	801840	d777af85	cab3fa8b	albums/abstract/abstract.zip/Ad-pantr.xm
314fbcdaecaf25cd52c33aad17c23e18	1	262348	player+silence	ft2play	FastTracker v2.00	32	801840	d777af85	cab3fa8b	albums/abstract/ad-pantr.zip/Ad-pantr.xm
31d5d0a06baccd413fe5525bec9e6afb	1	255938	player+silence	ft2play	FastTracker v2.00	20	324034	e2519ce0	33082da1	releases/jb_smoke.zip/J_SMOKE.XM
3217dd122201825c548e9c45fdec46c6	1	458045	player+silence	ft2play	FastTracker v2.00	24	1090364	4da13857	0fec2338	albums/abstract/abstract.zip/AD-INTER.XM
3217dd122201825c548e9c45fdec46c6	1	458045	player+silence	ft2play	FastTracker v2.00	24	1090364	4da13857	0fec2338	albums/abstract/ad-inter.zip/AD-INTER.XM
3262e162ca0f1c42198c0df01dbc533a	1	584380	player+silence	st3play	Scream Tracker 3.2x (SB)	16	307464	6ddab675	e10b2ab1	prechill/maz/MAZRAVE2.ZIP/TRUETEST.S3M
33060b0d550321aa63de15812536fb9a	1	306185	player+silence	ft2play	FastTracker v2.00	14	969351	32ccbb43	d7c748cd	prechill/maz/DISK6/MAZ-6TH4.ZIP/M-TWILI.XM
3339528092c5e7a3bfd4fc2c2ee02d66	1	161575	player+silence	ft2play	FastTracker v2.00	24	194197	fe7c7548	e29f2229	eps/relaxed_vision/relaxed_vision.zip/rv-hnrmx.xm
3339528092c5e7a3bfd4fc2c2ee02d66	1	161575	player+silence	ft2play	FastTracker v2.00	24	194197	fe7c7548	e29f2229	eps/relaxed_vision/rv-hnrmx.zip/rv-hnrmx.xm
33a2ad8b57c755acea215e1fdf3eb7ee	1	233004	player+silence	ft2play	FastTracker v2.00	10	350554	3c8843b8	732914c3	eps/ms-psudo.zip/FKLOOP3.XM
33a53e09c81b44b2111927171ccd044b	1	376985	player+silence	ft2play	FastTracker v2.00	32	2722981	d81c883d	be08ce5c	releases/mh-whale.zip/MH-WHALE.XM
33fda715e8f2f4d07a5109023eefc2c8	1	282713	player+silence	st3play	Scream Tracker 3.2x (GUS)	8	224430	b25a7d92	b7beefff	prechill/maz/MAZ-NAID.ZIP/CATCH-IT.S3M
34169870f59a1cdab24704904d1470ee	1	270851	player+silence	st3play	Scream Tracker 3.2x (SB)	10	382232	ff3d284b	603c4dd0	prechill/maz/DISK4/REBIRTH2.ZIP/SANDZ.S3M
349b9de90a9e5727afc9c12534651c20	1	223990	player	it2play	Impulse Tracker 2.14+	16	192410	8a82d9c4	4622ec9d	releases/kj-phatn.zip/KJPHAT.IT
34b103985803ec2145479da98a6bf696	1	291961	player+volume	ft2play	FastTracker v2.00	14	1262272	532b9f6f	6b7f50a5	releases/sin-qt.zip/Sin_qt.xm
3517a3651fd0c07c4db3839fdbf0bfda	1	276133	player+silence	st3play	Scream Tracker 3.2x (SB)	14	393660	e10ee1b5	ba9513b2	prechill/maz/SOLO/MAZ!BOB1.ZIP/MURDER-1.S3M
353ae391455209cbcf17a2bbf489ad0e	1	252782	player+silence	st3play	Scream Tracker 3.2x (SB)	16	662369	bc60910d	3e1362cb	prechill/maz/MAZ-NAID.ZIP/BOB-SOFT.S3M
366f479e2313115454fbce51ff29c387	1	279933	player	ft2play	FastTracker v2.00	22	952021	e0e29516	7a41871e	albums/amber/amber.zip/BB-U235.XM
366f479e2313115454fbce51ff29c387	1	279933	player	ft2play	FastTracker v2.00	22	952021	e0e29516	7a41871e	albums/amber/bb-u235.zip/BB-U235.XM
375c034b518f52751058cef3e04080a9	1	409185	player+silence	it2play	Impulse Tracker 2.13	15	726515	da96fa32	1587332e	eps/krokk.zip/FR-KROKK.IT
3782dcb983a197491dc767badcdfaf6d	1	230260	player	ft2play	FastTracker v2.00	14	898509	f4345306	e9ce5f7c	eps/in-isues.zip/SADSONG.XM
37ba73e091ec8ed4b10025ecf4691537	1	215632	player+silence	st3play	Scream Tracker 3.01 (SB)	16	352656	06ff9f19	8b51a025	prechill/maz/SOLO/MAZ-MAY1.ZIP/MNTLHVOC.S3M
3852aa5fec55989c9ce946e96e253981	1	368528	player	st3play	Scream Tracker 3.2x (SB)	9	388272	d4949d77	3cb69d11	prechill/maz/DISK5/MAZVOID2.ZIP/CYBER-D.S3M
3972895d687842c18edd0b9fefa2aebf	1	895176	player+silence	ft2play	FastTracker v2.00	26	1473662	fdbb69e1	979d6d8c	albums/LED/full/chl-led4.zip/HIRNTLEC.XM
3972895d687842c18edd0b9fefa2aebf	1	895176	player+silence	ft2play	FastTracker v2.00	26	1473662	fdbb69e1	979d6d8c	albums/LED/full/chll-led.zip/HIRNTLEC.XM
3972895d687842c18edd0b9fefa2aebf	1	895176	player+silence	ft2play	FastTracker v2.00	26	1473662	fdbb69e1	979d6d8c	albums/LED/singles/jb_intlc.zip/HIRNTLEC.XM
3a0aac24bf5b455bb5d8665f8078d386	1	137561	player+silence	it2play	Impulse Tracker 2.14+	18	473457	542542e7	2e295565	albums/planb/kjstrife.zip/KJSTRIFE.IT
3a0aac24bf5b455bb5d8665f8078d386	1	137561	player+silence	it2play	Impulse Tracker 2.14+	18	473457	542542e7	2e295565	albums/planb/planb.zip/KJSTRIFE.IT
3a71626f705b83382f1b56760b77c719	1	311126	player+silence	ft2play	FastTracker v2.00	10	478200	1ef5564c	a02626d6	albums/unpublishedworks/ms-unpub.zip/ROBORITM.XM
3a71626f705b83382f1b56760b77c719	1	311126	player+silence	ft2play	FastTracker v2.00	10	478200	1ef5564c	a02626d6	albums/unpublishedworks/roboritm.zip/ROBORITM.XM
3a8d3671945a20664fdc19ef4d1e3d9d	1	486115	player+silence	ft2play	FastTracker v2.00	24	1772982	4b80e2e5	12df6f65	albums/abstract/abstract.zip/AD-SLIFE.XM
3a8d3671945a20664fdc19ef4d1e3d9d	1	486115	player+silence	ft2play	FastTracker v2.00	24	1772982	4b80e2e5	12df6f65	albums/abstract/ad-slife.zip/AD-SLIFE.XM
3ad91a9abdf647b65e57e79417f7c6e1	1	262893	player	st3play	Scream Tracker 3.2x (GUS)	16	480064	8b75cf7a	67d26145	prechill/maz/DISK6/MAZ-6TH2.ZIP/M-FLAVOR.S3M
3c75961a281b289a2b838b720238fa24	1	438400	player+silence	st3play	Scream Tracker 3.2x (SB)	16	435365	8aa51de2	5ad0b8da	prechill/maz/MAZRAVE2.ZIP/COLLIDE.S3M
3cb00a4f81704259927f9669c607d8d6	1	415107	player	uade	Protracker	0	229282	9c63e228	07f5dafe	prechill/maz/SOLO/MAZ-BOB1.ZIP/ALSO.MOD
3cc860ff476f7bd974364acd8a14c6ea	1	428785	player+silence	ft2play	FastTracker v2.00	30	1110127	b02ff149	1344c309	releases/dx-cobal.zip/COBALT.XM
3d200dbf0756bab6333a7db85bff8ed2	1	404722	player+silence	ft2play	FastTracker v2.00	32	1329855	586fa049	bca91700	albums/LED/full/chl-led4.zip/M3_M(R1).XM
3d200dbf0756bab6333a7db85bff8ed2	1	404722	player+silence	ft2play	FastTracker v2.00	32	1329855	586fa049	bca91700	albums/LED/full/chll-led.zip/M3_M(R1).XM
3d200dbf0756bab6333a7db85bff8ed2	1	404722	player+silence	ft2play	FastTracker v2.00	32	1329855	586fa049	bca91700	albums/LED/singles/m3_m(r1).zip/M3_M(R1).XM
3dd8b452c2be0b91a9e24cfc0d68d6b0	1	222936	player+silence	ft2play	FastTracker v2.00	16	901003	5ae9d42a	1f1913de	releases/bb-imanb.zip/BB-LMANB.XM
3fea99531457c36900e32b70c5faa864	1	266477	player+silence	ft2play	FastTracker v2.00	8	575449	38404cc6	113ee17c	eps/krokk.zip/VG-KROKK.XM
40515222055e94191ece76558725dbf9	1	373741	player+silence	ft2play	FastTracker v2.00	22	1554004	10ffd7be	3cb44721	albums/LED/full/chl-led3.zip/SOMERSLT.XM
40515222055e94191ece76558725dbf9	1	373741	player+silence	ft2play	FastTracker v2.00	22	1554004	10ffd7be	3cb44721	albums/LED/full/chll-led.zip/SOMERSLT.XM
40515222055e94191ece76558725dbf9	1	373741	player+silence	ft2play	FastTracker v2.00	22	1554004	10ffd7be	3cb44721	albums/LED/singles/in-smslt.zip/SOMERSLT.XM
40a915bdf12be7d7bed19fca6eda5311	1	258460	player+silence	ft2play	FastTracker v2.00	24	2772499	1a687a1f	568bfc54	albums/sin_album/).zip/).xm
40a915bdf12be7d7bed19fca6eda5311	1	258460	player+silence	ft2play	FastTracker v2.00	24	2772499	1a687a1f	568bfc54	albums/sin_album/sin_album.zip/).xm
40b5748912e6b1ada844207755b8d29f	1	283426	player+silence	st3play	Scream Tracker 3.2x (SB)	16	186734	1f044e46	685a2821	prechill/maz/SOLO/MAZ!BOB2.ZIP/LAST-WAR.S3M
433fddf87fdf541d3fabf8625b4c6844	1	45975	player	st3play	Scream Tracker 3.2x (SB)	16	133290	8b2eab3f	e3f933c0	prechill/maz/MAZPARTY.ZIP/DAN.S3M
43c9f2e4a969a72c1b03d2fca1495661	1	314442	player	ft2play	FastTracker v2.00	16	560868	ccce87d2	a0ffe854	releases/tg-skeez.zip/SKEEZIX.XM
43fdfd0e390acff8df0fb3b68c49940f	1	221255	player	ft2play	FastTracker v2.00	16	383453	d7af8463	3ec4c3c8	releases/ms-rain.zip/MS-RAIN.XM
448b318f092a09ea3ed2a1f6c5e05a03	1	416046	player+silence	ft2play	FastTracker v2.00	32	1309984	73671587	1939c5cc	releases/mh-rigel.zip/MH-RIGEL.XM
448f0fc8a2276c07fb42cba3c309daf7	1	210203	player+silence	ft2play	FastTracker v2.00	14	317842	046506f4	bfc73c78	albums/unpublishedworks/ms-unpub.zip/ORIGIN.XM
448f0fc8a2276c07fb42cba3c309daf7	1	210203	player+silence	ft2play	FastTracker v2.00	14	317842	046506f4	bfc73c78	albums/unpublishedworks/origin.zip/ORIGIN.XM
4493911423f086669424d030318f996e	1	333283	player	it2play	Impulse Tracker 2.13	7	221166	e4acf76e	2c86f046	eps/mv-synch.zip/SYNC-M3.IT
45586e6642f0f753d6dc5961e5ffc346	1	335457	player+silence	ft2play	FastTracker v2.00	12	568489	e20b2086	7a874c81	eps/ms-psudo.zip/FOXTRUMP.XM
4622c55d6118f85404587703f8b0bbdf	1	139419	player+silence	ft2play	FastTracker v2.00	12	315225	56f09b10	387a8c53	releases/in-zerot.zip/ZEROTIME.XM
4846f2718189b8116e7c0116e0bd3136	1	180183	player+silence	st3play	Scream Tracker 3.01 (SB)	16	363212	b3e8f119	5d1f551a	prechill/ato/ATO_BOB2.ZIP/FUSE.S3M
49483ea17bc4cc947c18afb0440a957a	1	302202	player+silence	st3play	Scream Tracker 3.2x (SB)	10	242938	302bf70f	40e4f76c	prechill/maz/MAZ-NAID.ZIP/SUB_ROSA.S3M
4a95f862650609684c03c6b439e82407	1	186435	player+silence	ft2play	FastTracker v2.00	14	248254	d144dbe6	5f3c6c73	albums/prototype/xms/ch1-prot.zip/SIXTYTWO.XM
4a95f862650609684c03c6b439e82407	1	186435	player+silence	ft2play	FastTracker v2.00	14	248254	d144dbe6	5f3c6c73	albums/prototype/xms/ms-sixty.zip/SIXTYTWO.XM
4a9a7afd3c07ced2fd39496f4c8f03c8	1	208388	player+silence	st3play	Scream Tracker 3.2x (SB)	10	249884	e94ee653	e14eef6e	prechill/maz/SOLO/MAZ-BOB1.ZIP/ALSO-BOY.S3M
4b3c5f3ac6ccf6e59a7069ec8346eec5	1	178818	player	st3play	Scream Tracker 3.01 (SB)	15	225926	69a80cd4	12961c97	prechill/ato/ATO_JAZ6.ZIP/BEOTHUK.S3M
4b85acc3de15b46ee97650a1fe92cf35	1	329967	player	st3play	Scream Tracker 3.01 (SB)	16	690526	3dde68ea	326ebdac	prechill/ato/ATO_PDX4.ZIP/DANCE.S3M
4b85acc3de15b46ee97650a1fe92cf35	2	306839	player
4b85acc3de15b46ee97650a1fe92cf35	3	25115	player+silence
4b91bebc540127c1a12f84ceece78bc5	1	318024	player	ft2play	FastTracker v2.00	22	329926	da2ca5e8	a58578a3	albums/amber/amber.zip/VT-DEUSX.XM
4b91bebc540127c1a12f84ceece78bc5	1	318024	player	ft2play	FastTracker v2.00	22	329926	da2ca5e8	a58578a3	albums/amber/vt-deusx.zip/VT-DEUSX.XM
4c6ffe650fb0598da4a2eb05f30253d8	1	501690	player+silence	ft2play	FastTracker v2.00	24	806970	389981b8	03581d7c	prechill/maz/DISK6/MAZ-6TH5.ZIP/M-YINYAN.XM
4d3c61e53ccd0a4c2c858fb2e3d24ccc	1	243270	player+silence	ft2play	FastTracker v2.00	24	426693	6ac3bbcf	7bcef566	albums/prototype/xms/ch1-prot.zip/SLEEPGOD.XM
4d3c61e53ccd0a4c2c858fb2e3d24ccc	1	243270	player+silence	ft2play	FastTracker v2.00	24	426693	6ac3bbcf	7bcef566	albums/prototype/xms/ms-sleep.zip/SLEEPGOD.XM
4db7ef3bb7c5701fc44980e71e0eaf59	1	230344	player+silence	it2play	Impulse Tracker 2.14	13	115420	f9505cf1	da9dabd9	albums/amber/amber.zip/KJ-GREEN.IT
4db7ef3bb7c5701fc44980e71e0eaf59	1	230344	player+silence	it2play	Impulse Tracker 2.14	13	115420	f9505cf1	da9dabd9	albums/amber/kj-green.zip/KJ-GREEN.IT
4db88bdd6ee8f09c9b4d5517358d63d7	1	235076	player+silence	it2play	Impulse Tracker 2.14+	18	312988	f1f7f363	1f3180ea	albums/planb/kjwhy.zip/KJWHY.IT
4db88bdd6ee8f09c9b4d5517358d63d7	1	235076	player+silence	it2play	Impulse Tracker 2.14+	18	312988	f1f7f363	1f3180ea	albums/planb/planb.zip/KJWHY.IT
4f6de7d8ceb9f4bde5842d8b9c03064f	1	293172	player	ft2play	FastTracker v2.00	12	440687	d798b1ab	a65fb6c0	prechill/maz/DISK6/MAZ-6TH5.ZIP/M-DREAMB.XM
4f997ce8cd60d87d0c165f01ac8c0f57	1	338166	player	it2play	Impulse Tracker 2.14+	16	260983	6856e911	78ca057b	releases/mv-v9.zip/V93.IT
51e00b6496a99d305bdaad2c2c70191f	1	469130	player+silence	it2play	Impulse Tracker 2.14+	27	1899760	918f9a84	18b71017	releases/rc-rcr.zip/RCR.IT
53095eda4fbf0713465937319d555a94	1	244043	player+volume	it2play	Impulse Tracker 2.14	9	146862	c036f946	a57805ca	albums/amber/amber.zip/MV-PART.IT
53095eda4fbf0713465937319d555a94	1	244043	player+volume	it2play	Impulse Tracker 2.14	9	146862	c036f946	a57805ca	albums/amber/mv-part.zip/MV-PART.IT
54af56aa7e3a0ad345818fdc4d27f45e	1	245752	player	it2play	Impulse Tracker 2.11	35	568646	bf84a643	5193c000	eps/ut-nreal.zip/unit4.it
550cc9728c14793bc3a9c25c7c9e0883	1	272143	player+silence	ft2play	FastTracker v2.00	22	1001863	6b56954a	e963f13c	albums/amber/amber.zip/TF-INBT.XM
550cc9728c14793bc3a9c25c7c9e0883	1	272143	player+silence	ft2play	FastTracker v2.00	22	1001863	6b56954a	e963f13c	albums/amber/tf-inbt.zip/TF-INBT.XM
55b11c4db07bf32108aefbd302b78b02	1	272337	player	it2play	Impulse Tracker 2.14+	9	97018	3a93bdd4	240ff93e	releases/mv-v9.zip/V94.IT
55ccce12d7cc8710a2d2423f5305f9c8	1	180607	player	st3play	Scream Tracker 3.01 (SB)	16	249332	4e534af6	2df91760	prechill/ato/ATO_HYP1.ZIP/HOPE-HM1.S3M
561fc36130b52cdb3576a341d5542b02	1	186213	player	st3play	Scream Tracker 3.2x (SB)	10	382768	2255216b	379a5a71	prechill/maz/DISK5/MAZVOID2.ZIP/MOON.S3M
568b822ff9256ef7108ea2dfc0126fd5	1	313008	player	st3play	Scream Tracker 3.2x (SB)	10	289744	fb90c2f1	67d6ad56	prechill/maz/MAZRAVE1.ZIP/HARDKISS.S3M
57755988bf069f2883e6249d51c69024	1	516775	player	ft2play	FastTracker v2.00	18	1086662	2d23c226	9b6863d5	releases/dx-godsn.zip/GODSEND.XM
58175a19de2b2ced14d8544dff90445b	1	290274	player+silence	st3play	Scream Tracker 3.2x (SB)	16	189154	6228cf00	73a6e9d2	prechill/maz/SOLO/MAZ-XDUB.ZIP/FAN-XDUB.S3M
5865e80a62c7be3e33792ed21c8e8211	1	426038	player	it2play	Impulse Tracker 2.14+	17	750423	2d15cace	a9fa36ce	releases/mv-v9.zip/V92.IT
5a0ca5c534726ebe597a13ecf49bca0a	1	429328	player+silence	ft2play	FastTracker v2.00	12	296924	f7cc3235	04b0b96b	releases/dx-wrld1.zip/WORLD1.XM
5a3cc051b43723f9d8cf3030ed544abc	0	273974	player+silence	libopenmpt	MultiTracker 1.0	12	211531	089871fc	5f6d7061	prechill/maz/DISK6/MAZ-6TH4.ZIP/M-FLUX.MTM
5a4213984ecb0c1aa3fbf432bda49d3d	1	231071	player+silence	st3play	Scream Tracker 3.2x (SB)	16	423983	a34feb76	d128165e	prechill/maz/SOLO/MAZ!BOB2.ZIP/BLUE-REZ.S3M
5a8f6e15ff050a7d60a99ae0a6b02808	1	164614	player+silence	ft2play	FastTracker v2.00	28	1350280	dadfa18e	24e50609	albums/sin_album/Æ.zip/.xm
5a8f6e15ff050a7d60a99ae0a6b02808	1	164614	player+silence	ft2play	FastTracker v2.00	28	1350280	dadfa18e	24e50609	albums/sin_album/sin_album.zip/Æ.xm
5c0094906195abbc6361d8ab573f62c4	1	215497	player+silence	ft2play	FastTracker v2.00	12	425867	2b8ccefa	7c48f11b	albums/unpublishedworks/ms-unpub.zip/TECHWASP.XM
5c0094906195abbc6361d8ab573f62c4	1	215497	player+silence	ft2play	FastTracker v2.00	12	425867	2b8ccefa	7c48f11b	albums/unpublishedworks/techwasp.zip/TECHWASP.XM
5d4976f7b1ad9f06a8ebde824db130df	1	238759	player+silence	ft2play	FastTracker v2.00	16	577538	cfde7937	004d4450	albums/unpublishedworks/into.zip/INTO.XM
5d4976f7b1ad9f06a8ebde824db130df	1	238759	player+silence	ft2play	FastTracker v2.00	16	577538	cfde7937	004d4450	albums/unpublishedworks/ms-unpub.zip/INTO.XM
5e162d016576586d5d161ed542d1c2ff	1	448471	player+silence	it2play	Impulse Tracker 2.14	38	1010450	54099573	8a71f43c	albums/amber/amber.zip/NX-GRBOW.IT
5e162d016576586d5d161ed542d1c2ff	1	448471	player+silence	it2play	Impulse Tracker 2.14	38	1010450	54099573	8a71f43c	albums/amber/nx-grbow.zip/NX-GRBOW.IT
5e2685d5292e12ab32c2a431b8f1ba63	1	514051	player	st3play	Scream Tracker 3.2x (GUS)	15	321248	2149f8b1	f71b3434	prechill/maz/DISK6/MAZ-6TH1.ZIP/M-DLRIUS.S3M
5e96477de410b6aa2a25742b8faa221e	1	495931	player	ft2play	FastTracker v2.00	18	1056510	4b1ccd40	dcbb5825	releases/dx-joy.zip/DX-JOY.XM
5eb678aea4761e71a55ab239b627fd2e	1	352714	player	st3play	Scream Tracker 3.01 (SB)	10	479503	6e63ecfe	5429a2dd	prechill/ato/ATO_TEG3.ZIP/RNFOREST.S3M
60371f3bf1b3f7010280076cecbbc098	1	282038	player+silence	st3play	Scream Tracker 3.01 (SB)	16	223456	725467a2	60f79625	prechill/bnb/BOB_WARR.ZIP/WARREMIX.S3M
64b09b5cf59868ab1afad0f16a016375	1	196803	player	st3play	Scream Tracker 3.01 (SB)	6	187547	8dbaf689	b8a3d6f3	prechill/maz/DISK2/MAZ-DSK2.ZIP/NITETIME.S3M
65b1115f7fc433f7171680a2516e7fde	1	393030	player+silence	ft2play	FastTracker v2.00	16	987000	5e4daf4a	11a24fbc	releases/dx_kalk.zip/DX_KALK.XM
66579f6a3f5d67521ee4dcf1de7a38fb	1	88166	player+silence	st3play	Scream Tracker 3.01 (SB)	8	92098	aae436cc	78e445e8	prechill/ato/ATO_BOB1.ZIP/MIDTUNE.MOD
679363b1e76e87d5a250615e32fd930b	1	242237	player+silence	it2play	Impulse Tracker 2.14+	18	647334	9434cf84	8943059a	releases/kj-old.zip/KJOLD.IT
6953d1ef16438d20e4a9949dec88fed6	1	207192	player	st3play	Scream Tracker 3.01 (SB)	12	310846	84d787db	86345c33	prechill/maz/DISK1/MAZ-DSK1.ZIP/MOSAIC.S3M
69d5316736af123e708193ddd816e85a	1	99358	player+silence	ft2play	FastTracker v2.00	32	144735	e475d86a	44ca1f9f	albums/sin_album/+.zip/+.xm
69d5316736af123e708193ddd816e85a	1	99358	player+silence	ft2play	FastTracker v2.00	32	144735	e475d86a	44ca1f9f	albums/sin_album/sin_album.zip/+.xm
6a361400343cc8134be64c8627951161	1	304376	player+silence	ft2play	FastTracker v2.00	32	761014	22f2b5f5	aeb43c33	albums/sin_album/sin_album.zip/T.xm
6a361400343cc8134be64c8627951161	1	304376	player+silence	ft2play	FastTracker v2.00	32	761014	22f2b5f5	aeb43c33	albums/sin_album/t.zip/T.xm
6c56ebb857d39825dd57ea783d054680	1	395595	player	it2play	Impulse Tracker 2.13	8	240396	7a4a9be5	03f6114f	eps/mv-synch.zip/SYNC-M6.IT
6c5d9fc29d0ca1049814041f3e383f39	1	435062	player+silence	ft2play	FastTracker v2.00	26	770595	f9f3c9bf	09450bb2	prechill/maz/UNOF/SHD-TEAR.XM
6cad087ecbce43e3062361c8ea6bc591	1	310103	player+silence	ft2play	FastTracker v2.00	10	918267	a5eeba45	dd61bcae	releases/dx_303.zip/DX_303.XM
6cd02962e3700488415d32f9b21e91ae	1	339951	player+silence	ft2play	FastTracker v2.00	10	739897	a001fa0f	455b828e	albums/LED/full/chl-led3.zip/dx_mentk.xm
6cd02962e3700488415d32f9b21e91ae	1	339951	player+silence	ft2play	FastTracker v2.00	10	739897	a001fa0f	455b828e	albums/LED/full/chll-led.zip/dx_mentk.xm
6cd02962e3700488415d32f9b21e91ae	1	339951	player+silence	ft2play	FastTracker v2.00	10	739897	a001fa0f	455b828e	albums/LED/singles/dx_mentk.zip/dx_mentk.xm
6ebd5164449074f73314662fac1c0f61	1	362661	player	it2play	Impulse Tracker 2.13	21	736229	3d82f5aa	05a494d0	eps/mv-synch.zip/SYNC-M5.IT
6f3cf9c8cc3b1ce749b230ae93fa40a6	1	1242789	player+silence	ft2play	FastTracker v2.00	16	646045	1fffce18	e7b4ff0c	albums/unpublishedworks/ms-unpub.zip/OVERLOAD.XM
6f3cf9c8cc3b1ce749b230ae93fa40a6	1	1242789	player+silence	ft2play	FastTracker v2.00	16	646045	1fffce18	e7b4ff0c	albums/unpublishedworks/overload.zip/OVERLOAD.XM
6f89e1a18e327056533f52448a07a310	1	198895	player	ft2play	FastTracker v2.00	10	537723	804e7b5c	ef74862c	prechill/maz/DISK6/MAZ-6TH3.ZIP/M-IDUNNO.XM
6faafa48419747cd22d7a134d3946faf	1	346525	player	st3play	Scream Tracker 3.01 (SB)	6	581711	d8729a2e	7a9c443a	prechill/ato/ATO_TEG1.ZIP/GO.MOD
70813ce528857c8e33c124a4f47f153f	1	527079	player+silence	ft2play	FastTracker v2.00	18	899852	640c0452	b02a9c9c	releases/dx-secrt.zip/SECRET.XM
71a9c315cc1f46738b5b996e9a3dfd35	1	193449	player+silence	it2play	Impulse Tracker 2.14+	14	352612	f1a510c1	ef403ffa	eps/mv-dir.zip/ONE.IT
71d4f3f715a4ba42c0c08bc1cb6333a0	1	376240	player+silence	st3play	Scream Tracker 3.2x (SB)	16	688810	a07d4ba3	dbe28e33	prechill/maz/DISK5/MAZVOID1.ZIP/TAKEFUZZ.S3M
7277a1ad478e01c9a7b8fab76c6f7626	1	285137	player+silence	st3play	Scream Tracker 3.01 (SB)	10	283536	f2c3e431	973ff959	prechill/bnb/BOB_SPAC.ZIP/SPACERMX.S3M
72b89da1edcfb778afe8e6a21cba16df	1	207371	player+silence	ft2play	FastTracker v2.00	16	501046	8aa73e6c	262ca207	albums/unpublishedworks/allright.zip/ALLRIGHT.XM
72b89da1edcfb778afe8e6a21cba16df	1	207371	player+silence	ft2play	FastTracker v2.00	16	501046	8aa73e6c	262ca207	albums/unpublishedworks/ms-unpub.zip/ALLRIGHT.XM
733e21419bed3f4b77904bf160b178c0	1	126772	player+silence	it2play	Impulse Tracker 2.14+	25	264616	bc777c01	c07315be	albums/planb/kjfade.zip/KJFADE.IT
738106e319b1f34249f4c63ed543e10e	1	214687	player	st3play	Scream Tracker 3.2x (SB)	10	188202	abb71a00	805b9f01	prechill/maz/DISK4/REBIRTH2.ZIP/AMBIENT.S3M
744eb287ef01ec50c030fc7bf57bb0df	1	453468	player+silence	ft2play	FastTracker v2.00	14	822482	c80c9b01	7c2dd9aa	releases/dx-aclr8.zip/ACCELERA.XM
75fe4ead3737ae71e69b609e028d786c	1	366859	player+volume	ft2play	FastTracker v2.00	20	814480	97b99d0f	2c2e0306	albums/amber/amber.zip/K3-ACIDM.XM
75fe4ead3737ae71e69b609e028d786c	1	366859	player+volume	ft2play	FastTracker v2.00	20	814480	97b99d0f	2c2e0306	albums/amber/k3-acidm.zip/K3-ACIDM.XM
75fe760a088b13da156c96b6205f195d	1	249687	player	ft2play	FastTracker v2.00	20	1039451	e9f2fa29	35e67d61	releases/qm-milk.zip/CHOUCH.XM
76ab6b7822df9900ddb954b010efbb1e	1	247486	player+silence	ft2play	FastTracker v2.00	16	350020	793d799c	04253ac1	albums/unpublishedworks/ms-unpub.zip/NATIVE.XM
76ab6b7822df9900ddb954b010efbb1e	1	247486	player+silence	ft2play	FastTracker v2.00	16	350020	793d799c	04253ac1	albums/unpublishedworks/native.zip/NATIVE.XM
7987aa88d51f4e87df7a33766eeb2f59	1	197652	player+silence	ft2play	FastTracker v2.00	10	285437	72a74156	90d027dc	albums/prototype/xms/ch1-prot.zip/BABYLON.XM
7987aa88d51f4e87df7a33766eeb2f59	1	197652	player+silence	ft2play	FastTracker v2.00	10	285437	72a74156	90d027dc	albums/prototype/xms/ms-babyl.zip/BABYLON.XM
7af6ee45fb2ecc7c10bc68313444e81d	1	838083	player+silence	ft2play	FastTracker v2.00	20	1322484	37319da8	b34d4edd	albums/LED/full/chl-led3.zip/dx_mdma.xm
7af6ee45fb2ecc7c10bc68313444e81d	1	838083	player+silence	ft2play	FastTracker v2.00	20	1322484	37319da8	b34d4edd	albums/LED/full/chll-led.zip/dx_mdma.xm
7af6ee45fb2ecc7c10bc68313444e81d	1	838083	player+silence	ft2play	FastTracker v2.00	20	1322484	37319da8	b34d4edd	albums/LED/singles/dx-mdma.zip/dx_mdma.xm
7b7fad9c4860e755ef4fbc8fa3e4cb7f	1	144759	player	st3play	Scream Tracker 3.2x (GUS)	15	390922	2d2aaf11	61bd7c78	prechill/maz/UNOF/FINALPIG.ZIP/FINALPIG.S3M
7be20ef703a4c6ee2c0767887245d5be	1	198571	player+silence	st3play	Scream Tracker 3.2x (SB)	16	321313	f0e01bb0	80dba1e2	prechill/maz/SOLO/MAZ!BOB2.ZIP/FUSION-M.S3M
7d0d5257c8e9fa26191c6312a793fcb2	1	262854	player+silence	ft2play	FastTracker v2.00	8	817672	5926e7c1	f8d5c023	albums/LED/full/chl-led2.zip/MS-CRIPP.XM
7d0d5257c8e9fa26191c6312a793fcb2	1	262854	player+silence	ft2play	FastTracker v2.00	8	817672	5926e7c1	f8d5c023	albums/LED/full/chll-led.zip/MS-CRIPP.XM
7d0d5257c8e9fa26191c6312a793fcb2	1	262854	player+silence	ft2play	FastTracker v2.00	8	817672	5926e7c1	f8d5c023	albums/LED/singles/ms-cripp.zip/MS-CRIPP.XM
7d7adb5525194c5117ec77dd4ff5608e	1	243769	player+silence	it2play	Impulse Tracker 2.14+	14	1342575	ac43cd6a	d1fe180b	releases/kj-0.zip/KJ0.IT
7d7e16a27f6910843d637652b94dbdc8	1	305473	player	st3play	Scream Tracker 3.2x (GUS)	16	233504	6a7a0c9b	686c8f99	prechill/maz/DISK6/MAZ-6TH2.ZIP/M-LIQUID.S3M
7f1da88bcb3a1a20758c92b536e2f66a	1	67195	player	it2play	Impulse Tracker 2.13	7	249986	593849eb	40f3fdba	eps/mv-synch.zip/SYNC-IN.IT
7f55c771989c2713a0916b848a731be0	1	883210	player+silence	ft2play	FastTracker v2.00	20	500462	4246ad1c	55c01bc4	albums/LED/full/chl-led4.zip/VG-ABTTL.XM
7f55c771989c2713a0916b848a731be0	1	883210	player+silence	ft2play	FastTracker v2.00	20	500462	4246ad1c	55c01bc4	albums/LED/full/chll-led.zip/VG-ABTTL.XM
7f55c771989c2713a0916b848a731be0	1	883210	player+silence	ft2play	FastTracker v2.00	20	500462	4246ad1c	55c01bc4	albums/LED/singles/vg-abttl.zip/VG-ABTTL.XM
7fa13432c33b0ac7f17105b06219ceb9	1	459916	player+silence	ft2play	FastTracker v2.00	32	1102055	2b8ed857	b12d1afc	albums/amber/amber.zip/M3-SUMAR.XM
7fa13432c33b0ac7f17105b06219ceb9	1	459916	player+silence	ft2play	FastTracker v2.00	32	1102055	2b8ed857	b12d1afc	albums/amber/m3-sumar.zip/M3-SUMAR.XM
7fb7bc0d5c578c787a1454edb326d422	1	206186	player	ft2play	FastTracker v2.00	18	675664	4deb3d4d	8fda91bc	releases/ss-ihere.zip/IMHERE.XM
812da7e9d0bd74eaf6daddeb46e7cf1b	1	227788	player	it2play	Impulse Tracker 2.11	27	368299	a97f748e	9bcfb36c	eps/ut-nreal.zip/unit2.it
81a20b20fd324a3d342aeb7548e6ecb7	1	345065	player	ft2play	FastTracker v2.00	10	327292	d9ece006	00f612fa	releases/dg-magnt.zip/SHOCK.XM
823080f51fde62c812e5a30d5e554dbf	1	263704	player+silence	ft2play	FastTracker v2.00	14	404784	b735c11a	d2c9a68f	albums/prototype/xms/ch1-prot.zip/MELLOW.XM
823080f51fde62c812e5a30d5e554dbf	1	263704	player+silence	ft2play	FastTracker v2.00	14	404784	b735c11a	d2c9a68f	albums/prototype/xms/ms-mello.zip/MELLOW.XM
825970d22031d95a61ff744194ba4c78	1	325774	player	ft2play	FastTracker v2.00	10	282282	de872562	74088010	releases/bm-nada.zip/BM-NADA.XM
8287c4329069fc886bf951908f148891	1	286102	player	st3play	Scream Tracker 3.2x (SB)	14	280816	6bd0090f	2afaa349	prechill/maz/DISK4/REBIRTH1.ZIP/ALCATRAZ.S3M
8322e6a0bb278ec53d3b99082366110d	1	691155	player+silence	ft2play	FastTracker v2.00	32	2184953	085738d8	f44f2bb0	releases/m3_srpnt.zip/M3_SRPNT.XM
8329ac8b8989201d08ed99b017426983	1	157880	player	st3play	Scream Tracker 3.01 (SB)	8	303580	111e163d	f7778652	prechill/bnb/BOB_JOUR.ZIP/JOURNEY.S3M
8333d1f57c35279f5db1a93aaa91b4d7	1	210249	player+silence	ft2play	FastTracker v2.00	12	455052	a8ba593c	b7a13cd7	prechill/maz/DISK6/MAZ-6TH3.ZIP/M-INTRNT.XM
83fe5740a4ec7b9adc06134b284ccebd	1	337604	player+silence	ft2play	FastTracker v2.00	20	1623311	6b94978c	b5d0ddaf	albums/LED/full/chl-led2.zip/UNTITLED.XM
83fe5740a4ec7b9adc06134b284ccebd	1	337604	player+silence	ft2play	FastTracker v2.00	20	1623311	6b94978c	b5d0ddaf	albums/LED/full/chll-led.zip/UNTITLED.XM
83fe5740a4ec7b9adc06134b284ccebd	1	337604	player+silence	ft2play	FastTracker v2.00	20	1623311	6b94978c	b5d0ddaf	albums/LED/singles/in-untit.zip/UNTITLED.XM
84a9b7119f31175fa4621ac25515ec2a	1	530649	player	st3play	Scream Tracker 3.2x (GUS)	16	433776	6c928dbe	cad15bf9	prechill/maz/DISK6/MAZ-6TH5.ZIP/M-TRAVL.S3M
84cc04aabbea153ce02235f4dbb43cf9	1	210005	player+silence	st3play	Scream Tracker 3.2x (SB)	16	337630	bd035d59	7ab9356e	prechill/maz/DISK5/MAZVOID2.ZIP/DIGEST.S3M
88785d28a3d238e3af936c182f421236	1	286344	player+silence	ft2play	Fasttracker	8	99468	03bb0817	371935ad	prechill/bnb/EATEMUP.ZIP/EATEMUP.MOD
8910f40d408e6c9f64843ccd6c222b72	1	427517	player	ft2play	FastTracker v2.00	12	947144	5f4df78c	8377ef3f	releases/dx_infet.zip/DX_INFET.XM
8a3941aeb26e85182f27eb4634f53511	1	276952	player+silence	ft2play	FastTracker v2.00	14	406945	1d97fbf9	6a351fa1	albums/unpublishedworks/ms-unpub.zip/PHANTZEE.XM
8a3941aeb26e85182f27eb4634f53511	1	276952	player+silence	ft2play	FastTracker v2.00	14	406945	1d97fbf9	6a351fa1	albums/unpublishedworks/phantzee.zip/PHANTZEE.XM
8bd42c0908f6ade83683975f604f2f69	1	235277	player	ft2play	FastTracker v2.00	18	682144	7cf985d4	4ffcbff8	releases/bb-ttrip.zip/THETRIP.XM
8c2e4c058d8ace922a1bbdd580ee356c	1	559712	player+silence	ft2play	FastTracker v2.00	32	1922085	f73d0076	7b3718e9	albums/abstract/abstract.zip/AD-ABDIS.XM
8c2e4c058d8ace922a1bbdd580ee356c	1	559712	player+silence	ft2play	FastTracker v2.00	32	1922085	f73d0076	7b3718e9	albums/abstract/ad-abdis.zip/Ad-abdis.xm
8c59435302800713fdf1e0d2f802aeef	1	214054	player+silence	ft2play	Fasttracker	8	368336	991f80cc	ebe4ccae	prechill/bnb/BOBNBOB4.ZIP/BOBNBOB4.MOD
8c742f25bd223bf7cab13b60eb1a88b0	1	323782	player+silence	ft2play	FastTracker v2.00	8	258977	babc8bf9	390f4ec4	albums/LED/full/chl-led3.zip/OHM.XM
8c742f25bd223bf7cab13b60eb1a88b0	1	323782	player+silence	ft2play	FastTracker v2.00	8	258977	babc8bf9	390f4ec4	albums/LED/full/chll-led.zip/OHM.XM
8c742f25bd223bf7cab13b60eb1a88b0	1	323782	player+silence	ft2play	FastTracker v2.00	8	258977	babc8bf9	390f4ec4	albums/LED/singles/ms-ohm.zip/OHM.XM
8d85616f279762516c8ee036ee1930cc	1	306185	player+silence	ft2play	FastTracker v2.00	14	1035456	861b36a8	3cde17f5	prechill/maz/SOLO/MAZ-TWIL.ZIP/TWILIGHT.XM
8e72c03f2b827b99aebeb6f468aae73a	1	410170	player+silence	ft2play	FastTracker v2.00	16	811981	728f92bc	6e4469e1	releases/dx-symph.zip/SYMPHONE.XM
8e9de1cf380c3d041e087a7cc02efb43	1	226560	player+silence	ft2play	FastTracker v2.00	10	561843	5a99dfff	5c999d5f	albums/unpublishedworks/ms-unpub.zip/THESIS.XM
8e9de1cf380c3d041e087a7cc02efb43	1	226560	player+silence	ft2play	FastTracker v2.00	10	561843	5a99dfff	5c999d5f	albums/unpublishedworks/thesis.zip/THESIS.XM
8f21c670b5b6ff51eab90e1ff3c27229	1	292197	player+silence	st3play	Scream Tracker 3.2x (GUS)	14	492084	611f3ff5	81071a80	prechill/maz/MAZ-NAID.ZIP/QUEST.S3M
90232bac278b7e33177948476707fb45	1	189890	player	st3play	Scream Tracker 3.01 (SB)	16	351806	3826cfac	b72d0c68	prechill/ato/ATO_HYP3.ZIP/JP-HM3.S3M
90a9b4a096d9c11873d027d77bdc71fd	1	296797	player+silence	st3play	Scream Tracker 3.2x (SB)	16	226234	1ead2b2a	aa1a1d2b	prechill/maz/SOLO/MAZ-BOB1.ZIP/ALSOGIRL.S3M
910446d2d0acb4855f2561d2e918e3ad	1	107243	player	st3play	Scream Tracker 3.01 (SB)	10	281602	20d33442	2065698a	prechill/maz/DISK2/MAZ-DSK2.ZIP/CASTLE.S3M
91f026fedff0b3f62c9b491e5594732e	1	273820	player+silence	st3play	Scream Tracker 3.2x (SB)	8	447716	fd979410	5441ad0d	prechill/maz/MAZRAVE1.ZIP/B-AWAY.S3M
92466c221307b206348ea92930eb8e9a	1	205139	player+silence	ft2play	FastTracker v2.00	20	801823	a5bae8d5	c5d9161d	releases/qm-polly.zip/POLLY.XM
92cb7f3c103cfd78a208cda04e7ec83c	1	673493	player+silence	ft2play	FastTracker v2.00	22	1008005	b727183f	f6d2dbe3	eps/incd_x3.zip/dx-Incd1.xm
93343dd360f9417c77b3cfc606adf2b7	1	183333	player+silence	it2play	Impulse Tracker 2.14+	19	289922	77c6cb60	31683595	albums/planb/kjd.zip/KJD.IT
93343dd360f9417c77b3cfc606adf2b7	1	183333	player+silence	it2play	Impulse Tracker 2.14+	19	289922	77c6cb60	31683595	albums/planb/planb.zip/KJD.IT
9390f743b8607ad140c8adafeeceb242	1	168671	player	st3play	Scream Tracker 3.01 (SB)	16	145712	b3d9ebfe	a065b0bb	prechill/ato/ATO_JAZ1.ZIP/PERPYRO.S3M
93cec1e14ba374586dce01dd2402c017	1	302888	player	ft2play	FastTracker v2.00	16	526579	f359866f	e62372dc	releases/bb-buzzz.zip/BB-BUZZZ.XM
93d7b61dac354c7be4cc7baa9929823d	1	486241	player	st3play	Scream Tracker 3.2x (GUS)	14	816160	c299afa2	620f3e3d	prechill/maz/DISK6/MAZ-6TH1.ZIP/M-AURAL.S3M
94e2b3f438abcd7eb44efc3c939e6e55	1	210041	player+silence	ft2play	FastTracker v2.00	8	322144	4ea48005	eed80f14	eps/ms-psudo.zip/F_SOUL.XM
9599661acd570f03c47cd2ff60632e10	1	319498	player	it2play	Impulse Tracker 2.13	8	320603	0810d0b9	9a210c80	eps/mv-synch.zip/SYNC-M2.IT
95cb123d35bcc3c4f2dbd173f2fdb000	1	154492	player+silence	st3play	Scream Tracker 3.01 (SB)	16	194560	4f350679	6934d31a	prechill/maz/SOLO/MAZ-REP2.ZIP/NEWSLINE.S3M
98b7ae490574bf31e1016f846c8d8e9e	1	345494	player+silence	ft2play	FastTracker v2.00	22	850494	d7525a88	85af68b3	releases/mh-manim.zip/MH-MANIM.XM
9a0cb4849decb7893e44418f7e0a2da7	1	281164	player	ft2play	FastTracker v2.00	32	1571756	967c2792	bd38f820	albums/abstract/abstract.zip/Ad-sbs.xm
9b75eafcb9d5bc4ff3d9ee592e3df02e	1	184565	player	st3play	Scream Tracker 3.2x (SB)	16	357909	d2f9048b	8f818202	prechill/maz/SOLO/MAZ!BOB2.ZIP/HAP-WEED.S3M
9c26e945bb3b4b54cfbdac46631feb26	1	227748	player	st3play	Scream Tracker 3.2x (GUS)	14	548880	50c94c5e	c74e342f	prechill/maz/DISK6/MAZ-6TH2.ZIP/M-INIT.S3M
a01f4b238b837a70f24d182757b7dede	1	284185	player+silence	ft2play	FastTracker v2.00	20	883890	3e651e17	5b736ebe	releases/ss-lolo.zip/LOLO.XM
a02fffcc25e0818cd74245dc411551db	1	360817	player+volume	ft2play	FastTracker v2.00	20	1084836	4e907da7	b24ca265	releases/dx-rockt.zip/DX-ROCKT.XM
a072a9517e6ef4037b9f72966390ab5d	1	280476	player+silence	ft2play	FastTracker v2.00	16	1003146	a574e3ad	8a4cd28d	releases/dx_delu.zip/dx_delu.xm
a0ca7226571e28a8805843739eac0811	1	510631	player	ft2play	FastTracker v2.00	22	858239	5c39dcef	c7adc827	releases/dx-harmo.zip/HARMONIA.XM
a169bafdd8880be1a42918e1e858df4f	1	501528	player	ft2play	FastTracker v2.00	22	923277	5c8fb90d	a14a2ebe	releases/dx-ultra.zip/DX-ULTRA.XM
a181b7e91673164891ff536814cff968	1	282137	player+silence	ft2play	FastTracker v2.00	10	300086	af93cf24	12fe3aee	albums/prototype/xms/ch1-prot.zip/PINBALL!.XM
a181b7e91673164891ff536814cff968	1	282137	player+silence	ft2play	FastTracker v2.00	10	300086	af93cf24	12fe3aee	albums/prototype/xms/ms-pinba.zip/PINBALL!.XM
a2a87cc2e326853b1e5c2a53f4bc1e73	1	251057	player	it2play	Impulse Tracker 2.11	47	839210	5b097ba9	56fedbf0	eps/ut-nreal.zip/unit1.it
a3ed8eb6cde5f66d6396d3b1663a6702	1	395382	player+silence	ft2play	FastTracker v2.00	10	468364	4c84c1ec	8bb2260a	releases/mp-archi.zip/MP-ARCHI.XM
a420eba8ed50c7c88f9596826cde3cae	1	185964	player+silence	ft2play	FastTracker v2.00	8	159446	445abe67	8e823757	prechill/maz/DISK6/MAZ-6TH3.ZIP/M-REFLCT.XM
a54a75c060b4e75fd9502542e2a6ced1	1	53892	player	st3play	Scream Tracker 3.2x (SB)	16	140088	a723b4b6	8a91b7fd	prechill/maz/MAZPARTY.ZIP/MAX.S3M
a55ca963fa43d09384ab369c69cfee23	1	452494	player+silence	st3play	Scream Tracker 3.2x (SB)	11	232493	f0ae30e3	79d45ef6	prechill/maz/MAZRAVE2.ZIP/RESISTME.S3M
a5663420f512ddc775840cb4ecd07d76	1	361948	player+silence	ft2play	FastTracker v2.00	16	560933	0520bb9c	b7e34eff	albums/unpublishedworks/ms-unpub.zip/STARS.XM
a5663420f512ddc775840cb4ecd07d76	1	361948	player+silence	ft2play	FastTracker v2.00	16	560933	0520bb9c	b7e34eff	albums/unpublishedworks/stars.zip/STARS.XM
a58f16d5f2930016870678c286d8deb8	1	202716	player+silence	st3play	Scream Tracker 3.2x (GUS)	16	138800	e0f065e8	6a619da0	prechill/maz/DISK6/MAZ-6TH4.ZIP/M-SOPAT.S3M
a5f0cc3d5c1833060d980665d09aab6d	1	368403	player	ft2play	FastTracker v2.00	32	3559043	4415bdbb	7e6fef07	releases/m3_inmca.zip/M3_INMCA.XM
a701c362b1ea2380c26edafb4112ea9d	1	270913	player+silence	st3play	Scream Tracker 3.01 (SB)	16	343541	e1685f34	f0558bcd	prechill/ato/ATO_CAN2.ZIP/FREATLST.S3M
a88b5d09eea9a7d6085a8c49b2bb3852	1	474871	player+silence	ft2play	FastTracker v2.00	32	1464660	62217ec6	1acc386e	releases/mh-error.zip/SYNTAX02.XM
a8e4ce8e437ed3fcd3eab068d3c79ba2	1	129648	player+silence	it2play	Impulse Tracker 2.14+	11	219790	0f0cc555	f0cee494	releases/kj-logic.zip/KJLOGIC.IT
a9f5db485794ca1e9ae93f2c43d24a77	1	282057	player+silence	st3play	Scream Tracker 3.01 (SB)	10	660506	53ac2f95	a4143653	prechill/maz/SOLO/MAZ-REP1.ZIP/FUNKNEED.S3M
ab89a0e172159b9572298b6e0d4c636b	1	196923	player	st3play	Scream Tracker 3.01 (SB)	16	301664	b098cb97	2f4f449a	prechill/bnb/BOB_SYMP.ZIP/SYMPHONY.S3M
abdc32951540733d400097f4a9d04e90	1	461566	player+volume	ft2play	FastTracker v2.00	28	1084573	fe796d0b	66ff3c4c	releases/m3_nethe.zip/M3_nethe.xm
ac22790c232617d728cb346bf72384eb	1	279034	player+silence	st3play	Scream Tracker 3.2x (GUS)	16	265364	af697fa0	ef95d3ad	prechill/maz/MAZ-NAID.ZIP/THERAVE.S3M
ac7b6faafcbd77411cd8c8064f5559b6	1	448777	player+silence	ft2play	FastTracker v2.00	12	822521	3e877586	63a66c98	releases/dx-hydro.zip/HYDROCHL.XM
ad4c3ce7b6852489009d528711d05186	1	243483	player	ft2play	FastTracker v2.00	22	1124114	c18a7d20	1ae646a2	eps/incd_x3.zip/Qm_incd3.xm
ad51b974e72d44ce35b685a68bf56a8f	1	248369	player+silence	ft2play	FastTracker v2.00	16	233814	8b32d898	22c8cfae	releases/v-d2a.zip/V-D2A.XM
ae6028d31aa6cf2ffbaaf17371bded65	1	283276	player+silence	it2play	Impulse Tracker 2.14	26	497143	89d1120a	ac2d137d	albums/amber/amber.zip/ZN-SHIVE.IT
ae6028d31aa6cf2ffbaaf17371bded65	1	283276	player+silence	it2play	Impulse Tracker 2.14	26	497143	89d1120a	ac2d137d	albums/amber/zn-shive.zip/ZN-SHIVE.IT
ae6028d31aa6cf2ffbaaf17371bded65	2	41273	player
af00ea45ddf7708bf7fda259c889d3fc	1	854854	player+silence	ft2play	FastTracker v2.00	22	1814453	01fde7b0	65abbdda	releases/jb_bleed.zip/BLEEDING.XM
af1d7f0deda8a324045ace579ea67683	1	235173	player+silence	ft2play	FastTracker v2.00	18	1394217	7c2fcacc	56a33e5d	releases/ur-dft.zip/UR-DFT.XM
b09d836b58f6159b69d0e71c1b369f0c	1	297154	player+silence	ft2play	FastTracker v2.00	26	663020	3e30e8ff	50aa548f	releases/ur-epsil.zip/EPSILON.XM
b0c0eafea6213a79e73dd2a26b2991fb	1	229275	player	st3play	Scream Tracker 3.01 (SB)	16	251596	86af1d99	ad35d859	prechill/bnb/BOB_SREV.ZIP/SONICREV.S3M
b11a4a6654baabe39ab248c3a45f10b5	1	364857	player+silence	ft2play	FastTracker v2.00	10	427126	e3321cfe	61c298f0	eps/ms-dexep.zip/DEX-EP-A.XM
b17419131fc11c2d71ffc8e0a41e04f7	1	216456	player+silence	ft2play	FastTracker v2.00	14	871642	2446c4f3	854b6a7d	eps/mh-anlog.zip/1.XM
b2b616a817d7d4cfdc3b7bda8c05b14d	1	351261	player+silence	st3play	Scream Tracker 3.2x (SB)	16	348281	a6fe7331	bc98118e	prechill/maz/SOLO/MAZ!BOB1.ZIP/BIGBRODR.S3M
b2e82256d4828a99e3f6a848815340a4	1	174920	player	st3play	Scream Tracker 3.2x (GUS)	16	415648	0a2c6fb2	3218c1f2	prechill/maz/DISK6/MAZ-6TH4.ZIP/M-SBDC.S3M
b32d69f517477b09109011e6ab7e1f06	1	616348	player+silence	st3play	Scream Tracker 3.2x (SB)	16	789352	cfb66d53	cb8fd3c1	prechill/maz/MAZRAVE2.ZIP/MESIAH.S3M
b4d95cd8d57950410388bbae39fa2c6e	1	353472	player+volume	ft2play	FastTracker v2.00	24	577131	fb683968	8a118384	albums/LED/full/chl-led1.zip/M3_storm.xm
b4d95cd8d57950410388bbae39fa2c6e	1	353472	player+volume	ft2play	FastTracker v2.00	24	577131	fb683968	8a118384	albums/LED/full/chll-led.zip/M3_storm.xm
b4d95cd8d57950410388bbae39fa2c6e	1	353472	player+volume	ft2play	FastTracker v2.00	24	577131	fb683968	8a118384	albums/LED/singles/m3_storm.zip/M3_storm.xm
b658d071e6acb7b645d2124d3845d828	1	367804	player+silence	ft2play	FastTracker v2.00	26	1673976	55214c2d	a3577e19	releases/mh-error.zip/SYNTAX01.XM
b7563bdee276112a16d3df0fc3d557b2	1	220497	player+silence	ft2play	FastTracker v2.00	20	559066	9e4f7c61	82484de8	eps/mh-anlog.zip/2.XM
b95e02cc9fc29b6f3989d1eb5c320313	1	666252	player+silence	ft2play	FastTracker v2.00	32	1797816	45e3db91	c6d611e0	releases/mh-world.zip/MH-WORLD.XM
b996625acbfdfceb6e7607707498fd16	1	173334	player+silence	ft2play	Fasttracker	8	315148	2022ce83	45d9488f	prechill/bnb/EXP50REN.ZIP/EXP50REM.MOD
ba1f73d8183fbb3021e261817d2ff2a2	1	444232	player+silence	ft2play	FastTracker v2.00	20	953422	f2f25493	3080b190	releases/dx-turq.zip/TURQUOIS.XM
bab5e8afb067d571fabdf22eb0426839	1	406235	player+silence	ft2play	FastTracker v2.00	24	1088155	8297af8e	70d3dcac	eps/in-isues.zip/MITOSIS.XM
babe51e5b853dba55531d65b953bde2a	1	242392	player+silence	ft2play	FastTracker v2.00	32	1794344	aaa8feae	a946fee7	releases/mh-black.zip/DESERT.XM
bacfcf6178636c98bea843b95273a1fc	1	696487	player	ft2play	FastTracker v2.00	8	1865	7362ac7e	fa05bf6c	releases/in-tb.zip/B.XM
bb23342e2544c8494adc2bbf32ec0fb5	1	329746	player	it2play	Impulse Tracker 2.11	20	823600	e18f3359	c66dfb2c	releases/zn-techp.zip/TECHNOP.IT
bb23342e2544c8494adc2bbf32ec0fb5	2	5606	player
bb788bb338b0fbdb40a81b236b296788	1	220080	player+silence	ft2play	FastTracker v2.00	12	149261	7b2a2d09	badea6fe	prechill/maz/DISK6/MAZ-6TH1.ZIP/M-C.XM
bbf88867254114e91277eafd29cee35e	1	455871	player+silence	ft2play	FastTracker v2.00	30	1236541	e0167ab9	1a5c8116	releases/mh-gruv.zip/GROOVE.XM
bd1046b9470fe16fdc86f410e25cb267	1	243998	player+silence	st3play	Scream Tracker 3.2x (GUS)	15	293824	e0a517f3	f5d9dbae	prechill/maz/DISK6/MAZ-6TH4.ZIP/M-MONKEY.S3M
be12de1bdae9e95331ea652c2f1ed85b	1	259417	player	st3play	Scream Tracker 3.2x (SB)	16	253224	5deae650	7b6047ef	prechill/maz/DISK5/MAZVOID2.ZIP/DRAGON.S3M
bef1bcf6e84cf036a13f9422c6f1dada	1	191679	player	st3play	Scream Tracker 3.2x (GUS)	8	37960	d37b119a	ec0b012b	prechill/maz/DISK6/MAZ-6TH4.ZIP/M-BITBYT.S3M
bf635cab07487aa8506bced4623cdab3	1	614163	player+silence	ft2play	FastTracker v2.00	26	2192746	439ef960	b1844eff	releases/jb_andrd.zip/CH_ANDR2.XM
c1009fbc0981268fe6e1ba8f7560dcfe	1	326729	player	ft2play	FastTracker v2.00	20	1314724	14517141	e627c43e	albums/LED/full/chl-led2.zip/SPANKY.XM
c1009fbc0981268fe6e1ba8f7560dcfe	1	326729	player	ft2play	FastTracker v2.00	20	1314724	14517141	e627c43e	albums/LED/full/chll-led.zip/SPANKY.XM
c1009fbc0981268fe6e1ba8f7560dcfe	1	326729	player	ft2play	FastTracker v2.00	20	1314724	14517141	e627c43e	albums/LED/singles/qm-phart.zip/SPANKY.XM
c17d234de31bbb3f0e8ba6cb40afd933	1	254556	player	ft2play	FastTracker v2.00	16	696104	77fc0349	af7a2996	albums/amber/amber.zip/DH-FIW.XM
c17d234de31bbb3f0e8ba6cb40afd933	1	254556	player	ft2play	FastTracker v2.00	16	696104	77fc0349	af7a2996	albums/amber/dh-fiw.zip/DH-FIW.XM
c19c1a7e1b35fb22e3af1060e9628473	1	176444	player+silence	st3play	Scream Tracker 3.01 (SB)	10	172214	ada60ed7	975b9a9d	prechill/maz/DISK1/MAZ-DSK1.ZIP/HM-ANGEL.S3M
c3a66c8b88a60d8ad03e0465db54b054	1	209944	player	st3play	Scream Tracker 3.2x (GUS)	8	569136	06be602d	c3d4369b	prechill/maz/DISK6/MAZ-6TH2.ZIP/M-MAGI.S3M
c3fa752025ba229766c0e104e297ea01	1	373921	player+silence	ft2play	FastTracker v2.00	12	846423	7fc11fbf	8def8930	releases/dx_trilo.zip/DX_Trilo.xm
c4732d040f8f859346c4a80783803a8e	1	242786	player+silence	ft2play	FastTracker v2.00	18	256701	3b32e01e	0091b476	albums/sin_album/£.zip/.xm
c4732d040f8f859346c4a80783803a8e	1	242786	player+silence	ft2play	FastTracker v2.00	18	256701	3b32e01e	0091b476	albums/sin_album/sin_album.zip/£.xm
c4fc27865c55214952e3f3b52745a1d4	1	175342	player	st3play	Scream Tracker 3.01 (SB)	16	247946	36218b0f	85ef34f0	prechill/ato/ATO_JAZ5.ZIP/TIME.S3M
c50277f0429397fd0c46854dc5192763	1	290229	player+silence	ft2play	FastTracker v2.00	14	467444	c528ce9f	a2562673	albums/unpublishedworks/houseout.zip/HOUSEOUT.XM
c50277f0429397fd0c46854dc5192763	1	290229	player+silence	ft2play	FastTracker v2.00	14	467444	c528ce9f	a2562673	albums/unpublishedworks/ms-unpub.zip/HOUSEOUT.XM
c5293e798da37f02dd4f8dc7e91560a1	1	271058	player+silence	ft2play	FastTracker v2.00	16	521930	a78cf2aa	4dc62002	albums/unpublishedworks/321ex.zip/321EX.XM
c5293e798da37f02dd4f8dc7e91560a1	1	271058	player+silence	ft2play	FastTracker v2.00	16	521930	a78cf2aa	4dc62002	albums/unpublishedworks/ms-unpub.zip/321EX.XM
c6508d298dfd5409c6e787fe3fc2efc3	1	255598	player	ft2play	FastTracker v2.00	14	363367	9b476cba	06d64358	prechill/maz/DISK6/MAZ-6TH3.ZIP/M-WORLD.XM
c6dbfd9b9e6f49555dfa5a129d161cf4	1	122896	player	st3play	Scream Tracker 3.01 (SB)	16	122172	acb00bbe	6fd046e3	prechill/ato/ATO_JAZ4.ZIP/FREPROF.S3M
c88dab9d8bb61557fcdbfbcccbdb9be1	1	1093265	player+silence	ft2play	FastTracker v2.00	22	1005828	8762a90e	9c66ecdd	eps/incd_x3.zip/jb_incd2.xm
c88f142f15582ab0fa7636ac0772ac12	1	264189	player+silence	ft2play	FastTracker v2.00	10	511026	d482c847	e9d7505d	albums/unpublishedworks/go-crazy.zip/GO-CRAZY.XM
c88f142f15582ab0fa7636ac0772ac12	1	264189	player+silence	ft2play	FastTracker v2.00	10	511026	d482c847	e9d7505d	albums/unpublishedworks/ms-unpub.zip/GO-CRAZY.XM
c98af7dbcfeb02e3aebba55d4434612a	1	9701	player+silence	st3play	Scream Tracker 3.2x (SB)	8	31519	295cfa3c	ab663e7e	prechill/maz/DISK4/REBIRTH1.ZIP/MAZPLAY.S3M
c9b79efb12100ebd89f8545508316791	1	101275	player	it2play	Impulse Tracker 2.11	29	518866	2bed8d16	d4024707	eps/ut-nreal.zip/unioutro.it
c9d2d639aec5699b37fee661db40f600	1	445035	player	ft2play	FastTracker v2.00	24	756283	6cae16a2	78fc539c	albums/LED/full/chl-led4.zip/VG-ARUNE.XM
c9d2d639aec5699b37fee661db40f600	1	445035	player	ft2play	FastTracker v2.00	24	756283	6cae16a2	78fc539c	albums/LED/full/chll-led.zip/VG-ARUNE.XM
c9d2d639aec5699b37fee661db40f600	1	445035	player	ft2play	FastTracker v2.00	24	756283	6cae16a2	78fc539c	albums/LED/singles/vg-arune.zip/VG-ARUNE.XM
c9f60e881bd3a62dfc6e4e97ed3a3d51	1	332884	player+silence	ft2play	FastTracker v2.00	12	577061	719e352e	3232638c	eps/ms-psudo.zip/NATURE.XM
cad5e193f7c2994d868376925eaebc88	1	317854	player+volume	it2play	Impulse Tracker 2.14	18	1053431	617c1dd3	01c94bc5	releases/zn-tekst.zip/ZN-TEKST.IT
cb13211fae3c1411fd64b56b46a52fdb	1	318025	player+silence	ft2play	FastTracker v2.00	16	958499	08758020	d56b9832	albums/unpublishedworks/ms-unpub.zip/RAYOLIFE.XM
cb13211fae3c1411fd64b56b46a52fdb	1	318025	player+silence	ft2play	FastTracker v2.00	16	958499	08758020	d56b9832	albums/unpublishedworks/rayolife.zip/RAYOLIFE.XM
cc28ded931b5bd5ddc146199cd300830	1	199508	player+silence	ft2play	FastTracker v2.00	10	1000420	6bde59d3	328357ad	albums/amber/amber.zip/MS-LIGHT.XM
cc28ded931b5bd5ddc146199cd300830	1	199508	player+silence	ft2play	FastTracker v2.00	10	1000420	6bde59d3	328357ad	albums/amber/ms-light.zip/MS-LIGHT.XM
cde526460b88caa450082356242d7ee9	1	249798	player	ft2play	FastTracker v2.00	22	2327459	cad495f2	831c4384	albums/sin_album/-.zip/#.xm
cde526460b88caa450082356242d7ee9	1	249798	player	ft2play	FastTracker v2.00	22	2327459	cad495f2	831c4384	albums/sin_album/sin_album.zip/#.xm
ce1277ebfcd08522d1d3bcd8da2e5cba	1	399036	player	ft2play	FastTracker v2.00	32	1142756	20abf651	636bf288	albums/amber/amber.zip/SN-FALLA.XM
ce1277ebfcd08522d1d3bcd8da2e5cba	1	399036	player	ft2play	FastTracker v2.00	32	1142756	20abf651	636bf288	albums/amber/sn-falla.zip/SN-FALLA.XM
ced526a9c07ff3314385b160dba8628b	1	221769	player	ft2play	FastTracker v2.00	20	1946366	031d18ee	2c73ed25	albums/LED/full/chl-led1.zip/60RMX.XM
ced526a9c07ff3314385b160dba8628b	1	221769	player	ft2play	FastTracker v2.00	20	1946366	031d18ee	2c73ed25	albums/LED/full/chll-led.zip/60RMX.XM
ced526a9c07ff3314385b160dba8628b	1	221769	player	ft2play	FastTracker v2.00	20	1946366	031d18ee	2c73ed25	albums/LED/singles/qm-60sec.zip/60RMX.XM
cf7886ac5dd2a5c0e5b647d72737669c	1	201284	player	st3play	Scream Tracker 3.01 (SB)	16	197672	6ac0417c	cc796c7e	prechill/ato/ATO_JAZ2.ZIP/FLYDUT.S3M
cf9edf73ede5ea5ef339f24ce57601f8	1	249876	player+silence	ft2play	FastTracker v2.00	8	270595	aaeef214	5d3801c0	releases/ms-house.zip/MS-HOUSE.XM
d02cfc8379761f32dd90b29261a23e3a	1	377133	player+silence	ft2play	FastTracker v2.00	12	1928386	33d0b2e7	7fb15b7f	releases/qm-hippy.zip/HEROIN-E.XM
d0a8af3a1842a2566c1d7de9135fcf3c	1	105286	player	ft2play	FastTracker v2.00	18	55094	f7d9f567	ff84a22f	albums/amber/amber.zip/M3-HOME.XM
d0a8af3a1842a2566c1d7de9135fcf3c	1	105286	player	ft2play	FastTracker v2.00	18	55094	f7d9f567	ff84a22f	albums/amber/m3-home.zip/M3-HOME.XM
d12ac6e26aff616a8d2acb0508ad9c6b	1	83938	player	ft2play	FastTracker v2.00	8	345248	8e118135	f70717c1	albums/amber/amber.zip/IN-PIANO.XM
d12ac6e26aff616a8d2acb0508ad9c6b	1	83938	player	ft2play	FastTracker v2.00	8	345248	8e118135	f70717c1	albums/amber/in-piano.zip/IN-PIANO.XM
d22bfc37a20e652ade355d63ded3496e	1	352393	player	it2play	Impulse Tracker 2.14+	15	502169	5c7ad290	2973ee64	releases/kj-less.zip/KJLESS.IT
d2a7e3984366a073fd25fa4a8497a7e2	1	281720	player+volume	ft2play	FastTracker v2.00	10	642159	f5d3c031	55c30201	prechill/maz/DISK6/MAZ-6TH3.ZIP/M-RHINO.XM
d4a6b1a1678ab3f3e8fb92b2812c4ade	1	226774	player+silence	ft2play	FastTracker v2.00	10	280661	d6310866	3333c8ac	prechill/maz/DISK6/MAZ-6TH1.ZIP/M-DOPE.XM
d4e9f01969e104c1ab03935c5219c42b	1	267698	player+silence	st3play	Scream Tracker 3.2x (SB)	12	132660	1cfd574e	db9e694d	prechill/maz/SOLO/MAZ!BOB2.ZIP/EATEMMIX.S3M
d524a8bc3466e1b6529b469bbd0ffe75	1	285754	player+volume	ft2play	FastTracker v2.00	24	801757	a6d841a5	6a984e2c	albums/LED/full/chl-led3.zip/BB-ABSAD.XM
d524a8bc3466e1b6529b469bbd0ffe75	1	285754	player+volume	ft2play	FastTracker v2.00	24	801757	a6d841a5	6a984e2c	albums/LED/full/chll-led.zip/BB-ABSAD.XM
d524a8bc3466e1b6529b469bbd0ffe75	1	285754	player+volume	ft2play	FastTracker v2.00	24	801757	a6d841a5	6a984e2c	albums/LED/singles/bb-absad.zip/BB-ABSAD.XM
d61048db5e32ab427a7167dc7dd640f3	1	354764	player	it2play	Impulse Tracker 2.13	9	391737	b25d540b	9b302cbc	eps/mv-synch.zip/SYNC-M1.IT
d691a4f77b27bc7a094a0c04bf475967	1	206035	player+silence	it2play	Impulse Tracker 2.14+	15	145568	ccbf07ff	656610fe	albums/planb/kjbarf.zip/KJBARF.IT
d691a4f77b27bc7a094a0c04bf475967	1	206035	player+silence	it2play	Impulse Tracker 2.14+	15	145568	ccbf07ff	656610fe	albums/planb/planb.zip/KJBARF.IT
d6befa4daa4bc711c5c959ea398da68d	1	255246	player+volume	st3play	Scream Tracker 3.2x (GUS)	16	328016	bcfbb7cd	24dd3cea	prechill/maz/DISK6/MAZ-6TH4.ZIP/M-SLINKY.S3M
d75cd6cee435ff7222b2901f8e95d276	1	263708	player+silence	ft2play	FastTracker v2.00	10	425090	6522a527	84b1832c	eps/ms-dexep.zip/DEX-EP-X.XM
d8edb1ca93617631b5888e1aaa6ecdce	1	166531	player+silence	st3play	Scream Tracker 3.2x (SB)	10	508304	335016eb	9cf0378e	prechill/maz/SOLO/MAZ-DELA.ZIP/DELASOTO.S3M
d92db48506252822dd02262476ddd557	1	471934	player	it2play	Impulse Tracker 2.14+	14	437221	6dd456c7	cd41d7d2	albums/planb/kjstar.zip/KJSTAR.IT
d92db48506252822dd02262476ddd557	1	471934	player	it2play	Impulse Tracker 2.14+	14	437221	6dd456c7	cd41d7d2	albums/planb/planb.zip/KJSTAR.IT
d99d15504ae883e658c0169dce99b5e2	1	441208	player+silence	ft2play	FastTracker v2.00	20	918768	27457093	74f24492	releases/dx-stk95.zip/STATIK95.XM
d9bda7d7a4ab89705ece21dc7b7d9a64	1	315834	player+volume	ft2play	FastTracker v2.00	12	652234	8d73ef07	d33644c4	albums/LED/full/chl-led2.zip/dx_train.xm
d9bda7d7a4ab89705ece21dc7b7d9a64	1	315834	player+volume	ft2play	FastTracker v2.00	12	652234	8d73ef07	d33644c4	albums/LED/full/chll-led.zip/dx_train.xm
d9bda7d7a4ab89705ece21dc7b7d9a64	1	315834	player+volume	ft2play	FastTracker v2.00	12	652234	8d73ef07	d33644c4	albums/LED/singles/dx_train.zip/dx_train.xm
da5abe882de9aedfd001998502ab8fa5	1	286868	player+volume	ft2play	FastTracker v2.00	28	1739389	1e15a38b	11696581	releases/mh-dream.zip/MH-DREAM.XM
da9a6d75412f264ae96615a182709a5b	1	208195	player+silence	ft2play	FastTracker v2.00	8	152275	5b7726c5	25c16187	albums/prototype/xms/ch1-prot.zip/ULTRAMIN.XM
da9a6d75412f264ae96615a182709a5b	1	208195	player+silence	ft2play	FastTracker v2.00	8	152275	5b7726c5	25c16187	albums/prototype/xms/ms-ultra.zip/ULTRAMIN.XM
dad432079154e4bf84d31b1b68c2fd83	1	305457	player+silence	st3play	Scream Tracker 3.01 (SB)	16	361494	6ef00996	bcc1cd36	prechill/ato/ATO_BOB3.ZIP/VICTORY.S3M
dbf599038100acc9f91a6afa5e20e1c7	1	502391	player+silence	ft2play	FastTracker v2.00	32	5300916	9cbd6a18	2b7605a5	releases/m3_obsdn.zip/M3_obsdn.xm
dd73d84281a3dd6e963d1c14fd40bcfc	1	297094	player+volume	ft2play	FastTracker v2.00	14	682476	ef7c350c	cb54a87e	prechill/maz/UNOF/DX_FEAR.ZIP/SONGS/DX_FEAR.XM
dd8fbe23ff52a681b8ebf3e44142431d	1	428184	player+silence	ft2play	FastTracker v2.00	16	579045	1bd96051	56c79c41	albums/unpublishedworks/ms-unpub.zip/PROTOTYP.XM
dd8fbe23ff52a681b8ebf3e44142431d	1	428184	player+silence	ft2play	FastTracker v2.00	16	579045	1bd96051	56c79c41	albums/unpublishedworks/prototyp.zip/PROTOTYP.XM
dda8c2eae3b79f75c51a3fd65543b635	1	287127	player	it2play	Impulse Tracker 2.14+	14	715774	b00e4850	fad36a64	releases/kj-rap.zip/KJRAP.IT
e087c110b4d9f99bdf09ed890b9468f4	1	292344	player	ft2play	FastTracker v2.00	20	1149455	e2333aca	0fe4bfde	albums/amber/amber.zip/QM-ICHIY.XM
e087c110b4d9f99bdf09ed890b9468f4	1	292344	player	ft2play	FastTracker v2.00	20	1149455	e2333aca	0fe4bfde	albums/amber/qm-ichiy.zip/QM-ICHIY.XM
e1525e7f50e5856f32a46a82e61b2281	1	372643	player	ft2play	FastTracker v2.00	18	756220	77bc270f	208a889c	releases/vg-move.zip/VG-MOVE.XM
e1a46fdebb70007a2c27bf4082989b8f	1	781526	player	it2play	Impulse Tracker 2.14+	12	313914	c9094966	d79dfbcb	eps/mv-dir.zip/TWO.IT
e28b3cf0d1d5a06839711e7a62ffc1cc	1	464452	player+silence	ft2play	FastTracker v2.00	22	1082544	beb9d918	0ca876a5	releases/dx-resid.zip/DX-RESID.XM
e2f8cfacd924ed3c86db98e7328d1b40	1	331997	player	it2play	Impulse Tracker 2.14+	13	454765	22ac6b60	2c35af52	releases/kj-strata.zip/KJSTRATA.IT
e3d49708b317962e92c7cdda3cb686a3	1	269156	player+volume	it2play	Impulse Tracker 2.14	10	381285	86238d7e	ec9ef506	albums/amber/amber.zip/KJ-DESER.IT
e3d49708b317962e92c7cdda3cb686a3	1	269156	player+volume	it2play	Impulse Tracker 2.14	10	381285	86238d7e	ec9ef506	albums/amber/kj-deser.zip/KJ-DESER.IT
e4209b53253b359e71f59bed21368331	1	154786	player	st3play	Scream Tracker 3.01 (SB)	4	305277	8e7e3639	5c3662c0	prechill/maz/DISK2/MAZ-DSK2.ZIP/FLARE.MOD
e47059c85c2d3a00f74d387c007e2128	1	141765	player	st3play	Scream Tracker 3.2x (SB)	8	614585	d00a9fba	223072df	prechill/maz/DISK4/REBIRTH2.ZIP/ASSENT.S3M
e49bb3c5ef99a9e671ed8360742485df	1	280930	player+volume	ft2play	FastTracker v2.00	12	607497	42abc8ac	f1f7df4a	prechill/maz/DISK6/MAZ-6TH5.ZIP/M-QUEST.XM
e4fba6580e0e1700b343288f600969d2	1	227795	player+silence	ft2play	FastTracker v2.00	18	990756	526fa3d9	21392bfc	releases/in-yg.zip/IN-YG.XM
e5478ec8cdf10f2a8059da324c30f286	1	502718	player	it2play	Impulse Tracker 2.13	11	466826	2ada1a3b	86cb59b2	eps/mv-synch.zip/SYNC-M4.IT
e55578b4e6b3067d782ac56374aee45e	1	182411	player+silence	ft2play	FastTracker v2.00	8	209243	8c48c4ed	141af7a2	albums/prototype/xms/ch1-prot.zip/FLYAWAY.XM
e55578b4e6b3067d782ac56374aee45e	1	182411	player+silence	ft2play	FastTracker v2.00	8	209243	8c48c4ed	141af7a2	albums/prototype/xms/ms-flyaw.zip/FLYAWAY.XM
e6a18da7934a25683dac281e9c3c59a3	1	150909	player+silence	ft2play	FastTracker v2.00	20	994152	587940c4	214ea749	eps/in-isues.zip/ESCHER.XM
e6cae674933f8bc583f707e1d4e78fcd	1	126772	player+silence	it2play	Impulse Tracker 2.14+	25	264616	2d168f63	601acb5f	albums/planb/planb.zip/KJFADE.IT
e6ff0e63674e39335ae03fffaf7594de	1	299163	player	st3play	Scream Tracker 3.2x (SB)	16	375558	3e4c84e5	797303b7	prechill/maz/DISK5/MAZVOID2.ZIP/C4-EDIT.S3M
e728227feef1ddf556a5979c46de8080	1	359856	player	ft2play	FastTracker v2.00	16	743543	c24a3d31	892398ba	albums/amber/amber.zip/MA-DARKS.XM
e728227feef1ddf556a5979c46de8080	1	359856	player	ft2play	FastTracker v2.00	16	743543	c24a3d31	892398ba	albums/amber/ma-darks.zip/MA-DARKS.XM
e73d3cebe693f5be5f9a0d5265b05656	1	348055	player+silence	st3play	Scream Tracker 3.2x (SB)	16	307493	d876976e	88db381e	prechill/maz/DISK4/REBIRTH2.ZIP/EXTAMIX.S3M
e777a7f30488d4924fb90e1af8bbcf9f	0	69017	player	libopenmpt	MultiTracker 1.0	7	110143	e0cc0b3c	c3b1f5dc	prechill/maz/SOLO/MAZ-CON1.ZIP/REPEATS.MTM
e84a363c595e36f422f508aa549d199d	1	253649	player	st3play	Scream Tracker 3.2x (SB)	9	321091	62128cc3	3b12444f	prechill/maz/DISK4/REBIRTH1.ZIP/NAKEDMAZ.S3M
e8d0bb08d1f29aa81421883f9eb9cd7b	1	487191	player+volume	it2play	Impulse Tracker 2.13	22	1020663	5639e277	da0c37e2	releases/zn-ae.zip/ALIENEN.IT
e92bf3658623c525248091c893c64fea	1	199355	player	st3play	Scream Tracker 3.2x (SB)	8	418153	8b08363e	fab362bf	prechill/maz/DISK5/MAZVOID1.ZIP/LITDIT.S3M
eac100ce066113f7cd05673e3ded1f88	1	453001	player+silence	ft2play	FastTracker v2.00	22	937725	c6822a58	c120c620	releases/dx-trans.zip/TRANCAN.XM
eb482aee75bd30b9b97ffd1ecf15fffa	1	233036	player+silence	ft2play	FastTracker v2.00	12	288325	dd8fc80f	eaf398ae	albums/unpublishedworks/ms-unpub.zip/NATION8.XM
eb482aee75bd30b9b97ffd1ecf15fffa	1	233036	player+silence	ft2play	FastTracker v2.00	12	288325	dd8fc80f	eaf398ae	albums/unpublishedworks/nation8.zip/NATION8.XM
eb5226bb1c8c5d1fb174311f64f2b6bc	1	269783	player+silence	st3play	Scream Tracker 3.01 (SB)	16	331025	df94d18c	fa8f6d59	prechill/maz/DISK2/MAZ-DSK2.ZIP/FINAL.S3M
ebc9070edc0722049b421cba3c7384a0	1	492250	player+silence	st3play	Scream Tracker 3.2x (SB)	16	270016	df7d780f	57382f46	prechill/maz/MAZRAVE2.ZIP/BIZZAR.S3M
ed6cebc6a7f596afd6a77f4950f4824a	1	238593	player+silence	st3play	Scream Tracker 3.01 (SB)	16	115874	d19285c5	a372217c	prechill/maz/DISK1/MAZ-DSK1.ZIP/HM-MORN.S3M
f09a9779e69b2640013c1e60f36a9b9d	1	261104	player	it2play	Impulse Tracker 2.11	37	648300	0ff979ac	558ae5ae	eps/ut-nreal.zip/unit5.it
f198b387ac35f42583e46e6e4389f87a	1	254208	player	ft2play	FastTracker v2.00	22	104119	89eabb54	3439a6cf	albums/amber/amber.zip/VG-OSLO.XM
f198b387ac35f42583e46e6e4389f87a	1	254208	player	ft2play	FastTracker v2.00	22	104119	89eabb54	3439a6cf	albums/amber/vg-oslo.zip/VG-OSLO.XM
f259618639278453421c93b68cd86967	1	187841	player	st3play	Scream Tracker 3.01 (SB)	16	169100	1ddda1a9	b5240a33	prechill/ato/ATO_HYP2.ZIP/TECH-HM2.S3M
f2f22f7cbd9e57c0ae455fbccc63a6aa	1	51879	player+silence	st3play	Scream Tracker 3.2x (SB)	16	179248	fc67ced7	597494ea	prechill/maz/MAZPARTY.ZIP/GIRLS.S3M
f337f39e5c329aa853369d15c05d1eb3	1	250960	player+silence	st3play	Scream Tracker 3.2x (SB)	16	370339	f2867bcf	2ac42958	prechill/maz/MAZRAVE1.ZIP/M-SHOCK.S3M
f3613572b9ba503bb9ee1fae51b8d524	1	317440	player	ft2play	FastTracker v2.00	14	1452942	e04e479c	3470aa90	releases/ms-dungn.zip/dungeon.xm
f3de21c2df1d82edbc0371e10177ae49	1	339229	player+silence	st3play	Scream Tracker 3.2x (GUS)	15	363542	c646d79f	41baa7a9	prechill/maz/SOLO/MAZ-NEXT.ZIP/NEXT-REV.S3M
f595a0704f53131c1d4863201f4266aa	1	429827	player+silence	ft2play	FastTracker v2.00	32	2925894	e44dc91b	22ee5f3c	releases/mh-deadm.zip/MH-DMOON.XM
f5b3bfa39e0cbef472d258f504ab06aa	1	440569	player	ft2play	FastTracker v2.00	26	1889539	ae9d204b	acf9f6a2	releases/jb_andrd.zip/CH_ANDR1.XM
f61dbfb9775ebca8f42e99acc9976067	1	228020	player	ft2play	FastTracker v2.00	10	567269	90fd5c0b	fb27761d	albums/prototype/xms/ch1-prot.zip/KEEPTSEC.XM
f61dbfb9775ebca8f42e99acc9976067	1	228020	player	ft2play	FastTracker v2.00	10	567269	90fd5c0b	fb27761d	albums/prototype/xms/ms-keept.zip/KEEPTSEC.XM
f67d28132e95fb3173b0518ba65aecdc	1	520876	player+silence	ft2play	FastTracker v2.00	22	1881357	f372d249	5a5f8e2d	releases/m3_mlm.zip/M3_MLM.XM
f69a93d3e7427c91c60cf9e1364b785d	1	752530	player	st3play	Scream Tracker 3.01 (SB)	16	736718	35ed2317	ee6c3fe3	prechill/ato/ATO_MIX1.ZIP/ATOMICMM.S3M
f6b605a81e333737e000f7f0ce00e0a6	1	141680	player	ft2play	FastTracker v2.00	12	291042	c5d20845	95f030b6	prechill/maz/UNOF/ORCHEST.ZIP/MS-ORCH.XM
f7558720b5e3472397549775dae867a3	0	210477	player+volume	libopenmpt	MultiTracker 1.0	8	416986	f08e865c	e47d6561	prechill/maz/DISK5/MAZVOID1.ZIP/MAJESTIC.MTM
f901d865e019464148420da8b5b92381	1	139480	player+silence	st3play	Scream Tracker 3.2x (SB)	16	242800	1d93fa48	d87fa577	prechill/maz/MAZPARTY.ZIP/BOB.S3M
f9dbdd606c287435882ef0b3fa9dad3f	1	445601	player+silence	ft2play	FastTracker v2.00	14	343904	8d049060	2381d3ea	releases/dx-statk.zip/STAT.XM
fa08ff5e5b1177695175000ad45a8a67	1	285800	player+silence	ft2play	FastTracker v2.00	24	351162	cdb22958	865cf4aa	eps/relaxed_vision/relaxed_vision.zip/rv-dprmx.xm
fa08ff5e5b1177695175000ad45a8a67	1	285800	player+silence	ft2play	FastTracker v2.00	24	351162	cdb22958	865cf4aa	eps/relaxed_vision/rv-dprmx.zip/rv-dprmx.xm
fa3d796381d33e179855db5ca003e333	1	409458	player+silence	ft2play	FastTracker v2.00	22	912205	379f285d	e9a8c778	albums/amber/amber.zip/MH-PARAN.XM
fa3d796381d33e179855db5ca003e333	1	409458	player+silence	ft2play	FastTracker v2.00	22	912205	379f285d	e9a8c778	albums/amber/mh-paran.zip/MH-PARAN.XM
fa46f559e5e6ab676793a76aee84fcfa	1	358314	player+silence	ft2play	FastTracker v2.00	16	670650	5112d52c	152ee86e	albums/unpublishedworks/droprlax.zip/DROPRLAX.XM
fa46f559e5e6ab676793a76aee84fcfa	1	358314	player+silence	ft2play	FastTracker v2.00	16	670650	5112d52c	152ee86e	albums/unpublishedworks/ms-unpub.zip/DROPRLAX.XM
fa4add3210c31c8537efa2484ed5d022	1	175744	player	st3play	Scream Tracker 3.01 (SB)	16	194662	cc68c8ac	0d5434c7	prechill/ato/ATO_CAN1.ZIP/ATO_CAN1.S3M
fac1c13a2706a57ac733d9a16adc3f2c	1	355327	player+silence	ft2play	FastTracker v2.00	10	664895	47eb3ccb	6fdc12ad	eps/ms-dexep.zip/DEX-EP-B.XM
fb0cbfbb1ddfb75fe4499f455e57f355	1	100270	player	st3play	Scream Tracker 3.01 (SB)	8	129520	c2abf676	273c842b	prechill/bnb/BOB_BIGT.ZIP/BIGTIME.S3M
fb7c5ffff7d43cf4f3f22196e6789a63	1	199462	player+silence	st3play	Scream Tracker 3.01 (SB)	10	270493	10468dd2	547f3a5f	prechill/ato/ATO_TEG2.ZIP/MAGICFLT.S3M
fc2f5fff9e12aafbffa54de997a3b178	1	241452	player	st3play	Scream Tracker 3.2x (SB)	16	355322	9381830e	3587b490	prechill/maz/SOLO/MAZ!BOB1.ZIP/FANTASIA.S3M
fc41a734556d7d1c9ef36b9b80dd9203	1	202789	player+silence	ft2play	FastTracker v2.00	22	1000000	869206b0	010f910f	releases/in-larve.zip/LARVE.XM
fca5d44661e1166d6cbb11e4be4113bc	1	293072	player	ft2play	FastTracker v2.00	32	1567649	b6ab67f8	e956cf67	albums/abstract/ad-sbs.zip/Ad-sbs.xm
fe449c6d1f5d4f4a56d3011c31214753	1	158202	player	st3play	Scream Tracker 3.2x (GUS)	16	268128	2b370902	ef42ca18	prechill/maz/DISK6/MAZ-6TH5.ZIP/M-TWERP.S3M
fe7460cb58726b58e38530141e5b6f16	1	235321	player+silence	ft2play	FastTracker v2.00	8	210080	f75e2779	5fa9f719	albums/unpublishedworks/geiger.zip/GEIGER.XM
fe7460cb58726b58e38530141e5b6f16	1	235321	player+silence	ft2play	FastTracker v2.00	8	210080	f75e2779	5fa9f719	albums/unpublishedworks/ms-unpub.zip/GEIGER.XM
ff62806809087e59e1ffb096a29279bf	1	255185	player+silence	ft2play	FastTracker v2.00	8	941319	58939dad	15c03186	releases/ms-phase.zip/MS-PHASE.XM
