018ac60bf27dea27e8b78387946198cd	1	218665	player	uade	Protracker	0	14966	69094f72	688c2842	!Applications!/Quadra_Comp.V2.03/Modules/MOD.SINISTER-WAVEFORMS
031cd32443d8dcd3d1f4ead2315c4fb0	1	199045	player+silence	uade	OctaMED MMD0	0	157944	652e5bee	b5311ca8	files/4132.DMS/SFX/funkytune.tun
0379a44027157aeea19db8a66e4a493b	1	14408	player+silence	uade	Protracker	0	31326	aae80b1c	6cdb9b31	!GroovyGames!/DeluxeGalagaV2.6C/GALAGA.JINGLE2
0379a44027157aeea19db8a66e4a493b	1	14408	player+silence	uade	Protracker	0	31326	aae80b1c	6cdb9b31	files/3943.dms/GALAGA.JINGLE2
0379a44027157aeea19db8a66e4a493b	1	14408	player+silence	uade	Protracker	0	31326	aae80b1c	6cdb9b31	files/3944.dms/GALAGA.JINGLE2
051cfa26edb17fb7466d48fcbf766c97	0	62493	player	uade	Amos Music Bank	0	132562	40e91957	0090409b	files/4510E.dms/MUSIC
0563ec0bef872e062a4ef195683216be	1	157579	player	uade	Protracker	0	58630	60c1498f	70a81c7b	files/4292.DMS/MusicSets/Standard/InGame3.mus
061a9941257f4996105a4387b2fa3e59	0	8761	player	uade	Amos Music Bank	0	22542	ea3c518b	d4088ab6	files/4239.DMS/Nimble/win
067017f1692d170eb26e7767a5865778	1	122997	player	uade	Protracker	0	12208	aa28fb44	f1090ea5	!Applications!/Quadra_Comp.V2.03/Modules/mod.short-cut
073e08892df362f4c1691745fdfac394	1	213461	player	uade	Protracker	0	277016	e413d7f4	9ff1b3be	!GroovyGames!/DeluxeGalagaV2.6C/GALAGA.MUSIC
073e08892df362f4c1691745fdfac394	1	213461	player	uade	Protracker	0	277016	e413d7f4	9ff1b3be	files/3943.dms/GALAGA.MUSIC
073e08892df362f4c1691745fdfac394	1	213461	player	uade	Protracker	0	277016	e413d7f4	9ff1b3be	files/3944.dms/GALAGA.MUSIC
078d3c2a9726ac597b8e24c5147013ed	1	122997	player	uade	Protracker	0	77400	6d12e880	1f866bc3	files/4451.dms/music/mods2/mod.DiSiSSid_2 Combat Game 3
0808ef053aa20ccb0a2be71f08affd80	1	98441	player	uade	OctaMED MMD1	0	60640	9ab728c1	6bf9c592	files/4404.DMS/med.Powerbird
0878492248ad1e8590cc4fcbe11cda5a	0	330369	player	uade	Amos Music Bank	0	48814	303508de	67198061	files/4224B.DMS/wgrze.LSD
08e32f839e7764aa60beea9d8a81336f	1	107845	player	uade	OctaMED MMD1	0	74488	b9fc4e18	ba220638	files/4123.DMS/Sound/Title1.med
08ef46863c5d78df8c39af2b433cf348	0	146045	player	uade	Amos Music Bank	0	43322	a5cd7025	dd234a48	files/3877.dms/Music/WAC.abk
0920bf969dd7bde118e6b0cf911aadde	1	122997	player	uade	Protracker	0	31660	9c684e50	faf02380	!Applications!/Quadra_Comp.V2.03/Modules/MOD.ERATE.
0968d4687b4d49a949f5a84add1032c4	1	107645	player	uade	Protracker	0	21886	39e39f2a	4d94b5e6	files/4562B.DMS/S/mod.game
0aa52bb970ade6bd3a8dbd6f3988f33e	1	175644	player	uade	Protracker	0	28446	854306fa	00800afe	files/4079A.dms/dmc.music3
0aa52bb970ade6bd3a8dbd6f3988f33e	2	169093	player
0aa52bb970ade6bd3a8dbd6f3988f33e	3	130693	player
0ace8ed488c267fb3cd99b6cb80a453b	1	161032	player+silence	uade	Protracker	0	104822	631b1e3e	3e846be0	files/4108.dms/Modules/mod.the realm of love
0b39ac144ea7478f7517e1ac5cb62b22	1	5141	player+silence	uade	Protracker	0	22372	41d2ed60	7604e066	!GroovyGames!/BraekinBriks/music/Break_Music7
0bed117af70edcb476ac731585704ee7	0	99968	player	uade	Amos Music Bank	0	33586	2ddbd7b2	faf2ff4b	files/3958.dms/data/MUSIC_1.bin
0c39ae503ab24431a498c36517da6ded	1	17361	player	uade	OctaMED MMD1	0	48300	20fb96b8	83e305d9	files/4555.DMS/mus.lha/yeah.MOD
0d04f458e60a30fd1df86a6091bde51f	0	107482	player+volume	uade	Amos Music Bank	0	55522	5a3c460b	400c9c4d	files/3922A.dms/sonido/chaneques.abk
0d28475efc21734637fb2b9ff650185b	0	203514	player	libxmp	The Player 6.1a	4	796748	731fec08	8ca9690d	!PowerOfAmiga!/LsD=pUREmOTION/PM5.dat
0d6decd86bd7a87eed963279805c4419	0	121952	player	uade	DeltaMusic 2.0	0	34864	44e3d65d	85e0b04c	QUARTZ/Q0301.DMS/FINAL/SHOGUNMIX
0e1a80a9b27d826cc740e5eb2786df2f	1	76920	player	uade	Protracker	0	22680	5866216b	e44d0501	files/4108.dms/Modules/mod.chipper i
101acb5d8eac81d24c2c1b4eb7a5c398	0	140278	player	libxmp	The Player 6.1a	4	335300	c31ead9b	871fdf07	!PowerOfAmiga!/LsD=pUREmOTION/PM16.dat
105376dea9ebfa7f803f9e7e766adac3	1	120123	player	uade	Protracker	0	22722	a88e1a5d	5a19e2c6	!Applications!/Quadra_Comp.V2.03/Modules/mod.mekano-roboto
10f1e971838e624708eb3d8087242f34	1	92413	player	uade	OctaMED MMD1	0	129866	353c519a	aaf8fd70	files/4558.DMS/Aardvark.med
10fc928de984d815d9055a067403071f	1	46538	player	uade	Protracker	0	30984	ff739ad4	4cebd795	files/3897.dms/DMC.Music2
10fc928de984d815d9055a067403071f	1	46538	player	uade	Protracker	0	30984	ff739ad4	4cebd795	files/3988.dms/DMC.Music2
10fc928de984d815d9055a067403071f	1	46538	player	uade	Protracker	0	30984	ff739ad4	4cebd795	files/4134A.DMS/DMC.Music2
11154d1fa97db07e4951c608fced8bf7	1	153721	player	uade	Protracker	0	28644	d74970ac	e2d003eb	!Applications!/Quadra_Comp.V2.03/Modules/MOD.PW-SUBMERGENCE
11a79ff1cf538a1e6ac247b236b6c30d	1	76920	player	uade	Protracker compatible	0	77168	da1fbf0d	7e1776c2	files/4193B.DMS/SADHISTO.MOD
11fa01ab40061680a936aa4226093f67	0	159692	player+silence	uade	Amos Music Bank	0	45814	a040541a	19867b61	files/4510C.dms/MUSIC
136501812cf3a46342f6fc814a51eb12	0	190272	player	uade	Amos Music Bank	0	105822	531f4e38	7628125c	files/3989B.dms/20.abk
136501812cf3a46342f6fc814a51eb12	0	190272	player	uade	Amos Music Bank	0	105822	531f4e38	7628125c	files/4080A.dms/20.abk
14c9d6d83830f5219f65709d4a493b6f	1	46216	player	uade	OctaMED MMD1	0	84788	7bbb17fe	6b5409c2	files/4015.dms/music/multi_module.swj_tunes
14c9d6d83830f5219f65709d4a493b6f	2	75253	player
14c9d6d83830f5219f65709d4a493b6f	3	683	player
14c9d6d83830f5219f65709d4a493b6f	4	0	nosound
14c9d6d83830f5219f65709d4a493b6f	5	258573	player
14c9d6d83830f5219f65709d4a493b6f	6	63558	player
152aae88df130eb636489ae7efa115cf	1	6404	silence	uade	Protracker	0	28946	9d01bb24	7e5f0189	files/4532.DMS/Booze-O-Meter/mod.game over jingle
1546c9d528dcee0690b724319296b4ec	0	138710	player	uade	Amos Music Bank	0	90410	73df8c65	01945995	files/4354.DMS/Music/MusicRedDwarf.Abk.pp
15d30179085eacbd418edb51e3d52de3	1	315017	player	uade	Protracker	0	80528	003fb9e7	c5422d2e	files/3897.dms/DMC.Music3
15d47cad06762a30eff3dee6a5ba6ba2	0	169093	player	uade	Amos Music Bank	0	24742	79d69139	97efca53	files/4354.DMS/Music/MusicEwok.Abk.pp
17fc7999656e8ef85808cfe892e79fff	1	92272	player	uade	Protracker	0	97128	3561cc7d	8064a28d	!Recent!/NSX_190U.LZX/Data60
17fc7999656e8ef85808cfe892e79fff	1	92272	player	uade	Protracker	0	97128	3561cc7d	8064a28d	files/4336.DMS/Data60
18f9a4ab4fb38f344d7a3f9e4e5b0587	1	95065	player	uade	OctaMED MMD1	0	144652	911fef91	10edf318	files/4371.DMS/VACUMS TECH-TUNE
1903194318d201137002d56a73478ddd	0	7816	player	uade	Amos Music Bank	0	2822	a72ba6b2	2847e1ca	files/4539.DMS/Clock
1947241cd621976f834f24a79eba554e	1	51963	player	uade	Protracker compatible	0	19110	a572b6f9	72fe2afa	!Recent!/hammy.LZX/MUSIC.01.MOD
1aa4ed4e317431b31d422c85cbc6ac4a	1	403168	player+silence	uade	MED4 (4ch)	0	232363	b9155ddb	d1cc39ab	files/4560A.DMS/med_b.DOOM_CATHEDRAL
1ca6b3a04d25f28780865049cf5bfaf7	1	23168	player	uade	Protracker compatible	0	46168	4742d20d	f821bc6b	files/4453.dms/Sound/Mod.Flight
1f76bb590f030d2befda88ad1e980d86	1	153721	player	uade	Protracker	0	21872	f495b98f	ddff2ea2	!Applications!/Quadra_Comp.V2.03/Modules/MOD.SCI-FI-CALCULATOR
22a6294bb18ffef2c95f1776c3cdfc3d	0	83310	player	uade	Amos Music Bank	0	29400	87b5ab8d	7679aea9	files/3966.dms/DATA/MUSIC/Music_4.bin
22fbec27f7d1f8c8217cad0503ea6bba	0	9846	player	uade	Amos Music Bank	0	44476	7f7ae12b	d1a5af62	files/3922B.dms/Dominique.abk
233a0be33f564e76c4dd8b399fdb53bc	1	151249	player	uade	Protracker	0	98772	0a61923e	c482ec4b	files/3892A.dms/Files_1/Word2.mod
23d593e4710b45f3814645871825cdf0	1	130693	player	uade	Startrekker (4ch)	0	71740	e7f07836	57df875c	QUARTZ/Q0422.DMS/Modules/mod.the finalist
23ef447c8a410e47654fffb8fb36e2a4	1	30824	player	uade	Protracker	0	56926	9cc33a47	2f4f575f	!GroovyGames!/Conquest/sfx/selectmod
23ef447c8a410e47654fffb8fb36e2a4	1	30824	player	uade	Protracker	0	56926	9cc33a47	2f4f575f	files/4333.DMS/sfx/selectmod
2422fec18e492abbd36d4f22c3b54094	1	61568	player	uade	Soundtracker II (31 instr.)	0	52246	3d5c5f41	4757eae7	files/4193B.DMS/INACTION.MOD
24d1468b34a4e6b5632ca10eb67b4553	0	99707	player	uade	Jason C. Brooke	0	23538	fcd2db7b	c0f74456	QUARTZ/Q0852.DMS/EXTRA/JCB.101
24d1468b34a4e6b5632ca10eb67b4553	1	4018	player
25b675b72ddf65a901ffebd800d3d24e	1	192141	player	uade	Protracker	0	137602	8d830f82	e82712b1	files/4027A.dms/DMC.MUSIC2
25d8be8158d64c653253c98f44b2df59	1	182551	player+silence	uade	Protracker	0	124226	545842b4	afe39e59	files/4524.DMS/sound/mod.believe in what?
2737e1f200b7294cff6df96666a46e5c	1	107645	player	uade	Protracker	0	54616	a0f06803	a5b24947	!GroovyGames!/PLUBZ/Snd/mod.Game#2
2737e1f200b7294cff6df96666a46e5c	1	107645	player	uade	Protracker	0	54616	a0f06803	a5b24947	files/4353.DMS/Snd/mod.Game#2
29650f263c1590576a92f70e9b188ae8	1	11289	player+silence	uade	OctaMED MMD2	0	126074	bd60c50e	48ffdf11	files/4350.DMS/gnyshtgo.med
297df2b7d6bbed5c404a73356e744d11	0	48708	player	uade	Amos Music Bank	0	7752	94864fe1	359f8f4e	files/4354.DMS/Music/MusicInspector.Abk.pp
2b3591f6390b6c1a51e633b864fb69d8	1	85360	player	uade	Protracker compatible	0	111780	c29357a7	e31f240d	files/4051.dms/Music.lha/MOD.Conspiracy
2b4c0e7b73c80542db5b7f102f3c0028	0	305638	player+silence	uade	Amos Music Bank	0	98670	8593e800	23b1bdcb	files/4300B.DMS/traitor2.lha/songs/Music2.Abk
2b696204a8e527a465cfbbee70479d84	1	138369	player	uade	Protracker compatible	0	73320	e9921f73	cfaee6bf	files/4193B.DMS/INDUSTRY.MOD
2b6f45bddd0883448b2819063110d82d	1	192141	player	uade	Protracker	0	102418	59c96dcb	20220a98	files/4160A.DMS/DATA/mod.CultOfTecno
2c0ad7d7aa83d1cf7f0627431f7e0da1	1	153721	player	uade	Noisetracker 1.x	0	56590	2a5a192c	9ec8402f	files/4450A.dms/aerialdata/Baap.mod
2c0ad7d7aa83d1cf7f0627431f7e0da1	1	153721	player	uade	Noisetracker 1.x	0	56590	2a5a192c	9ec8402f	files/4450B.dms/aerialdata/Baap.mod
2c7c425573a3d37461516db21ee5af89	1	181411	player	uade	Protracker	0	96072	b9f3fa62	bb58a90e	!GroovyGames!/PLUBZ/Snd/mod.adrenalin flowing
2c7c425573a3d37461516db21ee5af89	1	181411	player	uade	Protracker	0	96072	b9f3fa62	bb58a90e	files/4353.DMS/Snd/mod.adrenalin flowing
2cc94efe74ff23f0e9e1ae878ed166de	1	102520	player	uade	Protracker	0	71280	902dbfb0	901aa677	files/4404.DMS/mod.spillmod
2cc94efe74ff23f0e9e1ae878ed166de	2	107645	player
2d1e18f4a934f1e74b8bb2276521a0f5	0	340980	player	libopenmpt	Symphonie	16	441933	fb0838b9	e620e017	!Applications!/Symphonie/Modules/RevengeOfChapell.SymMOD
2dbdbbe61f3c6950fc2e6f11eb3c1ec5	1	15472	player	uade	Protracker	0	56400	b0ac8d2f	e1fbc55d	files/4044.dms/data/sound/mod.intromusic
2dbdbbe61f3c6950fc2e6f11eb3c1ec5	2	12920	player
2dbdbbe61f3c6950fc2e6f11eb3c1ec5	3	111483	player
2dbdbbe61f3c6950fc2e6f11eb3c1ec5	4	111483	player
2dbdbbe61f3c6950fc2e6f11eb3c1ec5	5	111483	player
2dd1ed6d1bb8cc9d11520273d6cb88fa	1	146045	player	uade	Startrekker (4ch)	0	74300	e9a519ef	ca45358b	QUARTZ/Q0422.DMS/Modules/mod.magic fly(space)
2ddd230df904ab939aaa5701073f1a8c	0	86604	loop	uade	AProSys	0	1890	18a8abc6	41124e8f	files/4482.dms/aprosys/compositions/APS.Action
308f61b875bc5548da6cf5c49b9a6ae8	1	76920	player	uade	Protracker compatible	0	36816	5c532e9d	01f36c74	files/4162a.DMS/01.track
310b28f2f2086470dd3fcc4de5186967	1	205495	player+silence	uade	OctaMED MMD1	0	98132	f0958cbc	05c75455	files/4371.DMS/MINUS MORGAL
31902c561443ad9e996851ebde17093f	0	115321	player	uade	Amos Music Bank	0	19308	9bc41a13	d4c0e80c	files/3966.dms/DATA/MUSIC/Music_7.bin
31d76b24939141018218281c77127a46	0	15472	player	uade	Amos Music Bank	0	18788	f58cf2a0	d65527e2	files/3981.dms/BANKS/INGAME2.PARA
3222c78e0e3c579619c898cd89d9b92c	0	153741	player	uade	Amos Music Bank	0	31922	13ce5e09	e389cce1	files/4556.DMS/SOUND/Track4.ABK
32b3c59076c84f0071d59c7e4e05e142	1	79030	player	uade	Protracker	0	191952	12c366a6	fad50b01	!GroovyGames!/Conquest/sfx/intromod
32b3c59076c84f0071d59c7e4e05e142	1	79030	player	uade	Protracker	0	191952	12c366a6	fad50b01	files/4333.DMS/sfx/intromod
32d55b1bda3c8e396a7b05839839d0b7	1	443138	player	uade	ProPacker 2.1 - 3.0	0	450134	88aa2fa2	6a2e25ae	!PowerOfAmiga!/TbL=gLOW/TBL-GLOW.P61
331635b40dc5774a0128288a3b506a63	0	215169	player	uade	Amos Music Bank	0	35420	dda2f2df	0cb0465f	files/4239.DMS/Nimble/nimble2
33b9e0cc6bff97fdf4465d9089db3098	0	146045	player	uade	Amos Music Bank	0	37134	7819fd66	273f717b	files/3966.dms/DATA/MUSIC/Music_8.bin
342907a9f0fb6247c197567566e74017	1	135636	player+silence	uade	OctaMED MMD1	0	206542	cd2379c9	f22d9be1	files/3930A.dms/mod.lha/mod.chaotic_Esprite
35245577564dc7fc7c886d6d52087acd	1	215149	player	uade	Protracker	0	19448	901a29a0	a6f81267	!Applications!/Quadra_Comp.V2.03/Modules/mod.hemp-o-nsill
353fccd68146eef7cebf1cb3d8302249	1	222845	player	uade	Protracker	0	51716	be8c5d48	491615b7	files/3981.dms/BANKS/MOD.PARASITE
3619a4a30ee12d489bdca09fc61cf905	1	99968	player	uade	Protracker	0	23856	fa715ba4	afb6bb90	files/4335.DMS/lower/mod
3619a4a30ee12d489bdca09fc61cf905	1	99968	player	uade	Protracker	0	23856	fa715ba4	afb6bb90	files/4335.DMS/upper/mod
36b5e7860a5dadbff9811cbea53ed897	1	236985	player+silence	uade	OctaMED MMD0	0	44472	8327a996	e147c4b6	files/4274.DMS/PMPlay/Modules/AnotherDemoSong.MED3.11b
376d32dca3329abc09099da225f50ee2	1	132843	player	uade	OctaMED MMD1	0	72194	820a04da	817e06e4	files/4257A.DMS/Music/low transe.med
37ecc1cd2e8126b2a55e96e3b27ec494	0	122997	player	uade	Amos Music Bank	0	40604	45703b76	61f7a7dc	files/4556.DMS/SOUND/Track3.ABK
39a27f6ef90df0dee5bda254d818063a	0	578319	player+silence	libopenmpt	Symphonie	16	568688	3d1f3c56	0b089b7b	!Applications!/Symphonie/Modules/Endless Ways.SymMOD
3a01f5c699cccd30703f983cdc8ac81e	1	6108	player	uade	Protracker compatible	0	35308	01bae092	2ae60d25	files/4340.DMS/gamefiles/mod500.tune
3a0a3d45d211c7a9846df155806ebcdb	1	254594	player	uade	Protracker	0	284004	c9997dea	2f244c31	files/4260A.DMS/MUSIC
3a7dac2a8d34689a2ce90f25d87f3c2e	1	192141	player	uade	Protracker compatible	0	56256	645ea215	c8d40729	files/4058.dms/MUSIC/MOD1
3a953f2fc0e3a56b7d459c4f6b29a40d	1	89881	player	uade	Protracker	0	64544	4af10f1b	d07c7b81	files/4134A.DMS/DMC.Music3
3aa501f72d2c4621635b7363bdd1f9a5	0	7816	player	uade	Amos Music Bank	0	15276	8d607f56	daa290db	!GroovyGames!/M*A*S*H/Mash/sounds/zoom.abk
3b0d9acc601358d8ca83968a301e3cc1	0	23148	player	uade	Amos Music Bank	0	19512	bc7e5e38	88b594f0	files/3958.dms/data/MUSIC_2.bin
3b1b506eeb6066c04a8805285998a857	0	92011	player	uade	JamCracker	0	29066	55d5772d	18c94b1f	QUARTZ/P058.DMS/Songs/DemoSong3
3b929c4d477cd311cde1540d134ae3f9	1	15466	player+silence	uade	Protracker compatible	0	19354	cd3d4aa5	c99c4f8d	files/4014.dms/gamearea/music/MOD.DeathClip
3bf9d15decd52e4c31cb88b1e3ffae38	1	77021	player	uade	OctaMED MMD1	0	12630	5339fe9a	929e036a	files/3878.dms/Blitris.Music
3c5ab4f1b6382579ccce8bd148a8a9bf	1	96774	player	uade	OctaMED MMD1	0	88842	1642c7c6	0a15a35d	files/4538.DMS/mod.tron
3c5ab4f1b6382579ccce8bd148a8a9bf	2	30744	player
3c5ab4f1b6382579ccce8bd148a8a9bf	3	77041	player
3c5ab4f1b6382579ccce8bd148a8a9bf	4	30704	player
3cad9c4f9fb7ff788c8f2fa4fbde7637	1	176273	player+silence	uade	Protracker	0	93686	58557396	8292b37e	files/4352.DMS/prgfx/title.mod.p
3cc87c8ff7ad8dcf3b795b6328c18a42	1	61568	player	uade	Protracker compatible	0	17014	0f7d0c1f	db4807ca	!Recent!/hammy.LZX/MUSIC.06.MOD
3cca59c478df97cddb8b64e0d8360590	1	138369	player	uade	Protracker	0	23366	fe8f616e	0c165d5f	!Applications!/Quadra_Comp.V2.03/Modules/MOD.DOPY AFTERNOON
3e3bc1a338ebb5286ec9fce7c719a477	1	3878	player	uade	Protracker compatible	0	15608	bf70148f	c7a8380e	files/4453.dms/Sound/Mod.Caves
3f132f75d3adba5e8ff6aa3cf66ca633	1	160131	player	uade	Protracker compatible	0	66306	ffb27b14	2ee26327	!Recent!/hammy.LZX/MUSIC.04.MOD
3f37dcbc8d1be64507dc2aad199806c8	1	30824	player	uade	Protracker	0	162450	c4f7046b	0286df5e	files/4337.DMS/speed.track
4069cd32487a71b3f90bc1d0e9098411	1	23168	player	uade	Protracker	0	11820	b112b810	6b0302d0	files/4451.dms/music/mods2/mod.!j0llyg00d!
40fcd1410a7707efc88de1f4c6dd9f7c	1	323115	player	uade	P50A - P60A - P61A	0	254154	b14927bb	8379a700	files/3995B.dms/P61.sting
41946b96a14e80b21836f90de2e97726	1	30627	silence	uade	Protracker	0	37986	0273fd6e	e46b7b75	files/4532.DMS/Booze-O-Meter/mod.booze_intro
4274b294f7ca1716588c047ce93cc2d3	0	501285	player+silence	libopenmpt	Symphonie	16	401016	9a1cad96	568fb27b	!Applications!/Symphonie/Modules/Raindrops.SymMOD
42bf80c14ff0f04943213fc41ed485ec	1	76920	player	uade	Protracker compatible	0	10452	0e30c562	51666274	files/4013.dms/punter_files/MOD.punter
4390bc9960518c6b93cc50d6df0a6da7	1	184445	player	uade	Protracker	0	63370	e449fd3a	dadec180	!GroovyGames!/BraekinBriks/music/Break_Music2
43a1d344c4b0219304d746ac5ff55e57	1	203775	player	uade	Protracker	0	23836	beb10cac	5f07074c	!Applications!/Quadra_Comp.V2.03/Modules/MOD.SURVIVORS
44bf3c28bf18d5ddb54e4372cb6d2269	1	97417	player	uade	Protracker compatible	0	99250	c9670dc4	a4238846	files/3897.dms/DMC.Music1
452b2f60718f386ff4fd16d618a7de73	1	349559	player	uade	Noisetracker 1.x	0	140890	a885eafc	315eabc5	files/4261A.DMS/MUSIC
4634fecf8692f4f0bb18d5c88880b719	1	149512	player+silence	uade	Protracker compatible	0	69284	b2340e42	36e8f6de	files/4334.DMS/Gfx/Snd.Chase
48f4357467337f8254d8422bd54108ed	0	251625	loop	uade	AProSys	0	13216	55e7ade8	342d3951	files/4482.dms/aprosys/compositions/APS.Cliffs
4994ebba308165428300d749aaa12a4d	1	36852	player	uade	Protracker compatible	0	41240	e2b508db	4c236859	files/4097a.dms/HARDDRIV.MOD
4a5f43a3b1df107628f405eaac5ec5a2	1	126835	player	uade	Protracker compatible	0	189170	62e9736e	8087db3f	QUARTZ/Q1162.DMS/modules/mod.Quartz
4abb90f95e2ee3ba0e831095701ee34a	1	20596	player	uade	Protracker	0	9012	edbb6d15	88e12389	files/4534.DMS/mod.Chipmunks
4b2df68b0b36c43eb94f8b1bd7048a5e	1	209700	player+silence	uade	Protracker compatible	0	104794	f5c88021	d99713b2	files/4395.dms/data1
4bf96e864341c379839fafa4407c1c4f	0	30844	player	uade	Amos Music Bank	0	10632	4352400d	31a50413	files/3966.dms/DATA/MUSIC/Music_6.bin
4c57a90c3795743b36056f1f6253fc1a	0	99968	player	uade	Amos Music Bank	0	105410	df61977a	58b7cf79	files/4354.DMS/Music2/MusicIntro.Abk.pp
4c5f023f9f9f008bfb0789c6ccac50c6	0	508445	silence	uade	DIGI Booster V1.6	0	117966	d901ded9	b788b655	files/4245.DMS/DigiModules/FeelingsThatFloat.DIGI.pp
4cb4d4cbe41c93f44d18bc7411a8fb02	1	51320	player	uade	Protracker	0	9082	0017dd44	766b7507	files/4451.dms/music/mods/anarmen9.mod
4ce7387cf12b44ab01c23ef32274eb85	1	182006	player+silence	uade	Noisetracker 1.x	0	91456	949ddd55	4bc78d80	files/4193B.DMS/SAHARA.MOD
4d0024aabb5dccbd05e47d80aaa8ffbb	1	83230	player	uade	Protracker	0	17946	950e461a	c4840b6f	files/4534.DMS/mod.Keen2Play
4d44b88860d70e15240d68b862dd7e08	1	0	nosound	uade	Protracker	0	78156	d03b77c6	ffc98295	!Recent!/Delarith.LZX/delarith/DELA_30
4dbc779bd10bc6aefeb963a11ba26f49	1	149956	player+silence	uade	Protracker	0	158478	0404b067	921923d6	files/4259A.DMS/MUSIC
4ddc6e1b2d6bb7a4297f932fe9ec0781	1	62051	player	uade	Protracker	0	36370	4e92f402	f6b29863	files/3982.dms/LETITSNO.MOD
4ead4e50fac6801c9ac99ba9abcb6cd7	1	80799	player	uade	Protracker	0	32834	1faa1eaa	04d13498	!GroovyGames!/AlienBashII/mod.rapina4
4ead4e50fac6801c9ac99ba9abcb6cd7	1	80799	player	uade	Protracker	0	32834	1faa1eaa	04d13498	files/4068.dms/mod.rapina4
4eb19cab8eb52a6e175ee7a3c57ee49a	1	138369	player	uade	Protracker compatible	0	84210	f027f63b	44628f75	files/4193B.DMS/SALUTE.MOD
4f3c57c9f7a1c46e9ff2ec84522b74f4	0	476463	player+silence	libopenmpt	Symphonie	8	335504	258a7781	782130a1	!Applications!/Symphonie/Modules/WildCanyon.SymMOD
4f965ae675e51927e4e5dba9b44e1141	1	183311	player+silence	uade	Protracker	0	237836	bfc90f0a	95c7873a	files/4079A.dms/9FINGERS
5163e5ad815e8d185333e4cdb166c9bb	1	149921	player+volume	uade	Protracker	0	286786	4eb11b4f	ebfa37e4	!Recent!/bladdemo.LZX/Data1.lha/MODBlade.mus
51a366d4e7ab7b6cfd8a4403d8767559	1	82044	player	uade	Protracker	0	59750	1dd86cf9	723a0f51	files/4309.DMS/M4
521f156bf37ee8e7998024a70b3160cd	1	89720	player	uade	Protracker	0	50254	35e5ed8e	01820d02	files/4562B.DMS/S/mod.menu
55806ff5987d85bedacc77c37f71dcb6	1	57730	player	uade	Protracker	0	56904	96f9aeae	d75e1fc7	files/4532.DMS/Booze-O-Meter/mod.lift
56333c035315f9e6bbd97428bcb6ba3c	0	76920	player	uade	Amos Music Bank	0	46378	081301bf	0ace9189	files/4247.DMS/Galax/Music.Abk
5666e1917414b54b540e496622b3842b	0	457294	player+silence	libopenmpt	Symphonie	16	423559	4efde2c4	29f8c41b	!Applications!/Symphonie/Modules/Boom.SymMOD
5666e1917414b54b540e496622b3842b	0	457294	player+silence	libopenmpt	Symphonie	16	423559	4efde2c4	29f8c41b	files/4483B.dms/MODS.LHA/Boom.SymMOD
57af7ddae54085d94921723775afcc1d	1	423466	player	uade	Protracker	0	348798	47cfc43a	fa9f0b0d	files/4280.DMS/MOD.NYO
58af23e1fbb0551f13bd42254fbad118	1	286304	player+silence	uade	OctaMED MMD1	0	111286	82a72a0e	d1915749	files/4123.DMS/Sound/Game1.med
5a5580c81354a12f72ef23076118bdd9	1	162812	player+silence	uade	Protracker	0	95326	77c714dc	f639c7b5	files/4267.DMS/XModule/BonusModules/FBYWinning2.mod
5bb5c4eb0d580f5523b41eb461604159	0	81502	player	uade	JamCracker	0	33856	032aa7ac	1690615e	QUARTZ/P058.DMS/Songs/DemoSong4
5c13b66706ddce2f85b6589b3bfe9bd7	1	109574	player	uade	Protracker	0	107142	9b908180	8480ff2f	!Recent!/Delarith.LZX/delarith/DELA_31
5c2d298c19ffb2476696ce49156c3a14	1	50034	player	uade	Protracker compatible	0	120370	2f88efaf	a3dbb92e	files/4172.DMS/GME1
5f1fddab19f2748ac512a4d539daf06b	1	21400	player	uade	Protracker	0	48950	c05f0af0	8f5ddab2	files/4396.dms/Harry_Haddock/High.Score.music.BIN
5f244f16a08cd00d06e2164494827357	1	230234	player+silence	uade	Protracker	0	59584	3364c91a	894fb2c8	files/4159.DMS/MUSIC/MOD1
5f4b9e2a29a2ac5fe1bcd9d8919c5e98	1	82165	player	uade	OctaMED MMD0	0	52154	24c12835	4c279157	files/4132.DMS/SFX/interlude.tun
5ff5573b48431518066b2ace49263bab	1	104127	player+silence	uade	Protracker	0	20114	b2033dd2	252cfcb4	files/4079A.dms/DMC.MUSIC2
60afc75f5566769a0c2919df85361dc7	1	80758	player	uade	Protracker	0	15222	d4c4d3a8	3ac144fc	files/4451.dms/music/mods/anarmen4.mod
614e5dc0035599cb9ba1d418e0487435	1	238197	player	uade	Protracker	0	21666	96d9845d	0fc867a7	!Applications!/Quadra_Comp.V2.03/Modules/MOD.TOKINGSTONE
6180dece9717d05611f0b5287ce6a9c6	1	51320	player	uade	Protracker compatible	0	20896	f7fe8a2c	fb0b8f63	files/4193B.DMS/INTROFRO.MOD
61e20da2274548dc6eae41ed1781bede	1	80758	player	uade	Protracker	0	300000	cddbcae0	f97b3e9c	files/4112.DMS/Mods.lha/mod.BattleDuel
61e20da2274548dc6eae41ed1781bede	2	0	nosound
61e20da2274548dc6eae41ed1781bede	3	53872	player
63102d5bb6b66931a978e71f3e65f910	1	46176	player	uade	OctaMED MMD0	0	39202	78660b56	d4c02ab3	files/4558.DMS/hiscoretune.med
63a4ac52ad13260ac0c9c22b6ecba91f	1	130693	player	uade	Protracker	0	153724	8d5c2946	91a7567b	files/4401B.dms/mod.uralvolga
63b3f5e3f37f2379b627bf15a84e3adf	0	176749	player	uade	Amos Music Bank	0	66202	4a526faf	699d322a	files/4449.DMS/Any_One_for_tennis.Abk
6510cc8014237f654957faa7be5ca9d2	0	171931	player+silence	uade	Amos Music Bank	0	38682	e672cc6c	1d749298	files/3958.dms/data/MUSIC_4.bin
652cd8023348999043ad57283ce45385	1	181049	player	uade	Tracker Packer 2 - 3	0	56688	082e8f31	f8651c52	files/4422.DMS/BrutalHomicide/brutaldata/dat.titlemod
6654367c935fbcff95f6d1bda3f72925	1	63598	player	uade	Protracker compatible	0	152278	09e5ec1c	a32cc6fe	files/4523.DMS/mod.1
671a62250ca717971366cea4b6a992bd	1	185028	player	uade	OctaMED MMD1	0	816418	0abad8b7	62796903	files/4320.DMS/31seconds.mod
671b991b250a34ee7aef94e40c4062ae	1	99325	player	uade	Protracker	0	131150	99a1bb70	ef199b3c	files/4503.dms/sfx/Titel.trk
67b35480f4efc6dc7d1e6701411f3baa	0	69124	player	uade	Amos Music Bank	0	43472	bb4b8882	018b6bb3	files/4406.DMS/DATA/DATA9
67b5d9d480115b9b38b78c4ecca4d348	0	15472	player	uade	Amos Music Bank	0	34260	557eb09e	3a538d7b	files/4556.DMS/SOUND/Track2.ABK
6a178f67f2f2a42598f9f833c572a683	0	29880	player	uade	Amos Music Bank	0	22342	034f9082	d3e8b852	files/3922B.dms/LaCucaracha.abk
6a827379246a71a94553f33e76482a17	1	138308	player	uade	Protracker	0	42532	06305b35	e12a31da	!Applications!/Quadra_Comp.V2.03/Modules/mod.dunnont
6abcc43ffd871b78721718502d97091f	0	451207	player+silence	libopenmpt	Symphonie	8	375741	120bb158	ae6f7ea3	!Applications!/Symphonie/Modules/LiquidTime.SymMOD
6b034a6899f2df2a6b25f5cdecfa9fa3	1	166601	player	uade	Protracker	0	205776	5a6c9dc9	6ec013c9	files/4027B.dms/Tutmod/mod.kukoo 
6baadba08088c242b58120921ec01e7e	0	143493	player	uade	Amos Music Bank	0	61184	7abf16ce	a16db0fb	files/4556.DMS/SOUND/Track6.ABK
6c230ef8ae8574520cf845f725bd3b8a	0	34682	player	uade	Amos Music Bank	0	26772	88c57b69	d514d2ed	files/4300B.DMS/traitor2.lha/songs/Music4.Abk
6dd95a0d881426005cf4d32f3acb41eb	1	199362	player	ft2play	Fasttracker (M.K.)	4	64770	8557d6f3	6cee5ff8	!Applications!/Quadra_Comp.V2.03/Modules/mod.sticker
6ede543b210e050cfadda7c89637a149	1	452623	player	uade	Protracker	0	129656	92ee5034	10416af6	QUARTZ/Q0364.DMS/MODULES/mod.gregorian3
6f04eeeb3f9e659465ca830729577e2f	1	42358	player	uade	Protracker	0	14186	4639a80d	fc63506e	files/4193B.DMS/INSIDE.MOD
7010e27c4aa7df9a3f700d442cc4cfb3	0	7796	player	uade	Amos Music Bank	0	19298	1e80a9d1	5e96a0f2	files/4563.DMS/daffodil.abk
70ecb656dd279700e61ffa8f3c01e7b5	1	46216	player	uade	OctaMED MMD1	0	11026	ba54ab12	29b988f1	files/4123.DMS/Sound/Highscore.med
723b1e4985fda358a656bf8124274c06	1	30824	player	uade	Protracker	0	7550	3ce11ebe	2dcd889c	files/4352.DMS/MOD.HEATBEAT-8K
72b8b4e7366aef543a76d879750e035a	0	230521	player	uade	Amos Music Bank	0	34706	06f6e296	c706492b	files/4354.DMS/Music2/MusicCredits.Abk.pp
72cc9cb9556ffb19c2699542e8cef897	1	150124	player	uade	Protracker	0	29904	fe415227	6ce33693	!Applications!/Quadra_Comp.V2.03/Modules/MOD.RAIN-ON-SUNDAY
72dbfdda62d383a008b955633842ac61	0	135475	player	uade	Amos Music Bank	0	13978	cf760510	5d5bd493	files/4080A.dms/24.abk
736f1b2c291447eb6e845858e3679340	1	100913	player	uade	Protracker	0	91968	803743b8	88509e5d	files/4453.dms/Sound/Mod.Intro
7395a4666ec8f16fe5d35c4489c86541	1	7796	player	uade	Protracker compatible	0	18930	86289392	2bee3bb9	files/4453.dms/Sound/Mod.Chapter
73dfe3e75ba9c310d9367a415064745e	1	131034	player	uade	Protracker	0	19984	cb4ca56d	b48eeded	!Applications!/Quadra_Comp.V2.03/Modules/MOD.REPAI-REDCUR-TA-IN
74b2ab4d8bcc69e7ced5431432a403ff	1	238780	player	uade	Protracker	0	259988	49b2a44c	0131adc5	files/4160A.DMS/DATA/mod.InTheNight(full)
7521dbe0fe627dfa3b15adfe4277d40f	1	105977	player	uade	OctaMED MMD0	0	127464	e808daea	189b4937	files/4316.DMS/charr1.0/charr.med
7615bcfdaee59cae179b8e3e6a152cc0	1	334911	player	uade	Protracker	0	374644	93a4886a	426856eb	files/4104B.DMS/Bonus/mod.HibakushA
768e3be7610781f3a357a9562aedbbbd	0	240729	player	uade	Amos Music Bank	0	109596	e781417b	498299d4	files/3886A.dms/mod1.abk
768e3be7610781f3a357a9562aedbbbd	0	240729	player	uade	Amos Music Bank	0	109596	e781417b	498299d4	files/3926A.dms/20.abk
768e3be7610781f3a357a9562aedbbbd	0	240729	player	uade	Amos Music Bank	0	109596	e781417b	498299d4	files/3986A.dms/20.abk
768e3be7610781f3a357a9562aedbbbd	0	240729	player	uade	Amos Music Bank	0	109596	e781417b	498299d4	files/3989A.dms/20.abk
7691fcf3ce86a575a9a519948415d910	1	153721	player	uade	Protracker	0	25696	a107f230	2e610a74	!Applications!/Quadra_Comp.V2.03/Modules/MOD.HZ-SUBMERGENCE
779d7a90cacd6c15cbac00b7540f8379	0	61568	player	uade	Amos Music Bank	0	18362	8f1195ab	aceb3c2a	files/3937.dms/U.F.O.data/K.data
786863f56cb6948d88995f57d5aa6b4d	1	96874	player	uade	Protracker	0	87800	4284335e	c1a3c238	files/4325.DMS/Music/Title.mod
786f171ffd81acaaa69da51ac0d79736	1	153721	player	uade	Protracker compatible	0	131162	a92d2fd7	396516bc	files/4126A.DMS/DMC.Music2
7880e3069ac08b076025a6dbd8f9dc89	1	7796	player	uade	Protracker	0	84744	67cb7561	b4edadde	files/4325.DMS/Music/Congrats.mod
78f6074a83ca9dbf5221bb831d7d0673	1	284293	player	uade	Protracker	0	58092	e3742d9d	0e353482	!Applications!/Quadra_Comp.V2.03/Modules/mod.silverline
79758c83ce335c631f22a4fdb7da969f	0	432361	player	libopenmpt	Symphonie	16	1146092	ef241a66	7a1ceeca	!Applications!/Symphonie/Modules/16 Bit/Jump.SymMOD
79758c83ce335c631f22a4fdb7da969f	0	432361	player	libopenmpt	Symphonie	16	1146092	ef241a66	7a1ceeca	!Applications!/Symphonie/Modules/Jump.SymMOD
79b22608a5787ddd8c3fb06ea85c9b59	0	321247	player	uade	Amos Music Bank	0	56818	0acc6b92	4112a04c	files/4300B.DMS/traitor2.lha/songs/End_Music.Abk
79be4af2ac1820ca4986090349cca88c	1	82044	player	uade	Protracker	0	68712	f07729db	9a49aba1	files/4532.DMS/Booze-O-Meter/mod.drink&drive
7a9126ac16a52ea275de6c2e7c850a6f	1	153721	player	uade	Protracker	0	18660	04dda9af	3ca55fb4	!Applications!/Quadra_Comp.V2.03/Modules/MOD.SUBMERGENCE
7ad36e8ececc505eb178080c2d6cb977	1	203484	player+silence	uade	MED4 (4ch)	0	163333	82d67e22	a5861969	files/4560A.DMS/med_a.DARK_EMPIRE
7bd374a0a9775093a04b5e42b7e7c531	1	69224	player	uade	Protracker	0	42942	ef970ec8	6a2003fe	files/4524.DMS/sound/mod.game#1
7c477d9efde744a60e9ebd7527846846	1	215149	player	uade	Protracker	0	35146	0d1c969b	af14d565	!Applications!/Quadra_Comp.V2.03/Modules/MOD.CHROMA
7c54aaa0f02587515a7e990ebf8abae1	1	249339	player+silence	uade	MED4 (4ch)	0	160957	956be319	47ac997e	files/4560B.DMS/med_g.REVOLUTION
7cf30ff61a45d5e5511d69d670364ce5	0	46196	player	uade	Amos Music Bank	0	21170	1e033b32	9149653d	files/3939.dms/BANKS/INGAME1.HELL
7cf30ff61a45d5e5511d69d670364ce5	0	46196	player	uade	Amos Music Bank	0	21170	1e033b32	9149653d	files/3981.dms/BANKS/INGAME1.PARA
7d4b44f792daf9d8e2564c0af1807988	1	205463	player	uade	OctaMED MMD1	0	142752	cb9bcea2	350bea13	files/4300B.DMS/traitor2.lha/songs/Music5.MED
7d5bfbac0c54603ca885a4c888ce3f99	1	70591	player	uade	OctaMED MMD0	0	84098	7b6816ac	4c599841	files/4132.DMS/SFX/tubetune.tun
7e673a32022782cabb5f6b5232fb1cc9	1	30824	player	uade	Protracker	0	62654	9664012c	b58422a3	!GroovyGames!/DeluxeGalagaV2.6C/GALAGA.JINGLE1
7e673a32022782cabb5f6b5232fb1cc9	1	30824	player	uade	Protracker	0	62654	9664012c	b58422a3	files/3943.dms/GALAGA.JINGLE1
7e673a32022782cabb5f6b5232fb1cc9	1	30824	player	uade	Protracker	0	62654	9664012c	b58422a3	files/3944.dms/GALAGA.JINGLE1
7f3472cb93708eb3f1c7fde880942eaa	1	6427	player+silence	uade	Protracker	0	28502	7230b1ae	fbb48b76	!GroovyGames!/BraekinBriks/music/Break_Music5
803379c8e612d3e5bb8e26bfcad52416	1	261245	player	uade	Protracker	0	96836	7d749fdf	18e44ef8	files/4193B.DMS/INGAME.MOD
80c4737b8821c22f80453ce75278a012	0	29156	player	uade	Amos Music Bank	0	9404	1f1c03f1	886a6aa6	files/3922B.dms/AlmaLlanera.abk
811ae4229835d759590052eb086bce8f	1	111704	player	uade	OctaMED MMD1	0	42114	09d28d1d	3ad6d2aa	files/3888A.dms/Music/FlawlessVictory
815fd452284f6e9756dc0250302e4931	1	124033	player+silence	uade	Protracker	0	148048	8c49ae19	e144313d	files/4396.dms/Harry_Haddock/TitleMusic.BIN
81c56905766f5a23797f36ea27b9c90e	1	23168	player	uade	Protracker compatible	0	69690	41d19110	8e937abd	files/4453.dms/Sound/Mod.Memory
81d25c10c03b7fdc508bce5dc7b07111	1	252503	player+silence	st3play	Scream Tracker 3.2x (GUS)	6	381258	541250fe	16c4d678	files/4070.dms/1.dat
821ec7090d48896f158e23c3c96bf6c6	0	22324	player	uade	Amos Music Bank	0	15332	f6459fec	7ba6d708	files/3922B.dms/LaFeriaDeLasFlores.abk
836003c2cd95a9b761fcde17dd47ef5d	1	97557	player	uade	Noisetracker 1.x	0	8466	84266aef	f089e4fe	QUARTZ/Q0759.DMS/SuperDark/Sources/SDark_12_sources.lha/blankers/mod.wizardy
842ef3c4ab8d34ac368993bb43e9fb85	0	281219	player	uade	Amos Music Bank	0	79122	1eb46d0e	efcbc8ce	files/4080A.dms/22.ABK
84a890faacd52a8f1aae98d34e7c2754	0	122796	player	uade	JamCracker	0	33736	5333ede5	6dc95a50	QUARTZ/P058.DMS/Songs/DemoSong1
84fef7299cb96c598dde9c84a4916215	1	357411	player+silence	uade	OctaMED MMD1	0	94992	6f54ec0b	d5c48221	files/4123.DMS/Sound/Game2.med
8509d679215e53b1f0c84f6703ef9639	1	66672	player	uade	Protracker	0	60076	18ad4dbe	30ed5e3a	files/4335.DMS/castle/mod
8531a6e6f24512003508b3fc2d5dc326	0	176809	player	uade	Amos Music Bank	0	46404	f46d9615	4d8f4122	files/4510F.dms/M-IBA
856afed16783a2d733216422a58e6111	1	20846	player+silence	uade	Protracker compatible	0	39792	a6a0e8ed	48c71b21	files/4124.DMS/GRAC.song
8981aa1cb4c5e7a5c83bbd45bb23b89e	1	216376	player+silence	uade	Protracker compatible	0	321924	b6c107dc	6373ec67	files/4262A.DMS/mus
89c5276a73c8ac19aed4b35082e04c5c	1	61568	player	uade	Protracker	0	36644	c7db81ff	0a616503	files/4532.DMS/Booze-O-Meter/mod.quiz
8a1902fe9aa253bfd95494654841a254	1	38520	player	uade	Protracker	0	45814	0df7ab65	bf1aac64	!GroovyGames!/BraekinBriks/music/Break_Music4
8b0fdc5c7e965a66474b1c35f6ecb533	0	266108	player	libxmp	The Player 6.1a	4	405022	030376ac	b8672cdc	!PowerOfAmiga!/Ephidrena=aBIOTIC/__p61trancelatermx
8c94acf1ee354593f9577a2ca1cedb10	0	41635	player	uade	Amos Music Bank	0	32888	cd81ca20	b7331c45	files/4080A.dms/21.abk
8cc531c7a712467da8c5563a0aeaf0e6	1	147974	player	uade	Protracker	0	14636	ea3495b6	553b66e8	files/4451.dms/music/mods/anarmen1.mod
8d7a68bc7163b3787fc9979488b7e8f1	1	11654	player	uade	Protracker compatible	0	12952	65a2a4db	768ad490	!Recent!/hammy.LZX/MUSIC.09.MOD
8ddefed7ffa4c2226783ee2d09f774b9	1	30824	player	uade	Protracker	0	43730	5ac250b4	b0e69b96	!GroovyGames!/Conquest/sfx/endmod
8ddefed7ffa4c2226783ee2d09f774b9	1	30824	player	uade	Protracker	0	43730	5ac250b4	b0e69b96	files/4333.DMS/sfx/endmod
8f7f87062d1b17c43e7f57c22c726bfc	0	46196	player	uade	Amos Music Bank	0	26020	e0ce9af5	495eeaea	files/3981.dms/BANKS/INGAME5.PARA
9030814728e7981a689f96759587d7e3	1	97115	player	uade	Protracker	0	48212	c76921ac	7d1715f0	files/4117.DMS/mod.1
9119584361351363af87c5ea0cc0d677	1	146386	player	uade	OctaMED MMD1	0	52694	7b55c236	e24ae74a	files/4371.DMS/MOSH TASTIC
91442b84744bcd59d9f74bf0f3fd00c2	1	46216	player	uade	Protracker	0	10198	d63d08be	264b721c	files/4108.dms/Modules/mod.silent night
92668e8bcc2b09e1360e906cc5326f09	0	41072	player	uade	Amos Music Bank	0	21500	d8118568	08dea48f	files/3966.dms/DATA/MUSIC/Music_5.bin
92e143ebba3ac6c799319f56c5c4de92	1	38520	player	uade	Protracker	0	35732	b242ba87	3a2ba946	files/4523.DMS/mod.2
930fd884235c2df1572c4268cac13a56	1	121610	player	uade	OctaMED MMD0	0	37642	b76ebf67	15f6bd57	files/4451.dms/data/spt.cia
930fd884235c2df1572c4268cac13a56	2	39023	player
930fd884235c2df1572c4268cac13a56	3	7615	player
930fd884235c2df1572c4268cac13a56	4	3757	player
930fd884235c2df1572c4268cac13a56	5	7334	player
930fd884235c2df1572c4268cac13a56	6	30724	player
930fd884235c2df1572c4268cac13a56	7	6510	player
937fda46d8ceb09f69e81ee3883d027d	1	149883	player	uade	Protracker compatible	0	76568	25a78951	431504f3	files/3990.dms/TECHNO.MOD
93ef9710fc091ea3f9475dc6585af3ae	1	211230	player	uade	Tracker Packer 2 - 3	0	607536	72e72484	c517c683	!PowerOfAmiga!/Ward=bLACKhAIRtOUNGdISEAS/data/ts.tp3
950826d10c0d9c29e1e56f8bae9eeed4	1	50737	player+silence	uade	Protracker	0	48440	b5e44c3d	7957b343	files/4027A.dms/m2
95f2186d17774a1d9d6669d1f2b7f334	0	206887	player+silence	uade	Amos Music Bank	0	73616	5a941e11	b0cf705d	files/4416.DMS/b3
95f64ff98c12edd5d2b750a3492c7a05	1	174599	player	uade	Protracker compatible	0	56216	c900ba77	a31b86b8	files/4453.dms/Sound/Mod.Crater
960387306491441b07323d318b40b5c7	1	123479	player	uade	OctaMED MMD1	0	53558	499f0488	ff95386b	files/3888A.dms/Music/Atmospheric(ish)
96556426ce51ed609c8853b38f68fc4e	1	81421	player	uade	Protracker	0	53989	b6162d26	27301e96	files/4078.dms/MUSIC/MOD1
99d2a29b4a2e59fd9f635d3c31f07b4f	1	219581	player+silence	uade	Protracker	0	249294	872e2528	a26b51e6	!Recent!/rby-pfh.LZX/mod.RBY-PeacefulHarmony
99f651e5973e248a7c5ecb88836e0d33	0	102400	player	uade	Mugician	0	35528	15620f2b	deac7ae3	files/4274.DMS/PMPlay/Modules/AGRAVAIN.Mugician
99f651e5973e248a7c5ecb88836e0d33	1	46076	player
99f651e5973e248a7c5ecb88836e0d33	2	9022	player+silence
99f651e5973e248a7c5ecb88836e0d33	3	15372	player
9a60bca688f4689b2d4e3d0a99283511	1	146045	player	uade	Noisetracker 1.x	0	56772	218f310a	198668e6	files/4193B.DMS/QUANTUM.MOD
9b2e73db2825091e243152ba73731e50	0	61568	player	uade	Amos Music Bank	0	17994	8e0b6bb8	9fae0b63	files/3981.dms/BANKS/INGAME3.PARA
9b4220355ebab32978eba04952b8b4e4	0	719718	loop	uade	AProSys	0	6504	b4b881b2	d6834e93	files/4482.dms/aprosys/compositions/APS.PixelGraphics
9d53fa07d6c56b52a3f334442fa10dda	1	354764	player	uade	OctaMED MMD3	0	440198	1d498cc4	f090245d	!PowerOfAmiga!/MC+TRSi=dOSE/data/Dose.oss
9f067bc047e56dc204570df81e60144b	0	61468	player	uade	Sonic Arranger	0	10864	2cfdf637	da72fa4e	files/4274.DMS/PMPlay/Modules/DemoSong.SonicAranger
9fbacfaec955a18e900ca196708dcda2	0	322914	player	uade	David Whittaker	0	34914	3780eaa4	c3d79b94	files/4274.DMS/PMPlay/Modules/DW.CosmicPirate
9fbacfaec955a18e900ca196708dcda2	1	307241	player
9fbacfaec955a18e900ca196708dcda2	2	502	player
9fbacfaec955a18e900ca196708dcda2	3	14186	player
9fe6283b7ed72c58c3a69cf842378cde	1	413556	player+silence	uade	MED4 (4ch)	0	30051	f46232ae	eea82abb	files/4560B.DMS/med_h.PHANTASMAGORIA
a0c66c7d883c2d1ebb7fa1c347bbda73	0	83330	player	uade	Amos Music Bank	0	15056	89363ad5	c927466a	files/3958.dms/data/MUSIC_3.bin
a1b31acee5f6e3e76f5e98ee829128df	1	61568	player	uade	Protracker	0	8000	042a3912	4cfb3914	files/4451.dms/music/mods/anarmen6.mod
a3d4d6d3d495ffeef5ca382aac34cf54	1	69224	player	uade	Protracker	0	8402	3486ec23	8ada1138	files/4352.DMS/MOD.MORPH-8K
a50c8e80252b804e0ebad07ef0f57f2d	1	238197	player	uade	Protracker compatible	0	169338	3a9d7954	68edef1e	files/4381.dms/Mod
a50c8e80252b804e0ebad07ef0f57f2d	1	238197	player	uade	Protracker compatible	0	169338	3a9d7954	68edef1e	files/4385A.dms/Mod
a53d81dc5a1c57722f9c53a7458e38ac	1	138791	player	uade	Protracker	0	251360	611ae052	855abfaa	QUARTZ/Q0364.DMS/MODULES/mod.ex-t-sheep.bk
a5f7d3006b2e9347e4ddb2ed181c4b3e	1	312686	player	uade	Protracker	0	21992	ee39a292	ab5f911b	!Applications!/Quadra_Comp.V2.03/Modules/MOD.LOETKOLBEN
a67644c780ff0f3b19e561e473ad214d	1	180681	player+silence	uade	OctaMED MMD0	0	114814	36913785	385f3d38	files/4257A.DMS/Music/house kraft.med
a74c56d57a7888f3a31fd53ab7aa83f8	1	44669	player	uade	OctaMED MMD1	0	51766	14ecf846	82da7d39	files/4177.DMS/Mag1/fairlight.mod
a7cbcf362557376e5a561566fb294898	1	89881	player	uade	Protracker	0	64544	499a1cc7	e39d0d6c	files/4172.DMS/GME2
a890a9abbdb18e4e612b5ea21dea7c4f	1	185834	player+silence	uade	Protracker	0	169164	ceae6613	40b59cbb	files/4126A.DMS/DMC.Music3
a899601484178511b4771e5b77966faf	1	146045	player	uade	Protracker compatible	0	52260	170d41a0	1bf0182f	!GroovyGames!/M*A*S*H/Mash/sounds/Moshtastic.mod
a92a41da4192a1d289275e62acb62010	1	75212	player	uade	OctaMED MMD1	0	69548	33a75e84	61a69ae8	files/4520.DMS/bONus sTUFF/quontom.lha/quantum.mod
a955d5a3d72f4b0d541e18585266fb42	1	284293	player	uade	Protracker	0	50688	2cbb002a	d3f97daf	files/4058.dms/MUSIC/INTRO
a955d5a3d72f4b0d541e18585266fb42	1	284293	player	uade	Protracker	0	50688	2cbb002a	d3f97daf	QUARTZ/Q1053.DMS/Modules/mod.panic
aa1a1c7a607c16c5d32ae798c8912775	1	287682	player+silence	uade	MED4 (4ch)	0	134703	8aa35592	36b08440	files/4560A.DMS/med_d.NECROPOLIS
aad7936d9ec3b21de1b135a4935557c5	0	39324	player	uade	Amos Music Bank	0	6612	39100d37	2beab71c	files/4354.DMS/Music/MusicMorning.Abk.pp
aaf02ce38b7353ed018bd20fe69c2b83	1	216616	player	uade	Protracker compatible	0	111110	9bd8e268	b02bfb28	!GroovyGames!/BoulderDash3D!/Mod.gasp
aaf02ce38b7353ed018bd20fe69c2b83	1	216616	player	uade	Protracker compatible	0	111110	9bd8e268	b02bfb28	files/4091.dms/Mod.gasp
ab64e07a86727e4a87f82664ad86c290	1	146045	player	uade	Protracker	0	95760	998d56df	d80b8c64	files/4154.DMS/mod.Manga
abf832392da613a8899c5f1a2c201312	1	46216	player	uade	Protracker	0	10674	504a6fa3	81c7ce51	files/4451.dms/music/mods2/mod.fear of the dark
ac61cb8243f5e30b5a180dc0ff80f13f	0	184445	player	uade	Amos Music Bank	0	35080	12dc6270	2c557a3a	files/3989A.dms/22.abk
ac62b28ea849729027d7112d633ab3d9	1	221720	player	uade	OctaMED MMD1	0	38794	b3a590f3	778c61e6	!Applications!/OctaMEDv4/MODS/Fugue
ac7c8df1e026c0f6123deed2c8cd8542	0	7816	player	uade	Amos Music Bank	0	36340	4dfd590c	7d2a7bd4	files/4406.DMS/DATA/DATA8
af2324cda2b4be0de525a21a630c5be7	0	3838	player	uade	Amos Music Bank	0	14522	ac783018	ac42c9ef	files/4406.DMS/DATA/DATA7
af93db9d5733092f5bbf64a232dd08a1	1	170580	player	uade	Protracker compatible	0	197674	4afca2d4	e909042f	files/4385B.dms/mod
b00e568f10eb1328a916d1788269d104	1	93076	player	uade	OctaMED MMD0	0	63160	d70b88fe	7e3b7d37	files/4132.DMS/SFX/countdown.tun
b0d4340d5cc7cbd547000c0df07e24ef	1	99968	player	uade	Protracker	0	97884	137f7ad4	23061286	files/4325.DMS/Music/InGame2.mod
b0d4340d5cc7cbd547000c0df07e24ef	2	107645	player
b0d4340d5cc7cbd547000c0df07e24ef	3	38681	player
b28932ec533cd6ca7fea940e9923c94b	1	92272	player	uade	Protracker compatible	0	92376	5aad1e62	6c6922c6	!GroovyGames!/SuperBallz2/title.mod
b28932ec533cd6ca7fea940e9923c94b	1	92272	player	uade	Protracker compatible	0	92376	5aad1e62	6c6922c6	files/4331.DMS/title.mod
b33cfddce3b6942428236c2b587484e7	1	192141	player	uade	Protracker compatible	0	68488	b3d10201	438c4bcf	!GroovyGames!/M*A*S*H/Mash/sounds/burger.mod
b3698a92baf759d581065c35c2cc0140	1	88113	player	uade	Protracker	0	43774	9eb38510	12d992f8	!GroovyGames!/BraekinBriks/music/Break_Music3
b3dab1481a939d12c9c0c76399a3067c	0	76920	player	uade	Amos Music Bank	0	9942	bde2d29e	9364f402	files/3981.dms/BANKS/INGAME6.PARA
b3edec9b3b2850c92acf9e21a1a30fd9	0	310218	player+silence	uade	Amos Music Bank	0	58256	f4b64a1f	930a0800	files/3986A.dms/24.abk
b3edec9b3b2850c92acf9e21a1a30fd9	0	310218	player+silence	uade	Amos Music Bank	0	58256	f4b64a1f	930a0800	files/3989A.dms/24.abk
b5ce1385d1b0a42732d71429a76265a4	1	107645	player	uade	Protracker	0	56314	2d2f0b28	79035574	files/4523.DMS/mod.3
b66aeb475374df8170f2c77699cbdc97	0	100243	player+silence	uade	Amos Music Bank	0	50474	c80d4fb0	42dccd55	files/4556.DMS/SOUND/Track1.ABK
b6702f369ee8276aee05ae437808643f	0	30844	player	uade	Amos Music Bank	0	59206	462a9c18	f8fac8ed	files/4172.DMS/CDT1
b7410901f51ffa9b5d3b56c7bc4939b4	1	254594	player	uade	Protracker	0	284004	6511bb26	6a3130e4	files/3892A.dms/Files_1/Word1.mod
b74b08200fd92ab58d2afeee84ad161f	0	76920	player	uade	Amos Music Bank	0	15040	643618e8	f9ba43f8	files/3966.dms/DATA/MUSIC/Music_3.bin
b849af6bbc8dac239dcf730d5eaf5054	0	122997	player	uade	Amos Music Bank	0	72340	c709f1ca	5c27d6f6	files/4396.dms/Harry_Haddock/InGame.Music.BIN
b8513154ffc45ecbe133ecbf7bcb4957	0	76920	player	uade	Amos Music Bank	0	27916	84fbeff0	470ccf65	files/3966.dms/DATA/MUSIC/Music_9.bin
b85db2794970e3431d5e7a73ddc3d095	1	226535	player+silence	uade	Soundtracker II (31 instr.)	0	62216	344f62ae	babf4e52	files/3939.dms/BANKS/MOD.TitleMusic
b9277928da824a6dc8a6d106af98ec6b	1	69385	player	uade	OctaMED MMD2	0	63142	5b5b5ae8	6e698877	files/4350.DMS/gnyshttm.med
b9fb5b6d9da40d0ac07662db6b7c7d9d	1	41072	player	uade	Protracker	0	31976	5bb82797	15f7f04c	files/4532.DMS/Booze-O-Meter/mod.booze
bab3477a8a88cc165f9ddcf4e73897b5	1	6979	player+silence	uade	Protracker	0	32314	3495eb73	000059ec	!GroovyGames!/BraekinBriks/music/Break_Music6
bdaa16ad7582480ab6808c05ca80f797	1	38520	player	uade	Protracker	0	16064	1ff63bc1	2acb1deb	files/3989A.dms/song.abk
bf8ecfa2960f9d584c90346a2affb7b0	1	111704	player	uade	OctaMED MMD1	0	55210	275876f4	9d9b8d1f	files/3888A.dms/Music/FutureCliche
c0212440f757c85cb4c7ab72cba58364	0	61568	player	uade	Amos Music Bank	0	11786	f305ebf5	a6810ead	files/3966.dms/DATA/MUSIC/Music_1.bin
c06663e8c7b77fe182b028caa9eaebf2	0	103806	player	uade	Amos Music Bank	0	54588	5e7d28a1	d569f2e4	files/4556.DMS/SOUND/Track5.ABK
c1a3a63284346d554fb381ff25972e99	1	10368	player	uade	Protracker	0	25630	fd542f3d	8cd09a1e	files/4335.DMS/mod.HAPPY_TRIBE
c1f70f96a8ea23967d5c72ae298aa111	1	146447	player	uade	OctaMED MMD1	0	87136	7373f5e2	1c4da795	files/4371.DMS/ZZ TOP?
c2264bd959cbee1e0caf2518210391dd	1	92272	player	uade	Protracker	0	42120	7f7f0150	8e79eb94	!Applications!/Quadra_Comp.V2.03/Modules/mod.transpirent
c3a2baa60a9b19b089878221d6a03926	0	144638	player	libxmp	The Player 6.1a	4	50496	a33f50cc	69e43479	files/3911B.dms/tbl-que2.lha/tbl-que.m
c3c5bc3afd19958cc5880fc16c8f2516	0	347269	player	libdigibooster3	DigiBooster Pro 2.12	10	570210	be2a8118	59aa4e37	files/4296.DMS/modules/SLX-SonixEmp.DBM
c5a03d0c38c2fa0b8beff07eb2ce8746	1	17401	player	uade	Protracker	0	31260	e7ccbbd9	4ca17960	files/4108.dms/Modules/mod.oh susanna
c5bb5cae97a839ae9f45188a50738fc9	0	46216	player	uade	Amos Music Bank	0	14772	f8e2ab8c	c1f3d894	files/4510A.dms/M-SWATSNOT
c5d589e7cd7ec617321b95d02d4ad9f0	1	138369	player	uade	Protracker	0	74456	7170ce1b	a571d419	files/4292.DMS/MusicSets/Standard/InGame2.mus
c5d96f2ae97205cd34e099301b6e8dc4	0	107645	player	uade	Amos Music Bank	0	43836	06b936bd	78f2a771	files/3986A.dms/22.abk
c6dcd264c7dc51156e8b1338dee7a74c	1	138369	player	uade	Protracker	0	20514	d73b57c9	66f393c1	files/4451.dms/music/mods/anarmen3.mod
c6e5093478d96bdb5d96986a02ac3ac1	1	64120	player	uade	Protracker	0	35758	d35ff680	415a1b87	files/4352.DMS/prgfx/hiscore.mod.p
c71cb6fd22ca5318a9fda89a305f9650	1	83330	player	uade	Protracker compatible	0	45306	1226af8d	7f1aa1c6	files/4126A.DMS/DMC.Music1
c741e313f7f73f11fd8536cae684da33	1	7796	player	uade	Protracker compatible	0	65676	97c10b14	a695bef8	files/4162B.DMS/Seagulls.track
c7db74c8cfe7b9c86dd364d963ae4c5a	0	7816	player	uade	Amos Music Bank	0	29380	4fc8cc72	02db2015	files/4406.DMS/DATA/DATA5
c7f45f2f23ed5e624aafff1debfddd26	1	94222	player	uade	Protracker	0	47304	e878d587	4b2a23ea	files/4532.DMS/Booze-O-Meter/mod.fiddle
c850351b5ddfcb86f3cd63c61383b264	1	12357	player	uade	Protracker compatible	0	52144	a5338880	b367ee6a	files/4453.dms/Sound/Mod.Battle
c876ea9384a4780555ef2b53797a1dc8	0	70852	player	uade	Amos Music Bank	0	50692	9bc2f41f	72f7501e	files/4354.DMS/Music/MusicRainbow.Abk.pp
c88117701b54ca7f0bd31ebf62b82d28	1	100129	player	uade	OctaMED MMD1	0	38506	614835fe	f0234af1	files/3947.dms/BlobKombat/data/blobdata06
c92520fbe3c5c6e5940edcf624ed4322	1	53872	player	uade	Protracker	0	14756	f10e75ed	5b2b3df0	files/3983.dms/MOD.START
c92c0876a6abf92c4bae2f9ae8c32ac4	1	161397	player	uade	Protracker	0	164432	6dec233d	0708e96e	files/4079A.dms/dmc.music1
c98da8673d9d75e3009ea7e028a1f859	1	61568	player	uade	Protracker compatible	0	30682	e4d07157	deb7215c	files/4562B.DMS/S/mod3ch.game
c99aa3bc9ed87008214104a37f66c09a	0	70209	player	uade	Amos Music Bank	0	8480	a0536736	386a0431	files/4354.DMS/Music/MusicBubb.Abk.pp
ca4ef3491ab61f5709627a3bd3cb85c5	1	277542	player	uade	Protracker	0	662690	20a92774	e52d676e	files/4489.dms/music/Fire
cab4b2ad5e4897ad15ad9dc675a24488	0	76920	player	uade	Amos Music Bank	0	33990	66d1b82a	90f85540	files/3966.dms/DATA/MUSIC/Music_2.bin
cb107ce8201b324a6b28b52db511e596	1	11766	player+silence	uade	OctaMED MMD2	0	115566	1e373e6c	fd4d9163	files/4350.DMS/gnyshtlg.med
cbcc4b1daa56ee7f0631571ea47e16f4	1	44669	player	uade	OctaMED MMD1	0	51714	2f6faa2c	8ff224b2	!Applications!/OctaMEDv4/MODS/Fairlight
cbfdf3670dc2bae10b089da11c2bea64	1	276597	player	uade	Soundtracker II (31 instr.)	0	76896	46022418	91b5315d	files/4193B.DMS/SARCO.MOD
cdc1ac1f22535329b5354833e95a440f	1	5726	player	uade	Protracker compatible	0	5722	65cad131	a4ec6d1d	!Recent!/hammy.LZX/MUSIC.02.MOD
ceb53848759d68cc6d1eef1239801bab	0	251170	player+silence	libxmp	The Player 6.1a	4	199558	61217bae	8d60df62	files/3911B.dms/tbl-que2.lha/tbl-que.l
d001b6e9e72137db8efefc2dff22e0e5	1	211411	player	uade	Protracker	0	171482	22bed089	26fba68e	files/4027A.dms/dmc.music1
d08a7db9e1dfc46ed7efd04dc8d9a4e4	0	122997	player	uade	Amos Music Bank	0	80920	d6fbfd21	bf7426b0	files/4354.DMS/Music2/MusicOhhYeah.Abk.pp
d0c9f56f7f5d47cfa403340b59c3e567	1	215149	player	uade	Protracker	0	17794	2ac64969	0908c908	!Applications!/Quadra_Comp.V2.03/Modules/mod.crct-hemp-o-nsill
d1a028c7f2d64865079433a8e5371427	1	66672	player	uade	Protracker	0	20048	2a3cf705	ad04ead0	!GroovyGames!/AlienBashII/mod.drugs1
d1a028c7f2d64865079433a8e5371427	1	66672	player	uade	Protracker	0	20048	2a3cf705	ad04ead0	files/4068.dms/mod.drugs1
d22085ac036c2750df1ca7291109fe22	1	115321	player	uade	Protracker	0	74870	8367cb8d	c7e37a8d	files/4409.DMS/Music/MenuMusic
d343fbc318f12c0e1823875c65c8316f	1	158457	player+silence	uade	OctaMED MMD1	0	87426	9633f019	86d023f1	files/4371.DMS/SARUMAN
d41e2cd34dd86de71be367ac2c5d8a96	1	6530	player	uade	Protracker compatible	0	4176	51902164	8f39e094	!Recent!/hammy.LZX/MUSIC.03.MOD
d4a3f94f9cdc532e1d53cfda7c498266	1	66672	player	uade	Protracker compatible	0	20048	622402a6	a3e2d00c	files/4562B.DMS/S/mod.intro
d4b07fd0a83ef557724cb90aafcb3fb6	1	61568	player	uade	Protracker	0	28000	4e689c36	cbdd26e2	files/4451.dms/music/mods2/mod.DiSiSSid_2 Commando Hi
d56e4cac3f706bea1e930b05b31559ad	1	38520	player	uade	Protracker	0	24654	bdbed728	65bfcfda	!Recent!/hammy.LZX/MUSIC.08.MOD
d5d10ff1458f836b350df8a7cb99acfc	1	46216	player	uade	Protracker	0	10620	142b06d5	227ffaa3	files/4534.DMS/mod.SvensktSnus
d60f992d0d5417151d01690601fb2acf	1	142528	player	uade	OctaMED MMD1	0	66168	36d71063	5e834ec6	files/4123.DMS/Sound/End.med
d75ae9314eba43697ba3d1b08f4a1572	1	280536	player	uade	Protracker	0	114170	0bc8118a	168bdba1	files/4134A.DMS/DMC.Music1
d7625ef33a6530d40226501fffbb5977	1	76920	player	uade	Protracker	0	30528	49b6028f	51fe2c8f	files/4009.dms/MENUMUS3.MOD
d7625ef33a6530d40226501fffbb5977	1	76920	player	uade	Protracker	0	30528	49b6028f	51fe2c8f	files/4050.dms/MENUMUS3.MOD
d7625ef33a6530d40226501fffbb5977	1	76920	player	uade	Protracker	0	30528	49b6028f	51fe2c8f	files/4067.dms/MENUMUS3.MOD
d7625ef33a6530d40226501fffbb5977	1	76920	player	uade	Protracker	0	30528	49b6028f	51fe2c8f	files/4130.DMS/MENUMUS3.MOD
d764611d74cb39adc0e2c0bfbb96dafc	1	92272	player	uade	Noisetracker 1.x	0	19462	551a3767	b7276b9a	files/4193B.DMS/QB.MOD
d77342659c476d5fc8428dee838bc9b9	1	130693	player	uade	Protracker compatible	0	69980	36bede58	21b6e6c7	files/4162a.DMS/00.track
d7d2b25e39a2b66895026a9c35d7a444	1	119199	player	uade	Protracker	0	15642	c6db9105	8337cf85	!Applications!/Quadra_Comp.V2.03/Modules/MOD.SNARAIN
d7daae121f591f77e487ea50d0a72b53	1	153721	player	uade	Protracker	0	48246	3e03ce68	3a662800	files/4292.DMS/MusicSets/Standard/InGame4.mus
d82854304260e26c163c47f9886c72ab	1	149841	player+volume	uade	Protracker	0	173270	c9604c7f	9af731e8	!Recent!/bladdemo.LZX/MODBlade.mus
d839bdb9462dfab1735bac0daac72698	1	238197	player	uade	Startrekker (4ch)	0	94000	d4fc189d	6a1379ce	QUARTZ/Q0422.DMS/Modules/mod.when light fades...
d9b27bab54a4756dbe3cd8d3722f8328	0	285677	player	libopenmpt	Symphonie	8	295332	cc613512	62c10efc	!Applications!/Symphonie/Modules/Breathless.SymMOD
d9cfbd5c2e8cad8660e4b3afb54a7817	0	192121	player	uade	Amos Music Bank	0	49532	3c5a5dd2	90297cde	files/3987.dms/Demos/Wilson.Ldm
da90de38de0448fb3fd5bb2d11bfa4f8	0	231538	player+silence	uade	DIGI Booster V1.6	0	272289	653abe7c	9b50785b	files/4245.DMS/DigiModules/mod.IAmTheDoctor!.DIGI
daed374473cfbf333c7c3356b2ceddcb	1	123479	player	uade	Protracker	0	20570	513cec89	0e8bd47f	files/4131.DMS/mod.tor-remix
dc26700e51685f601dfd22e33f408bfb	1	188805	player	uade	OctaMED MMD1	0	59864	8f44e979	e9ac6491	files/4537.DMS/Data/MODS/med.Moonshine
dc31e7bac6f8fe79b96d6467bee8117b	1	252846	player	uade	Protracker	0	36766	bf31095a	548f50be	files/4534.DMS/mod.double_bubble
dc31e7bac6f8fe79b96d6467bee8117b	2	195256	player
dc4b8b1be6249fb5aac575b9fd803a7b	1	243341	player	uade	Protracker compatible	0	148282	9927dd0b	d74f85dc	files/4403.dms/mod.caroline.pp
dc53b167dc96a7522d905ce12c345444	1	232871	player+silence	uade	OctaMED MMD1	0	111900	bc0a09dc	9bcd76e1	files/4371.DMS/PSYCHO MUZIC
dc7401b3191033f3ec77fbdc88bd1607	1	256198	player+silence	uade	Startrekker (4ch)	0	90172	6c60c30c	25e9970e	QUARTZ/Q0422.DMS/Modules/mod.stick to it
dc8d90f7b3bdf039a093a0201825b31a	0	268941	player	uade	Amos Music Bank	0	46438	1d67b6e7	7a561da9	files/3946.dms/FTMusic1_1.dat
dc8f2c66c8360cc3fb14fbb38e79d6ac	1	44910	player	uade	Protracker	0	47868	a0cec19c	2cdd89ff	files/4410.DMS/sound/MENMUSIC.MOD
dd441244cc92ccc02afbf04c455a16b1	1	188283	player	uade	Protracker compatible	0	12728	0cd4bf55	625681e3	!Recent!/hammy.LZX/MUSIC.07.MOD
dd8bc5381c26773336de93f4f746b9de	0	184445	player	uade	Amos Music Bank	0	99888	89b9ace6	ca4428eb	files/3986A.dms/21.abk
dd8bc5381c26773336de93f4f746b9de	0	184445	player	uade	Amos Music Bank	0	99888	89b9ace6	ca4428eb	files/3989A.dms/21.abk
dd9dbd826cdde4bb2aea3d84b920b5d7	0	30844	player	uade	Amos Music Bank	0	11814	a002b80c	487e995a	files/4300B.DMS/traitor2.lha/songs/Music3.Abk
ddbff27fc83851d54e13cff220a24216	0	157438	player	uade	Amos Music Bank	0	75454	796f0b55	ca66e77f	files/3877.dms/Music/WTT
ddbff27fc83851d54e13cff220a24216	0	157438	player	uade	Amos Music Bank	0	75454	796f0b55	ca66e77f	files/4415.DMS/NANO_DATA/intro_score.bin
dde0b74175c3f404927077850be5a327	0	31206	player	uade	Amos Music Bank	0	13458	3b9b00d0	5eeaba43	files/3922B.dms/CielitoLindo.abk
de63344eac92924b499b3ac88109408c	1	98682	player	uade	Protracker	0	25968	67e26cb7	f7d0052b	files/4193B.DMS/QUARTEX.MOD
dfc6c59e71f883da7736763ccd4bb526	0	293336	player	uade	David Whittaker	0	30042	ac74f7cd	a275d7b0	files/4274.DMS/PMPlay/Modules/DW.BeyondTheIcePalace
dfc6c59e71f883da7736763ccd4bb526	1	53772	player
e0fc9cd11fe4993a736441cf1bf9e56c	1	122997	player	uade	Protracker	0	179620	f3d23da2	c2ff6efa	files/4386A.DMS/INGAME.MOD
e15280ade158db4f5a86c4463e8e90df	1	134531	player	uade	Protracker	0	51530	dc1e999b	68a0fdf8	!GroovyGames!/BraekinBriks/music/Break_Music1
e1dfce6a519c5fd968cc0fd39f30fbc1	1	84616	player	uade	Protracker	0	45522	7abf0fdb	a105417a	!GroovyGames!/PLUBZ/Snd/mod.Game#1
e1dfce6a519c5fd968cc0fd39f30fbc1	1	84616	player	uade	Protracker	0	45522	7abf0fdb	a105417a	files/4353.DMS/Snd/mod.Game#1
e1ff5dec8d4ba96ccb5bb0e9debc6e4d	0	7816	player	uade	Amos Music Bank	0	14246	8c39ba78	51b53cd1	files/4563.DMS/Quickening.abk
e26caa0310bf193ae461b355ce9ada30	1	54354	player	uade	Protracker compatible	0	303066	d9cd3156	b92f97f9	files/4027B.dms/m1
e2efd018e1f49183f43a11ae76831657	1	245028	player+silence	uade	OctaMED MMD2	0	164264	788a4eec	c9dcc4f8	files/4432.dms/AnotherWorld
e38d92f04de5162cdff3c9f5a6ddb658	0	75474	player	uade	Amos Music Bank	0	128198	4a126b58	00383c5f	files/3922A.dms/sonido/Musica_final.abk
e3e91d01be5ad08b02cf6fd28385b38b	1	67745	silence	uade	OctaMED MMD1	0	122786	3de83e4b	1250aad6	files/4069A.dms/BIN30.LHA/title/MED.RISING
e3f49b7447b8539b9600ffac5e35ef3b	1	46216	player	uade	Protracker	0	55376	1eab5e26	aef7eef4	files/4027A.dms/DMC.MUSIC3
e43a4338c72954823158ca35e672715f	1	169093	player	uade	Protracker compatible	0	54404	95542c16	747d7e18	files/4160A.DMS/DATA/mod.In&Out
e4753c3d3368e9c178d94531085211dc	1	223488	player	uade	OctaMED MMD0	0	68710	d9f18624	ce9ea88f	files/4371.DMS/WOW-96
e5ca1f3786054c00d5b57cb3c8165175	1	278526	player	uade	Protracker compatible	0	122918	db1739b3	b58d661e	files/4172.DMS/OPT1
e6a086c7eccdb9cf839a96ac813dfa0a	0	484554	player+silence	libopenmpt	Symphonie	16	709606	7ca91aac	5b19dc36	!Applications!/Symphonie/Modules/RealFantasy.SymMOD
e6b08eaf1113c927f629048bfdbf6150	1	80135	player	uade	Protracker	0	104814	210b7619	19098dbe	files/3988.dms/DMC.Music1
e6c382d374cb9d2b156d20741b66abdb	1	194050	player	uade	Noisetracker 1.x	0	78928	874b1094	f9a8fdbd	files/3990.dms/LETPARTY.MOD
e7bb2e2ff476822ac5f0edcefe776ca6	1	220293	player	uade	Protracker compatible	0	126070	cfb8b4d5	ad5e3f25	files/4390.dms/MUSIC/MOD1
e800b196ebd127f3fd88178a2a6c6610	1	0	nosound	uade	Protracker	0	59818	a2c8863c	b4ee7cf2	!Recent!/NSX_190U.LZX/Data61
e800b196ebd127f3fd88178a2a6c6610	1	0	nosound	uade	Protracker	0	59818	a2c8863c	b4ee7cf2	files/4336.DMS/Data61
e8b482d1925b10798e29d0e63b06ce96	0	126855	player	uade	Amos Music Bank	0	73746	921d31f9	b57beabc	files/4510F.dms/M-INTRO
e8ed3a40c630634d623424e638b7989f	1	51320	player	uade	Protracker	0	9416	76e2a0b0	42fdc292	files/4534.DMS/mod.Glock
ea5b4223d2089803a9b4ab436dc4d447	0	106216	loop	uade	AHX v2	0	9939	da137b74	d0525b32	!Recent!/ays-t210.lzx/Songs/THX.Agony End
ea9ac0b8374b9699386115c7004e2487	0	314354	player	uade	Amos Music Bank	0	51006	df9e5fca	431f0ad1	files/4300B.DMS/traitor2.lha/songs/Music1.Abk
eb67f64b175c92d92df1ad650d0a57e8	1	144538	player	uade	Protracker compatible	0	222926	ef035308	7cf6dbf3	QUARTZ/Q0329.DMS/c/Fresh
ec4747205cfcd02ba009bfa4ad5a93b7	0	7816	player	uade	Amos Music Bank	0	26604	bbc2a534	08852346	files/4406.DMS/DATA/DATA6
eca29267cf579df85b8de7d718844652	1	38520	player	uade	Protracker	0	31142	7c62649e	af3765c0	files/4292.DMS/MusicSets/Standard/TitleAmiga.mus
ee24ca9c50e0c3f878855ca716852129	0	15492	player	uade	Amos Music Bank	0	15056	26885a57	1159736c	!Recent!/.MiggyWeb/tbotw.lha/TBOTW_titlemusic.Abk
ef9b534ce64f5dff992154668b23dd3e	0	66150	player	uade	JamCracker	0	25964	95b20cec	5209e23d	QUARTZ/P058.DMS/Songs/DemoSong2
efd4ed5c375e4fb716236c9784ed7f69	0	71756	player	uade	FutureComposer 1.4	0	13560	40f88f9b	3289dc86	files/4274.DMS/PMPlay/Modules/Horizon.FutureComposer
f0445b6a04516474f673dfebc3868974	1	17401	player	uade	Protracker	0	23542	72e0e6fc	bfb955c7	files/4532.DMS/Booze-O-Meter/mod.kick
f04cd792127b183f48f8a07ab778df43	0	38520	player	uade	Amos Music Bank	0	30870	f1623f90	c78d7bb7	files/4510F.dms/M-MIND
f0790638874290f0502bf60e9b6889f1	1	122997	player	uade	Protracker	0	20144	218a4caf	712e7ef7	files/4368A.DMS/mod.escape
f0790638874290f0502bf60e9b6889f1	1	122997	player	uade	Protracker	0	20144	218a4caf	712e7ef7	files/4534.DMS/mod.escape
f0c275d22c0674cb721d0036f852cd05	1	51320	player	uade	OctaMED MMD0	0	11288	6342b672	f641b077	files/4316.DMS/charr1.0/VIOLENT.MED
f11c063c62df45f4fba18987722b2c84	1	207169	player+silence	uade	OctaMED MMD1	0	60120	a20ad2a7	8cd884ab	files/4371.DMS/SAUROND DEFEATED
f128b45537b12443ef8fd00b3678dd75	1	230541	player	uade	Protracker	0	38416	3dc3a50c	1b0287fa	!Applications!/Quadra_Comp.V2.03/Modules/MOD.CRASHED
f1944d8affe8a58311d703057b59bcd7	0	61830	player	uade	IFF EMOD	0	39490	c569abf2	63beffd6	!Applications!/Quadra_Comp.V2.03/Modules/SynthCorn.EMOD
f26b81b5fdd6d5f9112ec3c81ba6fd0a	0	11144	player+silence	uade	Amos Music Bank	0	18754	3be17dc6	e9086a51	files/4239.DMS/Nimble/nimblet
f26f67a89bea99076ecf8b2d47d6b8ee	0	15472	player	uade	Amos Music Bank	0	14330	8911ab91	28f10b38	files/3981.dms/BANKS/INGAME4.PARA
f28ef551f3be727eb34d6086c460bc7a	1	70530	player	uade	Protracker	0	58224	ba37fb76	8f250c79	!GroovyGames!/WITNESS/data/music
f28ef551f3be727eb34d6086c460bc7a	1	70530	player	uade	Protracker	0	58224	ba37fb76	8f250c79	files/4351.DMS/data/music
f28ef551f3be727eb34d6086c460bc7a	2	57730	player
f28ef551f3be727eb34d6086c460bc7a	3	15472	player
f3ddfe8780e5b3384cb8011e535ffaea	0	233475	player	uade	Amos Music Bank	0	48098	171e9ef1	e2de4329	!GroovyGames!/Conquest/sfx/ingame
f3ddfe8780e5b3384cb8011e535ffaea	0	233475	player	uade	Amos Music Bank	0	48098	171e9ef1	e2de4329	files/4333.DMS/sfx/ingame
f5d37434c425a16e329013ec6ba91c0a	1	220693	player+silence	uade	OctaMED MMD1	0	192220	8013f37a	3320889a	files/4555.DMS/Stuf.LHA/med.technology
f61f895387b4e0177b1818df59849b31	1	105394	player	uade	Protracker	0	87950	54535ef6	024e7b78	files/4309.DMS/M3
f67c04c5d57f9cfd4e6aa33fbdfcdd74	1	76920	player	uade	Protracker compatible	0	9108	84413094	4ca22f57	!Recent!/hammy.LZX/MUSIC.05.MOD
f69c35b94a246c57d17380981de5283b	1	83330	player	uade	Protracker	0	15202	7b9a8c9f	0051d7f9	files/4210.DMS/HeatBeat
f70efdd78ce836592083707a1bbf627a	1	77021	player	uade	OctaMED MMD1	0	51764	f2c24f68	c6f88837	files/4404.DMS/med.tower_of_techno
f76c70842be5e6b8cc601efdfa7abeaa	1	250519	player+silence	uade	Noisetracker 1.x	0	77794	e274f9e8	bf11afc6	QUARTZ/Q1053.DMS/Modules/mod.dark-water
f834a2d1b94047c1f8d4f58744860c18	1	144136	player	uade	Protracker compatible	0	68350	e7b23549	5cf6baf7	files/4193B.DMS/SAVANNAH.MOD
f8504045f1e2f9d1da945e642cfb56a5	1	197699	player+silence	uade	MED4 (4ch)	0	173448	314973aa	fe5e34fb	files/4560B.DMS/med_f.SEPULTURE
f8d520481d532f5d8505466df1b7e82f	0	107645	player	uade	Amos Music Bank	0	22850	adceea33	2149939f	files/4510D.dms/MUSIC
f90517a8057894bed97bb944c30a6826	1	235323	player	uade	MED4 (4ch)	0	131387	880dff80	ca2fb69b	files/4560B.DMS/med_e.MISANTHROPY_INC
f9349757aac53fa5d813781524c9bf6f	1	232708	player+silence	uade	MED4 (4ch)	0	197904	438bfbae	5cafa52b	files/4560A.DMS/med_c.EVISCERATER
f99f3c5345ff927ef2850102d8994a4b	1	92272	player	uade	Protracker	0	17118	0f8c9563	c7240f80	files/4451.dms/music/mods/anarmen2.mod
fa048e025f64cace92bb8dc95c8514bf	1	334047	player	uade	OctaMED MMD1	0	147392	4dbde94c	ccdf7ccb	files/4301.DMS/sfxs/med1
fa234326c3bb1cbf6901345b81764d38	1	115441	player	uade	Protracker	0	82504	c1e92edb	0efa2a98	files/3980.dms/BANKS/MOD.BOINGTITLE
fba07990b3fcc88d9b48c7d1468a41b0	0	484392	player+silence	libopenmpt	Symphonie	16	240087	ccec2eab	128f3ac6	!Applications!/Symphonie/Modules/NoWayOut.SymMOD
fba07990b3fcc88d9b48c7d1468a41b0	0	484392	player+silence	libopenmpt	Symphonie	16	240087	ccec2eab	128f3ac6	files/4483B.dms/MODS.LHA/NoWayOut.SymMOD
fbe5108f23c858628a7e3d3f2785c673	0	38520	player	uade	Amos Music Bank	0	15774	d276f1e2	da5ae8e8	files/4239.DMS/Nimble/wnt
fcaa74f8c59addfb8fb27757e79d55fc	1	210058	player+silence	uade	Protracker	0	117788	d311844c	e09f65f9	QUARTZ/Q1053.DMS/Modules/mod.whisk
fd4e6c8b6ed227a8ac2b8f2d0700d901	1	34682	player	uade	Protracker	0	17228	c609b8da	59c9338e	files/4451.dms/music/mods2/mod.phantasme-c64
fd53dcbc3fd80b0b2e26c47f7dc07685	0	152444	loop	uade	David Whittaker	0	21868	af93f099	6f72dbdd	files/4274.DMS/PMPlay/Modules/Speedball.DavidWhittaker
fd53dcbc3fd80b0b2e26c47f7dc07685	1	20447	silence
fd53dcbc3fd80b0b2e26c47f7dc07685	2	19951	silence
fd53dcbc3fd80b0b2e26c47f7dc07685	3	21846	silence
fd53dcbc3fd80b0b2e26c47f7dc07685	4	23372	silence
fd5449f10bf3ceb1cc4b5d13b1755d47	1	138369	player	uade	Protracker	0	54290	c14a90a1	4b3c9c98	files/4292.DMS/MusicSets/Standard/InGame1.mus
fe1a9dfe886aa673ccbd8eebe75a6f4f	1	42358	player	uade	Protracker	0	63682	ee6bc7ea	ace57534	files/4325.DMS/Music/InGame1.mod
fe1a9dfe886aa673ccbd8eebe75a6f4f	2	12920	player
ff927bc9d9b799f86d2cb47a26277991	1	40871	player	uade	OctaMED MMD1	0	9708	adfe8a63	d93c73a2	files/4555.DMS/mus.lha/start.mod
ffc666844c5c00c86a422e184d46cc07	0	563346	player	libopenmpt	Symphonie	16	535834	090bffdf	6835f8cb	!Applications!/Symphonie/Modules/16 Bit/NewTech.SymMOD
ffc666844c5c00c86a422e184d46cc07	0	563346	player	libopenmpt	Symphonie	16	535834	090bffdf	6835f8cb	!Applications!/Symphonie/Modules/NewTech.SymMOD
ffc666844c5c00c86a422e184d46cc07	0	563346	player	libopenmpt	Symphonie	16	535834	090bffdf	6835f8cb	files/4483B.dms/MODS.LHA/16bit/NewTech.SymMOD
ffd341ec6171ff903293c118044d0222	1	27006	player	uade	Protracker	0	9504	6992cf3b	a39152b2	files/4451.dms/music/mods2/MOD.Hallon Soda
