00188c5ecbf32a9d2d029b85a6838dc8	0	176377	player	libopenmpt	Ultimate Soundtracker 1.0-1.21	4	100012	a5daf7ea	a13d055b	SDEMOS/MODS/IDEA.MOD
02472be3b7dedd8ee3ed05b8c400442a	0	107359	player	libopenmpt	Master Soundtracker 1.0	4	113492	8f0002d6	b4545e3c	SDEMOS/MODS/HARRY.MOD
049b92211454200739a6201a84a142de	1	365333	player	uade	Protracker compatible	0	66362	f816f107	f33e404f	SDEMOS/MODS/VIVAREV.MOD
04d97822bee6d4ddda68ce99d47ed5a7	1	84616	player	uade	Protracker	0	79996	849d65bf	5fa45400	SDEMOS/MODS/BLUE_MOO.MOD
05ec0a708ad2fba43e8710d545830484	1	169093	player	uade	Soundtracker II (15 instr.)	0	115592	4097759f	0cbd6a71	SDEMOS/MODS/AXELF2.MOD
06cc173681d5a68a76e915c75da6ee21	0	207197	player+silence	uade	Soundtracker II - V or compatible	0	74688	28624073	f0ddccb0	SDEMOS/MODS/LOCOMOTN.MOD
077749b1699e0ad56830e2b43cf6be1f	1	234359	player	uade	Noisetracker 1.x	0	159444	b38eaf85	d9b8eb9e	SDEMOS/MODS/TCB.MOD
084b703a933c1fded923649eff398657	1	251920	player+silence	uade	Protracker	0	161638	a45f9b05	430adbd0	SDEMOS/MODS/TAKETIME.MOD
09d83b2407180c2c44abab767288fa21	1	107645	player	uade	Noisetracker 1.x	0	52664	b3f073c8	39485c99	SDEMOS/MODS/MUZAC.MOD
0a37c84c8f2486c867a6c87fb3883377	1	291969	player	uade	Protracker compatible	0	86260	1b420b5c	7b95e8a1	SDEMOS/MODS/CASTLE.MOD
0a37c84c8f2486c867a6c87fb3883377	2	80758	player
0b6fa782897dc23c3987b8d2e334ad62	1	26323	player	uade	Protracker compatible	0	21848	5399a1f1	7f8d0c52	SDEMOS/MODS/EXCEED.MOD
0bf9e6c5e1b4a452e5fb9846d09d1a48	1	230541	player	uade	Protracker compatible	0	149846	8a2825cd	13add0a1	SDEMOS/MODS/THUNDERF.MOD
0e46af4cf093eb3d51d908bc73c94c5a	1	245893	player	uade	Protracker	0	65940	be848a74	7f4647d6	SDEMOS/MODS/EXP.MOD
0f32d9822a36bee9bf01fe8e4caed4ee	1	111681	player+silence	uade	Protracker compatible	0	171228	8456819f	e310df0e	SDEMOS/MODS/DREAMING.MOD
10239d27865466b86b75cc9146375d3e	1	188283	player	uade	Protracker compatible	0	208298	38b36dc6	c84673f7	SDEMOS/MODS/XTASE.MOD
13a839a40f7a00512a5bd1b4e82edb7d	1	176875	player+silence	uade	Protracker compatible	0	147818	995de645	03b7a0e3	SDEMOS/MODS/RAGGTIME.MOD
14e6f149c9e1386cd4a890377c119bd0	1	146045	player	uade	Protracker compatible	0	53138	a459864d	755d57ad	SDEMOS/MODS/CHOICE.MOD
1505e92af634fe0275263128afc8bf69	1	428128	player	uade	Protracker compatible	0	175962	02afe75b	f24860d7	SDEMOS/MODS/ARMADA.MOD
1505e92af634fe0275263128afc8bf69	2	381570	player
1505e92af634fe0275263128afc8bf69	3	381570	player
1588fc8d086453ec724fa5e3822ac993	1	53189	player	uade	Protracker compatible	0	115497	b4276c9f	35f12c43	SDEMOS/MODS/RAINY.MOD
17dd120ef98678ef69051aac2020a1d9	1	203635	player	uade	Soundtracker II (31 instr.)	0	79750	1858171e	4acbf2c2	SDEMOS/MODS/APC.MOD
17dd120ef98678ef69051aac2020a1d9	1	203635	player	uade	Soundtracker II (31 instr.)	0	79750	1858171e	4acbf2c2	SDEMOS/MODS/APROACH.MOD
17f82b155eb4bfff782d4760aa545a76	1	197245	player	uade	Protracker compatible	0	27396	a74a2b38	c08c0915	SDEMOS/MODS/TUNE3.MOD
1ad6cebcd89cdd87aa7c84f65f2a2597	1	296129	player	uade	Protracker compatible	0	96956	9ae49a90	79c7f66a	SDEMOS/MODS/SLAPPYAN.MOD
1b05cfa76e1dea447d31842d51e279ce	1	121088	player	uade	Protracker compatible	0	59804	2b220e6b	80e3ea32	SDEMOS/MODS/TUNE2.MOD
1be7c2fa4576ac866a81472f710a2b55	1	169001	player+silence	uade	Protracker compatible	0	64214	862f264a	cc19fe8d	SDEMOS/MODS/CBLUES.MOD
1cda6e9f2539e3fe16a2def1d2e719ec	1	249410	player	uade	Protracker compatible	0	102288	6f931a31	c576257a	SDEMOS/MODS/IMPONERT.MOD
1d570f06fa8d925001d4b09cd646108c	1	276597	player	uade	Protracker compatible	0	110696	e710e766	fe393344	SDEMOS/MODS/ARVIDS.MOD
1f293761615de9e1cd1eb606d2adefc7	1	254132	player	uade	Noisetracker 1.x	0	93602	91c60d60	429abdc3	SDEMOS/MODS/TKG_I.MOD
201e533c96e02134f986beca6c91777c	1	143803	player+silence	uade	Protracker	0	76054	a62a8001	abc1b6e1	SDEMOS/MODS/VERTIGO.MOD
220237509cade92bdefa2fb39618cfc6	1	179043	player+silence	uade	Protracker compatible	0	137148	9b89fede	12f67d20	SDEMOS/MODS/XENOPHOB.MOD
2280caffbe36d467270b3b6aec1cb742	1	146045	player	uade	Protracker compatible	0	31084	bbe7e231	b07dd9eb	SDEMOS/MODS/TKG_C.MOD
23764ee90d0476135158a5c518f7e67f	1	242055	player	uade	Protracker compatible	0	130382	7ab534f4	45ea99ca	SDEMOS/MODS/CRMEARTH.MOD
239adb4923f5885111cb98c62cea7a4e	1	69224	player	uade	Protracker compatible	0	75688	f1083a6b	6cfa640b	SDEMOS/MODS/TRAVELLI.MOD
242b73118a8a91b743e6da533072d537	1	143199	player+silence	uade	Protracker compatible	0	80240	6111c8fb	a36344c9	SDEMOS/MODS/RAA.MOD
26b3d0a25fca5f1b6eed14ac0bf5a7bd	1	61568	player	uade	Protracker compatible	0	45430	eb2ea87d	a5419e56	SDEMOS/MODS/BALL2.MOD
2860e9b8b3d1b175ec59d1e56ba6c045	1	210205	player+silence	uade	Noisetracker 1.x	0	93588	86aef072	71de0ba2	SDEMOS/MODS/ARCANE.MOD
29e0b73eb45170e2f59f177d764972ea	1	88475	player	uade	Protracker compatible	0	97424	9e186b3b	524075e9	SDEMOS/MODS/LETSWING.MOD
2db3ce6cce4823120ce8d2de21c3ac4f	1	107645	player	uade	Protracker compatible	0	58106	93b1e6ad	0322ee6a	SDEMOS/MODS/UA1T.MOD
2e1d3780ec3fda69c247de80089c667b	1	213622	player+silence	uade	Protracker compatible	0	129218	71ef6c99	98acb586	SDEMOS/MODS/EXCTASY.MOD
2f0455119501ac0c99b79d166878bf80	1	291969	player	uade	Protracker compatible	0	142166	83d09404	e41051b7	SDEMOS/MODS/CAP_N_PO.MOD
2ff3bf89e9626cf1c37181ea2beeb0c5	0	155783	player+silence	uade	Ultimate-Soundtracker or compatible	0	83216	d4e0656b	cd549669	SDEMOS/MODS/SLL1.MOD
306728c6b59cb13004d1ebf154cbb5fb	1	225075	player	uade	Protracker compatible	0	151434	e87331c7	a42ad3b1	SDEMOS/MODS/HEAVYBAL.MOD
30a07bce70cc198904a56b77c0791be4	1	202208	player	uade	Protracker	0	60746	63f19e5c	7c8caf0c	SDEMOS/MODS/HEAVEN2.MOD
31699427a8dd9e8a55b38a0755dc2b5f	1	246717	player+silence	uade	Noisetracker 1.x	0	80792	aab849af	653b8dc8	SDEMOS/MODS/ALPHVLLE.MOD
3387e10efac7b1a368ef4f0e58606f9c	1	194291	player	uade	Soundtracker II (15 instr.)	0	91046	2b0a8b37	bd8c78d2	SDEMOS/MODS/MY_DAY.MOD
34b3029b5fad9bb4d91e84b5a3d4d609	1	121088	player	uade	Soundtracker II (31 instr.)	0	59846	b051d4ed	bd0c77e8	SDEMOS/MODS/E.MOD
34b62f7fa46f0240b617e4f2c54a35b7	1	118334	player+silence	uade	Protracker compatible	0	69322	43843a69	baf701c8	SDEMOS/MODS/NUMAN2.MOD
367666457b538959efab409d5cd837f4	1	261245	player	uade	Noisetracker 1.x	0	80006	f16db7a3	0353cd81	SDEMOS/MODS/AMEGASI.MOD
36888cc042f6459b277ea159d0820775	1	46216	player	uade	Protracker	0	25874	a14950b4	4b5d8724	SDEMOS/MODS/STAHND.MOD
38d80c03092253fa9575159a22759af7	1	184686	player	uade	Soundtracker II (31 instr.)	0	248990	d259d4ec	751a00ac	SDEMOS/MODS/TKGS.MOD
39c97ad1052c5893c82d1cfb3d6c16ed	1	76920	player	uade	Protracker compatible	0	24832	08111d05	d2093cf1	SDEMOS/MODS/COOL1.MOD
39c97ad1052c5893c82d1cfb3d6c16ed	1	76920	player	uade	Protracker compatible	0	24832	08111d05	d2093cf1	SDEMOS/MODS/LITCHINA.MOD
39c97ad1052c5893c82d1cfb3d6c16ed	1	76920	player	uade	Protracker compatible	0	24832	08111d05	d2093cf1	SDEMOS/MODS/LITTLE_C.MOD
39e6a1b18b3ba50e5ae05ff48de088cc	1	163969	player	uade	Protracker compatible	0	146166	414f8dde	5ee00338	SDEMOS/MODS/LONG_SLI.MOD
3c06780b691a344147ab8032ac6753d1	1	207493	player	uade	Protracker	0	269512	06fd7c17	8161b182	SDEMOS/MODS/CRIMEZOH.MOD
3c073e2e7135b2aef0190ac6f04e6eef	1	82044	player	uade	Protracker compatible	0	48410	c8910821	3584d5a3	SDEMOS/MODS/AUDOSKAP.MOD
3d9b98a3a32902d90ff3f220c5b10cdf	1	207493	player	uade	Soundtracker II (15 instr.)	0	73240	223da0ff	69aaaf5d	SDEMOS/MODS/VIRGIN.MOD
3e921cb0eac2cab8555b53ce9c5fb55b	1	201083	player	uade	Soundtracker II (31 instr.)	0	62390	21acc345	aac57edc	SDEMOS/MODS/FUSION.MOD
3e9823064d21892bb9a1b359480d046c	0	63377	player	uade	Ultimate-Soundtracker or compatible	0	39268	f261fb58	e0cc4682	SDEMOS/MODS/TNT2.MOD
3eee2c64a7b0a8e5532125db7f84df7f	1	315258	player	uade	Protracker compatible	0	128020	431f4d1b	c7a4ad63	SDEMOS/MODS/HALLUCIN.MOD
42437e9a303d8c541b73a3f01b937809	1	138369	player	uade	Protracker compatible	0	38384	1e8e8bc3	66ebcd40	SDEMOS/MODS/BALL_2.MOD
42b82a244100832cacda045b2668bb93	1	114034	player	uade	Protracker	0	27410	a45fda09	e73417ed	SDEMOS/MODS/YO.MOD
42c8155f4f61d7866fd826006dbbe69a	1	207493	player	uade	Protracker compatible	0	105148	bf285315	fe2d70c6	SDEMOS/MODS/LIMBO.MOD
45b51a18abc58643c8b7cb2b5ff935a3	1	261245	player	uade	Noisetracker 1.x	0	65900	1bd97a1c	7cd564aa	SDEMOS/MODS/AMEGASJ.MOD
460f34f280237ff087d0cd1fca6ebe8b	1	238197	player	uade	Protracker compatible	0	115904	5f89434e	0c33a57b	SDEMOS/MODS/NUCONTRO.MOD
48b09ba54eec5b38a3c8e6013d1a3424	1	185406	player+silence	uade	Protracker	0	102746	5147616e	dfeb8c29	SDEMOS/MODS/VIRUS.MOD
4994ebba308165428300d749aaa12a4d	1	36852	player	uade	Protracker compatible	0	41240	e2b508db	4c236859	SDEMOS/MODS/HARDDRIV.MOD
49aa26bb48671e012ec311917da283ca	1	377310	player	uade	Protracker compatible	0	194244	dcc86a77	4ede5b40	SDEMOS/MODS/DEEP.MOD
49aa26bb48671e012ec311917da283ca	1	377310	player	uade	Protracker compatible	0	194244	dcc86a77	4ede5b40	SDEMOS/MODS/DEPRESED.MOD
4c69bd28d481113ee47fcde17d414aca	1	253569	player	uade	Noisetracker 1.x	0	29132	2d0b2923	c7be136e	SDEMOS/MODS/A.MOD
4d3e1d8d501d72fa46d680531e430c9e	1	153721	player	uade	Noisetracker 1.x	0	89582	60809da4	82ebcb40	SDEMOS/MODS/16RASTER.MOD
4e9c7aa1c2228f6559bf8ce072271448	1	90283	player	uade	Protracker compatible	0	91299	1c08920a	91df5851	SDEMOS/MODS/BREATH.MOD
508ffda5ba71299221b83866a6bc36a8	1	192141	player	uade	Protracker compatible	0	78420	5aa90ec8	efcd6fec	SDEMOS/MODS/BALL_4.MOD
5103289bd98d58dafd896f0e28da0e29	1	184445	player	uade	Protracker compatible	0	147026	085f2a3d	39f0ff2a	SDEMOS/MODS/WHY.MOD
52a855790e434fb7cb81badf2b114a1c	1	53149	player	uade	Protracker compatible	0	160690	bfc30cd0	99964650	SDEMOS/MODS/CRIMBO.MOD
52d06d5bce44299005bd9f055e2a705c	1	153721	player	uade	Soundtracker II (15 instr.)	0	56184	fc0339cf	c08e9e9a	SDEMOS/MODS/ENOLAMIX.MOD
5393895cc6bef730eff6a476ee3afda6	1	174816	player+silence	uade	Protracker compatible	0	114128	d0fe6d8c	7fa7d6c5	SDEMOS/MODS/CCFACTRY.MOD
54698849416d588c312d8b1b807e5f1c	1	286608	player+silence	uade	Startrekker (4ch)	0	95328	b4bf245e	709c5657	SDEMOS/MODS/HARDROCK.MOD
5504aa02c5d301829040835aac769bd8	1	141709	player+silence	uade	Protracker compatible	0	102562	f2565385	8fc79eb2	SDEMOS/MODS/AIRWOLF.MOD
553c2819d3df222e24bde7f936b3fdb6	1	631993	player+silence	uade	Noisetracker 1.x	0	116076	0e82706a	61967f76	SDEMOS/MODS/AXEL-F.MOD
5555eecc5ff5ddbfaaf2545390143e96	1	134812	player	uade	Protracker compatible	0	65464	80da390e	e515e897	SDEMOS/MODS/HURRICAN.MOD
55e2de544796b08cc356f41f5891cdc6	1	207493	player	uade	Protracker compatible	0	133732	d1404cce	bdd1e399	SDEMOS/MODS/XIPHOS.MOD
5a8a46ad509629ad2cbacc1b4f5e8dbc	1	209402	player	uade	Protracker	0	85848	0b98e4a0	40cf8206	SDEMOS/MODS/AUDIOVIS.MOD
5b0ecad3884d4df1fd016574541cf2ff	1	99968	player	uade	Noisetracker 1.x	0	73920	361c09c5	8e843b8f	SDEMOS/MODS/CHINDUDE.MOD
5de6469eed137ecb0f5bd09d78f05866	1	242055	player	uade	Protracker compatible	0	123210	56175a83	01cb0949	SDEMOS/MODS/CREAM.MOD
5eb312f328a24292576af2729af72c5d	1	363987	player	uade	Protracker compatible	0	214418	dfb0fc45	c1ba7c8b	SDEMOS/MODS/ELETRIK.MOD
5f61896ffefdb448a19451ded8e89976	1	138369	player	uade	Protracker	0	62742	45ff1efe	ddfbd2c9	SDEMOS/MODS/DUMBUM.MOD
5f80ef5f37fd0598d15628291bc2a772	0	194318	player+silence	uade	Ultimate-Soundtracker or compatible	0	50440	ef57e271	37264520	SDEMOS/MODS/VORTEX.MOD
60f49fbe4275367a82d5dbb26fcf9bf4	1	184445	player	uade	Protracker compatible	0	162158	48c4223f	b3dc8f36	SDEMOS/MODS/BREEDERR.MOD
62e5889862b4060a2e1f5f91639cf6a0	1	152429	player+volume	uade	Protracker compatible	0	144204	8c2227a7	1bedd91f	SDEMOS/MODS/ASPHYXD.MOD
642e939c381286d85f9c15f5d2f1cca5	1	255498	player	uade	Protracker compatible	0	84090	7fda0b6f	16c8ddf3	SDEMOS/MODS/STOR.MOD
647fd41fe9707b109b309196ca23d816	1	195959	player	uade	Protracker compatible	0	86564	bbe0fb64	660057fc	SDEMOS/MODS/FUNKNJAM.MOD
648a982963f2f1b413904d7916f2a339	1	341903	player	uade	Protracker compatible	0	113664	25c250e9	3d2ffb40	SDEMOS/MODS/SPIRIT.MOD
659e66da9f71b006617eef1fa72363b0	1	215149	player	uade	Protracker	0	74994	74f8964c	9729cf70	SDEMOS/MODS/SEEKERZ.MOD
663e27704b2fd58f7029c80becb97245	1	299645	player	uade	Protracker compatible	0	96220	c58eaf59	6a3bae7d	SDEMOS/MODS/A2.MOD
66cfbe0f84e84f9f89e59cc1c1d74e9b	0	53679	player	libopenmpt	Ultimate Soundtracker 1.0-1.21	4	29072	2a213f98	7ac8689c	SDEMOS/MODS/QUIET.MOD
6771fa1396f838b8fdd54e0973160c0a	1	130693	player	uade	Noisetracker 1.x	0	53248	21d535e9	1a0ced76	SDEMOS/MODS/ALWAYSON.MOD
69882c2bc56e2077ea12b5aea15c1b98	1	65406	player	uade	Soundtracker II (15 instr.)	0	189920	49b30dde	5476e823	SDEMOS/MODS/CRYBAB.MOD
69a8baf3de110345448f746f5b19c45a	1	165054	player	uade	Protracker	0	118748	175cf55b	e9e2384a	SDEMOS/MODS/FUNERAL.MOD
6a1a116b1e38f75e4a69028ab8dd9f65	1	335051	player	uade	Protracker compatible	0	95528	428e8721	74aa504b	SDEMOS/MODS/TOCCATA.MOD
6ad8ec26f9b8cb9904495c6fdf3c603c	1	199797	player	uade	Soundtracker II (31 instr.)	0	68400	dad3d1ef	85b0c71c	SDEMOS/MODS/STARWARS.MOD
6b1a2d6a44685889fb8cc4838173bb60	1	105836	player	uade	Protracker compatible	0	47344	9c78f662	62e5d62e	SDEMOS/MODS/WHATSUP.MOD
6ba389896eaf6609b7653db2342ff4d1	1	210068	player+silence	uade	Protracker	0	118812	a220b31b	20bea59d	SDEMOS/MODS/WHI.MOD
6bba241300965536305e2d175d97892b	1	122494	player	uade	Protracker compatible	0	66942	879e54c5	c828442c	SDEMOS/MODS/BALL_3.MOD
6bba241300965536305e2d175d97892b	1	122494	player	uade	Protracker compatible	0	66942	879e54c5	c828442c	SDEMOS/MODS/BALL4.MOD
6daaf200d0cbe079d30f480b96b27201	0	71314	player	uade	Ultimate-Soundtracker or compatible	0	58510	c0872cc6	efc91573	SDEMOS/MODS/TECH31.MOD
6dc4a09c191cd7d4ef9721b03f46ab3a	1	177964	player+silence	uade	Startrekker (4ch)	0	260414	679c717a	9ec6a0ad	SDEMOS/MODS/DEE-LITE.MOD
6e0e43f26c43957798c135d992e216c0	1	379657	player+silence	uade	Soundtracker II (15 instr.)	0	119668	3de3cd7d	071a8c7d	SDEMOS/MODS/HUMANOID.MOD
6f6023a8433b9d4e4b9df45443101642	1	138369	player	uade	Protracker compatible	0	90642	683264b5	a0b934c7	SDEMOS/MODS/STEAM.MOD
6fb6acd7df4f0717c92e9d168535c0e8	1	354826	player+silence	uade	Protracker compatible	0	184430	51b9135b	5db4800c	SDEMOS/MODS/LIV.MOD
6fb6acd7df4f0717c92e9d168535c0e8	1	354826	player+silence	uade	Protracker compatible	0	184430	51b9135b	5db4800c	SDEMOS/MODS/LIVE_JAM.MOD
70497a4f7487a919efd1f13dc3493f66	1	155569	player	uade	Protracker compatible	0	43004	4a57aef7	a87ae934	SDEMOS/MODS/OBLIVION.MOD
71c6bde921139e506a5c4f686d38b715	1	99968	player	uade	Soundtracker II (31 instr.)	0	86672	3e374fd3	3ce3c166	SDEMOS/MODS/EQUINOXE.MOD
73528d581fa795bc3d3a53c070917ad3	1	169093	player	uade	Protracker compatible	0	67200	440223e6	31ed9038	SDEMOS/MODS/NURD.MOD
74158d467ba8804c13f04d42a41362d7	0	138034	player	libopenmpt	Ultimate Soundtracker 1.0-1.21	4	58568	31fbbccd	150171d2	SDEMOS/MODS/ULD.MOD
745096c76c06628257be18482f15989f	1	212874	player+silence	uade	Noisetracker 1.x	0	52096	17ec16f9	a16d9459	SDEMOS/MODS/MUZAK.MOD
74788e1680ab83abd304f65c97c26838	1	138369	player	uade	Protracker compatible	0	126436	ba39f9df	0e96894e	SDEMOS/MODS/ART.MOD
752af1d32c66f4d0a9f8e42818ccdbba	1	158211	player+volume	uade	Soundtracker II (15 instr.)	0	121904	847606e3	c9867e26	SDEMOS/MODS/CHOPPER.MOD
76312a3afde7bfac65a042f61643f467	1	147331	player	uade	Protracker compatible	0	50036	1ee6baed	8e7ef817	SDEMOS/MODS/FUNTUNE.MOD
767e0669a1cbea0761821502d85b5b7e	0	95065	player	uade	Ultimate-Soundtracker or compatible	0	59392	d0a0ac3b	1738ddcf	SDEMOS/MODS/DELTA.MOD
769211422fa798f706770d32437b9608	1	414866	player	uade	Noisetracker 1.x	0	214704	9a468fed	ffca1006	SDEMOS/MODS/RAINYNT.MOD
7a699080f9d56f2e22f4a4e856674086	1	153721	player	uade	Soundtracker II (31 instr.)	0	97552	59c848f3	9a28b669	SDEMOS/MODS/KAWAIK1.MOD
7c0a69e2db49b0a23379b7131a16663e	1	245893	player	uade	Noisetracker 1.x	0	79430	84d1434c	c1b89635	SDEMOS/MODS/CRYSTALH.MOD
7cb8859c8d9248862400001962a13af9	1	89278	player	uade	Protracker compatible	0	102626	bce3f091	7f63802a	SDEMOS/MODS/HDTITLE.MOD
7cfe709f2b494bd44a69921a924933a9	1	326531	player	uade	Protracker compatible	0	165818	c17f8f63	c8b5ac9f	SDEMOS/MODS/CRAZYTRN.MOD
7ddb0f6b738f354e1dadd38059cc933b	1	204941	player	uade	Soundtracker II (15 instr.)	0	77576	975d3045	e292a248	SDEMOS/MODS/CROCKETS.MOD
7e10ff32119a8527c08f21bb76798814	1	153721	player	uade	Soundtracker II (31 instr.)	0	88876	4a91db1c	018da26a	SDEMOS/MODS/KAWAI.MOD
7e1615bb17b463b18cd6dfa162ae2906	1	161397	player	uade	Protracker compatible	0	204488	55dd8772	a95ba014	SDEMOS/MODS/DEFEAT.MOD
7e20f81482e173c37332276ade6597a7	1	307321	player	uade	Protracker compatible	0	135656	d4a595e4	9f59cfc4	SDEMOS/MODS/KEFRENS1.MOD
7f981818fb8131368fa765f49a7e307b	1	179321	player	uade	Protracker	0	76870	2ec6a749	a0b3bfdf	SDEMOS/MODS/INCONTS1.MOD
8104fc1baeb03fe18f29b90327a7e5b9	1	335051	player	uade	Soundtracker II (31 instr.)	0	95528	8f198fa6	42596d68	SDEMOS/MODS/HUNTER.MOD
822945524578ff74bc948744e70ab23d	1	237554	player	uade	Protracker compatible	0	146554	14b7bd35	f75490dd	SDEMOS/MODS/TUNAFISH.MOD
8293aca24f01d76c9c9974e9542e08c9	1	264213	player+silence	uade	Soundtracker II (15 instr.)	0	112192	ddba383d	0ce21ba8	SDEMOS/MODS/WOWST.MOD
84347849484d2e54715219faee9017c2	1	153721	player	uade	Soundtracker II (15 instr.)	0	84974	c5f8e3a6	68a61480	SDEMOS/MODS/SPREAD.MOD
8800b62f75efc4447750552eaa0ea300	1	51320	player	uade	Protracker compatible	0	12276	83566e64	cca6adfd	SDEMOS/MODS/VIOLENT.MOD
883a13eb560cd233a65f9cbcd1a5feef	1	161397	player	uade	Protracker	0	75158	01373669	dd928342	SDEMOS/MODS/SHADOWS.MOD
893fc5a6b710cfc41877fd09c08d3f25	1	138369	player	uade	Protracker compatible	0	75766	c1c2ca6f	f52079f2	SDEMOS/MODS/E1.MOD
893fc5a6b710cfc41877fd09c08d3f25	2	61568	player
893fc5a6b710cfc41877fd09c08d3f25	3	38520	player
89819272a8c487b3a253cd1683476f1f	1	84616	player	uade	Noisetracker 1.x	0	133456	8b2e26b9	dab40305	SDEMOS/MODS/SPIKEMIX.MOD
8a5a27c49eba9a4039c0e8927064eaae	1	143493	player	uade	Protracker compatible	0	92480	c3b70695	626f4fe1	SDEMOS/MODS/SHADOWFI.MOD
8a75bbfbc9416e71f7083fa243c1ec13	1	38520	player	uade	Soundtracker II (15 instr.)	0	20596	5ed05c14	eaf60c8e	SDEMOS/MODS/DRUM02.MOD
8a76d8f0e2f3027762d95bbe77e0ee08	1	171002	player	uade	Protracker compatible	0	44540	a5b6d1e3	e4617154	SDEMOS/MODS/LETS_GO!.MOD
8ad29522efeac6526f93a809456733b5	1	242055	player	uade	Protracker compatible	0	106026	e4ee9063	456aae5c	SDEMOS/MODS/CHICAGO_.MOD
8ad29522efeac6526f93a809456733b5	1	242055	player	uade	Protracker compatible	0	106026	e4ee9063	456aae5c	SDEMOS/MODS/CHICAGO.MOD
8b00260a2f82aef89efc89b5f2db5086	1	307321	player	uade	Soundtracker II (15 instr.)	0	68080	8fcdc9a3	88bff995	SDEMOS/MODS/TJ.MOD
8eaf470a40705d7048a5754d1a3699a5	1	237333	player	uade	Protracker	0	265170	c8b97658	f85be79e	SDEMOS/MODS/WRLD_WAR.MOD
902bd29ac8e50b73c695d3f77b9c97db	0	47522	player	uade	Ultimate-Soundtracker or compatible	0	28472	e7319947	20a6ba83	SDEMOS/MODS/DRUM03.MOD
92d5b08730fb6add100d8c36caccb230	0	47522	player	uade	Ultimate-Soundtracker or compatible	0	33896	625bf4e5	f66a46f3	SDEMOS/MODS/ENDTHEME.MOD
92d96ae7d9e47189e9758e4eda602a78	1	153511	player+silence	uade	Soundtracker II (31 instr.)	0	91666	7d577e24	16220595	SDEMOS/MODS/CIRCUS.MOD
937fda46d8ceb09f69e81ee3883d027d	1	149883	player	uade	Protracker compatible	0	76568	25a78951	431504f3	SDEMOS/MODS/TECHNO.MOD
94ea09e4ceb3008d407d14023ed1b9e9	1	99968	player	uade	Protracker compatible	0	50944	16765c1a	651ebc43	SDEMOS/MODS/YUMMBALL.MOD
95c0c3b1716d3a2e3dd1b7043cf2cbdd	1	289067	player+silence	uade	Soundtracker II (15 instr.)	0	88204	f23a8b12	9aa43b06	SDEMOS/MODS/CLOCKWOR.MOD
9602f78648360e4498721e123064f2a1	1	115321	player	uade	Soundtracker II (15 instr.)	0	53792	b63cbeb7	75c710f0	SDEMOS/MODS/TUERKES.MOD
9611407db37a9608387b5150217add1c	1	84616	player	uade	Soundtracker II (15 instr.)	0	39470	ce89e4f3	c75d0460	SDEMOS/MODS/TUB.MOD
99ae5bc835e39e36609fcd8b4d987808	1	206207	player	uade	Soundtracker II (15 instr.)	0	63336	69df85c1	cf70ccd8	SDEMOS/MODS/LNINJA2.MOD
9a88d58be4273cee82a57215009b75a5	1	107645	player	uade	Protracker	0	281230	79c8de9e	503fbf30	SDEMOS/MODS/U4IA.MOD
9b7e50f6245078d9d52d3f1b823d5635	1	226557	player+silence	uade	Soundtracker II (31 instr.)	0	109710	831c63b0	76a76658	SDEMOS/MODS/DEEPRED.MOD
9e6418146a766e63779ee06469767191	1	15472	player	uade	Protracker compatible	0	73012	6a4677f5	c958373d	SDEMOS/MODS/CHASEHQ.MOD
9e6418146a766e63779ee06469767191	2	7678	player+silence
9e6418146a766e63779ee06469767191	3	20596	player
9e6418146a766e63779ee06469767191	4	55178	player
9e6418146a766e63779ee06469767191	5	28915	player
9e6418146a766e63779ee06469767191	6	56424	player
9e6418146a766e63779ee06469767191	7	41715	player
9ea6ad97da7c4dc37e6e8fecf304cdb8	1	150787	player+silence	uade	Protracker compatible	0	122104	b7468a6b	54681f80	SDEMOS/MODS/NAMEWASB.MOD
9f136d042b5c88d6a5c9ee66b42f26c2	1	81723	player	uade	Soundtracker II (15 instr.)	0	55450	bc510fae	6f3738df	SDEMOS/MODS/AIRBOR.MOD
9f136d042b5c88d6a5c9ee66b42f26c2	1	81723	player	uade	Soundtracker II (15 instr.)	0	55450	bc510fae	6f3738df	SDEMOS/MODS/AIRBORNE.MOD
a02f4a0b62de3691461464229be0189b	1	143493	player	uade	Soundtracker II (15 instr.)	0	59844	87040e43	94d5df3f	SDEMOS/MODS/WOTROCK.MOD
a2de123ed7c80bb9eb12dbfc0a492813	1	245893	player	uade	Soundtracker II (15 instr.)	0	68940	d90a3758	e7200592	SDEMOS/MODS/CRYSTAL.MOD
a3af5c3e1af269e32dfb6677c41c8453	1	238197	player	uade	Protracker	0	62811	6d3c1261	36faa434	SDEMOS/MODS/IDNTMIND.MOD
a6ba0bf18c1be5d760ea38e41b53647a	1	94222	player	uade	Protracker compatible	0	86876	921bb667	31cedb05	SDEMOS/MODS/DTDMSOUN.MOD
a80d2c4022a79ea5bea839a406f21e8c	1	205564	player	uade	Protracker compatible	0	92246	5b80665c	eafb78d7	SDEMOS/MODS/COUSTEAU.MOD
a90d8311e00dccabb548f0fe25efa1f5	1	46216	player	uade	Protracker compatible	0	27924	148b0326	a1d5c057	SDEMOS/MODS/LOONCRED.MOD
a99ae5983ab2005b4bd2380989a9e68e	1	192141	player	uade	Protracker compatible	0	155014	93c65c8f	ae2c8313	SDEMOS/MODS/BLUEPRNT.MOD
ab106ffcb61759b8c239eec66aba1262	1	75011	player	uade	Protracker compatible	0	51326	fe4bf09b	5d166814	SDEMOS/MODS/BREAKF.MOD
ab9c37ee8cb51d4a1e4c9c1c9abd0640	1	146045	player	uade	Noisetracker 1.x	0	55862	5aed8ccc	71e26dd3	SDEMOS/MODS/TENNIS.MOD
ac31307eb1b4427be4b2e7a5c2f087ec	0	375759	player	libopenmpt	Defjam Soundtracker III / Alpha Flight SoundTracker IV / D.O.C. SoundTracker IV / VI	4	102400	3c070c1a	92c405cc	SDEMOS/MODS/ERASURE.MOD
b00cc6a47aa0163624c64da44538ba0b	1	172931	player	uade	Protracker compatible	0	143674	0992273f	9af6f094	SDEMOS/MODS/BPOPPED.MOD
b1ca1cc4c0fca80b50155be8e2afb3dd	1	134531	player	uade	Soundtracker II (15 instr.)	0	56364	a1b003f4	55aa4d38	SDEMOS/MODS/ACESHIGH.MOD
b4a0903b84d18aaa7770b4644de4be4b	1	169093	player	uade	Protracker compatible	0	30454	d2d1cd5d	2ae4e30c	SDEMOS/MODS/LITTLE.MOD
b690e56b3a64080c5eb219007e4ef492	1	115321	player	uade	Protracker compatible	0	34422	78b2b8b3	ee96d259	SDEMOS/MODS/MUZ.MOD
b6d0aabbc4eeac27631dfbe2606a408f	1	146045	player	uade	Soundtracker II (15 instr.)	0	84202	c24b0204	aa4dc827	SDEMOS/MODS/AWESOME5.MOD
bacfbce1fcb124502685ad332325f339	1	99325	player	uade	Protracker compatible	0	131368	86ce1866	f2cbb3bc	SDEMOS/MODS/BREEZE.MOD
bb420a26bd81fc37a6300edc2bb71266	1	211745	player+silence	uade	Soundtracker II (31 instr.)	0	116740	03927018	ecca0203	SDEMOS/MODS/LIVINSIN.MOD
bb48aa3a0d1c1ffd1a09c5803eb0afd9	1	161397	player	uade	Soundtracker II (15 instr.)	0	127022	01fcc8f5	9b54ea90	SDEMOS/MODS/BANANAS.MOD
bc52903bc143a222a150b0973c8d9fc3	1	153196	player+silence	uade	Soundtracker II (15 instr.)	0	155090	4c35d741	ab76281f	SDEMOS/MODS/TIEDUP.MOD
bcdfe7263f4c28aeb4b19a3e7f05feb0	1	185992	player	uade	Protracker compatible	0	107992	3fa04c44	b246b132	SDEMOS/MODS/FUNKEY.MOD
beb11afa4389bd0fd65e53a70e2890af	1	632023	player+silence	uade	Soundtracker II (15 instr.)	0	113192	ae896bee	9196c4f3	SDEMOS/MODS/AXELF.MOD
bf67673b0323974bd4f638073b77ce52	1	112126	player	uade	Protracker compatible	0	194002	bd7e317e	18b34c03	SDEMOS/MODS/AHROBYN.MOD
c2cf94f841863dc16ce10f3fabf7c91b	1	255317	player	uade	Noisetracker 1.x	0	143030	767d7518	731ac76d	SDEMOS/MODS/12WAR.MOD
c3290b74673ca0f57c1a72a7c5a46b54	1	73082	player	uade	Noisetracker 1.x	0	55800	83c2048d	1d723b98	SDEMOS/MODS/PLINKER1.MOD
c5daa9188a028379e260a63b4e3787dd	1	237409	player+silence	uade	Protracker compatible	0	181100	fad5097d	9c199175	SDEMOS/MODS/CHILDREN.MOD
c674c20ba33b6c5ff3bfadffac50ddad	1	533563	player	uade	Protracker compatible	0	193542	510270c1	4c1faadb	SDEMOS/MODS/CREATION.MOD
c6cb0970d3d4d7c0cd78ba9295174fa0	1	135797	player	uade	Protracker	0	45440	ebfc6789	9e22d2f5	SDEMOS/MODS/ENTRTAIN.MOD
c6edc7d85d603fb498696084b8851a18	1	161397	player	uade	Protracker compatible	0	55552	be5cb236	e3279a72	SDEMOS/MODS/BALL_MAI.MOD
c6edc7d85d603fb498696084b8851a18	1	161397	player	uade	Protracker compatible	0	55552	be5cb236	e3279a72	SDEMOS/MODS/BALLMAIN.MOD
c70667f8e5384de49c74bb26c82dcc81	1	207493	player	uade	Protracker compatible	0	130378	68e9200f	910e27e9	SDEMOS/MODS/CREAMERT.MOD
cae4b4e114e679cb2b368ba469299a12	1	197245	player	uade	Soundtracker II (31 instr.)	0	79866	4f864806	50acd21f	SDEMOS/MODS/STARDUST.MOD
cb46fa5f002614be5373a292b62f030d	1	84616	player	uade	Protracker compatible	0	26828	8c10e029	ba718e98	SDEMOS/MODS/HELLO.MOD
cf4cd640e9f83655396ebd3062ad7d10	1	181506	player+silence	uade	Startrekker (4ch)	0	272694	9a69be15	3e2de43c	SDEMOS/MODS/STARTREK.MOD
cf8fa3cebd73a267a84cb07367b7a826	1	122997	player	uade	Protracker compatible	0	78808	3734bcc6	24c76e47	SDEMOS/MODS/THRASHTR.MOD
d1fc7f56d6cb41f6344a50a663c5c296	1	76920	player	uade	Protracker compatible	0	46318	e321de8e	4eb93f58	SDEMOS/MODS/BOURBON2.MOD
d21d1ddc9943de73412c8c00fe2b60f6	1	276436	player+silence	uade	Protracker compatible	0	232298	3702d5f1	a581ef3e	SDEMOS/MODS/OCC_SAN_.MOD
d2404f6b7b2fe8611ebb112fdc668e99	1	199797	player	uade	Soundtracker II (31 instr.)	0	307562	ed0ae9f5	02dc547d	SDEMOS/MODS/MYWY2HLL.MOD
d2506a1f55f6cd0cf1367606f44d7fec	1	448142	player	uade	Protracker compatible	0	51196	2300dae7	d9658592	SDEMOS/MODS/VERTMAD.MOD
d2d55958aa45a1288d5679a3dd987fe8	1	184445	player	uade	Soundtracker II (31 instr.)	0	117050	529abb25	b54bf82d	SDEMOS/MODS/EPI.MOD
d3fe4866b80b2bcb233f58fdf981c3d1	1	92272	player	uade	Soundtracker II (31 instr.)	0	61880	fb1ebb36	03e8ccf7	SDEMOS/MODS/DELTA2.MOD
d662d20d587b2d591e92a1dc18b6785e	0	245394	player	libopenmpt	Defjam Soundtracker III / Alpha Flight SoundTracker IV / D.O.C. SoundTracker IV / VI	4	68736	b095c85b	c39767de	SDEMOS/MODS/I.MOD
d9092dbde1eceb1b8565728d9839b888	1	230541	player	uade	Protracker compatible	0	66236	4e9aa100	724c0fa1	SDEMOS/MODS/DEARROB.MOD
da5ed7b6126483363b7467dc21087348	1	215149	player	uade	Protracker compatible	0	71526	9a662c68	a2d448f5	SDEMOS/MODS/VOYAGER.MOD
db2bcca4bd115c65045131a566096b59	1	98682	player	uade	Protracker compatible	0	61956	f75c2386	43d74438	SDEMOS/MODS/TUNE1.MOD
db5fe470056ee366a5a0137f88b3ca64	1	161397	player	uade	Noisetracker 1.x	0	96520	63d804f6	0704dfc8	SDEMOS/MODS/DEFENDER.MOD
dbed93d88a325377e6a42332adc2168b	1	112769	player	uade	Soundtracker II (15 instr.)	0	25374	23ff64a7	37ff0114	SDEMOS/MODS/AWESOME4.MOD
dd52c8e02ab6e9e289056ad2286dd358	1	112769	player	uade	Soundtracker II (15 instr.)	0	73722	ee8b06ad	4183f0a8	SDEMOS/MODS/DELTA1.MOD
dd99c576249dcb862de88cd8b6d21f40	1	241527	player+silence	uade	Protracker compatible	0	205088	1e86cad6	fb15aba9	SDEMOS/MODS/2ACID.MOD
ddc05906adb5c96468fffb0e3934c9f9	1	176875	player+silence	uade	Protracker compatible	0	147818	75f55d0e	5178ab4c	SDEMOS/MODS/RAG.MOD
df2388a7aa2d1e1f36792d57aa259611	1	61568	player	uade	Soundtracker II (15 instr.)	0	53520	023eb53b	089d09e5	SDEMOS/MODS/HYMN.MOD
e022de63e5b565d2f6da0021c7ec93cc	1	7796	player	uade	Protracker compatible	0	42870	5a880205	fc301e93	SDEMOS/MODS/WINGS.MOD
e24306aca2567206a848a6c45b65efe9	1	138369	player	uade	Soundtracker II (15 instr.)	0	67286	a29ca8d5	3b244043	SDEMOS/MODS/DEATHST.MOD
e29ae5ec60f271e1f9ee1bb1309fb6b3	1	258693	player	uade	Protracker compatible	0	119184	08e71a55	7492b8de	SDEMOS/MODS/COOLJ.MOD
e2b82a4641a104e42158ea4ce734a20c	0	158483	player	uade	Ultimate-Soundtracker or compatible	0	67236	fbd5b3a6	aa6fa18c	SDEMOS/MODS/AFL.MOD
e2f9602751b6528c8fe34c1162dbb605	1	51320	player	uade	Protracker compatible	0	20900	46bdbd24	11177121	SDEMOS/MODS/ANIMATE.MOD
e2f9602751b6528c8fe34c1162dbb605	1	51320	player	uade	Protracker compatible	0	20900	46bdbd24	11177121	SDEMOS/MODS/FRONT.MOD
e3f64b92f67b197a8398d187219d62bb	1	99968	player	uade	Soundtracker II (31 instr.)	0	52028	b0db5d62	0ed7f622	SDEMOS/MODS/ZETA.MOD
e4407944252bec291b474854cd320980	1	355924	player+silence	uade	Protracker compatible	0	252282	be6533ee	94ddbf66	SDEMOS/MODS/LIGHT2.MOD
e4fd94366dc7e587e2a619432d056290	0	188893	player+silence	libopenmpt	Ultimate Soundtracker 1.0-1.21	4	76916	2a1ba904	b424f969	SDEMOS/MODS/SLL2.MOD
e5e14b05c6d3fc2bc551304c29270377	1	55962	player	uade	Noisetracker 1.x	0	51712	434172f7	c7ab4388	SDEMOS/MODS/AIRWOLF2.MOD
e6b08eaf1113c927f629048bfdbf6150	1	80135	player	uade	Protracker	0	104814	210b7619	19098dbe	SDEMOS/MODS/TEDDYB.MOD
e6f1aa6a455a68f04e756d2a0217b4c3	1	253569	player	uade	Protracker compatible	0	178776	f1bfd40a	7dae9379	SDEMOS/MODS/1989ANUM.MOD
e796e728efc845efbcce09c404d9d826	1	30824	player	uade	Protracker compatible	0	24576	ede897f2	8f93c0d3	SDEMOS/MODS/PLINK.MOD
e9cc6b9edd24ee91505d57e41c1173de	1	46216	player	uade	Soundtracker II (15 instr.)	0	55072	646f965f	45d0b01c	SDEMOS/MODS/KCTHREE.MOD
eadfc2d2bf44d08d559dfaaec2756560	1	142187	player	uade	Noisetracker 1.x	0	65352	e54215ea	0e530d54	SDEMOS/MODS/CFRMUS4.MOD
eb5f36b4f10aa1f91a2e657a3f8875f7	1	276116	silence	uade	Protracker compatible	0	176900	c8a8edde	fc16d531	SDEMOS/MODS/DEMOCOMP.MOD
ec2e9f793c332c8b80eb934c72f3dcc5	0	260731	player	libopenmpt	Defjam Soundtracker III / Alpha Flight SoundTracker IV / D.O.C. SoundTracker IV / VI	4	68464	5035621c	fcbdf5e4	SDEMOS/MODS/AMEGAS.MOD
eccd9a206093eaad0926edc15662107b	1	174840	player	uade	Protracker compatible	0	213608	6e060582	34cda699	SDEMOS/MODS/COOKIT.MOD
ee13b01c585006f4b629c66a50454c16	1	183159	player	uade	Protracker compatible	0	96890	cdab3a3b	81630076	SDEMOS/MODS/ACTIONS.MOD
ee4b651691839c6e0b459f0c9a873301	1	199023	player+silence	uade	Protracker	0	79948	c3e4f06c	66faaca2	SDEMOS/MODS/ACOUSTIC.MOD
eec0680cc6e07d0a5979da8449edcbb4	1	141162	player	uade	Protracker compatible	0	65112	da61a95c	66013d13	SDEMOS/MODS/AWESOME3.MOD
eee2959666e68ddf0b05d6aaa0071d9d	1	238197	player	uade	Protracker compatible	0	109540	6d16cff7	e53218aa	SDEMOS/MODS/ADORE-EM.MOD
eeede2d0fd87799f3d2cea6d22211536	1	115321	player	uade	Noisetracker 1.x	0	97174	4a153251	c81a84aa	SDEMOS/MODS/HUCKLE.MOD
f04e19322d8136d95857a95e4b21c1b3	1	236996	player+silence	uade	Noisetracker 1.x	0	86016	b08fe2c7	38722155	SDEMOS/MODS/TRILOGY.MOD
f1ca1f109aab952e38530e3350c3149d	1	44910	player	uade	Soundtracker II (31 instr.)	0	60672	1841cf24	0deb9589	SDEMOS/MODS/WIZARD2.MOD
f598613a30b0f5164ca62a495e4a3e43	1	319403	player+volume	uade	Protracker compatible	0	211370	6649c5bf	de1e82b2	SDEMOS/MODS/WILDWEST.MOD
f6c98e19feca29b47df3ea1859b5d4c6	1	66672	player	uade	Protracker	0	25472	f3d91cc4	eb77efe6	SDEMOS/MODS/AQUA.MOD
f7a22a52fe29fcc3d8cd5c55137043a7	1	238197	player	uade	Protracker compatible	0	56644	8e11d35b	56f8b49d	SDEMOS/MODS/BLUE_MON.MOD
f7a22a52fe29fcc3d8cd5c55137043a7	1	238197	player	uade	Protracker compatible	0	56644	8e11d35b	56f8b49d	SDEMOS/MODS/BLUMNDAY.MOD
fa8b1ef0bbe9eb892921f63441e1efd0	1	46216	player	uade	Noisetracker 1.x	0	35826	a3bbe6de	b215e1ab	SDEMOS/MODS/OCEAN.MOD
fb120b4560c784efea1494804267ffa0	1	61568	player	uade	Soundtracker II (31 instr.)	0	40146	989ee005	388ea431	SDEMOS/MODS/KEEPGOIN.MOD
fc013e124ea6458176235f779d3585b8	1	172931	player	uade	Noisetracker 1.x	0	90020	406e9d73	ba111b42	SDEMOS/MODS/LOS.MOD
ff2be2493f82149b4cabc2d7730934ec	1	169093	player	uade	Protracker	0	140514	72064cfa	42a8b3d4	SDEMOS/MODS/WAIT4U.MOD
ff6f08bc19d6886590d4a41fb9a643d2	1	128121	player	uade	Protracker compatible	0	123742	be9524ae	69a8bfe4	SDEMOS/MODS/FREEZING.MOD
