000bad2b55f71645eb3af600882d4c29	1	133679	player+silence	uade	Protracker	0	312242	3dee7234	c75a1b2b	Amiga-Aktuell/Music/Moduls/Protracker/mod.Bommerlunder
002052e2c7487b2979f9c653a443ed76	1	156421	player+silence	ft2play	Fasttracker (M.K.)	4	280084	bafd0e1a	200d6427	Amiga-Aktuell/Music/Moduls/Protracker/SATURDAY.MOD
0057f3042a8bf11b2abae8ec42bba98d	1	208618	player	uade	Protracker	0	70012	d08dade3	d13148d3	Amiga-Aktuell/Music/Moduls/Protracker/Mod.1Pattern
00fbd5595df31d72ff11803fc2f941e1	1	235764	player+silence	uade	OctaMED MMD0	0	141634	7065b025	f6c71f43	Amiga-Aktuell/Music/Moduls/Med Module/On_To_Victory
01ba150ded041bd704dce97020dc40af	1	301956	player	uade	Protracker	0	119332	0d6fb7da	75cc8827	Amiga-Aktuell/Music/Moduls/Protracker/mod.illness
01dc9277c2e12d65d80f2e2224b7b8ce	1	237554	player	uade	Protracker	0	229208	2d56e83f	1b408c52	Amiga-Aktuell/Music/Moduls/Protracker/mod.hope never dies
02e3789ce9e351731f8452c7b72184d1	1	153942	player	uade	Protracker	0	326466	0bf1b964	b15c0555	Amiga-Aktuell/Music/Moduls/Protracker/mod.frequency
033102f14e058a20201c3fdb5798ab8e	1	319860	player	uade	OctaMED MMD0	0	89410	744d0fbd	cdfeb5b3	Amiga-Aktuell/Music/Moduls/Med Module/These Desires
038e652884820979ceb93f44e112a916	1	191458	player	uade	Protracker	0	286378	4fb63a1e	437445cc	Amiga-Aktuell/Music/Moduls/Protracker/mod.lazerguidedmelody
0458cf771d02e6102660b556a89dfdc9	1	158463	player	uade	OctaMED MMD1	0	255252	5af172da	b736aef4	Amiga-Aktuell/Music/Moduls/Med Module/CommPhreak
055f46c6ed93f93d8df3f64769097f0d	1	195762	player+silence	uade	Protracker	0	130066	b3fa1fbd	4c64c71a	Amiga-Aktuell/Music/Moduls/Protracker/invaders
05d35fcd6a3c2297854b7dc85334d88e	1	204278	player	uade	Protracker	0	213220	f24d16dd	16fb6649	Amiga-Aktuell/Music/Moduls/Protracker/MOD.BRAINDEAD_RMX
061afb7697cc543bddd908d5e7a8ef0c	1	198976	player+silence	uade	P50A - P60A - P61A	0	299566	00b97968	85117f0b	Amiga-Aktuell/Demos/Magazins/Oepir6/music6/P60.lost at home
061fd670055ab6cabca5720148d390c7	1	301313	player	uade	Protracker	0	721992	253ac815	ef8ed8e1	Amiga-Aktuell/Music/Moduls/Protracker/mod.flyhigh!
06eea1de77f24b9b79d906d0b13d1a2e	1	223488	player	uade	OctaMED MMD0	0	88694	59627aba	19a8678b	Amiga-Aktuell/Music/Moduls/Med Module/Doing_It_Now
076f3f41a81d1669563eba38aab16884	1	143191	player	uade	OctaMED MMD0	0	78296	1e619bca	7b465965	Amiga-Aktuell/Music/Moduls/Med Module/And It's Love
082a00959f44b8e0ded3228cb5a6729e	1	211050	player	uade	Protracker	0	176456	549572b9	ae81a4cb	Amiga-Aktuell/Music/Moduls/Protracker/CORNFLAK.MOD
092aa251ac6d424d072a177c439d2de1	1	203635	player	uade	Protracker	0	38162	188a5aae	bd7f8ff8	Amiga-Aktuell/Music/Moduls/Protracker/mod.Experimental1_LVer
09c05ec88898c1f0746f6931ee44620f	1	269110	player+silence	uade	OctaMED MMD0	0	82710	dcb0bf05	e6c989c9	Amiga-Aktuell/Music/Moduls/Med Module/It's Just Another Day
0b853507041eb0d89629a87801aa9230	0	149723	player+silence	uade	SoundFX	0	151712	3a9938a5	c4bf8b3d	Amiga-Aktuell/Music/Moduls/Sound FX/aCiD_JauSa.DaTaS
0b8bc70cb7786e441c306ad2a0a0c3ef	1	354563	player	uade	OctaMED MMD0	0	77734	25e9cc2d	d2c4a84f	Amiga-Aktuell/Music/Moduls/Med Module/Pseudo Planet
0cd56da935774446d981be3ffeb5588c	1	390491	player	uade	OctaMED MMD0	0	118002	6be6ef2e	c8bf13cc	Amiga-Aktuell/Music/Moduls/Med Module/Philosophical
0d3f1597f397c3321d9117ca30e511ad	1	268077	player	uade	OctaMED MMD1	0	711954	f85bff73	ed077475	Amiga-Aktuell/Music/Moduls/Protracker/Mixfor96.mod
0d4b6d7ce650baac64df9e9a0bcd6b12	1	298874	player+silence	ft2play	Fasttracker	8	300134	64579bbc	da839965	Amiga-Aktuell/Music/Moduls/Stonetracker/8CH.lungelacid
0d7053dcdfa9463a77cb1b53e4726d47	0	223187	player	uade	SoundFX	0	129712	2212087b	95a89471	Amiga-Aktuell/Music/Moduls/Sound FX/HouSe_MeNDRuGo.DaTaS
0d8d07375330e9167e6097aa01b46048	1	200359	player	uade	OctaMED MMD0	0	154828	89ff18e3	65ff6b1e	Amiga-Aktuell/Music/Moduls/Med Module/Atomic-Jammin'_Man
0de0703ed496272e7226f1f146004ac9	1	130693	player	uade	Protracker	0	195858	3dc224cb	4a7c6ede	Amiga-Aktuell/Music/Moduls/Protracker/mod.juergen
0e6d362c2f4a1922b50fba49e3a88fb3	1	303507	player+silence	uade	Protracker	0	294530	e1089c44	da29da0f	Amiga-Aktuell/Music/Moduls/Protracker/Mod.Deep Zone
0ee31a50cd992ce2322d335c7f1b3b88	1	304448	player	uade	OctaMED MMD1	0	94422	bf8f0c54	87c51abd	Amiga-Aktuell/Music/Moduls/Med Module/Maya
0f06e5c7871d2af970ea325c30f07dba	0	141631	player+silence	uade	SoundFX	0	194892	0aacea0f	45e4195d	Amiga-Aktuell/Music/Moduls/Sound FX/STeVe_MaKe_FeeLiNG
106acbb7a2b13416f11ab2a94a642711	1	182877	player+silence	uade	OctaMED MMD1	0	97016	fa7cf9b3	dfb33e85	Amiga-Aktuell/DTP & Co/Texts/Books & Shortstories/ShortStory/0
11d25dee41e4f043ab31293251005502	1	231968	player	uade	Protracker	0	529848	b96b0faf	c05c390c	Amiga-Aktuell/Music/Moduls/Protracker/mod.raise_your-rmx
130fc903cb47ebded9e126bbba82f9fb	1	217741	player	uade	Protracker	0	404978	ea607215	270ebdce	Amiga-Aktuell/Music/Moduls/Protracker/Mod.Hemisphere
137c658695e32349847cf6b2b3363026	1	163438	player+silence	uade	Protracker	0	68118	d8dc56b3	5f139dcd	Amiga-Aktuell/Music/Moduls/Protracker/SOULCRY.MOD
13aff88c9a4469e96ba7d153ec42b988	1	236931	player	uade	Protracker	0	312704	c67982b2	9e50214c	Amiga-Aktuell/Music/Moduls/Protracker/the mover
14ade25b5aa6fb33cff01a314344f713	0	177419	player+silence	uade	SoundFX	0	68244	bd0073d9	c6fc5bfe	Amiga-Aktuell/Music/Moduls/Sound FX/TaKe_a_CHuTe.DaTaS
154065e23f4f3828cc8e884a6d07cea4	0	236790	player	libxmp	Promizer 1.8a	4	109970	6a693d8b	43790906	Amiga-Aktuell/Demos/Magazins/Oepir1/music/Mod.Memories
15bc575ac7ee22f4a220d6490474d201	1	122707	player+volume	uade	Protracker	0	21082	f10c3ddb	2d4e1c23	Amiga-Aktuell/Demos/Intros/vnt-ff/bonus/mod.full_flavour
15bc575ac7ee22f4a220d6490474d201	2	4601	player
16635572544cf377f0decd4e6beee480	1	136721	player	uade	OctaMED MMD1	0	148742	4099b3fe	008f4b82	Amiga-Aktuell/Music/Moduls/Med Module/Uneasy.MED
16655c4fa56b515ff186504bb0cfa992	0	81949	player+silence	uade	SoundFX	0	91384	d502df42	5f2f82a5	Amiga-Aktuell/Music/Moduls/Sound FX/PeTeR_PuM.DaTaS
16be94c91e621b4a408644b25fa39c50	1	177174	player+silence	uade	Protracker	0	104510	a7bc7428	d55a4942	Amiga-Aktuell/Music/Moduls/Protracker/mod.Umowy
17f70c0ba2e015f81b346a2dd13d4d91	1	182877	player+silence	uade	OctaMED MMD0	0	93194	f915388d	50d03096	Amiga-Aktuell/Music/Moduls/Med Module/DoYouKnowIt'sLove
192c707f5f91bc2f6c0f9ba5e9aab869	0	61629	player	uade	SoundFX	0	37664	c95b9243	0db95106	Amiga-Aktuell/Music/Moduls/Sound FX/RuiN_MieRTeNS.DaTaS
19cf8ad60f5dc03464e106fbf282dcfa	1	242931	player+silence	uade	Protracker	0	99996	1f10469c	16c53baa	Amiga-Aktuell/Music/Moduls/Protracker/mod.21_{_artificial_}_
1a0833ef027e5da77f76543330138d4a	1	204312	player+silence	uade	OctaMED MMD0	0	202446	5e20d78d	c46e15e0	Amiga-Aktuell/Music/Moduls/Med Module/Action_Fighter
1a6d746294b0b34fe7479eed1975f268	1	122997	player	uade	Protracker	0	44142	28e222f2	2d3c90e8	Amiga-Aktuell/Games/Commercial/TL2DemoE/Data/mod.gameover
1ca6b3a04d25f28780865049cf5bfaf7	1	23168	player	uade	Protracker compatible	0	46168	4742d20d	f821bc6b	Amiga-Aktuell/Games/Action/Astrokid/Sound/Mod.Flight
1d56c8cb3237c674487bd38a8e3344ff	1	23168	player	uade	Protracker	0	282240	626764ed	8016348c	Amiga-Aktuell/Games/2 Player/BattleDuel/Mods.lha/mod.BattleDuel
1d56c8cb3237c674487bd38a8e3344ff	10	35345	player
1d56c8cb3237c674487bd38a8e3344ff	11	35345	player
1d56c8cb3237c674487bd38a8e3344ff	12	47301	player
1d56c8cb3237c674487bd38a8e3344ff	13	34903	player
1d56c8cb3237c674487bd38a8e3344ff	14	55841	player
1d56c8cb3237c674487bd38a8e3344ff	15	33416	player
1d56c8cb3237c674487bd38a8e3344ff	2	9122	player
1d56c8cb3237c674487bd38a8e3344ff	3	10368	player
1d56c8cb3237c674487bd38a8e3344ff	4	14206	player
1d56c8cb3237c674487bd38a8e3344ff	5	38500	player
1d56c8cb3237c674487bd38a8e3344ff	6	65105	player
1d56c8cb3237c674487bd38a8e3344ff	7	35265	player
1d56c8cb3237c674487bd38a8e3344ff	8	34823	player
1d56c8cb3237c674487bd38a8e3344ff	9	34903	player
1f296d104efb7e92d030c4f5fbcfc475	0	214506	player	uade	SoundFX	0	76236	6272b616	459afe47	Amiga-Aktuell/Music/Moduls/Sound FX/No_PaRaBa_De_BeBeR-1
1fafb1f70087952d89a12132b3958eed	1	218464	player	uade	Protracker	0	219474	88a6f058	10ebf506	Amiga-Aktuell/Music/Moduls/Protracker/mod.u-got-to-b-u
20f3fc43fc62163d25b75bf85c285c2e	0	131618	player+silence	uade	SoundFX	0	106496	7d795c16	19fa59b5	Amiga-Aktuell/Music/Moduls/Sound FX/CHaNSoN_PouR_iSaBeL.DaTaS
213c87c72b06374932faca87311fd7b8	0	174732	player+silence	uade	SoundFX	0	188872	eb099761	8aea7a5d	Amiga-Aktuell/Music/Moduls/Sound FX/SaNT_SeG_SoNG.DaTaS
21ea464a15cf1e0cb492ce0cd60f4cec	1	235685	player	uade	Protracker	0	414384	32b5d902	2daec897	Amiga-Aktuell/Music/Moduls/Protracker/MOD.BRAINSHOCK_I
220b52ba6b02f453256f8b043525f25e	1	257889	player	uade	Protracker	0	20892	a21be393	012f1b10	Amiga-Aktuell/Music/Moduls/Protracker/mod.Experimental5
223bbec3da0b5f269caef1dda67877a2	1	261968	player	uade	Protracker	0	261978	520af88e	b53ee30c	Amiga-Aktuell/Music/Moduls/Protracker/cyberlife
242734e7dcdd6900456727a48beef492	1	176146	player	uade	Protracker	0	207264	6e418588	9ca89a56	Amiga-Aktuell/Music/Moduls/Protracker/BASKET.MOD
24c86f71175f43eee886f7e23048893d	1	257661	player+silence	uade	Protracker	0	555478	7af7bc61	128d9875	Amiga-Aktuell/Music/Moduls/Protracker/mod.too_fast
2557fabf034788aa30ad23a5ffcbf579	1	393204	player	uade	Protracker	0	288580	afeb9564	d0bd288e	Amiga-Aktuell/Music/Moduls/Protracker/mod.attack
256ad220f96aa21d7079c9327d3d1ba7	1	98039	player	uade	Protracker	0	21148	41e9d732	9cf5df0a	Amiga-Aktuell/Music/Moduls/Protracker/mod.Experimental3
25fa579e2aa9576ee80e168f0eb17fad	1	315299	player	uade	OctaMED MMD1	0	477538	6465985c	3f6c6710	Amiga-Aktuell/Music/Moduls/Med Module/Rick_3
261b1b7b894a1238722ad2f9dffaf579	1	134169	player	uade	Protracker	0	277840	5af277bb	c0f5e928	Amiga-Aktuell/Music/Moduls/Protracker/mod.justforjazz
26753304f36b09d795c2c5b27be28d19	1	338984	player+silence	uade	Protracker	0	424492	80063044	e30b5ce1	Amiga-Aktuell/Music/Moduls/Protracker/Mod.BlackSun
278194092196a16c456adf11cc6f6d00	1	217583	player+silence	uade	Protracker compatible	0	109314	0d833da3	e5597336	Amiga-Aktuell/DTP & Co/Texts/FAQ & Data Sheets/f1_cat/dmc.music1
28706cdd572feda81ba593b561bec824	1	564889	player+silence	uade	Protracker	0	378132	75263215	cc4b08da	Amiga-Aktuell/Music/Moduls/Protracker/WAR.MOD
2882b4a2789c4ab5232f4dda451f1f68	1	73082	player	uade	Protracker	0	67242	b6bd4f83	a866d3f7	Amiga-Aktuell/Games/Commercial/TL2DemoE/Data/mod.win
288cd4e84b72a1ec7749713bae517141	0	101476	player	uade	SoundFX	0	135668	bdf09c7f	5203968d	Amiga-Aktuell/Music/Moduls/Sound FX/THe_KiRK_DeaTH.DaTaS
290d69304184acf0ce8b92de6578d268	1	250637	player+silence	uade	OctaMED MMD0	0	183720	0afe1212	ff939292	Amiga-Aktuell/Music/Moduls/Med Module/Really_A_Dream
296e3af0712f21fdb36c646db7eb1004	1	32552	player	uade	OctaMED MMD0	0	62958	3a36f348	9cdae916	Amiga-Aktuell/Games/2 Player/AerialRacers/aerialdata/IntroSong.Med
29836bd2e29cbf60321d9830588d532e	1	192141	player	uade	Protracker	0	138620	0f84bbff	ca8a9a29	Amiga-Aktuell/Music/Moduls/Protracker/Mod.Power
299e81fdceb1399b2376fc195e12586a	1	165215	player	uade	Protracker	0	253136	d66ba3e2	208a210b	Amiga-Aktuell/Music/Moduls/Protracker/mod.brutal_acid_remix
29f8ad9fcd745b1e143da91d671d130a	1	345721	player	uade	Protracker	0	181858	3112742c	ea875858	Amiga-Aktuell/Music/Moduls/Protracker/mod.tuneinlove.remix
2ace293a9c0e9fe649078a3d49fc09ab	1	111422	player	uade	Protracker compatible	0	117778	736df32c	9d764dfd	Amiga-Aktuell/Music/Moduls/Protracker/mod.jammin'_around
2b160641b5948b30ba1b8c18ea0b5754	1	325245	player	uade	Protracker	0	197378	88ade159	10ef80b7	Amiga-Aktuell/Music/Moduls/Protracker/MOD.TRANSONIC_THEME_RMX
2dc1e0771831ec3983b46531bc61355a	1	196880	player+silence	uade	OctaMED MMD0	0	114672	b0e8b40c	923e750b	Amiga-Aktuell/Music/Moduls/Med Module/Hey,Hey!
2e38288496b19401c2c806aeb3361cfd	1	188283	player	uade	Protracker	0	216234	8ded18f3	ead67ce0	Amiga-Aktuell/Music/Moduls/Protracker/mod.mind scanning
2e45400dcb5dd81f77f3e30375753926	1	259907	player+silence	uade	OctaMED MMD1	0	183888	66edf37a	99858bd0	Amiga-Aktuell/Music/Moduls/Protracker/HAPPY PIANO
2ea84a0a4342fbc0b9607b3ec2a1bcbc	1	216145	player+silence	uade	OctaMED MMD1	0	233052	49cab449	d3e30cf3	Amiga-Aktuell/Music/Moduls/Med Module/BoxofHandgranades.med
2ed6bbfbaf0a2608f505e4ea710f7ecb	1	225136	player+silence	uade	Protracker	0	536098	d5c28780	f0ef71a0	Amiga-Aktuell/Music/Moduls/Protracker/Mod.Underground
2f45ffc2f87f3d31f96bb2a4c3a68eda	1	299565	player	uade	Protracker	0	177440	531631c1	e5864c03	Amiga-Aktuell/Music/Moduls/Protracker/mod.tuneinlovenlaughter
31a263a010a5c2a0ffd44a1d71c7997e	1	85943	player	uade	Protracker	0	164834	61ae816c	3e0341f0	Amiga-Aktuell/Music/Moduls/Protracker/mod.roland's rat race
332f528f1ef5ea2824c70f95d6b66c3f	1	102721	player	uade	OctaMED MMD1	0	161712	70369392	5d498040	Amiga-Aktuell/Games/Workbench Games/SuperWormII/mato.med
332f528f1ef5ea2824c70f95d6b66c3f	10	1788	player
332f528f1ef5ea2824c70f95d6b66c3f	11	1788	player
332f528f1ef5ea2824c70f95d6b66c3f	12	1788	player
332f528f1ef5ea2824c70f95d6b66c3f	13	8700	player
332f528f1ef5ea2824c70f95d6b66c3f	14	4856	player+volume
332f528f1ef5ea2824c70f95d6b66c3f	15	7615	player
332f528f1ef5ea2824c70f95d6b66c3f	2	2732	player
332f528f1ef5ea2824c70f95d6b66c3f	3	2973	player
332f528f1ef5ea2824c70f95d6b66c3f	4	2672	player
332f528f1ef5ea2824c70f95d6b66c3f	5	3720	player+volume
332f528f1ef5ea2824c70f95d6b66c3f	6	6148	player
332f528f1ef5ea2824c70f95d6b66c3f	7	3154	player
332f528f1ef5ea2824c70f95d6b66c3f	8	46176	player
332f528f1ef5ea2824c70f95d6b66c3f	9	3154	player
343ce0836a9c2e5f9c01e13bc6203e51	1	157297	player	uade	OctaMED MMD1	0	228386	e9a4c3f4	c64340e9	Amiga-Aktuell/Music/Moduls/Protracker/Mod.JamesBee
34d9bec5068ef951ed20964728725645	1	204941	player	uade	Protracker	0	265812	a34623e7	ba8c0921	Amiga-Aktuell/Music/Moduls/Protracker/Mod.Rock The House
34f60c6c3c67d1b388d02c5ebef79ebe	1	176367	player	uade	OctaMED MMD0	0	88196	46c5b831	9ca7c73a	Amiga-Aktuell/Music/Moduls/Med Module/As Time Goes On
357b4ae95c119daa723acf7466a42a45	1	332761	player	uade	Protracker	0	237974	cddfcf37	a6c61b3c	Amiga-Aktuell/Music/Moduls/Protracker/mod.EthnisoundII-fz
35d8d2420b29968855566675c4196765	1	261606	player+silence	uade	Protracker compatible	0	278260	8cfb07f2	9e0ebe1d	Amiga-Aktuell/Music/Moduls/Protracker/MOD.LoneBoyz
3645aff2b4bce1ed07bbb4a57df7fe72	0	192061	player	uade	SoundFX	0	324220	f5436a15	78fe8313	Amiga-Aktuell/Music/Moduls/Sound FX/TWeNTY_SPaCeS-3.DaTaS
368a88907c7721eb1de41d9fc22f6695	1	427505	player	uade	Protracker	0	193996	9c7efe23	bd2192f9	Amiga-Aktuell/Music/Moduls/Protracker/Mod.Spacey
384d47f876d7fa6140891a6c0e2a7251	1	390512	player	uade	Protracker	0	440282	23255abc	ee39989e	Amiga-Aktuell/Music/Moduls/Protracker/Mod.Fearies
388fe442f51a585a2a1f43e98f3f1e4c	0	61508	player	uade	AHX v2	0	737	3b2ea9a8	ebaaeae1	Amiga-Aktuell/Music/Music editing/ays-t100/Songs/THX.Commando-Highscore
389e9141900700c427dbf5eb87353288	1	153721	player	uade	Protracker	0	73478	d522dea5	f110c021	Amiga-Aktuell/Demos/Music/magnitude/song3
38a7479d5deadcf3033f1de1659e30e6	1	360893	player	uade	Protracker	0	280310	ed93daf5	95bfc291	Amiga-Aktuell/Music/Moduls/Protracker/Mod.Twilight
391cee9752ee8fb89a056c56fc8e77f6	1	493615	player	uade	Protracker	0	249838	f45974d5	f7783ca6	Amiga-Aktuell/Music/Moduls/Protracker/FEELIT.MOD
391fdba508d7cd39af74364c1985d036	1	226683	player	uade	Protracker	0	129376	acf9476c	df1a230d	Amiga-Aktuell/Music/Moduls/Protracker/mod.a_big_place
39c35f61562ca3e99bb4642cb392ad90	1	196783	player	uade	Protracker	0	166968	2f51e469	7093d836	Amiga-Aktuell/Music/Moduls/Protracker/mod.nightrocker
3a7dac2a8d34689a2ce90f25d87f3c2e	1	192141	player	uade	Protracker compatible	0	56256	645ea215	c8d40729	Amiga-Aktuell/DTP & Co/Texts/Online Magazines/mb_feb96/MUSIC/MOD1
3b709ad30c863d1f591bc52677f711c0	1	127193	player+silence	uade	Protracker	0	197724	af2ce55c	bee7c423	Amiga-Aktuell/Music/Moduls/Protracker/mod.happy_acid
3bc728b87c1bc804b8730ed26ae80fbc	0	225073	player+silence	uade	SoundFX	0	119256	9f249f27	02a14c6a	Amiga-Aktuell/Music/Moduls/Sound FX/GHoST_aND_BiSHoS.DaTaS
3bca4ed4298784379a13b22b9a0d7997	0	103445	player+silence	uade	SoundFX	0	58812	2398bb28	e685ae52	Amiga-Aktuell/Music/Moduls/Sound FX/ouT_oF_DiSCo.DaTaS
3cbfda0e86c2e48f357fd015c632f870	1	371904	player	uade	OctaMED MMD0	0	90996	5eafaa32	01709815	Amiga-Aktuell/Music/Moduls/Med Module/Reality
3d1a4d4979dac05af2a38000fd4b8360	1	236931	player	uade	Protracker	0	197910	fac4e4f9	6415be79	Amiga-Aktuell/Music/Moduls/Protracker/Mod.Tim's Tune
3d327644ee4b6e26b212b9bda24c4c5a	1	240146	player	uade	Protracker	0	298786	2c377ccc	5593976e	Amiga-Aktuell/Music/Moduls/Protracker/mod.superior_power
3d8b65cfbea29f636fdb7ff57dc35e65	1	297093	player	uade	Protracker	0	52276	23b7fb5b	c57048a7	Amiga-Aktuell/Demos/Demos/Malevolent_Creations/data/12a.dat
3e3bc1a338ebb5286ec9fce7c719a477	1	3878	player	uade	Protracker compatible	0	15608	bf70148f	c7a8380e	Amiga-Aktuell/Games/Action/Astrokid/Sound/Mod.Caves
3e751028d4ea01b0ed0b0b5513297397	1	210648	player	uade	OctaMED MMD0	0	117434	29dbce5d	018eec0a	Amiga-Aktuell/Music/Moduls/Med Module/LIVE2
3fbfc4fa0ac3d6475f1925f11fc662a5	1	342446	player+silence	uade	Protracker	0	227504	9457b00a	b4e66383	Amiga-Aktuell/Music/Moduls/Protracker/Mod.The Piano-Fat Remix
3fc240854416c0a8ded6764fdd1aa92b	1	468618	player	uade	Protracker	0	294192	66b5c324	6b24901e	Amiga-Aktuell/Music/Moduls/Protracker/REALLIFE.MOD
400350fc9a15396d8b609b8e1bb409a6	1	86525	player	uade	Protracker	0	119162	cf9e2626	791b8672	Amiga-Aktuell/Games/Action/mystfish/MysteryFish/sound/mod.united
40a49d3a3ee9e1cd594ace7268d7aa69	1	137465	player+silence	uade	Protracker	0	375566	74ac928b	b077a558	Amiga-Aktuell/Music/Moduls/Protracker/mod.style
40b366e0cc3e7b9ba3e8c640752d745b	1	71816	player	uade	Protracker	0	39196	990fb240	cfc86c5a	Amiga-Aktuell/Music/Moduls/Protracker/mod.lorraine
40ce2fff264d9669c43f4e6f39892d22	1	227854	player+silence	uade	Protracker	0	267684	a08be356	9f97dd36	Amiga-Aktuell/Music/Moduls/Protracker/devotion2.mod
411f11c09b170a826a77ea732ac3943c	1	384122	player	uade	Protracker	0	770822	c3b2df1a	e31dcdd2	Amiga-Aktuell/Music/Moduls/Protracker/mod.damon-must-die!-fz
41bb152ca31f5dc3f480b5fc503cb9d8	1	273925	player	uade	OctaMED MMD1	0	165028	a3531de9	7d57a5b9	Amiga-Aktuell/Music/Moduls/Protracker/ONE OF A KIND
4207eec04332afdb5771945f05b730e8	0	150442	player+silence	uade	SoundFX	0	113080	b45c1340	41009767	Amiga-Aktuell/Music/Moduls/Sound FX/PoP_uP_THe_PeN.DaTaS
420b8c4d7a446ea7766e611f7af4332f	1	192141	player	uade	Protracker	0	316034	18afdf43	8ce642bf	Amiga-Aktuell/Music/Moduls/Protracker/Mod.Rave Explosion City 
426321f9562a272bbae28d6974ab7a5c	1	181089	player	uade	OctaMED MMD0	0	95160	93ccd8da	8f0ca736	Amiga-Aktuell/Music/Moduls/Med Module/MasterCool
42754414499fe4c37ddb20b4a6ae8845	0	61508	player	uade	AHX v2	0	1364	fa119389	02b4f546	Amiga-Aktuell/Music/Music editing/ays-t100/Songs/THX.Back in 1986
42c17586c897fb964e1b3cce3967f449	1	127638	player	uade	OctaMED MMD1	0	114088	91de9d9f	5e604b08	Amiga-Aktuell/Music/Moduls/Med Module/Apocalypse
42e0e79beba61a861c6c43785b021e02	1	254212	player	uade	Protracker	0	777930	a83b09c3	5fb6c80a	Amiga-Aktuell/Music/Moduls/Protracker/mod.Rainbow
4304adbdf4554b9fb7ed87e3a7eee684	1	47944	player	uade	Protracker	0	75016	ba0195de	9901e939	Amiga-Aktuell/Music/Moduls/Protracker/mod.Jollymaya
43eee5ff6d3aed66108ce43f5940c4ad	1	17073	player+volume	uade	Protracker	0	115680	4af7799b	894dd0ca	Amiga-Aktuell/Games/Commercial/TL2DemoE/Data/mod.intro
4415c75e5b2fcb2d8fb39ef15140ea8e	1	358438	player+silence	uade	Protracker	0	328198	acfdafc2	9a7bdfb3	Amiga-Aktuell/Music/Moduls/Protracker/mod.heavylaugh
44309b9d8e88bf9765fdad77e847af75	1	238900	player	uade	OctaMED MMD0	0	111222	601a84dc	e9a4d853	Amiga-Aktuell/Music/Moduls/Med Module/Vibrations
44350054b76220e7cb712c7083386ff6	1	235604	player+silence	uade	Protracker	0	546250	ad7963cf	04e4f6ae	Amiga-Aktuell/Music/Moduls/Protracker/MOD.GO_GET_BUSY
4479a4a5768056052459f5efc8fb2020	1	294521	player	uade	Protracker	0	141610	a04e2478	0967791a	Amiga-Aktuell/Music/Moduls/Protracker/mod.my angel
44b1de44fd69e580e5020dc05ea2a791	0	118123	player+silence	uade	SoundFX	0	196968	871ffafc	a5abe75d	Amiga-Aktuell/Music/Moduls/Sound FX/PLeaSe_NoT_eaT.DaTaS
462395f50e4a5d3c2bc671aca9372324	1	164410	player+silence	uade	Protracker	0	323420	242d55e1	21667ec7	Amiga-Aktuell/Music/Moduls/Protracker/mod.full_throttle
46468b533976a6a04d055bc8584f85fc	1	280959	player+silence	uade	OctaMED MMD1	0	183080	f2eb7daf	d7297329	Amiga-Aktuell/Music/Moduls/Med Module/MED.TheOrientalConnection
464734f0f45b2aade59b22899d436a94	0	239288	player+silence	uade	SoundFX	0	161476	32b7fbb1	948d4095	Amiga-Aktuell/Music/Moduls/Sound FX/DiSTaNCia_aL_aNo.DaTaS
47b1d9a443113c0fb62cebcb0964b73c	0	61528	player	uade	AHX v2	0	19503	af9ddfc5	bbf678ad	Amiga-Aktuell/Demos/other/sih-thxm/THX.smeerkaas
4845d4e97b9703df2552c975af70102e	1	198471	player	uade	Protracker	0	282484	b88bc8f4	8246d89a	Amiga-Aktuell/Music/Moduls/Protracker/mod.taken
484ba8bd5ee0d5cdd4e8da797f5a4091	1	517757	player+silence	uade	Protracker	0	237352	1897ec81	9b7af527	Amiga-Aktuell/Music/Moduls/Protracker/TOGETHER.MOD
48f90ae4c505ab1a575f26160b022cda	1	342446	player+silence	uade	Protracker	0	163122	574d41de	18ccaa11	Amiga-Aktuell/Music/Moduls/Protracker/Mod.The Piano
4931a28a680cf310650baf42d8d54da4	1	110397	player	uade	Protracker	0	68970	32817261	62c8163f	Amiga-Aktuell/Games/Commercial/TL2DemoE/Data/mod.presentation
4957a590b1cd6fa0472f55fc0e71dad6	1	161526	player+silence	uade	Protracker compatible	0	154134	4b654018	e5e5d58d	Amiga-Aktuell/Music/Moduls/Protracker/Goldrake
4a2ca459849c75c329c45b45bc7675c2	1	171002	player	uade	OctaMED MMD1	0	344968	709275d4	525c5d1a	Amiga-Aktuell/Music/Moduls/OCSS/MeloDance
4b2d63af9884f7317cc5b0c819a978b0	1	431665	player	uade	OctaMED MMD0	0	122938	e41ca72b	135a1fb9	Amiga-Aktuell/Music/Moduls/Med Module/Color Of Confetti
4b8714d8b9f9278e4df8d9aab18b0eff	0	150262	player+silence	uade	AHX v2	0	3312	2fd7ac00	a5152780	Amiga-Aktuell/Music/Music editing/ays-t100/Songs/THX.Extra
4c84ad54184b38a8baa2eb8bb8d2a2bd	1	64120	player	uade	Protracker	0	73334	5e88c235	91df636c	Amiga-Aktuell/Music/Moduls/Protracker/Mod.Handrem
4c909aa860824a7227f61c35b87553bc	1	107235	player+silence	uade	Protracker	0	194786	076c926c	b1849841	Amiga-Aktuell/Music/Moduls/Protracker/mod.no_fate
4d502728269d5b74a8c47ddbde13db7f	1	190734	player	uade	OctaMED MMD0	0	49724	25e1cc7a	10fffad7	Amiga-Aktuell/Games/Adventure/KeithDemo/tune5.med
4d526f4b1483fa47c5f89331f35c888a	1	395877	player	uade	Protracker	0	187386	543cdd44	cac64865	Amiga-Aktuell/Demos/Magazins/Oepir2/music2/mod.orthanc
4d7f4e5af2764e9ff8dd192255da0abf	1	314937	player	uade	OctaMED MMD1	0	353986	219d6f3a	300b386f	Amiga-Aktuell/Music/Moduls/OCSS/What_the_fuck_is_Cosmic.mod
4dc92c2361d1ad408978f9f2b0f1f68a	0	126694	player+silence	uade	SoundFX	0	94236	12fe133f	9dc30d2a	Amiga-Aktuell/Music/Moduls/Sound FX/aNoTHeR_oNe_PoLVuS.DaTaS
4dca55f3244fa016f258be553c922166	1	65828	player	uade	OctaMED MMD1	0	285868	d1d8b09d	5e5b7bef	Amiga-Aktuell/Music/Moduls/Med Module/Mod.Accapella
4df5849f1b9fdeb22ee7ab32cfdac16b	1	240126	player	uade	Protracker	0	209282	6fe31d47	49d68745	Amiga-Aktuell/Music/Moduls/Protracker/Mod.Planet-E
4ec36662158f1862901087ae3b15699b	1	80156	player	uade	OctaMED MMD1	0	403898	f7adc2ed	10eac7f2	Amiga-Aktuell/Music/Moduls/Med Module/Kantri_Federica.med
4ee3c0c4b120a976ededf03d17e9850f	1	402890	player	uade	Protracker	0	426818	89ab4576	c726330f	Amiga-Aktuell/Music/Moduls/Protracker/mod.small_heart
4f516f761957565ea728780a889aa63a	0	478856	player+silence	uade	SoundFX	0	313376	c1184779	c5477b32	Amiga-Aktuell/Music/Moduls/Sound FX/MaNa_oF_FaT_GoDS.DaTaS
50b05122811ad7f08fe2c7a8f9b00cdb	0	67115	player+silence	uade	SoundFX	0	226080	d923a510	e6f1b2ba	Amiga-Aktuell/Music/Moduls/Sound FX/HaRD_Me.DaTaS
51c7510d6b7ce56eb39cec245d537e18	1	243341	player	uade	Protracker	0	361678	ebb72252	77fcc7f3	Amiga-Aktuell/Music/Moduls/Protracker/mod.passiveness
52b847b85f9621dd3822e6a930bfd94d	1	546910	player+silence	uade	OctaMED MMD1	0	273676	42530d0d	e9d3e74e	Amiga-Aktuell/Music/Moduls/OCSS/DasLachenDesVerlierers.med
52b9f41a98041509f22697bee85c2adc	0	135922	player+silence	uade	SoundFX	0	70124	e6b2599c	53f03054	Amiga-Aktuell/Music/Moduls/Sound FX/PeRVeRSuS.DaTaS
52f914de841d8b90c367e0acd5d29ecd	1	176950	player	uade	OctaMED MMD1	0	190260	a2b203c1	9d05500b	Amiga-Aktuell/Music/Moduls/Med Module/Fields.MED
5338d554514314d7187ec6b0629b0f84	1	239222	player+silence	uade	Protracker	0	225472	afb6ca2b	67a814a2	Amiga-Aktuell/Music/Moduls/Protracker/Mod.Superunknown
549adc6dc02858950e1857122605e4af	1	165898	player	uade	Protracker compatible	0	156866	5b9b7bf5	94a5d23a	Amiga-Aktuell/Music/Moduls/Protracker/Mazinga
54ecaa91821d7ff6f2f563058d16ebc6	1	105957	player	uade	Protracker	0	20892	4f65fcf8	9a7405ec	Amiga-Aktuell/Music/Moduls/Protracker/mod.Experimental5_Prog
55a6f9de228f33c9950353f4ec8b3fc8	1	501753	player	uade	Protracker	0	489088	eff41920	b33daba6	Amiga-Aktuell/Music/Moduls/Protracker/mod.the-go-loop
55c5819fb3587c30d3b34bc4c58a4625	1	414866	player	uade	Protracker	0	191334	d42a59fe	7c8d97c9	Amiga-Aktuell/Music/Moduls/Protracker/mod.nowayforyoutobeasi
55f0930fd94962e2f314fead1d547f66	1	138378	player+volume	uade	OctaMED MMD1	0	149982	2b09c8ef	4ce8f28d	Amiga-Aktuell/Music/Moduls/Protracker/Mod.Funkey
55f712562a0d19cf2e0f221296929e3a	1	115321	player	uade	Protracker	0	161456	3e3ccd4f	f306a1d4	Amiga-Aktuell/Music/Moduls/Protracker/mod.meikel-hypotunic.ci
5605761b4933f1a8cf66d9b7ed8cebba	1	126634	player	uade	Protracker	0	646118	4f6961c6	76399018	Amiga-Aktuell/Music/Moduls/Protracker/mod.dreamworld
5664cf895f8c72a47c31440753c55ace	1	285924	silence	uade	OctaMED MMD1	0	336964	b898a3cd	635ee9eb	Amiga-Aktuell/Music/Moduls/Med Module/SarooesRMX.med
5692b2c865dfa2c2f8822a91ae59a6af	1	300750	player	uade	OctaMED MMD1	0	477414	93614a6f	dbbe2653	Amiga-Aktuell/Music/Moduls/Med Module/planet_x.med
56f44b4e99826f95c128fee02c8267d8	0	54455	player	uade	AHX v2	0	2574	fe81e1f0	6dd4ec4c	Amiga-Aktuell/Music/Music editing/ays-t100/Songs/THX.Inside
57357210c60f60e1a76ea64761ccbc77	0	126963	player+silence	uade	SoundFX	0	54248	db32b126	415ffa35	Amiga-Aktuell/Music/Moduls/Sound FX/MeSaTe_eL_TuPe.DaTaS
57596ad1d14de8cd0bcb182992375174	1	322693	player	uade	Protracker	0	219756	7d4e58d2	98d409ab	Amiga-Aktuell/Music/Moduls/Protracker/FEAR.MOD
576617f79735d9495db8542d565ae564	1	169937	player	uade	Protracker	0	227394	eb3791c0	65a4a342	Amiga-Aktuell/Music/Moduls/Protracker/MOD.LOCK_JAW_PT_II
57a81ce7f78b15607c78085a34eca85a	0	69345	player	uade	Amos Music Bank	0	53524	a0eb1a0f	cb011fba	Amiga-Aktuell/Games/Strategy/ardk/aardvarks/musics/SchmidtBeat
57b80d081f802a1c6dabad3a782914b8	1	220109	player+silence	uade	OctaMED MMD0	0	80960	d4f63624	ed3c7dff	Amiga-Aktuell/Music/Moduls/Med Module/Once_Before
584dd3f431f987c4cecacb6fd4868475	1	398529	player	uade	Protracker	0	216564	80e4b039	b79693d9	Amiga-Aktuell/Music/Moduls/Protracker/mod.forest trip.rmx
590a8d341148fe73e9d0b3240225fbca	1	207413	player	uade	Protracker	0	223628	6e651f77	c5209d1e	Amiga-Aktuell/Music/Moduls/Protracker/Mod.Requiem
595ac8c6a328c4b79610e3b7fbe32167	1	194914	player	uade	Protracker	0	230780	778efbe6	576b15fb	Amiga-Aktuell/Music/Moduls/Protracker/out wipe
59b2715d2debce2c4330d9da51c9926a	1	222845	player	uade	Protracker	0	166590	4a047fe3	b7d472a9	Amiga-Aktuell/Music/Moduls/Protracker/mod.please
59c810558967b9c7befcba544d144de2	1	228502	player+volume	uade	Protracker	0	1250190	521f2dfd	2e659e28	Amiga-Aktuell/Music/Moduls/Protracker/mod.J.I.L2.2
59fab629c68e62f4ac19f95831613700	1	238920	player	uade	OctaMED MMD0	0	75190	22b634de	a0058b32	Amiga-Aktuell/Music/Moduls/Med Module/Faked Out
5a27ba662fffe6a9b682246f3942e06d	1	257407	player	uade	Protracker	0	125600	4cdd1658	f0d22e81	Amiga-Aktuell/Demos/Magazins/Oepir4/mod.propaganda # 2.2
5b32d2d67cbf3a1596a6a0c4c1064679	1	5867	player	uade	Protracker	0	19330	28660722	f00c54af	Amiga-Aktuell/Music/Moduls/Protracker/mod.lite_ta
5bea5b862eba9162d2e6befe5111fe5e	0	112560	player+silence	uade	SoundFX	0	50596	e1bc84aa	01ab818c	Amiga-Aktuell/Music/Moduls/Sound FX/No_La_PueDo_SuBiR.DaTaS
5c527279aa4c97a5ff480af547490a24	1	161397	player	uade	Protracker	0	97178	2a1a265d	5084e7f7	Amiga-Aktuell/Music/Moduls/Protracker/mod.i_laid_you_back
5c6649c0f83be5e83d991580b72330e1	1	65406	player	uade	Protracker	0	17944	1d64c1f3	c35c9be8	Amiga-Aktuell/Music/Moduls/Protracker/mod.zzzleep
5d2093431f48fee734bc026d8cbe39ca	1	188886	player	uade	Protracker	0	312066	bd335e2b	dfbb9c4c	Amiga-Aktuell/Music/Moduls/Protracker/mod.whirld0mina$chaan
5d2ea8f40866b1c80c2ed9fb8fede98b	0	191036	player	uade	SoundFX	0	180128	0c9fec1c	aa5adf68	Amiga-Aktuell/Music/Moduls/Sound FX/GuTa_NeNe.DaTaS
5dfa3d13b60880757ee815c942974608	1	215772	player	uade	OctaMED MMD0	0	95038	ff7caa92	ec593c61	Amiga-Aktuell/Music/Moduls/Med Module/Party90's
5dfc3be6e46ea3dc0094d008df6635f3	1	254373	player	uade	OctaMED MMD1	0	293542	a25245e6	893b8c96	Amiga-Aktuell/Music/Moduls/Med Module/crimsonmold
5e1500131d5d1f4e42f087eb601fe5ca	1	376007	silence	uade	Protracker compatible	0	119964	610242dc	e8d5c261	Amiga-Aktuell/Music/Moduls/Protracker/TheBeamOfLife.mod
5eb1e69a1f3059ddfd6add7dd885a8a4	0	105713	player+silence	uade	SoundFX	0	85596	0225fedd	81353e99	Amiga-Aktuell/Music/Moduls/Sound FX/CeMeNTeRio_De_HieRRo.DaTa
5eb725516eb913ea74ee76971ce350c2	1	248887	player	uade	Protracker	0	266802	9f5415cf	552b42af	Amiga-Aktuell/Music/Moduls/Protracker/synbrain2.mod
5f014a3033d951c170522ff6dcc47858	0	637591	player	uade	Amos Music Bank	0	104436	fc00e164	03d8559d	Amiga-Aktuell/Music/Player/Meister/music/Axel-F.ABK
5ffe003eead40f0fe034528f0097bcd1	1	276135	player	uade	Protracker	0	290848	599bdc38	3a0be8e2	Amiga-Aktuell/Music/Moduls/Protracker/Mod.Illumination
601ad2ee1072770bb5bb6c2ffec06a8f	1	300650	player	uade	Protracker	0	178948	23ceb023	6c6a12c8	Amiga-Aktuell/Music/Moduls/Protracker/mod.love-spread light!
6085128943bc39540ec0ae5c01e74288	1	282865	player+silence	uade	Protracker	0	204784	c8b5af47	df062ead	Amiga-Aktuell/Music/Moduls/Protracker/instigator
60c39da5dc58f010b602dbe3b7aa37ef	1	219971	player	uade	Protracker	0	449778	06c65f37	5ee9f0a5	Amiga-Aktuell/Music/Moduls/Protracker/MOD.FREE_DANCE_XS
616369b1dd3b021acef254998b95aa57	1	255739	player	uade	Protracker	0	395618	69d3a624	87348bd3	Amiga-Aktuell/Music/Moduls/Protracker/mod.WelcomeMikeF.!
618d44a69dd4b02f2b3e4a7100d05e80	1	262045	player+volume	uade	OctaMED MMD0	0	108502	1f6c8506	4410eac1	Amiga-Aktuell/Music/Moduls/Med Module/When_We_Get_Down
62cce9b0ac1ec213c5e868266068fd3c	1	200860	player+silence	uade	Protracker	0	369482	824b2ff2	02dcee36	Amiga-Aktuell/Music/Moduls/Protracker/FrequencyRemix.mod
63a1106f085fe35d184b1e8f99347648	1	732898	player	uade	OctaMED MMD1	0	688154	54dc6b3f	f854d40b	Amiga-Aktuell/Music/Moduls/Med Module/DBMix1.med
63d9c30ff09a0c823125fc1bce134b16	0	149101	player+silence	uade	SoundFX	0	164760	9b4ee3a7	967cb8af	Amiga-Aktuell/Music/Moduls/Sound FX/MY_NoiSe_iS_FoNiTo.DaTaS
63f4514bcb14eddb3fd55d45ffe0f355	1	284729	player+silence	uade	Protracker	0	318454	b0b2b2c0	bd13cc46	Amiga-Aktuell/Music/Moduls/Protracker/mod.insulation
63f733c584a33297299be8fbec4bae60	1	205604	player	uade	Protracker	0	92592	c51a3c0c	b7c485d6	Amiga-Aktuell/Music/Moduls/Protracker/mod.so_sweet
643294d8341846d8fbd06bd52fbfa6b2	1	175160	player+silence	uade	Protracker	0	382350	f5583460	46810096	Amiga-Aktuell/Music/Moduls/Protracker/mod.By the way
6468b9514eed9b5a8b82f688fc596a24	1	62051	player	uade	Protracker	0	15726	6409706b	e9dee706	Amiga-Aktuell/DTP & Co/Texts/Online Magazines/StarMag3/Musik/C64-Memories
647921ddbe1f529c5b330e116578143d	0	77610	player+silence	uade	SoundFX	0	151416	02e90a75	a3221673	Amiga-Aktuell/Music/Moduls/Sound FX/aNoCHeCe.DaTaS
64b8c19e23002d58fd5da43e41fbaaf7	0	214661	player+silence	uade	SoundFX	0	333356	740eb1d6	d089f10d	Amiga-Aktuell/Music/Moduls/Sound FX/SPaNiSH_WoRLD.DaTaS
65c82f4421abb517a93e20c1231a77ce	0	196964	player	uade	SoundFX	0	71868	e88c039d	9e2f9344	Amiga-Aktuell/Music/Moduls/Sound FX/PuSH_ouR_SHiT.DaTaS
65f76e8a530fb562b8058745404eca78	1	186354	player	uade	Protracker	0	100194	a08e73cf	4e992ce7	Amiga-Aktuell/Demos/Music/magnitude/song5
6622ccb124adfc78d5486cf9d81e5bd7	1	207493	player	uade	Protracker	0	100458	97613090	850e80fb	Amiga-Aktuell/Demos/Music/magnitude/song2
66fe60138ffd7ef666a0253432f4c2ff	1	101144	player+volume	uade	Protracker	0	157746	f77635db	c077c276	Amiga-Aktuell/Music/Moduls/Protracker/HERECOME.MOD
6712743de3b8ca0a76b43187450b741b	1	30824	player	uade	Protracker	0	7278	b07d5dad	73eddbd2	Amiga-Aktuell/DTP & Co/Texts/other Texts/fdlinfo/Mods/Tune.mod
68aff22b55a6be839ac3f2814cc7e0c2	0	63274	player+silence	uade	SoundFX	0	72760	c3953b46	594722d2	Amiga-Aktuell/Music/Moduls/Sound FX/Q-RioSo.DaTaS
68b9e8b981453d225bacedce74d4c910	1	243602	player	uade	Protracker	0	201100	e622bb9b	6cfb90f8	Amiga-Aktuell/Music/Moduls/Protracker/induce trance
69223aeb25f1019d8a5582a7ca9e458c	1	202228	player	uade	OctaMED MMD0	0	102356	6dfae3ba	15478e4c	Amiga-Aktuell/Music/Moduls/Med Module/Raindrops&Tears96
6a1ab6320c81c8e98a7037e268a9883a	1	221413	player+silence	uade	OctaMED MMD0	0	101802	ebadb038	6746f6e8	Amiga-Aktuell/Music/Moduls/Med Module/WaterInYourEyes
6a7ba27ffa769edc82cf95d519b55eab	0	73015	player+silence	uade	SoundFX	0	25996	8c6c1dad	ce56b1ae	Amiga-Aktuell/Music/Moduls/Sound FX/THe_JiPiS_DaYS.DaTaS
6a944ea53f436955d9cef68f76ffc4ad	0	129620	player+silence	uade	SoundFX	0	99352	0c806fa2	697fb333	Amiga-Aktuell/Music/Moduls/Sound FX/BaiLaNDo_eN_eL_Rio.DaTaS
6a983867fb2ef55604a3c3422105fe9f	1	352384	player+silence	uade	Protracker compatible	0	266116	d950f512	24016303	Amiga-Aktuell/Music/Moduls/Protracker/mod.Warpzone
6b3303ddd38ba509e659944d008c9499	1	173864	player+silence	uade	Protracker	0	218408	f7499efb	b559700a	Amiga-Aktuell/Music/Moduls/Protracker/ENJOY.MOD
6b3f34305fb1e40b7a25e545f2ed7e56	1	190795	player	uade	Protracker	0	151730	8e32a29a	2161f8f4	Amiga-Aktuell/Music/Moduls/Protracker/mod.frequences
6bcc5adc6f8063a78b9ff90385eba36c	1	33738	player	uade	Protracker	0	11366	63a109eb	9ffb078a	Amiga-Aktuell/Music/Moduls/Protracker/mod.rolf_bajsar_en_korv
6bd205a479523e25c73ecafd9e3b0daa	1	146045	player	uade	Protracker	0	81834	42b99b08	97ea9c47	Amiga-Aktuell/Music/Moduls/Protracker/mod.let the pipe burst
6cb166d8e35752f144197de639dbcbc4	0	167324	player+silence	uade	SoundFX	0	82660	b66af06c	e73dd264	Amiga-Aktuell/Music/Moduls/Sound FX/PuLLaBY.DaTaS
6d027838b21e71764e71447abc07e217	1	303821	player+volume	uade	OctaMED MMD0	0	110096	f3feb0ca	7a634503	Amiga-Aktuell/Music/Moduls/Med Module/Through_Another_Moment
6d04c70063d6f62ddd0cb72a26d10195	1	256563	player	uade	Protracker	0	280952	01e8453c	865183b0	Amiga-Aktuell/Music/Moduls/Protracker/synbrain1.mod
6d63868ab73e31d137f1ca952a3490e1	1	290112	player+silence	uade	Protracker	0	1480558	6d542a3b	a016483d	Amiga-Aktuell/Music/Moduls/Protracker/4THTRAIN.MOD
6e1142e4cb4a1e8b48b77d337f4ace9a	1	242879	player	uade	Protracker	0	523292	9676e07b	c242eca0	Amiga-Aktuell/Music/Moduls/Protracker/Mod.ChasingCops
6e5db8d9db068e124cf060a1b4f06ab1	0	76920	player	uade	Amos Music Bank	0	20830	a8555a1f	514cd287	Amiga-Aktuell/Music/Player/Meister/music/pink_panther.abk
6e661affe4013782407e9453d628de91	1	254333	player	uade	OctaMED MMD1	0	118962	9d65339c	7cb2650d	Amiga-Aktuell/Music/Moduls/Med Module/This Must Be Magic
6f7e7835460da7cf3b8541d6f98f894e	1	106801	player	uade	Protracker	0	52770	b44ae3bb	b2d40a12	Amiga-Aktuell/Music/Moduls/Protracker/mod.hello_yav_erphinds
6f81c61ff94149d00d924db2319fb2aa	1	105052	player	uade	OctaMED MMD1	0	84164	0674c66c	3399c4c8	Amiga-Aktuell/Music/Moduls/Med Module/Improbable.MED
6fabf5e3af1c863778b8b09407b49093	1	126835	player	uade	Protracker	0	156828	50265237	c4945314	Amiga-Aktuell/Music/Moduls/Protracker/mod.soul_rebel
70289f6268c540ebac069a530d38c873	1	193534	player+silence	uade	Protracker	0	389206	b68107c6	b89c67a6	Amiga-Aktuell/Music/Moduls/Protracker/mod.poison
711526d857dd08070186437785950a02	1	356713	player	uade	Protracker	0	404158	f7299542	59d244fb	Amiga-Aktuell/Music/Moduls/Protracker/mod.rocktillyoudrop
71d6460f7d4d3b8613ef6d7a86fe4301	0	106694	player+volume	uade	SoundFX	0	77888	55a90da9	b10117e7	Amiga-Aktuell/Music/Moduls/Sound FX/SoLo_uNa_PueRCoNa.DaTaS
7219de5eb3aee4a5c3a65d1c51020c8e	1	300610	player	uade	OctaMED MMD0	0	95860	83e8aff6	a2041f3e	Amiga-Aktuell/Music/Moduls/Med Module/AnyHeartDesires
729fa2570e33f59f5ca63a14027604eb	1	597462	player	uade	Protracker	0	375898	ea7817fa	6eb0e986	Amiga-Aktuell/Music/Moduls/Protracker/mod.going_to_the_stars
7309624092d1786bcc9b022a9bca77d2	0	73875	player+silence	uade	SoundFX	0	127196	8cb9f165	81cb5e98	Amiga-Aktuell/Music/Moduls/Sound FX/VoY_PaLLa.DaTaS
736f1b2c291447eb6e845858e3679340	1	100913	player	uade	Protracker	0	91968	803743b8	88509e5d	Amiga-Aktuell/Games/Action/Astrokid/Sound/Mod.Intro
7395a4666ec8f16fe5d35c4489c86541	1	7796	player	uade	Protracker compatible	0	18930	86289392	2bee3bb9	Amiga-Aktuell/Games/Action/Astrokid/Sound/Mod.Chapter
743e04408f6a9436fd8a1e4f8479357d	1	142711	player+silence	uade	Protracker	0	546370	9fdaacd4	89611fec	Amiga-Aktuell/Music/Moduls/Protracker/mod.To oni
74b82325fc5e85578520d2d0d107d0b4	1	280556	player	uade	OctaMED MMD1	0	1637164	6e550947	e2b7d63c	Amiga-Aktuell/Music/Moduls/Med Module/The_Intel_Outside.med
74c05b6f18b1085739af62b50faf6523	1	138792	player+silence	uade	Protracker	0	142250	fabef0cf	0d43ed91	Amiga-Aktuell/Music/Moduls/Protracker/mod.raider_rave
74cfb67ac2a24f70d03360f77c51e8a8	1	200624	player+silence	uade	P50A - P60A - P61A	0	286240	fdcb1807	c4e2bb8f	Amiga-Aktuell/Demos/Magazins/Oepir7/music7/P60.wonder smoke
753be5cb70ed7dc5ed77e0c49ebd5c87	1	160131	player	uade	Protracker	0	303738	0d355908	280d8705	Amiga-Aktuell/Music/Moduls/Protracker/Mod.All Systems
756ad7e1e011d4cf71c8dfbff3fbd67b	1	138369	player	uade	Protracker	0	19608	5c3dd754	e83d3da5	Amiga-Aktuell/Music/Moduls/Protracker/mod.Experimental2
75fc6a8387dd2451496569abd75775a4	1	320141	player	uade	Protracker	0	205616	b0f0a11a	62bb241d	Amiga-Aktuell/Music/Moduls/Protracker/Mod.Q-bic
76e6ff50dc222fa9b0b877765df017d1	1	176502	player+silence	uade	Protracker	0	348978	41dff4e1	e8cb2ca6	Amiga-Aktuell/Music/Moduls/Protracker/seas of wisdom
7746dbfd84f31ed3de6f82606beb9ddd	1	292873	player	uade	OctaMED MMD0	0	72886	db033003	4a854eb9	Amiga-Aktuell/Music/Moduls/Med Module/Video Variations
77f8964bbfb58c7adb764a4ff16329c5	1	756629	player	uade	Protracker	0	152650	ab025f15	12fcdec3	Amiga-Aktuell/Music/Moduls/Protracker/mod.sword of the spirit
78582960b05b217d0f4a29e5db05ba8c	1	169535	player	uade	Protracker	0	243282	ae40be0a	f2847857	Amiga-Aktuell/Music/Moduls/Protracker/MOD.SINEWAVE_FEELINX
785b532888ff401e580f2fef4adfe83e	1	213928	player+silence	uade	Protracker	0	383018	89d3b587	3b70d055	Amiga-Aktuell/Music/Moduls/Protracker/mod.Dlugie pozegnanie
786601cdb94914f31cb71b1009616cbf	1	111746	player+silence	uade	Protracker	0	396974	3584b79f	a483ad1c	Amiga-Aktuell/Music/Moduls/Protracker/mod.Can_U_Feel_It
7962ffcb695ade3ce64251327dac1694	0	134962	player+silence	uade	SoundFX	0	82036	aa02ef0b	46031523	Amiga-Aktuell/Music/Moduls/Sound FX/JuLeS_aBoRT.DaTaS
7b6844fe9d0df7ffeafc9766ae156f46	1	345721	player	uade	Protracker	0	1351930	11b625dd	58722c86	Amiga-Aktuell/Music/Moduls/Protracker/mod.J.I.L1
7b717e00d34ac96dd025df326cb246e7	1	240146	player	uade	Protracker	0	305852	a0176867	08f1f260	Amiga-Aktuell/Music/Moduls/Protracker/mod.the_dream
7be1c065857fad2a4a0027b684328571	1	254333	player	uade	OctaMED MMD0	0	142366	95b6985a	0bc2e1b5	Amiga-Aktuell/Music/Moduls/Med Module/SuperFunkin'Man
7c2650d802538fd213b410a3b99e2ebd	0	30764	player	uade	AHX v2	0	1695	10013c78	55a7a11e	Amiga-Aktuell/Music/Music editing/ays-t100/Songs/THX.Urban Shuffle
7c83e142089198602d77c233e4c2ba1b	1	388683	player	uade	Protracker	0	659620	02edd46a	7273c9ab	Amiga-Aktuell/Music/Moduls/Protracker/MOD.LOUD
7ca6df4fe3370fb5801d359b49e1aae6	1	264762	player	uade	Protracker	0	386352	aff6c350	e8d60838	Amiga-Aktuell/Music/Moduls/Protracker/Mod.Shades Of Darkness 
7d74556e93b57c6fb3b19538890a2408	1	215772	player	uade	OctaMED MMD0	0	157038	dca5321d	8ff39f03	Amiga-Aktuell/Music/Moduls/Med Module/Mastermind
7ddaf579c4d8fd48cf95d2c5f6a3fa66	1	292873	player	uade	OctaMED MMD1	0	171410	07a776f8	ed33778e	Amiga-Aktuell/Music/Moduls/Protracker/mod.mindscape
7e2f688648c3076919c3a9547ebd8bae	0	243743	player	uade	SoundFX	0	65060	9726da69	c9c99f33	Amiga-Aktuell/Music/Moduls/Sound FX/CeLTiC_SuN.DaTaS
7e48de4e539fd47a65c22d92781b7a83	1	154826	player	uade	OctaMED MMD1	0	113906	c511dbe1	23e35581	Amiga-Aktuell/Music/Moduls/Med Module/Bluebottle.MED
7eef43e24a1cd1dbca4e9ec2ddfa1ce9	0	168154	player+silence	uade	SoundFX	0	48488	e319bd62	da91b9e0	Amiga-Aktuell/Music/Moduls/Sound FX/PoR_oDiN_Que_FeSTiN.DaTaS
7f26ca58512f311685e21a1811c3da68	1	152555	player	uade	OctaMED MMD1	0	88256	62f7921b	e019fb4a	Amiga-Aktuell/Music/Moduls/Med Module/IH-SilkwormII.MED
7fa712bebec2c70151f35eeedc724b5f	1	120605	player	uade	OctaMED MMD1	0	199260	4026ae59	9aef56fb	Amiga-Aktuell/Music/Moduls/Protracker/Mod.AfrikaGrouls
7fb7bad34918efce2e1cac8750ead0b3	0	44870	player	uade	AHX v2	0	1381	fc1ebbc0	ce058a11	Amiga-Aktuell/Music/Music editing/ays-t100/Songs/THX.Raider of the Daim
7feb08a04eccdc65219785ce2e2063db	1	161336	player	uade	Protracker	0	199380	a3ad41cd	8a91833c	Amiga-Aktuell/Music/Moduls/Protracker/no-no-no
8030d27449ec609c647a3e5a9d6be2f2	1	254080	player+silence	uade	Protracker	0	371240	1e68136a	4639702c	Amiga-Aktuell/Music/Moduls/Protracker/mod.dosen-gabba
80db57c221745efbda67c998a42d7762	1	242778	player	uade	OctaMED MMD0	0	80354	c9f09f0f	6852ed18	Amiga-Aktuell/Music/Moduls/Med Module/The Unraveling Story
819a925f268d02c2d1d14af3a0ed3445	0	57128	player	uade	SoundFX	0	50028	bcb7c6dc	2338ab5b	Amiga-Aktuell/Music/Moduls/Sound FX/PiTRaCuS.DaTaS
81c56905766f5a23797f36ea27b9c90e	1	23168	player	uade	Protracker compatible	0	69690	41d19110	8e937abd	Amiga-Aktuell/Games/Action/Astrokid/Sound/Mod.Memory
82180253245e266fbbf29b6f1f3b052a	1	522390	player	uade	Protracker	0	225284	b76e95a4	fd27440a	Amiga-Aktuell/Music/Moduls/Protracker/mod.lookup_mr.fryingpan
821fad2091e541264e18baa0dc0e4290	1	392240	player	uade	Protracker	0	203602	25fabc77	a2873cec	Amiga-Aktuell/Music/Moduls/Protracker/mod.je.ha.ha_speedmix
82a03940915b3531016511132e6724d7	1	262531	player	uade	Protracker	0	241120	4f81caff	b22b5223	Amiga-Aktuell/Music/Moduls/Protracker/Mod.Soggy Cornflakes
82b67dd46b4a879cdda5ddd60591c12d	1	360970	player+silence	uade	OctaMED MMD0	0	63166	c0511d12	daf7b429	Amiga-Aktuell/Music/Moduls/Med Module/An_Exotic_Feeling
8339fb6d087b819b9bedc19662e6dfb1	1	246978	player	uade	Protracker	0	311398	b78ee6ac	84bbac03	Amiga-Aktuell/Music/Moduls/Protracker/feel-it
83430ae7340639c3cac22d76aee1b9db	0	142105	player+silence	uade	SoundFX	0	141100	137b18b0	3e75be21	Amiga-Aktuell/Music/Moduls/Sound FX/ouR_TRaSToNiK.DaTaS
83d8fc3fd0f5d11e16c3c70e8b9e6bee	0	547669	player	libxmp	The Player 6.0a	4	154094	edbd6a10	a4e07d5e	Amiga-Aktuell/Demos/Magazins/Oepir5/music5/mod.A Way to Freedom
856afed16783a2d733216422a58e6111	1	20846	player+silence	uade	Protracker compatible	0	39792	a6a0e8ed	48c71b21	Amiga-Aktuell/Games/Adventure/experiment/GRAC.song
85f20b5347ec588edb2326dabf609296	0	8962	player	uade	AHX v2	0	352	a01ca817	c676a701	Amiga-Aktuell/Music/Music editing/ays-t100/Songs/THX.Drums
87ed5b6ffd6b2ef7724ea61b69c0d7d5	1	441471	player	uade	Protracker	0	624178	ea98e23c	d6ddf23f	Amiga-Aktuell/Music/Moduls/Protracker/mod.wired
8829cb75e234bcfe2b26906c5af05c1c	1	190654	player	uade	OctaMED MMD1	0	137196	8ec98b70	e8c82fe1	Amiga-Aktuell/Music/Moduls/Med Module/CanNaTriS.MED
886ad2b2241e0bdd31e52f689cb131d9	0	73458	player+silence	uade	Amos Music Bank	0	35828	e91f7072	30d6dc5a	Amiga-Aktuell/Music/Player/Meister/music/pianosong.abk
896d82c67e86f88c9489e21da6c7cd63	0	188775	player+silence	uade	SoundFX	0	136656	cdc41383	f635a9bc	Amiga-Aktuell/Music/Moduls/Sound FX/TWeNTY_SPaCeS-1.DaTaS
89ba151c2de813a54ec76cdd26ed2081	0	36425	player+silence	uade	SoundFX	0	56720	35dcb553	73022f48	Amiga-Aktuell/Music/Moduls/Sound FX/KaRaKuLo_RaMiReZ.DaTaS
89edf7d470e370786c90763c44a3cc54	1	179321	player	uade	Protracker	0	452014	30e13b1c	c5b4e06c	Amiga-Aktuell/Music/Moduls/Protracker/mod.carmina burana 2
8a0c1312eba1145b2d0d6b797513cd04	0	138942	player+silence	uade	SoundFX	0	90160	387f2a77	add606ac	Amiga-Aktuell/Music/Moduls/Sound FX/THe_ToTo_iS_FuLL.DaTaS
8a18a1cde230b78cd7f6cb20d640ea50	0	176570	player+silence	uade	SoundFX	0	85640	cb2ae3b4	27a50a05	Amiga-Aktuell/Music/Moduls/Sound FX/BLueS_DeL_PaLoDu.DaTaS
8bd20cc46a5878f46594b87503468a0b	1	129139	player+silence	uade	Protracker	0	65230	20af628e	cd5ef9de	Amiga-Aktuell/Music/Moduls/Protracker/mod.fresh_final
8c0b694932d5b8c6df55d4965ec67303	1	284293	player	uade	Protracker	0	246376	90fcd565	0c690dfa	Amiga-Aktuell/Music/Moduls/Protracker/mod.ABC
8c4be10ed811f6eedb1d857232983376	1	216745	player+silence	it2play	Impulse Tracker 2.02	11	202210	00235149	3c644712	Amiga-Aktuell/Music/Moduls/s3m/heaven.s3m
8d4560f0bfc887431a109cae46c7b313	0	124601	player+silence	uade	SoundFX	0	291788	f0c06406	34628bd6	Amiga-Aktuell/Music/Moduls/Sound FX/MaX_MiX_MoC.DaTaS
8d503823ddf61e52f9548b263b8ed0d9	0	146045	player	uade	Amos Music Bank	0	32386	f3065343	83b3cbfd	Amiga-Aktuell/Games/Strategy/ardk/aardvarks/musics/SweetDream
8dcc5aa6e289069fd2eee5ed7105f88f	1	306919	player	uade	Protracker	0	321936	f71e9a4f	14aae667	Amiga-Aktuell/Music/Moduls/Protracker/Mod.Orbital
902738a0daef175b539108920bba3a1c	0	135845	player+silence	uade	SoundFX	0	77980	b5b855c1	d643ca08	Amiga-Aktuell/Music/Moduls/Sound FX/Y_eSTaBa_SoLa.DaTaS
91817a7b19e8ea920fde87518da77b88	1	225400	player+volume	uade	Protracker	0	286808	9e1e40b9	bbfacabe	Amiga-Aktuell/Music/Moduls/Protracker/mod.Hi copy-party
91aecbc2fb7ca172ceca2cb0f10dc99d	1	414194	player+silence	uade	Protracker	0	399366	0c417e5f	58b62e3c	Amiga-Aktuell/Music/Moduls/Protracker/mod.2nd_transition
9278499ed3bd8ccff30d6941d1c75e61	0	170319	player	uade	Amos Music Bank	0	56186	917c2ffb	4e26b703	Amiga-Aktuell/Games/Commercial/TL2DemoE/Data/music.abk
929b9a2abed03ee94c9904fed1206a7a	1	203695	player	uade	Protracker	0	422940	908901bf	94ff7225	Amiga-Aktuell/Music/Moduls/Protracker/mod.the_bomb
9301a3ccd441d8a800e9794c896b7113	1	222845	player	uade	Protracker	0	131628	938930c4	6f51002f	Amiga-Aktuell/Music/Moduls/Protracker/mod.last ninja
937da6ad2bcfb168297651f6ae787e1d	1	192141	player	uade	Protracker	0	93978	cad8c3eb	364aab51	Amiga-Aktuell/Music/Moduls/Protracker/Mod.Mellow
93f81b88e5042ec0d06f795bde723e09	1	165797	player	uade	OctaMED MMD1	0	224670	e248efea	d2c2b229	Amiga-Aktuell/Music/Moduls/Med Module/Lagoon.MED
94402a29509e545fe720d78e658f0596	1	319398	player	uade	Protracker	0	1241480	f48e21ba	2bdde873	Amiga-Aktuell/Music/Moduls/Protracker/tellme1.mod
94e52e5b4f09f184885b5cff78fc8668	0	158083	player+silence	uade	SoundFX	0	124200	1d5a79a2	5e4faf3b	Amiga-Aktuell/Music/Moduls/Sound FX/WaiTiNG_FoR_GuaL.DaT
95706ca12b877174dd5169918eaee69a	1	63578	player	uade	OctaMED MMD1	0	66982	b8cd3be9	a4b6a5a6	Amiga-Aktuell/Music/Moduls/Med Module/IH-Tomb.MED
95f64ff98c12edd5d2b750a3492c7a05	1	174599	player	uade	Protracker compatible	0	56216	c900ba77	a31b86b8	Amiga-Aktuell/Games/Action/Astrokid/Sound/Mod.Crater
96556426ce51ed609c8853b38f68fc4e	1	81421	player	uade	Protracker	0	53989	b6162d26	27301e96	Amiga-Aktuell/DTP & Co/Texts/Online Magazines/mb_apr96/MUSIC/MOD1
96cae8c8c4a00d57c2c6a5b77ec6ef4f	1	243482	player	uade	Protracker	0	420684	14136a9f	fa919fe0	Amiga-Aktuell/Music/Moduls/Protracker/StolenPiano.mod
96cfbacf2f88e0915b00b1c5d5e9c6a3	1	558768	player+silence	uade	Protracker	0	331024	16a64ba7	42b35485	Amiga-Aktuell/Demos/Magazins/TPProbe1/probe1/sound/Mod.Global_Expansion
985a33122ca3fe12869d3957079ca928	1	154244	player+silence	uade	Protracker	0	130704	6b38ac1c	804ef4a7	Amiga-Aktuell/Music/Moduls/Protracker/MYLIFE.MOD
98a3448cb522b7452420d006348f58b0	1	304950	player	uade	Protracker	0	324128	a867c54a	5f944a26	Amiga-Aktuell/Music/Moduls/Protracker/MOD.HYPNOTRANCE
99265d5f11aa8d7caeb549612d08271f	1	166471	player+silence	uade	Protracker	0	408476	5ed5c660	93502fed	Amiga-Aktuell/Music/Moduls/Protracker/nogood.mod
99944666c939b698249737ee5f31aaef	1	194311	player	uade	Protracker	0	296042	b444b474	351235d0	Amiga-Aktuell/Music/Moduls/Protracker/MOD.DREAMVISIONS_RMX
99f8c9da891fee205efd8a439130f6b4	1	265264	player	uade	Protracker	0	183236	69a2c0e3	04308078	Amiga-Aktuell/Music/Moduls/Protracker/welcome 2
9a17992382c38993ee2e108f19e186d1	1	195316	player	uade	OctaMED MMD0	0	69992	f9f45b22	f52fe868	Amiga-Aktuell/Music/Moduls/Med Module/Insensitivity
9a7f2fa2e037f5e9177b3338f465ab93	1	218478	player+silence	ft2play	Fasttracker (M.K.)	4	71373	dceb8502	deb37a76	Amiga-Aktuell/Music/Moduls/Protracker/RAPTURE.MOD
9bdee4c9fa9732d48dae0a814e3777c2	1	28272	player	uade	Protracker	0	165086	20a82dfb	bfc044df	Amiga-Aktuell/Music/Moduls/Protracker/mod.Flight of Maya Bee
9c4522b2cb0d64be63e1c143480af7da	1	309916	player+silence	uade	Protracker	0	412822	d151c53c	9c9dbb4d	Amiga-Aktuell/Music/Moduls/Protracker/Mod.DeepForest
9cb477c810e75e16e7ddd3437dd44e24	0	123017	player	uade	Amos Music Bank	0	51918	26c5cd92	3e7869ad	Amiga-Aktuell/Music/Player/Meister/music/bard.abk
9cbea3320217346dfa119c13550a71b9	0	160678	player+silence	uade	SoundFX	0	165392	ea928811	d767abdb	Amiga-Aktuell/Music/Moduls/Sound FX/BuToNaTeD.DaTaS
9d4cb051e68f6f4cc1321965b02a100d	1	385044	player+volume	uade	Protracker	0	1748466	d29444d0	b768291d	Amiga-Aktuell/Music/Moduls/Protracker/mod.FriendsLive
9d98c596674d5e123958853c21ce1195	1	38520	player	uade	Protracker	0	25704	a1cf17ad	63ac6bf3	Amiga-Aktuell/Tools/Time Tools/S-Clock/Weckmodul
9df58c1d4ad27e33513544a280c8ca06	1	217178	player	uade	Protracker	0	150210	956710d3	b84b1818	Amiga-Aktuell/Demos/Magazins/Oepir3/music3/mod.chip-slayer!
a01e32f5e2d13fb76e00eb3ef727f026	1	586230	player	uade	Protracker	0	22940	5f939db2	de21fae2	Amiga-Aktuell/Music/Moduls/Protracker/mod.Experimental5_Dbl
a0f2d6f0215b71d01bffb7028a358f48	1	277542	player	uade	Protracker	0	149494	9d10a0fd	e7c2f8dd	Amiga-Aktuell/Music/Moduls/Protracker/mod.yolanda
a15a6a298a7c8c23bc31155accc5bac2	1	136032	player+silence	uade	Protracker	0	45608	8347474f	1aa30ac7	Amiga-Aktuell/Music/Moduls/Protracker/mod.rhythmoasis
a15c174eae6584fa28f1d66ae1cb5933	1	336921	player+silence	uade	Protracker	0	362432	3b0cc192	9c5a3ea9	Amiga-Aktuell/Music/Moduls/Protracker/devotion.mod
a1c24881a76f99d05d9a898698fb7ef0	1	276169	player+silence	uade	Protracker	0	594752	b92ef5bf	113a82d2	Amiga-Aktuell/Music/Moduls/Protracker/Mod.Birth
a2b396cb6e4f82109631fb7f35c7c454	1	253649	player	uade	Protracker	0	160228	f50f8234	c29cfc99	Amiga-Aktuell/Music/Moduls/Protracker/Mod.A New Galaxy
a3375ff5facf36b0c0c2bb1b40b4a373	1	300911	player	uade	Protracker	0	220622	e4573c65	96fbb738	Amiga-Aktuell/Music/Moduls/Protracker/mod.alien_i_am
a39d2cdeb6ced3b327a783e4b5fcfe9d	1	129469	player+silence	uade	Protracker compatible	0	128886	a5235637	bd5eea82	Amiga-Aktuell/Music/Moduls/Protracker/DaitarnIII
a434f186d9ade8d8f33c6376e25643a8	1	296872	player	uade	Protracker	0	258368	b25e47a2	f75e57b6	Amiga-Aktuell/Music/Moduls/Protracker/Mod.Black Rain
a447ccb9eff7c70ece77b78221004c80	1	118841	player+silence	uade	Protracker	0	219512	14ef1027	3cc5dbf2	Amiga-Aktuell/Music/Moduls/Protracker/Blood.Mod
a4b708fd820c9e3e28d3c0f2a136b92e	0	87102	player+silence	uade	SoundFX	0	68812	8b5762d7	16a8f550	Amiga-Aktuell/Music/Moduls/Sound FX/THe_MaD_SHaDoW.DaTaS
a5aa15208c9ead138164b635d55da17f	1	313450	player	uade	Protracker	0	239086	b6e18106	d037add2	Amiga-Aktuell/Music/Moduls/Protracker/OCTOBER.MOD
a5c6512ea77a8047a3138e6b536f1c88	1	238920	player	uade	OctaMED MMD0	0	75206	b10db8ef	0787e451	Amiga-Aktuell/Music/Moduls/Med Module/Faked_Out
a5f2bdd13b4dd5c2c1e551f71ecf2d68	1	100169	player	uade	Protracker	0	45340	7e18de5b	b6523d6c	Amiga-Aktuell/Music/Moduls/Protracker/mod.mindless
a6f383974118497aaeb6a1cefc00cf21	1	80758	player	uade	Protracker	0	124688	e998282a	0d55968d	Amiga-Aktuell/Music/Moduls/Protracker/mod.westcoast_jazz
a7343939ec83b554057a329da80bf5cb	1	263716	player+volume	uade	OctaMED MMD0	0	78966	b34e60c4	0de37de6	Amiga-Aktuell/Music/Moduls/Med Module/DarkSideOfTown
a8d21ae12cbb575b076bdd253402a186	1	205363	player	uade	Protracker	0	142058	efa81b39	39cd6e5e	Amiga-Aktuell/Music/Moduls/Protracker/Mod.TecnoJive
a8e077eb3f68a1776c2c18f2302e5fa5	1	134179	player	ft2play	Fasttracker	8	142280	c7926042	303714cf	Amiga-Aktuell/Music/Moduls/Stonetracker/8CH.acid-boat
a8fedb274f93691f921b9744d8f2a5c1	1	99968	player	uade	Protracker	0	62538	a34c7a58	f33b98f6	Amiga-Aktuell/Music/Moduls/Protracker/mod.kickedinthebuttbylove
a955d5a3d72f4b0d541e18585266fb42	1	284293	player	uade	Protracker	0	50688	2cbb002a	d3f97daf	Amiga-Aktuell/DTP & Co/Texts/Online Magazines/mb_feb96/MUSIC/INTRO
aa6c0f9cb83132b2e67049c4f3bc986d	1	301594	player	uade	Protracker	0	215074	fd7fd121	7d9d59b5	Amiga-Aktuell/Music/Moduls/Protracker/mod.thesmallerwebecome
ab3f696b32c238b08676bcb98ee8066e	1	219489	player	uade	Protracker	0	591500	10be53da	f3aaf0b4	Amiga-Aktuell/Music/Moduls/Protracker/Mod.GateOfThunderdome
ab7056acb79feb05be401c4ccba6894e	1	119903	player+silence	uade	Protracker	0	246600	871c376f	bd9fb039	Amiga-Aktuell/Music/Moduls/Protracker/LOUSY.MOD
ac8b73001402edcffce6e65e0e5ef31b	1	408275	player	uade	Protracker	0	276918	0c819973	68fab0db	Amiga-Aktuell/Music/Moduls/Protracker/mod.in-no-sense2!-fz
acbdb5be28800e140e5ae48f1c1a494c	0	191375	player+silence	uade	SoundFX	0	237724	d520f372	8079bf6e	Amiga-Aktuell/Music/Moduls/Sound FX/TWeNTY_SPaCeS-2.DaTaS
accebbe3d081f194df25eb29fb001fce	0	160912	player+silence	uade	SoundFX	0	62052	0d0ca5ab	3b2fb104	Amiga-Aktuell/Music/Moduls/Sound FX/HoTeL.DaTaS
ad55989d9cc908b884b340f06183cbd8	1	431645	player	uade	OctaMED MMD0	0	64570	373e8b00	3033a58a	Amiga-Aktuell/Music/Moduls/Med Module/A Summer Feeling
ad61e8b6d1839796ef72c7aa338b5e46	1	101717	player	uade	OctaMED MMD1	0	82088	69b5ac80	9a0c19e8	Amiga-Aktuell/Music/Moduls/Med Module/Crashed.MED
ad7d2146ab0501a341cc5acf0d944ba3	1	195959	player	uade	Protracker	0	179868	dbaff105	38282022	Amiga-Aktuell/Music/Moduls/Protracker/MOD.BLISSED
adeaba39aebf4b1b3bfeff3cefb8a519	1	229255	player	uade	OctaMED MMD0	0	65792	c9d23f72	517f2b87	Amiga-Aktuell/Music/Moduls/Med Module/To Be With You
af00457c6b8f8ace4426d429ce8005f8	1	314374	player	uade	Protracker	0	267794	18b93150	c6c6493c	Amiga-Aktuell/Music/Moduls/Protracker/TRANCEDR.MOD
b01320418f72643a7bf9628ab636e23e	1	128703	player	uade	Protracker	0	266988	80d1a223	e05a290a	Amiga-Aktuell/Music/Moduls/Protracker/mod.shine_on_me
b0fac460ac311b34167c78682a4fdae3	1	212458	player+silence	uade	Protracker	0	153664	8663d25b	b925d5ab	Amiga-Aktuell/Music/Moduls/Protracker/mod.Mouth song
b108ca5f3b06a8d776bdb0359fab992b	0	111364	player+silence	uade	SoundFX	0	69908	946313f0	e968b688	Amiga-Aktuell/Music/Moduls/Sound FX/GLaDiZ_MoN_aMouR.DaTaS
b1826ffcc7cf14b3fdd9535e1d18142c	1	201240	player+silence	uade	OctaMED MMD0	0	158684	77ecd4e6	646e5bb1	Amiga-Aktuell/Music/Moduls/Med Module/Roarin'_Flames
b1bf936cde88f657b5f68ba8f95459a1	0	151510	player	uade	SoundFX	0	91712	d5779f62	9dcc05a6	Amiga-Aktuell/Music/Moduls/Sound FX/SoBaC_FRieNDS.DaTaS
b26f796605dd3ab5b2e2c2dd2b8d78ac	0	146756	player+silence	uade	SoundFX	0	83912	e3e1bb5f	d3d33f4a	Amiga-Aktuell/Music/Moduls/Sound FX/oTRo_aZuLeJo.DaTaS
b2a93a07bd1cf63f0d73c552b51f6362	1	231807	player	uade	Protracker	0	212498	09713254	7b8383f1	Amiga-Aktuell/Music/Moduls/Protracker/Mod.Late
b38ff0f411c581ea4d320187610ed8de	1	365069	player+silence	uade	Protracker	0	349244	51e7890e	0191db6d	Amiga-Aktuell/Music/Moduls/Protracker/mod.respectthevinyl
b3bbc70d8a5355ef5fc3662cc9bd5385	1	254333	player	uade	OctaMED MMD0	0	81852	6cc98679	1af9a996	Amiga-Aktuell/Music/Moduls/Med Module/SoftHearts&Reflections
b4363c93f9ff1c85e6cd32f8362f3c7e	1	12920	player	uade	Protracker	0	5842	a4071e2d	18249ed2	Amiga-Aktuell/DTP & Co/Texts/other Texts/fdlinfo/Mods/Tune2.mod
b4859a788fb67a9ed40ae44b96991496	1	242698	player	uade	Protracker	0	137818	b2448ac0	648749e6	Amiga-Aktuell/Music/Moduls/Protracker/Mod.The Fog
b50eaee76b7506b56250e7401ea7e2dd	1	230541	player	uade	Protracker	0	460216	5dcd399c	c6609b55	Amiga-Aktuell/Music/Moduls/Protracker/Mod.DownUnderTheSea
b55263ce6464528ca0fbad37749cb983	1	395132	player+silence	uade	Protracker	0	160838	bea876c3	f67ecf3b	Amiga-Aktuell/Music/Moduls/Protracker/mod.flutter
b635639a698736070ebabf41063a83a7	1	109574	player	uade	Protracker	0	98400	e7c34b64	e244c94b	Amiga-Aktuell/Music/Moduls/Protracker/mod.szesliwa
b64a33287961261ff8534eede9712725	1	212954	player+silence	uade	OctaMED MMD3	0	283642	504e76ab	ea14038e	Amiga-Aktuell/Music/Moduls/OCSS/FireDance.OCSS
b66db117fc276dd8f67085eafe3f3e48	1	8278	player	uade	Protracker	0	85070	bac73480	6a1aea7f	Amiga-Aktuell/Demos/Magazins/TPProbe1/probe1/sound/Mod.IntroScene
b66db117fc276dd8f67085eafe3f3e48	2	0	nosound
b66db117fc276dd8f67085eafe3f3e48	3	11261	player+silence
b67d37fefeb64a4ec83af4bd06a11215	1	218754	player+silence	uade	Protracker	0	236322	8825bf39	68ff6942	Amiga-Aktuell/Music/Moduls/Protracker/forest fire
b67e5a734878975661a2bc6094e0b9b9	1	230541	player	uade	Protracker	0	166720	4fb077ed	e792ef00	Amiga-Aktuell/Demos/Music/magnitude/song4
b727fa17e5c99d7366d234219b78fa04	1	262049	player	uade	OctaMED MMD0	0	125422	81322594	cf6136db	Amiga-Aktuell/Music/Moduls/Med Module/Afar_Along_The_Universe
b74dce49e89b1a842dfcb2307aecc81e	1	190574	player	uade	OctaMED MMD1	0	438080	0ea3a715	1470a387	Amiga-Aktuell/Music/Moduls/Med Module/.SubRemix
b7bba785bc2b047e8065efec26d3c37d	1	433935	player+silence	uade	Protracker compatible	0	206156	344ac8f7	d945a24d	Amiga-Aktuell/Music/Moduls/Protracker/mod.Xyzyx
b8ce8d86d548338f1a8fba9871629615	0	126654	player+silence	uade	SoundFX	0	175996	bf98a1c5	3222b7f3	Amiga-Aktuell/Music/Moduls/Sound FX/Va_a_LLoVeR.DaTaS
b98af7e6fe44977585bf0175c5eab1f6	1	161397	player	uade	Protracker	0	160380	a2f5a180	8126e27f	Amiga-Aktuell/Music/Moduls/Protracker/cop this!
ba337ff9258063b5363a4292d65bf272	1	206035	player+silence	uade	Protracker	0	955566	63d5d934	021193b5	Amiga-Aktuell/Music/Moduls/Protracker/mod.handinhand
bb34ecf4adc4020c787613fe10edd392	1	284273	player	uade	Protracker	0	660312	3e63bbd1	e3d3664e	Amiga-Aktuell/Music/Moduls/Protracker/Mod.Futurebeats
bb8cf022867b247fa5aab79dd14c285e	1	340517	player	uade	Protracker	0	316848	79b4778f	ee6c372e	Amiga-Aktuell/Music/Moduls/Protracker/mod.lunatic_tribes
bba37b662bc73730b87602be5fb81288	1	259999	player	uade	Protracker	0	132646	3e3d0c60	cdacfa22	Amiga-Aktuell/Music/Moduls/Protracker/mod.confuzed
bc891e5c56b4ffc5b8d5c0d118aeb5b6	0	87168	player	uade	AHX v2	0	3249	4c417f0f	d74f4afe	Amiga-Aktuell/Music/Music editing/ays-t100/Songs/THX.Sometimes
bca54bb830951afa8186316e40b5452d	1	122233	player	uade	Protracker	0	272016	c3802a79	2400db13	Amiga-Aktuell/Music/Moduls/Protracker/mod.beatstop_music-shop
bd085fc63aca03952331868c7eb32d51	1	169093	player	uade	Protracker	0	149992	248a9a4d	6ec10761	Amiga-Aktuell/Demos/Music/magnitude/song1
bd085fc63aca03952331868c7eb32d51	2	153721	player
be00e1f7e5e4cfb9df2757f70acab119	1	322693	player	uade	Protracker	0	238826	71e205a4	a1a8c637	Amiga-Aktuell/Music/Moduls/Protracker/MISTER.MOD
be393eb5f6c4359d51a6a1b60dfbb91c	1	347168	player	uade	Protracker compatible	0	64886	700ec7b7	1b528adc	Amiga-Aktuell/Music/Moduls/Protracker/mod.Show
be49cf01d1958bd7dae17518b68bbc48	0	99464	player+silence	uade	SoundFX	0	152720	aab828d2	c0b04ba5	Amiga-Aktuell/Music/Moduls/Sound FX/CoNaN_oVeR_THe_SHiT.DaTaS
bebbc8afa16f835c59ad1d91f387439a	1	297515	player	uade	Protracker	0	172474	0290335c	aa844c00	Amiga-Aktuell/Music/Moduls/Protracker/mod.massacre2
c0970a97b7c1f02c709be4afc941e66c	1	56424	player	uade	Protracker	0	10674	1c112eaa	0f1456d4	Amiga-Aktuell/Music/Moduls/Protracker/mod.chip-it-16
c0c8d6bf6be0c0e6d9682e980a3dd3df	1	229014	player	uade	Protracker	0	184072	4ca522d5	1fc0bc86	Amiga-Aktuell/Music/Moduls/Protracker/mod.Smierdzi trupem
c152720852b539d25fe762d200e725d3	1	142134	player+silence	uade	Protracker	0	184350	f5677b77	1e1965f3	Amiga-Aktuell/Music/Moduls/Protracker/mod.polizei
c1c4044ccf5849837f535a813e0e3dfc	1	138890	player+silence	uade	Protracker	0	130902	4e7a17b7	49c0b7c4	Amiga-Aktuell/Music/Moduls/Protracker/LIK.MOD
c1fa354311c4f2759d0d535d29895dd5	1	474867	player	uade	Protracker	0	140898	0241f3fe	47b36499	Amiga-Aktuell/DTP & Co/Texts/Online Magazines/StarMag3/Musik/Bäss
c214df909e23d63230475b06a96d2599	1	138690	player	uade	OctaMED MMD0	0	69208	47434471	33b11c3e	Amiga-Aktuell/Music/Moduls/Med Module/I_Won't_Cry
c2a93eb09aa21092f0b3f967e105f81b	1	176761	player+silence	uade	OctaMED MMD1	0	312302	fbd983ad	253cd755	Amiga-Aktuell/Music/Moduls/Med Module/BRoDeFoNiCa.MeD
c3978ba11043c450261f53f42d4740f9	1	45773	player+silence	uade	Protracker	0	46928	d7c93320	7bdd48e8	Amiga-Aktuell/Music/Moduls/Protracker/mod.ballad_song
c447aa751fc03369e0d37f64fdd3b15c	1	104544	player+silence	ft2play	Fasttracker (M.K.)	4	113986	436da311	b2b692eb	Amiga-Aktuell/Music/Moduls/Protracker/NUTS.MOD
c4f85307e5c90996f2ba3ea719fa09b6	1	220127	player+silence	uade	Protracker	0	298262	e70c7e0d	f07ee2e4	Amiga-Aktuell/Music/Moduls/Protracker/mod.Nyarlathotep
c641faf6c47505d32d6af649b79edd81	1	156293	player	uade	OctaMED MMD1	0	102812	a69f0d87	8822020d	Amiga-Aktuell/Music/Moduls/Med Module/IH-Awake.MED
c6cdc39d318eb2383075b18bd5068757	1	142082	player+silence	uade	OctaMED MMD1	0	248350	979f1f97	2e7f36bc	Amiga-Aktuell/Music/Moduls/Protracker/Mod.GuitarTimes
c6d6519a2a4abc109471a9eac30688c8	0	68277	player+silence	uade	SoundFX	0	117392	1bc6b2b2	421b5090	Amiga-Aktuell/Music/Moduls/Sound FX/Se_MuRio.DaTaS
c7598be204d2c7b66f2a08e2c9332b30	1	161397	player	uade	Protracker	0	124924	5aa239a1	d26b4adf	Amiga-Aktuell/Music/Moduls/Protracker/mod.dat
c77d1b47f97de33b8ec52cc8fe27189c	1	130693	player	uade	Protracker	0	33042	5d261f0b	d3ac1d13	Amiga-Aktuell/Music/Moduls/Protracker/mod.Experimental1
c7e230f36759f9b6b247a93f2a529e60	0	172810	player	uade	Amos Music Bank	0	62972	214c6b77	e3473c8e	Amiga-Aktuell/Music/Player/Meister/music/NeverEnding Story.ABK
c850351b5ddfcb86f3cd63c61383b264	1	12357	player	uade	Protracker compatible	0	52144	a5338880	b367ee6a	Amiga-Aktuell/Games/Action/Astrokid/Sound/Mod.Battle
c9397e31d688b5879946e97356e9fd16	1	371232	silence	uade	OctaMED MMD3	0	952898	f20e7173	0e87b405	Amiga-Aktuell/Music/Moduls/OCSS/defiance.crybaby.5
ca1dabd467c5c9fa1721fd6d7d4691df	1	282839	player+silence	uade	Protracker	0	327768	f4ab7487	72bedc65	Amiga-Aktuell/Music/Moduls/Protracker/Mod.Another World
ca6e4ffc27e72b6730d54cc0b784a39b	1	274648	player	uade	OctaMED MMD1	0	273854	d3cbd45e	e8887826	Amiga-Aktuell/Music/Moduls/Med Module/Believer
caab4163e7c80dc872db60a22053fc93	1	272920	player	uade	Protracker	0	296514	dedae7e9	58cc3531	Amiga-Aktuell/Music/Moduls/Protracker/Mod.Orion
cb110a65d88adfadf9ca05c8a5b617dd	0	176950	player+silence	uade	SoundFX	0	91196	4da9759b	21d812c6	Amiga-Aktuell/Music/Moduls/Sound FX/TYPoGRaFY.DaTaS
cb11bd799f8ae42b9967759536e3f175	1	590357	player+silence	uade	Protracker	0	191748	16bbfa0f	1a3e543f	Amiga-Aktuell/Music/Moduls/Protracker/mod.forest trip
cb69908d69164fc4c51baa91ebb5c600	1	216596	player	uade	Protracker	0	297752	8ecd6631	df864321	Amiga-Aktuell/Music/Moduls/Protracker/MOD.HOSHI_MEGAMIX
cc5850186efc4389c199714dfe703572	1	174478	player+silence	uade	Protracker	0	175698	0d4fca37	691ef7dd	Amiga-Aktuell/Music/Moduls/Protracker/mod.u_belong_2_me
cc7494d482acff192a204b19ba5aac27	1	567417	player+volume	uade	Protracker	0	432770	d5e95629	d4934d89	Amiga-Aktuell/Music/Moduls/Protracker/MIDNIGHT.MOD
cca82bbf0307d0c7176bf33fa74a5b0f	1	245953	player	uade	Protracker	0	344842	4cc7ed17	4944b1f2	Amiga-Aktuell/Music/Moduls/Protracker/mod.arabien core
cd1b54d075bbb712c61cdcfea97372b3	1	222284	player+silence	uade	Protracker	0	357798	632580b2	ce561ad0	Amiga-Aktuell/Music/Moduls/Protracker/mod.rescue
cd2c5e489e35173e27f542f760fbd9a7	1	195229	player+silence	uade	P50A - P60A - P61A	0	179098	47e90af3	3d156798	Amiga-Aktuell/Demos/Magazins/Oepir7IC/musici/P60.Soft Amber
cdd1cd729d607fa6bf9ca9d6d7600a89	1	201798	player+silence	ft2play	Fasttracker (M.K.)	4	226170	0384bdf8	a09d48da	Amiga-Aktuell/Music/Moduls/Protracker/Mod.NewAgeRock
ce7bd9548336016fefde674a2417a25e	1	114115	player	uade	Protracker	0	208802	19e35413	668ec890	Amiga-Aktuell/Music/Moduls/Protracker/mod.Mouth song II
cea7c0b216690f04ac1e81f3475d79ca	1	368388	player	uade	Protracker	0	788186	3a98b303	28cf0546	Amiga-Aktuell/Music/Moduls/Protracker/mod.BornSlippy
cf8617eaf4f3105acf069d07b6abf0a6	1	95829	player	uade	OctaMED MMD1	0	68594	65b96129	a3c9b8ad	Amiga-Aktuell/Music/Moduls/Med Module/IH-Drive.MED
d071541d1eb922292760aa21b35b4799	1	166084	player+silence	uade	Protracker	0	182632	d3370495	b685e730	Amiga-Aktuell/Music/Moduls/Protracker/gone forever
d12b63ca02186db353ead55d542bb02a	0	72106	player+silence	uade	SoundFX	0	122776	e2dd4e0f	1e4e5160	Amiga-Aktuell/Music/Moduls/Sound FX/RiNG_TiNTiN.DaTaS
d1b1017dd6c98a5977e97cff84ed12b2	1	148661	player+volume	uade	Protracker	0	290832	da085d3e	e5bdc1b6	Amiga-Aktuell/Music/Moduls/Protracker/fortune forests
d273e2789f25ccaf86c38693d3b51c25	1	180567	player	uade	Protracker	0	108492	45deaaa3	5e376c7e	Amiga-Aktuell/Music/Moduls/Protracker/Mod.Jive
d2c0a329d092de2032b7ca6dc939979c	1	192141	player	uade	Protracker	0	70376	fcb52945	c5783bb0	Amiga-Aktuell/Demos/Music/magnitude/song6
d3673fe29cd5554bb2bdbe39023b3f90	1	404598	player	uade	Protracker	0	529854	6d77db9d	25e07d2b	Amiga-Aktuell/Music/Moduls/Protracker/mod.moogys-complaint-fz
d3908223840dc0508283b06055256ca6	1	124242	player	uade	Protracker	0	117550	4c27392d	ff86d02d	Amiga-Aktuell/Music/Moduls/Protracker/Mod.Tales_of_Truth
d39d5731e8876260ee0f2cfeae29bb71	1	206428	player	uade	Protracker	0	79726	16881226	1c3b1345	Amiga-Aktuell/other Stuff/Miscellaneous/BlitzBank/datas/mod.blitzbank_theme   
d3a2609ddfb036565b5aff27f45bbfb5	1	160131	player	uade	Protracker	0	69988	f268274a	3b7147d9	Amiga-Aktuell/Music/Moduls/Protracker/mod.notthesongname
d44db2e734576514a0230b5724828513	0	77683	player+silence	uade	SoundFX	0	77892	c387144c	f2f38507	Amiga-Aktuell/Music/Moduls/Sound FX/CLiCK_aND_PuSH.DaTaS
d58242d1163df5f727042af20f33636f	0	37849	player+silence	uade	SoundFX	0	49248	9e457d91	be879107	Amiga-Aktuell/Music/Moduls/Sound FX/PoRCuS_oF_RoMa.DaTaS
d5bd6f0c049d0322dfbaee870861c79c	0	86231	player+silence	uade	SoundFX	0	72036	0f6ac293	86b3d8b4	Amiga-Aktuell/Music/Moduls/Sound FX/LLeGo_eL_FiNaL.DaTaS
d62a9596fba2d217698196965e19c227	1	251028	player+silence	uade	Protracker	0	771386	4a040c8f	4f53e107	Amiga-Aktuell/Music/Moduls/Protracker/mod.aroundtheworldrmx
d68d553bf150a965b51fd383ee450fd0	1	84255	player	uade	OctaMED MMD1	0	42118	ef44f24c	b57d630e	Amiga-Aktuell/Music/Moduls/Med Module/IH-Convention.MED
d71fd9c4e2dd7f9a9d6a11a16757d34d	1	92292	player	uade	Protracker	0	84400	cf33f7d1	280f8fa8	Amiga-Aktuell/Music/Moduls/Protracker/mod.allright
d862a82ad5ebcc9d6735f8d607d65af6	0	180547	player	uade	SoundFX	0	92968	48d2bbd2	c08224cb	Amiga-Aktuell/Music/Moduls/Sound FX/ROCKXaNGa.DaTaS
d895338fcb3468f3d67cf2a4cea5de93	1	102520	player	uade	Protracker	0	274350	8ee54ce7	ba494873	Amiga-Aktuell/Music/Moduls/Protracker/mod.voodoo_people
d8d19c14779ed7f97f3b3de420f13578	1	310329	player+silence	uade	Protracker	0	108704	a04ad483	79b2ba66	Amiga-Aktuell/Music/Moduls/Protracker/mod.mixdown
d997adba942b6335e90536b370246dce	1	223896	player+silence	uade	OctaMED MMD0	0	61762	a57a11e5	a4efd65b	Amiga-Aktuell/Music/Moduls/Med Module/HappyReggaeMan
d9e9c58beded15fbabe5cb5cf0aede4f	1	194874	player	uade	Protracker	0	665618	9a11f7ef	bf07fc80	Amiga-Aktuell/Music/Moduls/Protracker/mod.streetbeat
da16dfd719602500c2908ad6db863f43	1	137751	player+silence	uade	Protracker	0	483130	a3980d32	801ceca0	Amiga-Aktuell/Music/Moduls/Protracker/LIFE.MOD
da84edace782f4a2cb938e846f30b3dd	1	124335	player+silence	uade	Protracker	0	286832	3bb2607c	918e7ccc	Amiga-Aktuell/Music/Moduls/Protracker/mod.go_on_move
dae5c500045edc5c2cb225201d8ef739	1	174626	player+silence	uade	Protracker	0	253738	cc4a1c63	83eca9f5	Amiga-Aktuell/Music/Moduls/Protracker/Mod.StarTrek
db1ff0239ae1ad1051402031537e32d5	1	155223	player+silence	uade	OctaMED MMD1	0	235568	5d5dc0a2	0ecb0e7d	Amiga-Aktuell/Music/Moduls/Protracker/Mod.Caraybes
dc7af877b630bd35043876b2dbcd5ebf	1	235626	player+silence	uade	Protracker	0	374158	97bff0a3	4c3e0c2a	Amiga-Aktuell/Music/Moduls/Protracker/mod.sADLY tiMeS
dc86679923b81d961d8ea331cb658f00	1	153560	player	uade	OctaMED MMD1	0	60038	e54dbaa0	c6ac9aaf	Amiga-Aktuell/Music/Moduls/Med Module/IH-Idol.MED
dca5a0777d1e56088680d61c779ddb89	1	70711	player	uade	Protracker	0	111302	65b53085	4a6c6aba	Amiga-Aktuell/Music/Moduls/Protracker/mod.spatial_relation
dd147b14fbfd0242d5bce3a4988801a3	1	241734	player	uade	Protracker	0	197422	d2eaa33d	73137650	Amiga-Aktuell/Music/Moduls/Protracker/mod.attack of saucermen
de203cd20db740367b58063e7faec257	0	52827	player	uade	SoundFX	0	57664	3bdab610	66b0c5a4	Amiga-Aktuell/Music/Moduls/Sound FX/THiS_iS_MY_KaRMa.DaTaS
ded743e44ed5f8fffb758adb7c3693ad	1	124766	player+silence	uade	Protracker	0	320038	cbd39079	4f705b77	Amiga-Aktuell/Music/Moduls/Protracker/SEDUCT.MOD
dee5198780e757b98c626504179f642e	0	15372	player	uade	AHX v2	0	744	763b7e5c	b0191d05	Amiga-Aktuell/Music/Music editing/ays-t100/Songs/THX.Hawkeye-Loader
df20407ae26257027176bf0412594f4a	1	143493	player	uade	Protracker	0	305208	ae85fc41	b4403b35	Amiga-Aktuell/Music/Moduls/Protracker/mod.the_room
df90855c72e45dad7cf9b57184b8a6dd	1	115321	player	uade	Protracker	0	66018	43a207c7	6c6beb9b	Amiga-Aktuell/Music/Moduls/Protracker/mod.Super Hard
e02cf1c490e752aab1b10a551dacb242	1	298021	player+silence	uade	OctaMED MMD0	0	88576	755c4345	ffe660da	Amiga-Aktuell/Music/Moduls/Med Module/Earth&You
e0df1f246c4a2256627b186962bef80d	1	297310	player+silence	uade	Protracker	0	252758	603a0bf3	145dcc0e	Amiga-Aktuell/Music/Moduls/Protracker/mod.drum^bass_frenzie
e124819f04f7d5e6c3b69b9cd5219895	1	283811	player	uade	Protracker	0	119640	51b7e270	514286ef	Amiga-Aktuell/Music/Moduls/Protracker/mod.kex_i_halsen
e1f8facfd6b568a5c4cba44d1e11dcce	1	278727	player	uade	OctaMED MMD0	0	92128	71a93091	3f8b78a6	Amiga-Aktuell/Music/Moduls/Med Module/Don't Turn Back
e23f57437661dccfe3395a6dc258ca7c	1	254895	player	uade	Protracker	0	29848	eeb1d54a	ddfeee4a	Amiga-Aktuell/Music/Moduls/Protracker/mod.Experimental2_LVer
e24133b82b941f5b3e68cc3e3e3d8f2d	1	257407	player	uade	Protracker	0	496042	8f5941ca	33f6491b	Amiga-Aktuell/Music/Moduls/Protracker/Mod.TheDarkHalf
e437d96c405babf9ec164df7e8f92678	1	203635	player	uade	Protracker	0	51128	d25da0c0	7912c42d	Amiga-Aktuell/Demos/Music/magnitude/song7
e5cef154f749c6348ad53f5bafed9d0e	0	67985	player+silence	uade	SoundFX	0	73928	9ebef2ff	2f98e4a1	Amiga-Aktuell/Music/Moduls/Sound FX/FuCKiNG_GuiTaR.DaTaS
e624fb3b73c7edc6249c849fc49f2fd1	1	171647	player+silence	uade	Protracker	0	429458	58323833	d39356d1	Amiga-Aktuell/Music/Moduls/Protracker/MOD.CoMeMe_La_PeRoLa
e661f0e2c2c75a5c00efbfe16ba024c7	1	219862	player+silence	uade	Protracker	0	391652	684be77b	97640de1	Amiga-Aktuell/Music/Moduls/Protracker/mod.NightGuard
e68ac9298b212f4a1204108aab75c9b6	0	121266	player+silence	uade	SoundFX	0	109212	da07a78b	0467667b	Amiga-Aktuell/Music/Moduls/Sound FX/oN_THe_SLeeP.DaTaS
e70d51346297f4bdf53e310b8623407b	1	174153	silence	uade	Protracker	0	276190	0bb2c200	a4351766	Amiga-Aktuell/Music/Moduls/Protracker/Uhidada.Mod
e740e0b933fe82efc1571240ed04bcba	1	224754	player	uade	OctaMED MMD0	0	70824	fc2ccc8d	e1e86b4d	Amiga-Aktuell/Music/Moduls/Med Module/Just_For_You
e767c8c7bddfb6ab6cf7e9b6bf621a5c	1	375180	player	uade	Protracker	0	303336	3539ed84	2845ee89	Amiga-Aktuell/Music/Moduls/Protracker/mod.cyberia
e783b467c93d5eaad751ae503270131f	1	189207	player	uade	Protracker	0	269236	e41700fb	321cb7ee	Amiga-Aktuell/Music/Moduls/Protracker/LV426.MOD
e790966a6a4e2c1b6d342d2ae0e238ca	1	151410	player	uade	Protracker	0	268746	8bdccb13	49edc039	Amiga-Aktuell/Music/Moduls/Protracker/mod.TheDownfall
e790966a6a4e2c1b6d342d2ae0e238ca	2	146306	player
e790966a6a4e2c1b6d342d2ae0e238ca	3	146647	player
e790966a6a4e2c1b6d342d2ae0e238ca	4	151088	player
e790966a6a4e2c1b6d342d2ae0e238ca	5	151410	player
e790966a6a4e2c1b6d342d2ae0e238ca	6	147512	player
e81ba108eae75a1e19a61f379adcf702	1	157819	player+silence	uade	OctaMED MMD0	0	84792	980d6af3	19d0aff7	Amiga-Aktuell/Music/Moduls/Med Module/Rock_N_The_House
e8920b4bee511dc7e6076f18f750115f	1	300148	player	uade	Protracker	0	301524	ca046aa2	4f6cb291	Amiga-Aktuell/Music/Moduls/Protracker/Mod.Subsonic Vibes
e8b2afa000ba4e0aa5cb11160931f2fe	0	35707	player	uade	SoundFX	0	67960	423bef20	70ec960a	Amiga-Aktuell/Music/Moduls/Sound FX/eN_La_CuNa_De_RaMoN.DaTaS
e907a29f4ff728ab05f0bc97f6f20dcb	0	23148	player	uade	Amos Music Bank	0	19404	e1a10686	aac8b042	Amiga-Aktuell/other Stuff/Teach & Learn/BethZOO/creatormusic
e9348f7cc98c63e6ac35602c9ace762d	1	198531	player	uade	Protracker	0	149548	8d7d4c5f	b72d617f	Amiga-Aktuell/Music/Moduls/Protracker/mod.hopeless
e95dedd793b0c040d269464790690ab9	1	221939	player+silence	uade	Protracker	0	141332	9b70a879	41a38361	Amiga-Aktuell/Music/Moduls/Protracker/mod.realise
e96dba89f5020f8d616e6e6466b52c91	1	254139	player+volume	uade	OctaMED MMD0	0	96754	a32aa27d	1abb3210	Amiga-Aktuell/Music/Moduls/Med Module/Ridin' The Desert
e9be0dc2f17ef07bdaf33a1e6f67a505	1	234418	player+silence	uade	OctaMED MMD0	0	91028	87dcaea7	06028cef	Amiga-Aktuell/Music/Moduls/Med Module/Jumpin'_High
e9e9534dd030a128c01b34f521ae5b13	1	505185	player+silence	uade	OctaMED MMD1	0	321870	01b2a4aa	b83c6b8e	Amiga-Aktuell/Music/Moduls/Protracker/NEW KICKS REMIX
ea1ef70fd947c7e7a645a85eb22dd838	1	203635	player	uade	Protracker	0	145184	127afe3a	f344ed33	Amiga-Aktuell/Music/Moduls/Protracker/Mod.Mega-Rave
eacf224311082f9fc47ca5dc38da8430	1	275612	player	uade	OctaMED MMD0	0	82628	64410901	3f477224	Amiga-Aktuell/Music/Moduls/Med Module/Alien-atic
ead2d4264e45911af7f9f45fc87b626a	1	340457	player	uade	OctaMED MMD1	0	126046	57bf9584	efd62cee	Amiga-Aktuell/Music/Moduls/Med Module/PLAY MY PIANO WILL Y
eb0d48dbdd26640be8619d3d680fdd82	1	74368	player	uade	Protracker	0	13414	cb070f74	38b37464	Amiga-Aktuell/Music/Moduls/Protracker/mod.hack1
ec170f4131b4dc1730a9cfc7d746a622	1	158826	player+silence	uade	Protracker compatible	0	107866	88ddfe90	2b8b8e0e	Amiga-Aktuell/Music/Moduls/Protracker/yeoldesong.mod
ec9783c9842985d6bab8813d1f5d8619	1	234198	player	st3play	Scream Tracker 3.2x (SB)	9	47584	057a704b	209d81cb	Amiga-Aktuell/Music/Moduls/s3m/greenmold.s3m
ec9783c9842985d6bab8813d1f5d8619	2	38319	player
ecb2a305b0853fa9d6d15fc63a20e333	0	104994	player+silence	uade	SoundFX	0	42872	49daa7c5	41cdcce0	Amiga-Aktuell/Music/Moduls/Sound FX/LoS_SuRCoS_De_Mi_CoC
ed916835003508dd156fa950cd46d7fc	1	383768	player+volume	uade	Protracker	0	490866	dc50bd35	48144a62	Amiga-Aktuell/Music/Moduls/Protracker/mod.happy_together-mix
ed9f2fd9f856252067311c76a82df6af	1	208076	player	uade	OctaMED MMD0	0	130542	e41f5e01	60ca41ea	Amiga-Aktuell/Music/Moduls/Med Module/Mysterious_Dreamin'
edc599e7bf5e147ce64f2aa6b5d05d55	1	286845	player	uade	Protracker	0	205162	b0e937d9	3d46c1fb	Amiga-Aktuell/Music/Moduls/Protracker/Mod.Pwoing
eeebd3dac32bd9b9e92e05f974dba5ae	1	187318	player	uade	Protracker	0	213028	42ac1165	839bd869	Amiga-Aktuell/Music/Moduls/Protracker/mod.mYSTeRY
f177db221db96bf2f0a68065d54c6fbf	1	247238	player+silence	ft2play	Fasttracker (M.K.)	4	231004	5a7fd732	15bd07ad	Amiga-Aktuell/Music/Moduls/Protracker/ULUVME.MOD
f33b202b813c2d8695a12007800ef530	1	239342	player	uade	Protracker	0	31564	2ea76d08	56be6c53	Amiga-Aktuell/Music/Moduls/Protracker/r2.the wastelands
f35c0cbcafe5ff99fa0295be1194cfcf	1	62091	player	uade	Protracker	0	295716	227d6c17	3bef73ac	Amiga-Aktuell/Music/Moduls/Protracker/mod.dom_ljuger
f3d5393243237d060c1ee29fbd3f23d9	1	325547	player	uade	OctaMED MMD1	0	339454	bfe76348	0280eb3a	Amiga-Aktuell/Music/Moduls/Med Module/AChuBba.Med
f3f9fa0ff2a09b65ef2d5235545f49f9	1	83852	player+silence	uade	OctaMED MMD1	0	682580	6de11a76	d26b3940	Amiga-Aktuell/Music/Moduls/Med Module/Excel.med
f476e468c0cd39eef33746243bf14f08	0	23048	player	uade	AHX v2	0	746	7aab54f1	7e91cbee	Amiga-Aktuell/Demos/other/sih-thxm/THX.virgin-style
f48b0d07efa6c97aba3dd152681e912d	0	288893	player+silence	uade	SoundFX	0	286964	de6d8199	58c5ac9d	Amiga-Aktuell/Music/Moduls/Sound FX/SYMPHoNYa.DaTaS
f4d4d7d942480ab8c566becd945ec4b4	1	550542	player	uade	Protracker	0	209328	27bbb80c	052b2af4	Amiga-Aktuell/Music/Moduls/Protracker/mod.masterbuilder_2nd
f4fbc914037e45faad0127a9ae55b3f5	1	229225	player+volume	uade	OctaMED MMD0	0	61200	44db25ee	2d97b54b	Amiga-Aktuell/Music/Moduls/Med Module/Comes The Wild Side
f5d94c85a6f32064b0a354f5c26c09f1	0	75835	player	uade	Amos Music Bank	0	31386	efd97c52	394cfd34	Amiga-Aktuell/Games/Strategy/ardk/aardvarks/musics/NoPause
f669d45c21898709b4857ebbe50149ea	1	265666	player	uade	Protracker	0	293764	aed4cf7d	b1b52363	Amiga-Aktuell/Music/Moduls/Protracker/bass slave
f73d24f86640027571ef7a5be371f00f	0	93574	player+silence	uade	SoundFX	0	191856	b072c12f	08ad78d1	Amiga-Aktuell/Music/Moduls/Sound FX/PReSeNTeiCHoN.DaTaS
f747cb5aa7e1f6c3923a0e4e8bf038e3	0	195646	player+silence	uade	SoundFX	0	209760	8ea57f3f	a3f02464	Amiga-Aktuell/Music/Moduls/Sound FX/DeMaiN.DaTaS
f780658803e00148fffd4db3ec1e63e9	1	197791	player+silence	uade	Protracker	0	113822	fa89de30	1fbf284c	Amiga-Aktuell/Music/Moduls/Protracker/mod.the_pain_in_the_back
f87f10ffe2764748555a781cbb227c37	0	188077	player+silence	uade	SoundFX	0	111068	589098d1	4eb744fd	Amiga-Aktuell/Music/Moduls/Sound FX/DiSCoTeCaPuYa.DaTaS
f8fa7f892b1588e60e2b3608461babb3	1	465234	player+volume	uade	Protracker	0	419014	1748c9b7	3be6938b	Amiga-Aktuell/Music/Moduls/Protracker/mod.atom-sphere
f945ae969082e2457bcaaa7b086708b2	1	265003	player	uade	Protracker	0	204838	70f2a749	943ea951	Amiga-Aktuell/Music/Moduls/Protracker/mod.moving_shadow
f9867e959355e570ce42292058826d35	1	209583	player	uade	Protracker	0	287158	80f6d463	4efccdf5	Amiga-Aktuell/Music/Moduls/Protracker/virtuosity
f9bc565bc71c1e0a7f103ada017530fd	1	424341	player+silence	uade	Protracker	0	270474	26b98607	ad77aaac	Amiga-Aktuell/Music/Moduls/Protracker/LSUNRISE.MOD
fa1a17ae1e50276f4bbe0479ed34b34b	1	322653	player	uade	Protracker	0	147772	d6270870	1468e6cd	Amiga-Aktuell/Games/Commercial/Scions/Music/mod.ScionsDemoTune
fb27b1b31c1bb590c8c4030f12ea5f7d	1	178987	player+silence	uade	OctaMED MMD0	0	137170	a1cc4e73	5fd1b2c4	Amiga-Aktuell/Music/Moduls/Med Module/KillerJam
fc02498c3811f313c3e098cf5dd65a33	1	264239	player	uade	OctaMED MMD1	0	344418	b8548630	de7c9cb2	Amiga-Aktuell/Music/Moduls/Med Module/CoNsCiOuS.MED
fc23a9dba0c8070cbda8255a559c7a5b	1	177392	player	uade	Protracker	0	114852	8c08ac3a	b3c01e07	Amiga-Aktuell/Music/Moduls/Protracker/mod.Thekingsword
fc6250c35d9f8cd4d8d126c3f508128d	1	171046	player+silence	uade	OctaMED MMD3	0	1555130	2656a1a4	a2c08600	Amiga-Aktuell/Music/Moduls/OCSS/mellodrone
fc7f232e0100703207063e8efcac7de8	1	293476	player	uade	Protracker	0	546766	606c6016	46c781d4	Amiga-Aktuell/Music/Moduls/Protracker/MOD.LOUDER
fd2db376be6c5e1b6b47ecba2439a044	1	204926	player+silence	uade	OctaMED MMD0	0	87056	e8877a61	8bcca8e7	Amiga-Aktuell/Music/Moduls/Med Module/Amazing_Worlds
fdd09004000066eb28415f558091c805	1	277903	player	uade	Protracker	0	472006	38a1a541	446fada9	Amiga-Aktuell/Music/Moduls/Protracker/mod.underwater_rmx
fe1265ad20b6d0d9052232e3373432a7	1	242324	player+silence	uade	Protracker	0	292970	a83e194f	ffa60878	Amiga-Aktuell/Music/Moduls/Protracker/mod.concerto in t minor
fe3533fcffcacb5c48775c7a5d2b69e2	1	169093	player	uade	Protracker	0	142988	6b0dfd5c	3755cd11	Amiga-Aktuell/Music/Moduls/Protracker/mod.rollercoaster
fe42b3b00167ebbecf6db00b79c847cb	1	323718	player	uade	OctaMED MMD0	0	125086	08553e7b	a99689eb	Amiga-Aktuell/Music/Moduls/Med Module/A_Funky_City
ff3dbc8a0af7a945c020fa6dcb6f3a43	0	136962	player	uade	SoundFX	0	98724	2c82c69a	6af852c5	Amiga-Aktuell/Music/Moduls/Sound FX/No_PaRaBa_De_BeBeR-2
ffe00257ea9b3783d1a1a6f65e06aceb	0	89364	player+silence	uade	SoundFX	0	131076	6ce656ab	25644fd0	Amiga-Aktuell/Music/Moduls/Sound FX/NeRViuM.DaTaS
