011a3ff95e3d84469593906fa109769f	1	163888	player	uade	Protracker	0	311608	4a7bce2e	f61b3771	Music/Modules/Travelling.mod
01762dcdfd80e6aa076b2b59a0d009eb	1	61006	player	uade	OctaMED MMD1	0	99398	46ecfa96	abd2eaed	Music/Modules/Tune4.MED
033ad6d66e8b03f3d5cf033788c45965	0	150807	player	uade	Amos Music Bank	0	220828	47a70b77	38068501	Games/AGA/Hanger18/Songs/End_Music.Abk.pp
03b3c945548aaa4df0cf20951e13cad1	1	284293	player	uade	Protracker compatible	0	49710	f0125eef	fa33bc84	Music/SMT/demos/80s_house.mod
03cd9a27ef4e91879882bdccde39f2b1	0	526095	player+silence	libdigibooster3	DigiBooster Pro 2.16	8	236058	fef61b6d	a36d073c	Music/DigiBoosterPRO/modules/Psychodelic War I.DBM
0448efdc12e821c1269844c2c732a14f	1	193005	player	uade	Tracker Packer 2 - 3	0	147182	c4d2273d	255de861	Magazines/generation25/mod2
050f6086889c8590bb88aa2d06a0bfd3	1	210934	player+silence	uade	OctaMED MMD1	0	136248	d142b20a	5743287e	Music/Modules/06_Psychodelic mind wash
054804fb8355dd2dd916d4f52cb78fe7	1	188645	player	uade	OctaMED MMD1	0	188974	0cfd054b	2491fe7d	Music/Modules/03_Kick_the_bad_bassdrum
05957b293527532ba74c3a98c3aa8ef6	1	161397	player	uade	Protracker compatible	0	67732	ad002eb4	45a4c3cc	Games/ECS/monty/sfx/1.trk
06c938457d46b7b0cb78ad0187d2ec1f	1	211451	player	uade	OctaMED MMD2	0	1083094	0c74c548	4ab8db12	Music/Modules/Space.mod
0701d89f02c75b0aabb8c56871b13fd4	1	122997	player	uade	Protracker	0	41454	466f4420	cbec32e1	Magazines/Phase6_2/g/music.dat
08260f28e2fc656d42cc55aa756e58e0	1	18762	player+silence	uade	Protracker	0	17882	6c048387	f3e40bc5	Games/AGA/BlitzBombers/sound/Tune3_02.mod
0872de11e94325dab56a5ccd3b7c06be	1	245020	player+silence	uade	OctaMED MMD1	0	184570	0fe95b8c	909cada4	Music/Modules/05_Rave the base
09fa734480cd5000b939d42969cde14e	1	315359	player	uade	Protracker	0	389650	c0886029	a5a09ea8	Music/Modules/mod.SeriousRockinSPR2
0a6c6e5e39e39013ca6e58a0b36da2fe	1	23168	player	uade	Protracker compatible	0	155532	24a9af02	db8f1649	Games/ECS/Squeek/data/SQDATAM4
0c9d44e5cff88e65e4dbc7844830297a	1	181652	player	uade	Protracker	0	499584	8e83fed8	9850eb0a	Music/Modules/mod.structured_artwork
0d7d3ed491efae55a7e770e24310a851	1	297069	player+silence	uade	Protracker	0	436200	73daabae	d6ae32e7	Music/Modules/Mod.Stomach_Acid
0df3c96b9bdfff96e4756be735155d03	0	448784	player+silence	libdigibooster3	DigiBooster Pro 2.17	22	2657370	fe471ea5	cbb5a4fc	Music/Modules/MothaFucka.DBM
0f14d96cdde56b150f8fcde9dbede2b7	1	199516	player	uade	Protracker	0	189324	54975ab6	99e3df89	Magazines/Phase6_8/g/music.dat
0fcf5ed3a03d5c412b4dbeb63ea24dba	1	277923	player	uade	Protracker	0	233968	055e4cbd	17fb5003	Music/Modules/MOD.Protoplasm
0ffaa0a8c2d184c71457d4241b4ec29b	1	213149	player+silence	uade	OctaMED MMD1	0	126372	3c0dc585	bc73c028	Music/Modules/07_Moving machines
123936d2b6720d5fee75e006293b7e70	1	276836	player+silence	uade	Protracker	0	249290	3ad0bfd5	6b979c91	Music/Modules/dd-MrLoGiC.mod
124e37e7a65ddca8d3293c3dbbdf699a	1	214687	player+silence	uade	Protracker	0	321306	6c2f5540	559ba8ae	Demos/AGA/Dolphinary/modules/mod.Mayday Remix
12b49be5fefe8ac07f4e4cf464b66822	1	52526	player	uade	Protracker	0	11808	acbf3dbd	8cb27612	Programming/SecalDemo/Projects/Tutorials/Data/mod.corn
12e539dd4dbfd17dc32dcceaca642d35	1	273791	player+silence	ft2play	FastTracker v2.00	24	769439	3ca28a50	7e28a2be	Music/Modules/DUBU99.XM
12fd0d0aaffa81d1a2a3da3599710d60	1	294983	player	uade	OctaMED MMD1	0	232302	d8e8d8d0	9ac8bdd3	Music/Modules/med.DoDisDing
13096a04c3fdde110e6263496f90b52c	1	314736	player	uade	Protracker	0	340868	d94979ea	21164d8e	Music/Modules/RaVeN BrAin.mod
138b1e6b70ca45e571981075035912ff	0	260326	player+silence	uade	Amos Music Bank	0	98134	8e63db26	82ab9f76	Games/ECS/duelcity/Tracker.abk
138b1e6b70ca45e571981075035912ff	0	260326	player+silence	uade	Amos Music Bank	0	98134	8e63db26	82ab9f76	Games/ECS/snacky/Great.abk
14e6f149c9e1386cd4a890377c119bd0	1	146045	player	uade	Protracker compatible	0	53138	a459864d	755d57ad	Games/AGA/LegendsOfTriten/Music/villdest.MOD
1546c9d528dcee0690b724319296b4ec	0	138710	player	uade	Amos Music Bank	0	90410	73df8c65	01945995	Games/ECS/Banana/Music/MusicRedDwarf.Abk.pp
15630ed1a447ae31adb08b18887c5326	1	281721	player	uade	Protracker	0	215850	4c2e4f54	c555de68	Demos/AGA/Dolphinary/modules/mod.Sonic Trance Remix
15904bc0de5028a39d5323859a850704	1	191538	player	uade	OctaMED MMD1	0	144696	fbe540fb	6e4a3811	Music/Modules/Snowfall/Snowfall in Summer
15d47cad06762a30eff3dee6a5ba6ba2	0	169093	player	uade	Amos Music Bank	0	24742	79d69139	97efca53	Games/ECS/Banana/Music/MusicEwok.Abk.pp
17b3e63a9ee5998f8e763a578301ef19	1	273139	player+volume	uade	Protracker	0	139688	132af3f5	24ab3980	Music/Modules/mod.kurkkukipu
1844c1fb4e49f152fcc411b85aed414c	1	159628	player	uade	Protracker compatible	0	62732	fb9a5cb3	c1768d58	Games/AGA/LegendsOfTriten/Music/vill1.MOD
187c2903f5e26674ff630771236212db	1	220144	player+silence	uade	Protracker	0	479116	f929c598	c3d8c247	Demos/AGA/Dolphinary/modules/mod.Purgatory
18ddd1d2a7ef48c42345dac74709711c	1	319961	player	uade	Protracker	0	278680	0c65d06e	c1432a3d	Music/Modules/dd-sHiNe.mod
195b2ddc9fdb98f4d72536fdbcd64641	1	82044	player	uade	Protracker	0	11044	c5edce42	f8556f8d	Games/ECS/RushHour/modules4/Mod.The_Shortage
1b2536c7f1bad9c505729cfabb48fe81	1	392321	player+volume	uade	Protracker	0	954492	af8831c2	a69d6f6f	Music/Modules/mod.303-megamix
1d0d5b82b25161744daefbce9adca7ed	1	177457	player+silence	uade	OctaMED MMD3	0	669730	6ab6d02d	f9122bf4	Music/Modules/med.time
1d5e0bfb614f9731e90e190f331d802b	1	259336	player	uade	Protracker	0	318390	971e5f2a	e44f0b2c	Music/Modules/mod.concrete_waves
1e3b24f30f4e73c3af70eaa198e3c1cd	1	157579	player	uade	Protracker	0	133516	f565b3b0	8675a17b	Music/Modules/mod.slowing_down_2
1ea70b4018831b7f6f0ddfd7d3428d86	0	239061	player	uade	Amos Music Bank	0	250138	197d4035	bea80571	Games/AGA/Hanger18/files/Music2.Abk.pp
1f086de0be72f2e9e53ac6700428560b	1	181370	player	uade	Protracker	0	390954	231e4936	2c28dcf8	Music/Modules/mod.tractor_boxing
1fc3f65d14ca7b1b8509dab82ca887d8	1	125569	player	uade	Protracker	0	195528	e08c87f3	e21f6522	Music/Modules/mod.super_wash
1fdad58eb8e67caf164f278db2650b41	1	82044	player	uade	Protracker	0	19666	b73ac180	31335bcc	Games/ECS/RushHour/modules4/Mod.BackBackBackBack
2043aac15f5787c5f0aeb6582ad13e52	1	288420	player+silence	uade	Protracker	0	158572	96a00516	969cef4b	Music/Modules/MOD.Gradivus_Mons
20a64e883108a7a9b48ce2c60073a59f	1	74047	player	uade	Protracker	0	101534	ce080fe8	0434d004	Music/Modules/mod.slowing_down
20e20ff7a36d6234d7b6baf9fc28c498	1	158358	player+silence	uade	Protracker	0	368636	24e1a9c7	857e8f97	Music/Modules/Jive Pegasus.MOD
21110e17b7ee71c7d59fcba21c8dc090	1	32391	player	uade	Protracker	0	121286	2101ed8e	e80df9e4	Music/Modules/AcTivE moOve.mod
21479a3d5059b06c07297c024819ef27	1	208377	player	uade	Protracker	0	472974	fc2484b6	95b257a4	Demos/AGA/shock_wave-cold_fusion/data/tac
21656a0be2d635eef5cc7e390f11add2	1	382958	player+silence	uade	Protracker	0	486744	389cb648	4b6c274a	Music/Modules/dd-FiX.mod
222178e0606f63841a2ae3493bffe69b	1	102520	player	uade	Protracker	0	18028	9a11eb52	2ef865ce	Games/ECS/RushHour/titlemodules/Mod.Rejection
2369efdb923b7d727d2cd4b60414ba07	1	194775	player	ft2play	FastTracker v2.00	16	748172	e05653f9	ae561d52	Music/Modules/XM.Bug'o Metal
239010d83835b5e8f21903f3307f7e06	1	198531	player	uade	Protracker compatible	0	87490	148ce288	0e4fb4d1	Games/AGA/SkimmersDemo_0.85/Data1/Mod.Menu
2415d681223951364c1b8850d9d7e673	1	281500	player	uade	Protracker	0	253480	5e621c6f	7b74747e	Music/Modules/mod.looking_for_exit
256fa3db5e2d65867b3fe4edc090dafa	1	292676	player+silence	uade	OctaMED MMD1	0	46180	6e9f8403	a059c273	Magazines/Saku23/Musiikki/Taustamusiikki.MED
2616899ef1ee1e906e5ec893f7b07c10	0	386051	player	libdigibooster3	DigiBooster Pro 2.17	8	469554	afd022e2	d2d1aea4	Music/Modules/no acid just trance.DBM
270d64c25ead3d9cba491b0e39451525	1	261808	player	uade	Protracker	0	296388	1e752a03	136a2840	Music/Modules/MOD.SUBstance
28ecda071a50d50c8cfe8490c76f6cb5	1	259681	player+silence	uade	OctaMED MMD1	0	154016	46339de4	7074e14e	Music/Modules/02_Hypnotised
297df2b7d6bbed5c404a73356e744d11	0	48708	player	uade	Amos Music Bank	0	7752	94864fe1	359f8f4e	Games/ECS/Banana/Music/MusicInspector.Abk.pp
29e71ec142905271cc8f72df896b0dbb	1	227459	player+silence	uade	Protracker	0	168258	5c1dfecf	72eee3c6	Music/Modules/mod.bazuona
2a235b0be15f5cb1be1e3b212c675d3d	1	200118	player	uade	Protracker	0	339614	efc00cad	7f120b75	Music/Modules/mod.prophylaxis
2b056097b0b8ff02ba1aebe7c6e76995	1	218759	player+silence	uade	OctaMED MMD1	0	198882	53e99b7e	8b7d7b5f	Music/Modules/08_Delight makes the beat
2c046969a20357957a4220314513093f	0	337692	player+silence	libdigibooster3	DigiBooster Pro 2.17	24	782756	31073335	5d732df7	Music/Modules/Strzal2.DBM
2c330fcdc57bb99072fe2be8b4d8b6d1	0	308487	player	libdigibooster3	DigiBooster Pro 2.17	8	256547	b0d1a7bc	7b022574	Demos/AGA/Dolphinary/modules/DBM.Delphins Song Remix 2
2c3ac0e5349db6b5776d453f4a733eb5	1	160260	player+volume	uade	Protracker	0	44006	33e71338	89a714f4	Games/AGA/BlitzBombers/scenarios/MAP3.MOD.stc
2dca2e8706fb26246eb4e32594b603f6	1	236021	player+silence	it2play	Impulse Tracker 2.11	29	912706	a6234a71	eb6f8164	Music/Modules/Evolu.it
2f7c52cbd597144907f7ca4205ee48ab	1	445831	player	uade	OctaMED MMD2	0	478296	ac3f96b3	657b66b3	Music/Modules/Flowing_Sky.med
307ad6f42d9d1f396d621966614dcffa	1	300469	player	uade	OctaMED MMD1	0	1796336	41222356	adb63781	Music/Modules/PC_Hurts/PC_Hurts.med
3088beef705b7686a245714eafb5967a	1	194867	player+silence	it2play	Impulse Tracker 2.10	22	321463	627c4b28	8db552f1	Music/Modules/ATMOS.IT
308e918ad96d539a6669ddde26b5656f	0	189736	player+volume	libopenmpt	Symphonie Pro	32	952907	b72fffbd	850fcf21	Music/Modules/NewHope.SymMOD
30ad9d0889cc3aaf325c05509aa7e2d2	1	58273	player	uade	Protracker	0	148386	67483a23	904fd6f7	Music/Modules/mod.stayin'alive
3101334b073d939950b474e83a65442f	1	248558	player	ft2play	FastTracker v2.00	18	912896	2cac9985	a5436153	Music/Modules/Wonder.xm
3222c78e0e3c579619c898cd89d9b92c	0	153741	player	uade	Amos Music Bank	0	31922	13ce5e09	e389cce1	Games/ECS/ScavengerII/SOUND/Track4.ABK
32edeb00035304c5c77d1dff75c2f310	1	279627	player+silence	uade	Protracker	0	366786	60867edd	0ed94da6	Music/Modules/dd-ToT.mod
35d7b5fc42fcfb8389e8704032f85cbe	1	155810	player	uade	Protracker	0	151864	89b9ab51	97c0d05c	Demos/AGA/Dolphinary/modules/mod.Bloody Forest
36ededab08334ba01f208b2db1ec1cf0	1	281031	player+volume	ft2play	FastTracker v2.00	16	290931	c2e706d1	ed23b620	Music/Modules/EVILTHOU.XM
3738562cb791c03cd176fb64e10d1c05	1	80758	player	uade	Protracker	0	35396	04c78ddf	c3197fbb	Games/AGA/BlitzBombers/scenarios/MAP8.MOD.stc
37ecc1cd2e8126b2a55e96e3b27ec494	0	122997	player	uade	Amos Music Bank	0	40604	45703b76	61f7a7dc	Games/ECS/ScavengerII/SOUND/Track3.ABK
3818c4b9110b68ec17ba36c11381f000	0	442897	player	libdigibooster3	DigiBooster Pro 2.15	8	256315	e8b55543	dd95b09e	Demos/AGA/Dolphinary/modules/DBM.Delphins Song Remix
3883c579298f1c8d5832cd4f924d0ceb	1	12599	player	uade	Protracker	0	22108	400483a2	d22363f0	Games/AGA/BlitzBombers/sound/TUNE3_00.MOD
38cbafcda603c6fb318b6b261c1ec7be	1	7796	player	uade	Protracker compatible	0	26550	944e12ec	69c1e6ed	Games/ECS/monty/sfx/2.wrd
38daff8ab4639cb886611347759b6d59	1	140839	player+silence	uade	Protracker	0	132936	b4304233	2f7f25ae	Magazines/HDUdec/Mus/Pop
39685bb8e27c9380f05ae18367286d18	1	213078	player+silence	it2play	Impulse Tracker 2.14+	16	636525	6cf47556	3f010747	Music/Modules/LOVESTAR.IT
39c7c941bea3748e9ced548ac8df78a2	1	6516	player+volume	uade	Protracker compatible	0	20518	c22ffec0	164c62ac	Games/ECS/monty/sfx/1.wrd
3b8a618e5fa9db37e14751ac93ad07f2	0	319961	player	libdigibooster3	DigiBooster Pro 2.15	8	3120246	3976ece5	a071cad4	Music/Modules/gs_Free.dbm
3c8b186f9bbc00a396ac51c449d6d634	1	300978	player+silence	ft2play	FastTracker v2.00	20	1093461	1e3bd357	fb11fe5d	Music/Modules/RR-PEARL.XM
3d29889ff706b5558644c17a24f94bf4	1	128747	player+silence	it2play	Impulse Tracker 2.10	12	519363	6841ceaf	8dc82c25	Music/Modules/Midnight.it
3da57d2ad01bd68050766370801d7985	1	231096	player+volume	uade	Protracker	0	232008	cf6e6451	491d2bdf	Music/Modules/dd-FaLLenAnGel.mod
3df09212773eae6b38165be11f61a5dc	1	190895	player	uade	Protracker	0	270438	3b242c8f	e996f138	Music/Modules/dd-GaTe.mod
3f5947e2d9d2cabbee839fb960cfb3ac	1	83190	player	uade	Protracker	0	420066	10f84e5b	cce82888	Music/Modules/pili
3fc7726c1400a24eac99dff22347a889	1	211424	player+silence	uade	Protracker	0	779234	0e1d6cfe	abdbdaa8	Music/Modules/mod.abdukted_beats
407bf30f8cb68b9d962c65aae25ec0c4	1	188283	player	uade	Protracker	0	47958	257a7aa0	22784eb2	Games/AGA/BlitzBombers/scenarios/MAP6.MOD.stc
40ccee332c988542e85dafdd75cb4b1a	1	296671	player	it2play	Impulse Tracker 2.05	20	349344	ab9b1ee0	adf6c326	Music/Modules/mi-nowrd.it
41f4cc02184c51d0b8a5e038db003d27	1	261185	player	st3play	Scream Tracker 3.2x (GUS)	5	23632	5b463a23	9a0b1eb6	Music/Modules/C20-328.S3M
420e6a7445304662fd43dbea1f2110ad	1	247903	player	uade	Protracker	0	163812	d44961b3	64df313f	Music/Modules/mod.artificial_love
4233637186d491bc8a29a2e8ceb714db	1	70068	player	uade	OctaMED MMD3	0	330144	6c68a45c	12cde2b9	Music/Modules/_Old_Ang98Remix_
42aac14f6e9ee5c78614237e7c5732a9	1	243803	player	uade	Protracker	0	53340	1747ecca	9175c01d	Music/Modules/mod.fighter1
42aac14f6e9ee5c78614237e7c5732a9	1	243803	player	uade	Protracker	0	53340	1747ecca	9175c01d	Music/Modules/net/aminet/mod.fighter1
45b56c9283f7b9fb612be6fe374ddd7c	0	201487	player+silence	libdigibooster3	DigiBooster Pro 2.14	20	670598	c13b927c	e07eb1c1	Demos/AGA/Dolphinary/modules/DBM.TheGateofHeavens
4772347d31b25f171e5c3693cf53d50d	1	161397	player	uade	Protracker	0	44836	d7d286eb	b041d49c	Games/AGA/BlitzBombers/scenarios/MAP1.MOD.stc
48cf034ec3a555333abfdedba19d5541	1	118240	player+silence	uade	Protracker	0	245504	64917e9c	8157028a	Music/Modules/mod.-This_Isn't_My_Day-
4adad0e860c98cc92fac0401cb21dd98	0	250642	player+silence	libdigibooster3	DigiBooster Pro 2.17	20	788445	109bdb06	ff961448	Demos/AGA/Dolphinary/modules/DBM.Spotlight
4b1d947d368c39248a4abf058821119e	1	188283	player	uade	Protracker	0	233444	0589885c	fcda9086	Music/Modules/mod.wonder
4c57a90c3795743b36056f1f6253fc1a	0	99968	player	uade	Amos Music Bank	0	105410	df61977a	58b7cf79	Games/ECS/Banana/Music2/MusicIntro.Abk.pp
4d7a7719545a0eda7aa9b1eff6310eea	1	23028	player	uade	OctaMED MMD1	0	100078	a601a83d	edfcc660	Games/ECS/SkirmishPAL/sounds/Skirmish.MED
4eb1cf5648cb2323f7754ec548cad407	1	241472	player	uade	Protracker	0	315424	2938e28f	8d0bbd87	Music/Modules/dd-Sd-ReMiX.mod
4f4e52023fca651e2c250510e2b6e70d	0	310175	player	libdigibooster3	DigiBooster Pro 2.16	8	378823	47e52621	1eee1020	Music/Modules/max trance.DBM
4fc333ad284fbdf267482725c8323a70	1	61568	player	uade	Noisetracker 1.x	0	48760	bbed9da9	bcaa5e0a	Graphics_Utils/animated/example/bachmix.mod
505272f2734852d7253de56f9d9b771f	1	84616	player	uade	Protracker compatible	0	27412	dfde3264	dd6c628b	Games/ECS/Squeek/data/SQDATAM1
507361c9e2db41a489eee91dee2d6e5d	1	653126	player+silence	uade	Protracker	0	393000	454ad0b5	e9c33569	Music/Modules/mod.Tubular Fans
52479720edd7aab63e0447d797e2dbb5	1	464447	player+silence	ft2play	FastTracker v2.00	20	1185844	38f2fc7e	c47b1757	Music/Modules/RR-TIME.XM
526a6050f58d09353d0618bce12ba305	0	23148	player	uade	Amos Music Bank	0	19776	fb926233	f2a197ac	Games/ECS/duelcity/Music.abk
544d99434d483db174de704d6d935c72	1	331842	player+silence	uade	OctaMED MMD1	0	307444	2eb8899d	3f022f3d	Music/Modules/Albumin
5463d25555f463e39693620cd4f217ff	1	261245	player	uade	Protracker	0	299334	1e2b41bd	da35125a	Music/Modules/mod.dreams-over
55d1d3f3694e6ada11b6272de7d3f2fd	1	346879	player+silence	ft2play	FastTracker v2.00	14	281284	e256f1cb	ccc222f2	Music/Modules/SYNCHRON.XM
585f4c057637def6838433e857a9df63	1	115321	player	uade	Protracker	0	29070	66e2a783	1f08eee6	Games/ECS/RushHour/modules4/Mod.Small_N_Naff
58eed7cf000c0a0c59bd6fab925d7547	1	220293	player	uade	Protracker	0	328260	505f0214	a819cdef	Music/Modules/mod.vaughan
59492e9d7aa08fb3ec192cb539856b1f	1	26946	player	uade	Protracker	0	383596	aa3ba9ee	b99ddf1a	Animations/AGA/sOccEr_gOEs_cRAZy-INB/fodmus3
5b8fc94456634af062c6259e55c15be2	1	6590	player	uade	Protracker	0	20186	d2f822f9	d3689338	Games/AGA/BlitzBombers/sound/DRAWNGAME.MOD
5bb32f602d20b14ff6c56b00270f2944	1	244988	player+silence	uade	Protracker	0	175504	1b079870	f8c2d5d4	Music/Modules/mod.tough_glass
5c04754b7854a13dffa50cad099ca802	0	491907	player	libdigibooster3	DigiBooster Pro 2.15	8	428688	2fb4adee	15d6a7d7	Music/Modules/SilentLight.DBM
5d45fcdfe50d6d851ade8cc6def7ebeb	1	294476	player+silence	ft2play	FastTracker v2.00	10	1072805	6290f0d6	2f61adbb	Music/Modules/DOWN.XM
5f8f44f7170ed2ab5122dd02ab1942e1	1	151430	player	uade	Protracker	0	238700	b96d7288	c6d88dde	Music/Modules/paradise.mod
5fe9f8a142279790af621f83103fbdfb	1	102520	player	uade	Protracker	0	19650	d7cfb457	32eebe2b	Games/ECS/RushHour/titlemodules/mod.title
60c2a8224141477a7cb09cba576f729e	1	219213	player+silence	ft2play	FastTracker v2.00	22	765421	2dcb88b6	d5de33fc	Music/Modules/cosmic.xm
61d6161cdaddc5c6505c5ef6b3c40c8f	1	389708	player	uade	Protracker	0	335486	9a5bd464	0ebd3646	Music/Modules/parallel.mod
61ff227fdeaf5217571fad6103b29c41	1	106554	player+silence	uade	Protracker	0	307918	bddadcae	e596d1ce	Music/Modules/ibam
63a4ac52ad13260ac0c9c22b6ecba91f	1	130693	player	uade	Protracker	0	153724	8d5c2946	91a7567b	Animations/ECS/Exercise/mod.UralVolga
63c80b9d95b45c0496594a71314dbee8	0	276617	player	uade	Amos Music Bank	0	63850	89398eb0	bbb45c88	Games/ECS/snacky/Snacky_music.abk
6418d7de147bc6d0783e5555914edb43	1	130693	player	uade	Protracker	0	340012	92d34515	c7d073e5	Music/Modules/mod.tekkno-mas
642b27730fd9ff47f509e7707419a999	1	192552	player+silence	uade	OctaMED MMD1	0	213782	56c5aec6	1cbdb692	Music/Modules/04_Indian dreams
663adc81108021120895baba42dbabbb	1	331073	player	it2play	Impulse Tracker 2.10	10	293671	8ff0758e	25e68c6d	Music/Modules/Extvoid.it
67b5d9d480115b9b38b78c4ecca4d348	0	15472	player	uade	Amos Music Bank	0	34260	557eb09e	3a538d7b	Games/ECS/ScavengerII/SOUND/Track2.ABK
6812a3420e024499954eb577d296a5e6	1	140278	player	uade	Protracker	0	39804	263dbf1d	b867a070	Games/AGA/BlitzBombers/scenarios/MAP4.MOD.stc
6857490e3db3decd07b85a81e81d2723	0	92264	player+silence	libopenmpt	Symphonie	16	576569	c71498ee	e9649bb1	Music/Modules/Dreams&Magic4.SymMOD
6a35d42ef50a7d51166e5cb632b62cfe	1	208588	player+volume	uade	Protracker	0	312746	d808750c	952d6ea9	Music/Modules/mod.shuffle
6b4fb53e1f1761f1abbad84a4ea0d671	1	146045	player	uade	Protracker	0	128544	d70a625a	49e5ea0a	Demos/AGA/Dolphinary/modules/mod.Gramophone
6baadba08088c242b58120921ec01e7e	0	143493	player	uade	Amos Music Bank	0	61184	7abf16ce	a16db0fb	Games/ECS/ScavengerII/SOUND/Track6.ABK
6d5760e32906c605bafa7ce47ba322d2	1	164994	player	uade	Protracker	0	32792	ded6405e	26285c70	Games/AGA/BlitzBombers/scenarios/MAP7.MOD.stc
6da34d0ac5d92f172876a350d30377f7	1	131115	player	uade	P50A - P60A - P61A	0	188326	71528906	f131cd7a	Magazines/jp5/data/music01.data
6dd8b25763da33831e5117e76721d827	1	140921	player	uade	Protracker	0	23770	826508f8	fa9265ce	Games/ECS/RushHour/modules4/Mod.At_Tesko_This_Week
6e4502e98e80a733b75897af1fa190dc	1	38520	player	uade	Protracker	0	144038	288ee414	4e54ff65	Music/Modules/net/aminet/mod.cyberpunk
6ecf5a4bb5f06c531dfb88a8cbef14fe	1	190131	player	uade	Protracker	0	246358	097f657a	3450008e	Music/Modules/mod.down by one
7027b293fdb1aa690fc0bf7773c8866c	1	56657	silence	uade	Protracker	0	315204	48a5efdd	367d2666	Music/Modules/pinturas
713120d8866ce88b522bbd0f321a54e3	1	555264	player	uade	OctaMED MMD1	0	258716	5fafa12c	acb4977b	Music/Modules/Technoid.md1
72b8b4e7366aef543a76d879750e035a	0	230521	player	uade	Amos Music Bank	0	34706	06f6e296	c706492b	Games/ECS/Banana/Music2/MusicCredits.Abk.pp
72c7410a26dc7510355cfa2627a48cc1	0	420191	player	libdigibooster3	DigiBooster Pro 2.14	16	514320	cfdb7249	ddd5a404	Demos/AGA/Dolphinary/modules/DBM.Outburst3
73a07664a7b247d54ed90f2552fe5161	0	147326	player+silence	uade	Amos Music Bank	0	56148	59520314	1ecc467c	Games/ECS/Snacky Folies/snacky_musics/Finmusic.abk
74833a8340335c0286f9b05e9e183e0b	1	107645	player	uade	Protracker	0	21886	b6d7bfaa	e10b43bd	Games/ECS/RushHour/modules4/Mod.Ck-Up
7558eb8d1b0c90a33ae241e3e7610d6d	1	268115	player+volume	uade	Protracker	0	68252	d43951a5	b32d769e	Games/ECS/StadtLand/bin/015
774264729985b181f50ffe63f1300d8c	1	195626	player+volume	uade	Protracker	0	186840	47558909	1271644d	Games/ECS/Whools/data/mod.whools
77effa2fb841c4797354cfb22a00d12c	1	34381	player	uade	Protracker	0	349002	d27be832	2a3ce915	Animations/AGA/sOccEr_gOEs_cRAZy-INB/fodmus1
79aff4456f30b84b2d9c4a43d6a9c803	1	23168	player	uade	Protracker	0	416016	8bf6ec28	95d6be2b	Games/ECS/BattleDuel/Mods/mod.BattleDuel
79aff4456f30b84b2d9c4a43d6a9c803	10	51883	player
79aff4456f30b84b2d9c4a43d6a9c803	11	51883	player
79aff4456f30b84b2d9c4a43d6a9c803	12	61809	player
79aff4456f30b84b2d9c4a43d6a9c803	13	51561	player
79aff4456f30b84b2d9c4a43d6a9c803	14	62211	player
79aff4456f30b84b2d9c4a43d6a9c803	15	50034	player
79aff4456f30b84b2d9c4a43d6a9c803	16	52546	player
79aff4456f30b84b2d9c4a43d6a9c803	17	52546	player
79aff4456f30b84b2d9c4a43d6a9c803	18	78367	player
79aff4456f30b84b2d9c4a43d6a9c803	19	52084	player
79aff4456f30b84b2d9c4a43d6a9c803	2	9122	player
79aff4456f30b84b2d9c4a43d6a9c803	20	148275	player
79aff4456f30b84b2d9c4a43d6a9c803	21	63638	player
79aff4456f30b84b2d9c4a43d6a9c803	22	53390	player
79aff4456f30b84b2d9c4a43d6a9c803	3	10368	player
79aff4456f30b84b2d9c4a43d6a9c803	4	14206	player
79aff4456f30b84b2d9c4a43d6a9c803	5	55138	player
79aff4456f30b84b2d9c4a43d6a9c803	6	72620	player
79aff4456f30b84b2d9c4a43d6a9c803	7	52144	player
79aff4456f30b84b2d9c4a43d6a9c803	8	51561	player
79aff4456f30b84b2d9c4a43d6a9c803	9	51561	player
79e47cc5635eb9c099bbe32c3cd03c67	1	448347	player+volume	uade	OctaMED MMD1	0	266774	27b6b09b	122519f3	Music/Modules/Twilight.MED
79e6ed42fab6a5300089d569d2330ed1	1	197245	player	uade	Protracker	0	145884	720231c6	fc4c4c86	Music/Modules/mod.Goa-che
7ace2d7abe2e90ceaa88f1a9b8d3179b	1	184746	player	uade	Protracker	0	112076	7b7d079a	9b1d85de	Music/Modules/mod.fighter2
7ace2d7abe2e90ceaa88f1a9b8d3179b	1	184746	player	uade	Protracker	0	112076	7b7d079a	9b1d85de	Music/Modules/net/aminet/mod.fighter2
7ba532bfedf42be73c9021767e4b19b9	1	299645	player	uade	Protracker	0	233912	1a001f89	c5174513	Music/Modules/mod.dreamworld
7c436b11143b77afe3bd3cab0bc6d1da	1	122677	player	ft2play	FastTracker v2.00	16	428927	78c77d32	95c4634a	Music/Modules/Urundi.xm
7ec9d2af91c5e8ca2fe5995c1343e9a9	1	229697	player	uade	Protracker	0	688884	57929232	56cb123c	Demos/AGA/Dolphinary/modules/mod.Trip into drum
7eea3e8675dc754ce9992bb25ba677d0	0	422301	player	uade	Amos Music Bank	0	107446	f872c027	37681f96	Games/ECS/duelcity/Techno.abk
7fac0e61dd2a7a56c1175cd32e5125e0	1	186968	player+silence	ft2play	FastTracker v2.00	8	375857	4cd66ba1	a4a8d5ec	Music/Modules/CoolAir.xm
80167c06250e6b22a84c336f0a275598	1	7756	player	uade	Protracker compatible	0	53042	adf570f7	8853a1b5	Games/ECS/Squeek/data/SQDATAS001
8030a3ee00fdc2125ed5ddc9fcafa5e9	1	17401	player	uade	Protracker compatible	0	26846	41138762	c28d6d4f	Games/ECS/Squeek/data/SQDATAM3
8035ff950b1544cf889af17e616aa229	1	30744	player	uade	OctaMED MMD1	0	44834	713592fa	88e97486	Music/Modules/_Old_Angsomething_
80785dd9da3db52700bca7e55d84227c	1	120410	player+silence	st3play	Scream Tracker 3.2x (SB)	16	286992	5ba40eee	344aa00f	Music/Modules/Factory.s3m
81d748cc8e89be38d6f89a6b613b686e	1	160131	player	uade	Protracker	0	75868	cdcf5762	e51a657f	Music/Modules/mod.6teasing
81ffccb260f68a469df0ac26042e32e6	0	46196	player	uade	Amos Music Bank	0	30078	79cbbf0d	075f5119	Games/ECS/Snacky Folies/Music.abk
81ffccb260f68a469df0ac26042e32e6	0	46196	player	uade	Amos Music Bank	0	30078	79cbbf0d	075f5119	Games/ECS/snacky/Finmusic.abk
837a02af9b8002729396ec49d1334936	1	169093	player	uade	Protracker	0	248256	61771c9b	3a9c5a7a	Music/Modules/mod.R.O.F
84254704ba1c79d25db04d578fa74e17	1	367558	player+silence	uade	Protracker	0	563208	0ea198d5	b7828910	Music/Modules/mod.sweet_music-wakeup
8425a47efc5a0a64e21dd4404589e471	1	65138	player+volume	ft2play	FastTracker v2.00	6	318021	2509d277	dc3f3c7b	Music/Modules/Koyto.xm
844dc60a964e61e914723be572b7bb19	1	6510	player	uade	Protracker compatible	0	21420	c4488b45	fc8e6bf6	Games/AGA/Shoot/data/shoot_message.mod
8468ec04237b72062bb1e320f1708a23	1	403351	player+silence	uade	Protracker	0	529976	777dc9f7	0f886a58	Music/Modules/mod.Life_on_Mars
853796b1ce99b18e1058dbee49475776	1	138441	player+silence	uade	Protracker	0	95988	69b8959a	b0c9642f	Demos/AGA/Dolphinary/modules/mod.Cat 2 Cat II
876f479c53a9f31bc2ddb04de478696b	1	201143	player	uade	Protracker	0	202776	bbf58789	55fd3445	Demos/AGA/Dolphinary/modules/mod.Effusion
87bbeb6cd4e6431601b6035b34c64e1a	1	62432	player	uade	OctaMED MMD3	0	265218	d4a70866	9cd17fa9	Music/Modules/Pee-anna
881cd9d6bbeacb83823e7af300e00d64	1	313209	player	it2play	Impulse Tracker 2.11	13	307042	49779795	059ea136	Music/Modules/EXTREME.S3M
8825370d4f9c7fb4cb18909ef630894c	1	214626	player	uade	OctaMED MMD1	0	361700	6f230b2f	355148f4	Music/Modules/Now_Is_The_Time
8868dccf2a264e7c65542734a6aaff8b	1	0	nosound	uade	Protracker	0	24570	65444c8c	3a533ce2	Games/ECS/RushHour/data/mod.game
8868dccf2a264e7c65542734a6aaff8b	2	15660	player+silence
8868dccf2a264e7c65542734a6aaff8b	3	30824	player
8868dccf2a264e7c65542734a6aaff8b	4	4873	player+silence
89c1485a7abae058e5a66618032debbc	1	264497	player+silence	uade	Protracker	0	211338	c6abcba8	f30bfd5b	Music/Modules/mod.Curiosum
89def752b273fc0b4f9a2eac5f2a6e78	1	323143	player+silence	uade	Protracker	0	500000	115d581e	bc882504	Music/Modules/mod.super_sonic_empire
8c5e4a348b89685a91d8345fed203050	1	144136	player	uade	Protracker compatible	0	86282	e36715c1	9fddb2a1	Games/AGA/LegendsOfTriten/Music/Falls1.MOD
8ce116d273ac3431170f3108e49964d0	1	359084	player	uade	Protracker	0	643680	a989a01e	3d0e160e	Demos/AGA/Dolphinary/modules/mod.Ascension
8f710e47a5c7b8476ff79c7a876a0a9b	0	318032	player	libdigibooster3	DigiBooster Pro 2.17	8	797504	fce502c0	dec8cd0b	Music/Modules/cytrynowa altana.DBM
90687612ce3b91d50aa70cd16457b1f4	1	358330	player+silence	uade	Protracker	0	502486	02b63579	f044aa30	Music/Modules/mod.WoRLd oF aSCii rMX
91f46907dd8f52eafddeb5884983f224	1	105715	player	uade	Protracker	0	137716	06294412	77e21276	Magazines/HDUdec/Mus/Techno
92867888f38914ee4a78c70319fe72eb	1	397937	player	ft2play	FastTracker v2.00	10	693566	fb195c89	2d6d84d5	Music/Modules/LIQUID.XM
949ad1fe37ba0f9744ef40f41255ec92	1	184361	player+silence	uade	Protracker	0	217484	94b9ccd7	cbc4fba8	Music/Modules/mod.beginning
94c92de776891e7b48b7e3a974d074ae	1	374577	player	uade	OctaMED MMD3	0	514782	77c01b8f	04b69cdd	Music/Modules/DeepCvr.MED
9573037d3f16fc504b7145f0af9641fe	1	141242	player	uade	Protracker	0	363058	e9bba017	96b0adaf	Music/Modules/mod.-Do_Dah_Bing_Bong-
96b4ee3416c038896504ff37ed8e6393	0	291969	player	uade	Amos Music Bank	0	58668	1c72698f	92fb6be6	Games/ECS/démineur/Music 2.abk
97797a706c8ad3985d7c9fe527656b95	1	245867	player+silence	uade	Protracker	0	867914	c54a3ff5	ff34540b	Demos/AGA/Dolphinary/modules/mod.Outburst
97c1f91355ffcac89dbb9272c1daabc8	1	159226	player	uade	OctaMED MMD3	0	425550	c2a9f195	f97be637	Music/Modules/hangover_mix1.med
97c77ae0204b1fffaf76a6a6cdaa995b	0	322693	player	uade	Amos Music Bank	0	78244	f2c89fb1	cdad2744	Games/ECS/démineur/Music 3.abk
97c77ae0204b1fffaf76a6a6cdaa995b	0	322693	player	uade	Amos Music Bank	0	78244	f2c89fb1	cdad2744	Games/ECS/Snacky Folies/snacky_musics/Music 9.abk
98007fccfcd6742c3e620c91c694639c	1	38520	player	uade	Protracker	0	313824	8e86c656	53b8b011	Music/Modules/soyfeliz1
98ac36561d53361f5a4c0a5d0e4422f3	0	284514	player	libdigibooster3	DigiBooster Pro 2.15	8	443236	8a64cbf8	e3763d89	Music/Modules/Remote Control.DBM
98db4ff3a6f362dd1817f3c9ce22698d	1	278253	player+silence	uade	OctaMED MMD1	0	92392	d6484521	b7e79dc7	Music/Modules/Happy_vibe
99dbd1a8959dc9245b2bf3cd6ba1caa3	1	239664	player	it2play	Impulse Tracker 2.11	19	544784	60c9877e	813e0e81	Music/Modules/FTB-FIND.IT
9a6151015637d42611dda4f65a47568f	1	204505	player+silence	uade	Protracker	0	684716	2304c04e	ccaaed95	Music/Modules/mod.beez
9acb49097f2bfdb16371266f82c25f39	1	515759	player	uade	Protracker	0	44066	072974a9	a1645a47	Games/AGA/Shoot/data/shoot_title.mod
9b9c91679323bea35bc087c8d9c421b1	1	91850	player	uade	OctaMED MMD2	0	297042	3468f765	52bf94a8	Music/Modules/Silly.mod
9bde8067841111a66aa1ccb8a30b0a1a	1	184746	player	uade	Tracker Packer 2 - 3	0	166672	4a4c1765	10a8b1db	Magazines/generation25/mod1
9cc519769a14bea9bb787c26c7945677	1	282203	player	uade	Protracker	0	100916	81b746bd	0788b94c	Music/Modules/ UNITED TECHNO UNS.mod
9ce32509290378620f501b0038e4ba50	1	70530	player	uade	Protracker	0	96298	4e0d5c0f	25722ce9	Demos/AGA/compusphere'97/bonus/MOd.PROfESSiON
9d363b6166d8e3ad324af92cd47888d3	1	123076	player+silence	uade	Protracker compatible	0	78136	829080b3	9349a3b9	Games/AGA/LegendsOfTriten/Music/WTemple.MOD
9e35b47805326ab1d867ab506b0764ff	1	255743	player+silence	uade	Protracker	0	312962	87bc3bcf	aa521c3a	Music/Modules/dd-ForF.mod
9ee651ba04a017222c5f1ff8ea0a9f52	0	37234	player+volume	libopenmpt	Symphonie	16	559452	483c0b98	92757aba	Music/Modules/Gladness.SymMOD
a0214fd56ce98642e5ddec391a63143b	1	172870	player+silence	uade	Protracker	0	242726	bc46a241	89d0bbb3	Music/Modules/ARMED.MOD
a0f5420b82f4b9deb7668a8806513ea1	1	200138	player	uade	Protracker	0	259022	5c2bbb54	aeb802e5	Music/Modules/mod.born_to_create
a16ceab72b2ea453481c7ac60f490497	1	71816	player	uade	Protracker	0	106416	17c72a40	710bd3e6	Demos/AGA/HongaTonga/honga-data/mod.preview
a170db5feefed1b12a9fc5a692012164	1	48507	player	uade	OctaMED MMD3	0	1982368	92be9844	f65fb317	Music/Modules/Aaaah.mod
a1cee15631bd04b0eecfe2d6eac578e5	1	279007	player+silence	uade	Protracker	0	778190	79781e36	0e6c282e	Music/Modules/dd-WaL.mod
a256c2ce3309e948c5158ed8723fab54	1	30824	player	uade	Protracker	0	86600	8ba4baab	a572ffc2	Demos/AGA/HongaTonga/honga-data/mod.Synch
a2b001e1c7502c7a6a55c09d6c385084	0	154665	player	uade	Amos Music Bank	0	82440	11c73dc1	151ffea5	Games/ECS/duelcity/Duel.abk
a437b16031f7bd0bcf37e4f9be39f2ae	0	606445	player	libdigibooster3	DigiBooster Pro 2.16	32	999907	a42efe91	72c85ed1	Music/Modules/Trawka.DBM
a4574b9691ffae93953c3f9a97c214cc	1	153721	player	uade	Protracker	0	117828	b66cf1b8	0cf32203	Music/Modules/ME-Keisari_Kuolema.mod
a67c3f8ce2be5ae63c60edc9897f398a	1	136038	player	uade	OctaMED MMD0	0	94790	02d0abe6	07abac3d	Games/AGA/SkimmersDemo_0.85/Data3/Audio/Music/2.dat
a694b2b9e232d9744e4c717a818100e1	1	387562	player+silence	uade	Protracker	0	160984	eb625edc	37704746	Magazines/HDUdec/Mus/Dream
a735bde5580c48705b85190d4896160d	1	105233	player	uade	Protracker	0	41698	9444de4d	7f767189	Music/Modules/mod.back-pages
a8daabc9a923d1dee1656ca042049eac	1	65251	player+silence	uade	Protracker	0	21148	0da9b724	a3dbaaba	Games/ECS/RushHour/modules4/Mod.The_Meadow_At_Dawn
a9a5c02aa69220201ad65e51e964188f	1	15693	player	uade	Protracker	0	63798	14028243	29026a6a	Games/AGA/BlitzBombers/sound/TUNE2_01.MOD
aaa8732b1f2157d81fb9de0704300f9c	1	186354	player	uade	Protracker	0	164758	317e233e	9f5763f7	Music/Modules/mod.stop it do not
aad7936d9ec3b21de1b135a4935557c5	0	39324	player	uade	Amos Music Bank	0	6612	39100d37	2beab71c	Games/ECS/Banana/Music/MusicMorning.Abk.pp
ac1c7956890d43dd2e6c9d0be01f0f4c	1	145132	player+silence	ft2play	FastTracker v2.00	10	317065	fe4ea5b9	bba9cbd0	Music/Modules/Simple'Sembly.xm
adc38eea39c5b476574d2842b0e077e7	1	22344	player	uade	OctaMED MMD1	0	71018	c21f94f0	84a2ad7a	Music/Modules/Tune2.MED
aeb6aaf95e87e3ccce9441e14a03f794	1	246052	player+silence	uade	Protracker	0	420610	7cce9548	81711523	Demos/AGA/Dolphinary/modules/mod.Seductive style
afc2e687ad19c3737ecd38df8bd74918	1	106530	player+silence	ft2play	FastTracker v2.00	8	363797	1cb3dfc0	82acb709	Music/Modules/BEDRVISQ.XM
b0c8c39a3ea5f6ebd498c632318b62dc	0	107645	player	uade	Amos Music Bank	0	49368	7b614c24	818042a7	Games/ECS/Snacky Folies/snacky_musics/Music 3.abk
b2bcbda21c813c58d55107a4abafe53d	1	133835	repeat	uade	Protracker	0	176572	6faa2d27	cefda4bf	Music/Modules/twitch.mod
b2d6ca0a79f3d495207a2fffec35885a	1	25961	player	uade	Protracker	0	133718	56e26bc4	63402ecf	Animations/AGA/sOccEr_gOEs_cRAZy-INB/FODMUS
b41aed2bfb757c4db6095a6e3b90e8f2	1	410520	player+silence	ft2play	DigiBooster Pro 2.17	8	514006	887e7731	1aadf662	Music/Modules/Digital Psychedlic Hymn.XM
b54710a70ffb930b453825ff05544772	1	198531	player	uade	Protracker	0	256380	10fca439	971cb03a	Demos/AGA/Dolphinary/modules/mod.Trans Am
b60159d0bd07cb697267591bdc1c37a5	1	296330	player	uade	Protracker	0	466780	23034f8e	a2e00fcb	Music/Modules/dd-cLinIcP.mod
b66aeb475374df8170f2c77699cbdc97	0	100243	player+silence	uade	Amos Music Bank	0	50474	c80d4fb0	42dccd55	Games/ECS/ScavengerII/SOUND/Track1.ABK
b680bd0efc3201f74b146cff02098609	1	178517	player	uade	Protracker	0	174250	6c56566e	e5e10c20	Music/Modules/mod.Mystic_Sound_Of_Goa
b6ec3ba6694ad6198b85c4aa61d3bae3	1	119540	player	uade	Protracker	0	34878	1e87714c	42962842	Music/Modules/Reikaleipa.mod
b7b7a2c8a8eafc2e3cab8c1cdcef7c98	1	371638	player+silence	ft2play	FastTracker v2.00	20	841047	e6ee2e7f	bb803a0f	Music/Modules/REINF.XM
b87154c76fcbdb82d528ccff59135c11	1	125388	player	uade	Protracker	0	658880	4e57a2ae	194dcb1d	Music/Modules/mod.Springtime
b903b0c54e6fd3f38e82349b3459f29c	0	414820	player	libopenmpt	Symphonie Pro	16	824126	b6fe64da	2151ea39	Music/Modules/PyroTeque I.SymMOD
b9c7e9ca64d9a81258d00c5384292895	1	312263	player+silence	ft2play	FastTracker v2.00	12	579058	48d9c4ea	14ba17be	Music/Modules/NEVER.XM
b9d015a933cda6f4bdf32e8fc4e1a52d	0	215169	player	uade	Amos Music Bank	0	43990	871dbed9	2e51d3c5	Games/ECS/Snacky Folies/snacky_musics/Music 5.abk
ba21f5f2f6c415c93b08487aefe851c3	1	99968	player	uade	Protracker compatible	0	73920	b61998c4	eee34ca6	Games/AGA/LegendsOfTriten/Music/Falls1cave.MOD
ba24133c61f6b2e9728c3e6bffb20c67	1	44830	player	uade	OctaMED MMD1	0	80712	21b172fa	f50e7817	Music/Modules/Tune3.MED
bb64baa550f6f661d6f543d533a4e71c	1	136631	player+silence	uade	Protracker	0	62868	76640972	e20bdfa0	Games/AGA/BlitzBombers/sound/TUNE2_00.MOD
bb84fb735c56d7776924ba653b50d687	1	205617	player+silence	ft2play	FastTracker v2.00	16	1069094	b9e23ac3	75c05c8f	Music/Modules/INSTANCE.XM
bd41413fcaf63e51ff48601bd7efeded	1	142701	player+silence	uade	Protracker	0	58974	cc6a6929	a00f301e	Games/AGA/BlitzBombers/scenarios/MAP2.MOD.stc
bd5023aeaab108d723e0a8f33fd06357	1	202454	player+silence	uade	Protracker	0	380912	4d1be634	46e86e72	Music/Modules/mod.setting the amount
c040f61102b637112b3556ec7003aa97	1	27006	player	uade	Protracker	0	347226	9f5d448f	9d2be4ca	Animations/AGA/sOccEr_gOEs_cRAZy-INB/fodmus2
c06663e8c7b77fe182b028caa9eaebf2	0	103806	player	uade	Amos Music Bank	0	54588	5e7d28a1	d569f2e4	Games/ECS/ScavengerII/SOUND/Track5.ABK
c0853bc1c334733afdd00b5a6a5993b3	1	169515	player	uade	OctaMED MMD1	0	125468	75a115e0	2df7911d	Games/ECS/NeverMind/data/Mod.Never_Surrender
c0dc54c1b33ea9b82394ea57cf41d123	1	403171	player	uade	Protracker	0	197434	7e43e734	c881afc3	Music/Modules/mod.techno_cat_ac1dm1x
c19076256fa7c640fec75c06b83a9c28	1	79673	player	uade	OctaMED MMD1	0	80522	57e893e6	f5e4802d	Music/Modules/Tune1.MED
c21f91acb222fdfc5ce6781a548d7f44	1	209563	player	uade	OctaMED MMD3	0	982990	77a3813b	ae39d5d3	Music/Modules/Invasion
c2fbc57e39aee719afd646cea801e656	0	107645	player	uade	Amos Music Bank	0	90346	2df72e67	6df9330d	Games/ECS/duelcity/Old.abk
c395255d48390f249b2eb03690415911	1	509590	player	uade	Protracker	0	175918	18b3892b	c29ebce4	Music/Modules/mod.sektori
c3fa4f37a6931250c64c2164b003b0b6	1	172931	player	uade	Noisetracker 1.x	0	54902	31467317	7a45989f	Animations/ECS/Impressionist/mod.hop hipparen
c46ad8378fe6c18e9d706b8171b05792	1	295116	player+silence	ft2play	FastTracker v2.00	14	376709	265ea05b	e29701de	Music/Modules/BANQUET.XM
c5e09a60ae13e0560a0fdee5516cc8c5	0	256181	player	libdigibooster3	DigiBooster Pro 2.17	10	343358	63f541ec	1f05afae	Music/Modules/SLX-FANTASY06.DBM
c5ec6efd0ee9615c29f62292ca2ac277	0	222785	player	libdigibooster3	DigiBooster Pro 2.13	8	487682	a17c2e52	bb4f1c0d	Music/Modules/Qla Mocy Part III.DBM
c7206b63f9e049ccddb0109dc789ad0b	1	331917	player	uade	Protracker	0	282768	a3c8e7fd	609266c7	Programming/BlitzBasic/Blitz_Manual/Data.Lha/BlitzExample.Data/Trackers/mod.VDLove
c7484b91e4db4fa6a0cd6608df790e3e	1	166903	player	uade	Protracker	0	351056	215e876a	e2cbdc9a	Music/Modules/mod.resist me rmx
c876ea9384a4780555ef2b53797a1dc8	0	70852	player	uade	Amos Music Bank	0	50692	9bc2f41f	72f7501e	Games/ECS/Banana/Music/MusicRainbow.Abk.pp
c880df2f9a74add4b6ee12d9ed703510	1	169093	player	uade	Noisetracker 1.x	0	243010	145dc560	1238c8ee	Graphics_Utils/Sound2Motion/Examples/Mods/mod.ANewDay
c922c18cf02897d38fd3d6e15701a795	1	163908	player	uade	OctaMED MMD0	0	198240	a439c4c8	36f91528	Games/ECS/werner/mod/med.wernermix1
c926eb6948279a5ccee8af38da3663ed	1	424290	player	uade	OctaMED MMD1	0	504806	26c0d449	6647b9a5	Music/Modules/Tripppin
c926eb6948279a5ccee8af38da3663ed	2	59036	player
c99aa3bc9ed87008214104a37f66c09a	0	70209	player	uade	Amos Music Bank	0	8480	a0536736	386a0431	Games/ECS/Banana/Music/MusicBubb.Abk.pp
ca76c45b1d6e1d9577f7adc88b560aa2	1	168852	player	uade	OctaMED MMD1	0	60374	79bac3c1	43c5f2f3	Magazines/HDUdec/Mus/Start
cac453f11cc99f6da6c24095fff37cb7	1	437042	player	ft2play	FastTracker v2.00	14	1067152	e53f9ef7	73febaca	Music/Modules/C_whendr.xm
cc1b3077c84675b67c2cfb4dc2e03d19	1	345838	player+silence	uade	Protracker	0	312688	af6824b6	66066881	Music/Modules/mod.12th_echo
cce357a7f91caa5d2781c1e78aae7451	1	172931	player	uade	Protracker	0	51532	d3c0fe2f	f1f2e12e	Games/ECS/RushHour/modules4/Mod.Scraplook
cd538eb2526c88f597b81783e0098df5	1	147034	player+silence	uade	Protracker	0	102456	393b4ac8	d304b876	Music/Modules/mod.psychotic-60s-rock
cdbbbe6f74d8b2beeeaf2df39a0da56f	1	192623	player+silence	uade	OctaMED MMD1	0	159394	82d7c233	ae826e6c	Games/AGA/SkimmersDemo_0.85/Data3/Audio/Music/3.dat
cdbbbe6f74d8b2beeeaf2df39a0da56f	1	192623	player+silence	uade	OctaMED MMD1	0	159394	82d7c233	ae826e6c	Games/AGA/SkimmersDemo_0.85/Data3/Audio/Music/4.dat
cdbbbe6f74d8b2beeeaf2df39a0da56f	1	192623	player+silence	uade	OctaMED MMD1	0	159394	82d7c233	ae826e6c	Games/AGA/SkimmersDemo_0.85/Data3/Audio/Music/6.dat
cee60920ff5137d721e7395e86d17ce7	1	240473	player+volume	st3play	Scream Tracker 3.2x (SB)	16	191190	7329f309	200a917c	Music/Modules/ENDRMX.S3M
cef2b006f6491cbde2217798b0715240	1	61568	player	uade	Protracker	0	14076	6ac0b676	88f48041	Games/ECS/RushHour/titlemodules/mod.alive and kicking
d08a7db9e1dfc46ed7efd04dc8d9a4e4	0	122997	player	uade	Amos Music Bank	0	80920	d6fbfd21	bf7426b0	Games/ECS/Banana/Music2/MusicOhhYeah.Abk.pp
d0e9d8a8dc5fb1750a2f1350a2b0b45f	1	148549	player+silence	uade	Protracker	0	128196	c628389c	94901942	Music/Modules/a bientot.mod
d19bb86271f72b131ccbab4c1c4e7364	1	23168	player	uade	Protracker compatible	0	23824	fcad5de1	f72e8cb1	Games/ECS/Squeek/data/SQDATAM5
d2fcb0ade1da8ecd5f6370b7c034a858	0	107645	player	uade	Amos Music Bank	0	43836	b817374c	b1141fd2	Games/ECS/Snacky Folies/snacky_musics/Music 7.abk
d2fcb0ade1da8ecd5f6370b7c034a858	0	107645	player	uade	Amos Music Bank	0	43836	b817374c	b1141fd2	Games/ECS/snacky/The_song.abk
d36cccbec1a4e4b3baa60bcd4a6262ee	1	308768	player	uade	Protracker	0	430574	4577afa5	7140b9a9	Music/Modules/mod.up_versus_down
d3c70ab667483bd5893a71b0f38ac1d5	1	324208	player+volume	uade	Protracker	0	479916	46606d28	d7c8c89e	Music/Modules/dd-Crime.mod
d4af1042b995b224a372f8394370f621	1	156936	player	uade	Protracker	0	170028	b227d658	202f5ac9	Demos/AGA/Dolphinary/modules/mod.Trance Attack
d517674082adfce15862b3a8cbe545ed	1	115321	player	uade	Protracker compatible	0	72128	b063eced	9a180bb7	Games/AGA/SkimmersDemo_0.85/Data1/mod.scroll2
d5250f1f74ae8bd344d583c0878e07b5	0	161397	player	uade	Amos Music Bank	0	53568	4262c1e7	4e83c6ac	Games/ECS/Snacky Folies/snacky_musics/Music 1.abk
d5553fa549b116019beb0da6db947b0d	0	258110	player	libdigibooster3	DigiBooster Pro 2.14	8	342680	6a26f16b	89e87e7d	Music/Modules/Qla Mocy Part II.DBM
d5574219ede2eadf2a469e45cb37262d	1	184445	player	uade	Protracker compatible	0	101230	6d2dc064	cd6d0646	Games/AGA/SkimmersDemo_0.85/Data1/mod.scroll
d5d32de64f0a0744d03a7fa9b008ed6c	1	150965	player+silence	uade	Protracker	0	184872	909bb07b	34687001	Music/Modules/mod.Concept_in_Dance
d6082cf92936f1a03b2163c3eaca91ac	1	215310	player	uade	Protracker	0	510146	50b01751	a842eb76	Music/Modules/mod.roots
d6283193f0dbef5610db2a8a7835ccf5	1	226361	player	uade	Tracker Packer 2 - 3	0	134896	2702a6f2	3bb6e6df	Magazines/Generation25b/mod1
d6a1e64d1f871c30d6c56df39708f4c0	1	299404	player	uade	Protracker	0	424542	af767db5	10382456	Demos/AGA/shock_wave-cold_fusion/data/kff
d77bff2e1705ea2f46fb323d13f60fa3	1	266168	player	uade	OctaMED MMD1	0	80622	55d3cab0	bd6f73d7	Games/AGA/SkimmersDemo_0.85/Data2/Mod.Map
d831c1b858d148b2fdafae33761c0b81	1	261618	player+volume	ft2play	Fasttracker	8	381578	556d23ab	51b56ec8	Music/Modules/The_House_Of_House.xm
d91e4b68d74a456ae795060cbdc4517e	0	149079	player	libdigibooster3	DigiBooster Pro 2.17	16	1933683	47195619	1ae2072f	Music/Modules/Max!!!.DBM
d975a8ef0780cab5cbf5d7b8e816e033	1	211479	player+silence	ft2play	Fasttracker (M.K.)	4	293900	3e2caed8	7701e6e0	Demos/AGA/shock_wave-cold_fusion/data/ROTK
dd00286c4dad025d233696fba7e90c1c	1	135495	player	uade	Tracker Packer 2 - 3	0	274904	8508f196	22e7c785	Magazines/Generation25b/mod2
de8bee6cc00721b0724aec691f798177	1	230441	player	uade	Protracker	0	492680	f0d8d4d6	055667bd	Music/Modules/mod.If_I_Could_Fly
deded68135af91fca89e5f964ced7485	1	404916	player+silence	uade	Protracker	0	460104	a6cfac2a	25550a44	Music/Modules/mod.this_is_how
deec0d3d00b2a6cff4af2587962a4f3f	0	215169	player	uade	Amos Music Bank	0	84704	67eb9793	8e8bf11f	Games/ECS/snacky/Happy_sprite.abk
e29a4097c1183384ea7ed0cbb05539ea	1	33416	player	uade	Protracker	0	33216	8735a000	d592e38f	Programming/SecalDemo/Projects/Silly/Data/mod.silly
e469439e0ecea0fb7fd5d9e95e44114e	1	326531	player	uade	Protracker	0	124668	8536de14	75eaf4c9	Music/Modules/mod.saab900
e57b7f5ce80dae80a6cdb6dfab2b278a	1	178222	player+silence	uade	OctaMED MMD1	0	281698	d9384343	ea924b7a	Games/AGA/SkimmersDemo_0.85/Data3/Audio/Music/1.dat
e57b7f5ce80dae80a6cdb6dfab2b278a	1	178222	player+silence	uade	OctaMED MMD1	0	281698	d9384343	ea924b7a	Games/AGA/SkimmersDemo_0.85/Data3/Audio/Music/5.dat
e69370906c8ee21a1dd9e0410587e684	1	110397	player	uade	OctaMED MMD3	0	424696	0c83cd29	e977b5d1	Music/Modules/MED.Ventilator
e860ec09bfba3d57ee9dcc6dd003b1d0	1	51320	player	uade	Protracker	0	18576	703dcbdc	ee7c0a28	Games/ECS/RushHour/modules4/Mod.Grating
e8a5f275fefae77898159dc8c75c17e9	1	488760	player+silence	it2play	Impulse Tracker 2.13	37	273157	a46997e3	4f458cf9	Music/Modules/blues.it
e9ae763cbb2ce6d4b27ddba07bb0fcb6	1	263889	player+silence	uade	Protracker	0	339948	fe9e7566	21ab9573	Music/Modules/dd-StEp.mod
ea9ac0b8374b9699386115c7004e2487	0	314354	player	uade	Amos Music Bank	0	51006	df9e5fca	431f0ad1	Games/AGA/Hanger18/Songs/Music1.Abk.pp
eb3d47673a63d01fb8dca0d64971245e	1	73082	player	uade	Protracker compatible	0	25022	c00d06dd	ef71a2f6	Games/ECS/Squeek/data/SQDATAM2
ecc34128a6020cea782bf8c8e8ff00ce	1	263415	player	uade	Protracker	0	232506	6038848d	58a9cbd3	Demos/AGA/Dolphinary/modules/mod.Nightfall
ee61627c18041d5e8d57ef8d9e4f39dc	1	439190	player+silence	uade	OctaMED MMD3	0	261058	31c41289	05df3eb8	Music/Modules/mmd2.shake_me
eef9ceb48bcfbdff0ea85df50f391e9a	0	431154	player	libopenmpt	Symphonie Pro	32	793836	0907a881	eb63fe21	Music/Modules/PyroTeque II.SymMOD
ef9fd26915eca2e5350cd0c10e2aff9e	1	71173	player	uade	Protracker	0	72640	46e35018	8e9e4529	Programming/SecalDemo/Projects/Examples/Data/mod.demomusic
f0d2e78d557ebdcedce5225dc47dfb82	1	187861	player	uade	Protracker	0	59640	69deb04f	03b50de5	Games/AGA/BlitzBombers/scenarios/MAP5.MOD.stc
f1109bf6888ded31d17a19051935dadf	1	249028	player	uade	Protracker	0	50000	a9b3a3c3	955005eb	Music/Modules/mod.7_days_&_1_w33k
f1ca1390101d6681dedb35f8abd33e2f	1	72299	player	uade	Protracker	0	216730	566c3ea5	3e99b3a6	Music/Modules/mod.suihku kutsu
f20a80e1b34763515e38e45bb018dade	1	140921	player	uade	Protracker	0	40424	c46c4481	166b2502	Music/Modules/3ieme music.mod
f238f1e38873f898375864d7716db70d	1	412108	player+silence	uade	Protracker	0	1121922	77300055	ff83a9cd	Music/Modules/mod.bRiNG 'eM uP!
f2a9222f3b780dbbe00f0432501def1a	1	227085	player	uade	Protracker	0	303502	fc370d8d	949b245a	Music/Modules/dd-LN7.mod
f2d22423d82fb92bfa46475b04ae0524	1	173413	player	uade	Protracker	0	158208	f9f9d59e	17be6b7e	Music/Modules/mod.Sora7-Hallucinogen
f30cd358c57df18c2b9eec1106318620	1	168671	player	st3play	Scream Tracker 3.2x (SB)	16	388786	d8a4b2a7	5ee2dfa8	Music/Modules/MIXMASTE.S3M
f3372094f800092a9ae4c9ad7aa4fc81	1	171490	player+silence	ft2play	FastTracker v2.00	10	666257	99c93fac	97603758	Music/Modules/THET2.XM
f382efa8318f58daa794361756ee32ce	0	268921	player	uade	Amos Music Bank	0	46650	0c12f970	74d1bdba	Games/ECS/snacky/Bonus.abk
f4b073f337f3e442105d3e7ac35caea8	1	107825	player	uade	OctaMED MMD1	0	92058	0f648603	ff712d47	Games/AGA/Bounce_Ball/data/Gratis.med
f5ba2119fdddedd8f3b83e27f1f3737b	1	268680	player	it2play	Impulse Tracker 2.12	5	14218	9584b9e5	8dcbbccf	Music/Modules/Inverse.s3m
f5fb4617c0270d384fd6d7501284e87d	1	496891	player	uade	OctaMED MMD1	0	462224	065bcdb4	c423de0e	Music/Modules/bim_libeR.mod
f7f5d7c13329daa84c7b3386ce6ef175	1	381848	player	ft2play	FastTracker v2.00	14	498721	7244155d	a30acd56	Music/Modules/chains.xm
f86e7343e9639dee3cedc87e36ec368d	0	192121	player	uade	Amos Music Bank	0	54370	e6c6f0fd	7f64bb65	Games/ECS/démineur/Music 1.abk
f86e7343e9639dee3cedc87e36ec368d	0	192121	player	uade	Amos Music Bank	0	54370	e6c6f0fd	7f64bb65	Games/ECS/Snacky Folies/snacky_musics/Music 11.abk
f8df61b6d0a13b585057662d264cfd8c	1	337397	player	ft2play	FastTracker v2.00	18	1140738	82000c80	b8e99d4e	Music/Modules/RR-KISS.XM
f99fba9162b7971693821626b5cc0445	0	98289	player+silence	libopenmpt	Symphonie	16	648498	35d12788	abdf279a	Music/Modules/DanceTime.SymMOD
f9e76108722fde158a0623b8679e2e3e	1	178838	player	uade	OctaMED MMD2	0	1031720	21d64dff	43225824	Music/Modules/Lopez_303Machine
facd5f419bce6c8197e9bc79f50fbcc9	1	460968	player+silence	it2play	Impulse Tracker 2.06	16	553363	eb158678	aa6231a9	Music/Modules/machina.s3m
fbc2a6e171c2c1ed3e28cb1a14bcd82c	1	231098	player+silence	it2play	Impulse Tracker 2.06	5	519107	8115a82b	1ba34b61	Music/Modules/closet.s3m
fc76a42d86a558d98eedca791f7af937	0	297033	player	libdigibooster3	DigiBooster Pro 2.14	26	298472	c7b751e3	e848d567	Demos/AGA/Dolphinary/modules/DBM.Pulsars
fd06a9aad7d7ef6a055b3b1bea02e5db	1	61588	player	uade	OctaMED MMD1	0	51196	796ecc03	14e907e4	Music/Modules/64Tunelet.MED
fd2c372924c6b49d10c1e5b42b404a14	0	76880	player	libdigibooster3	DigiBooster Pro 2.17	6	65498	15ea9bed	edf08fdb	Demos/AGA/Dolphinary/modules/DBM.NeverEnding Story
fd3697d42a50a15ab50f4153d0c1cd52	1	247822	player	uade	OctaMED MMD1	0	263808	287300c3	31cf8f1b	Music/Modules/BionicMonkeyBoy.med
fdc9de3546dc5dc94db9c246d06fba1f	1	57730	player	uade	OctaMED MMD0	0	72146	4ee5d68e	698b8660	Games/ECS/Squeek/data/SQDATAM0
fdf8164642029e9c91c91bcf166454d2	1	140643	player+volume	uade	Noisetracker 1.x	0	65102	31b7ca31	d5cf9d27	Games/AGA/LegendsOfTriten/Music/Boss.MOD
ffdc8f62cf72dd01271a3afdb8731474	1	296973	player	uade	Protracker	0	332414	8d92a7e7	70e4a509	Music/Modules/dd-FeELiNg.mod
