0027ae65460d226b99f14942525bf72d	1	307321	player	uade	Protracker	0	44762	a7ab3869	ecbd31da	AGA/UTILITIES/VideoTracker/Modules/mod.techno1
0027ae65460d226b99f14942525bf72d	1	307321	player	uade	Protracker	0	44762	a7ab3869	ecbd31da	FILES/AGA/U1328DDATA.DMS/Modules/mod.techno1
005ec976311913e8b38c8a0926cd7515	1	61789	player	uade	OctaMED MMD0	0	62340	db16b695	5c7095c2	FILES/PD/P565B.DMS/data2/m04
005ec976311913e8b38c8a0926cd7515	1	61789	player	uade	OctaMED MMD0	0	62340	db16b695	5c7095c2	Games/Misc_Entertainment/StarWoids/data2/m04
0083708b253234ee2944098de31b364a	1	394249	player	uade	Protracker	0	228728	f29cc999	1db7591d	Music/Modules/mod.Vanish_Monoxide
008c1e34af9c9b75041bafbfc83ef75f	1	121731	player	uade	Noisetracker 1.x	0	70288	497116fd	ecda4412	Music/Modules/mod.ace-ii
00cec418abece428b6af6416a93579fb	1	268121	player+silence	uade	Protracker	0	154434	ec8b8d34	6e194be6	Music/Modules/mod.war of light
00cf0e283c60cc415dfc6d7f5ca0f79c	1	147331	player	uade	Protracker	0	89866	dfdcec36	af13d43f	Music/Modules/mod.megafoe
02adce4a9a09998db337b5cb2b9bdb12	0	291969	player	uade	Amos Music Bank	0	64956	734894e7	e23c8759	1.3/Anardati02
02adce4a9a09998db337b5cb2b9bdb12	0	291969	player	uade	Amos Music Bank	0	64956	734894e7	e23c8759	2.1/Anardati02
02adce4a9a09998db337b5cb2b9bdb12	0	291969	player	uade	Amos Music Bank	0	64956	734894e7	e23c8759	3.0/Anardati02
02adce4a9a09998db337b5cb2b9bdb12	0	291969	player	uade	Amos Music Bank	0	64956	734894e7	e23c8759	Anardati02
02adce4a9a09998db337b5cb2b9bdb12	0	291969	player	uade	Amos Music Bank	0	64956	734894e7	e23c8759	Games/Misc_Entertainment/ANDroidarena/Anardati02
0317684bee38265ae2721b3fd0d8920f	1	358713	player+silence	uade	Protracker	0	346174	89217d27	8ac76fc8	Music/Modules/mod.IFeelMuchBetter
036a072492e82ec13f7332bd59835a83	1	23168	player	uade	Promizer 4.0	0	5770	81eb1d9a	12ee444e	FILES/PD/U1352B.DMS/Modules/PR4.0.Do You Wanne
036a072492e82ec13f7332bd59835a83	1	23168	player	uade	Promizer 4.0	0	5770	81eb1d9a	12ee444e	Music/EaglePlayer/Modules/PR4.0.Do You Wanne
036a072492e82ec13f7332bd59835a83	1	23168	player	uade	Promizer 4.0	0	5770	81eb1d9a	12ee444e	Music/Modules/PR4.0.Do You Wanne
0379a44027157aeea19db8a66e4a493b	1	14408	player+silence	uade	Protracker	0	31326	aae80b1c	6cdb9b31	Games/Shoot-Em-Up/Deluxe_Galaga/GALAGA.JINGLE2
03a336e19c6d45be4e87ea4ba0a6f5d6	1	134932	player+silence	uade	Protracker	0	326492	e4e9aa94	85eb49e1	Music/Modules/mod.OutOfControl
03e21c018fc5627a36c6812f2fff5b50	1	192141	player	uade	Noisetracker 1.x	0	176014	ae724efa	0ee2eaee	Music/Modules/mod.automatic beat
0430d768c1e9d7cd31497ad9773d5029	1	241527	player+silence	uade	Protracker compatible	0	205088	f89fa037	12d76e20	Music/Modules/MOD.ACIDOFIL
05387748d345ee776b7881f4159767f6	1	234023	player+silence	uade	Protracker	0	290552	ebef5cd0	4080c1ec	Music/Modules/mod.Clairvoyance
0546c94c3c8aee18bd3988fe06dfb865	1	347208	player	uade	Protracker	0	758330	cc1ad1a3	be651631	Music/Modules/mod.TempleofDreams
059b07e3b7c1373f9a3192dc8f14324d	1	119824	player+volume	uade	Protracker	0	295646	69eb2408	ce207457	Music/Modules/mod.StopThePress
07e69f314eec9bf737e9c18218b05e80	1	133968	player	uade	Protracker	0	59824	ec813964	1046fa50	FILES/PD/U1000.DMS/Music
0997c9bea1ce9a53bacf3967002be705	1	84074	player	uade	Protracker	0	129828	b6f2b23b	8130261b	Music/Modules/mod.negroove
0b054872cd4174277b08b2f1bfea1521	1	145273	player+silence	uade	Protracker	0	128748	1a8c4130	b558d982	Music/Modules/MOD.SOUNDS FOREVER
0b0c0682246642b1275fa94641e56967	1	452073	player+silence	uade	Protracker	0	329500	db02952e	ab99308a	Music/Modules/mod.Signia
0cf226e14e48f73dba8edbce65f48ed5	1	169093	player	uade	Protracker	0	50986	c1f2a5a7	0ef4b199	Music/Modules/mod.Starsails
0d0a3e780d771ccf545c79e844ca82f8	1	231244	player	uade	Protracker	0	123602	ff08e253	1fda8e5e	Music/Modules/MOD.MOVE-YOUR0FEET
0dee161cc267ae6d8a3939c49fec8959	1	120726	player	uade	OctaMED MMD0	0	49606	914c5566	6fbce809	AGA/GAMES/MegaBall/MB_Music/HighScore.tune
0e148e50cecf4e3315fc7e5774c5ae31	1	107645	player	uade	Protracker	0	121018	6f61da91	b9d7b0b2	Music/Modules/mod.WrapItUp
0f01ffc4da9d426b7ca06fe7243742a3	1	39519	player+volume	uade	Startrekker (4ch)	0	140994	aeaa99f6	a0ab706d	Music/Modules/mod.jungle
0f664d92167022746830627c27cf1a3d	1	214491	player+silence	uade	Noisetracker 1.x	0	111064	4d4b8b9e	301fff2b	Music/Modules/MOD.ATOMIC TUNE
0f9f29cd337f2d9c0d52c7f9d02abbe6	1	417609	player+silence	uade	OctaMED MMD1	0	105498	ce114944	d77ecba0	Music/Modules/memories_of_anna
0fd142141e2b22a5f5ca93f9ace30be6	1	162366	player+silence	uade	Protracker compatible	0	107285	bde27cc1	00b34371	Music/Modules/mod.SunsetintheCity
103d700577d9473c4b4752adef414edb	1	154172	player+silence	uade	Protracker compatible	0	97066	373972a3	725cb7b9	Music/Modules/HouseBeatles
1046437bf36217ca0ba4cd2819a4ba79	1	203193	player	uade	Protracker	0	161086	de7fae74	9751adb3	Music/Modules/mod.Raw
1096129f664c738942e03a3dc6f924e1	1	105434	player	uade	OctaMED MMD1	0	53770	0296bc8b	77c4b95f	AGA/GAMES/Data/Soundtrack02.med
1096129f664c738942e03a3dc6f924e1	1	105434	player	uade	OctaMED MMD1	0	53770	0296bc8b	77c4b95f	FILES/AGA/P555BCY.DMS/Soundtrack02.med
10e0877e279c7b4f4ae6a4821eff42b2	1	286966	player	uade	Protracker	0	251784	72f12634	bb76513c	Music/Modules/mod.trip-to-the-zoo
10ec4fa6b5a7aa3f401e9bcee205ae71	1	340597	player	uade	Soundtracker II (31 instr.)	0	101862	525f7f44	dabda49f	Music/Modules/MOD.NEWBEAT07
110075e69b831f50e2ba3bd5ad08c6a1	1	315017	player	uade	Soundtracker II (15 instr.)	0	89580	4d7ecd18	cd710d24	Games/Misc_Entertainment/Rescue/Rescue.Song1
11dc5b7d206515a0447cee9d02325768	1	207493	player	uade	Protracker	0	58248	2f3d2f8f	1e5414f5	FILES/PD/M051.DMS/mod.9
13732f154a072d341b7829a925d4b616	1	101877	player	uade	Protracker	0	185728	008c8422	4e1957a6	Games/Tetris/TETRISPRO/Data Tetris2
14be24a7f254e064eac5318f960c897a	1	200975	player+silence	uade	Protracker	0	101394	c8bec06a	d1d1a6d6	Music/Modules/MOD.POUR_DANIELLE
14e2b51deaa6ee645611de515903f372	1	210135	player+silence	uade	Protracker	0	95606	7d44fc24	a736093e	FILES/PD/U1236.DMS/Archives/Magnum_v1.8.DMS/magnum.music
14e2b51deaa6ee645611de515903f372	1	210135	player+silence	uade	Protracker	0	95606	7d44fc24	a736093e	FILES/PD/U1236.DMS/magnum.music
14f8e11f5af91e307c3f8204c3458097	1	53872	player	uade	Protracker	0	123508	bbcb4ca5	1fba0d07	Music/Modules/Mod.Prosentti
150abdf2b5cece6656efb48870e44e1d	1	221559	player	uade	Protracker	0	89000	d2e55073	267af21c	Music/Modules/mod.Sunnory
1553c22974c13e7fbc1be67710934eae	1	146045	player	uade	Protracker	0	61744	88c5e8ac	7106fc2f	Music/Modules/mod.croool
16554b1f9dee868a11b0f84984cbdcb1	1	216133	player	uade	Protracker	0	89108	52f4a8a7	c2cea8ab	Music/Modules/mod.dance-mutzig
1684170b85c070cd0277e20adbe1dc1a	1	192141	player	uade	Protracker	0	40000	552deee2	fe83eef6	FILES/PD/M051.DMS/mod.4
168d41a7df044034c3f86b2a419bdfa4	0	187198	player	uade	Amos Music Bank	0	88934	b8cd13bb	15d7657f	Games/Puzzle_Quiz/Oblidox/Music/Music2.abk
173afa7330ca55a9bf501150813f1a8b	1	149191	player+silence	uade	Protracker compatible	0	78736	e2fed1f2	b876da43	Music/Modules/ZAPTUNE
17a0e146f94b9b389bbc24ce5ddda8b0	1	149762	player	uade	Protracker	0	311098	085ea706	d1d5cb58	FILES/AGA/M398APRO.DMS/mod.alpha00
180131d43badf2850e08c15ff7019d74	0	57514	player	libopenmpt	Startrekker	4	121630	642035a5	11c254f9	Games/Sport/Mr.Men/sound.fx/1
19a5e27b68c31b79ea04acaebd7ed3a1	1	174197	player	uade	Protracker	0	230036	f401d12c	699dc980	Music/Modules/MOD.SPACE-CADET
19f4cd71f8f2bba31f7b89f90797964b	1	116206	player	ft2play	Fasttracker (M.K.)	4	210021	48d715ab	6e12eb16	Music/Modules/mod.ZuiHouYiGeDaXiaTOM
1b320129abae2ff58a70cc5102a44098	1	74328	player	uade	Protracker compatible	0	82640	1236739b	5a1fbe3c	FILES/PD/P421.DMS/Sound_Data/Intro
1b320129abae2ff58a70cc5102a44098	1	74328	player	uade	Protracker compatible	0	82640	1236739b	5a1fbe3c	Games/Platform/BillyBurglar/Sound_Data/Intro
1bcf68613c42b80183f726c0f3eb932e	1	159248	player+silence	uade	Protracker	0	617524	7bbb1ddc	0dcd01f3	Music/Modules/mod.SexySinnerII
1d0c694898fc6b232ea324e4fced31b8	1	61568	player	uade	Noisetracker 1.x	0	74416	e833af99	3bab7e74	Music/Modules/mod.deathmetalsatansson
1e2c288b91fe50ed0db250d3d862a2f0	1	122997	player	uade	Protracker compatible	0	47408	be0be829	0aa8cc6f	2.1/OL-Tune3.mod
1e2c288b91fe50ed0db250d3d862a2f0	1	122997	player	uade	Protracker compatible	0	47408	be0be829	0aa8cc6f	Games/Shoot-Em-Up/Overlander/OL-Tune3.mod
1e2c288b91fe50ed0db250d3d862a2f0	1	122997	player	uade	Protracker compatible	0	47408	be0be829	0aa8cc6f	OL-Tune3.mod
1e4771a34d855ac9575f8407a33648ab	1	53511	player	uade	OctaMED MMD1	0	137472	33168828	7df94980	Games/Car/skidmarks/gfx/mod.skidmarks1
1e4771a34d855ac9575f8407a33648ab	1	53511	player	uade	OctaMED MMD1	0	137472	33168828	7df94980	Games/Car/skidmarks/skidmarks/gfx/mod.skidmarks1
1e48925796f48bccebbb67e3defa3b03	1	379018	player	uade	Noisetracker 1.x	0	109922	879f9c25	b4ffccf2	Music/Modules/MOD.THUNDERSTORM
1ea7cf67692cfca0d8a1c3daa5adf76f	1	4652	player+silence	uade	Protracker	0	6108	b41c4cc9	33e89145	FILES/AGA/P551DELUXE.DMS/DlxGalaga/GALAGA.JINGLE2
1eb8ddc317cb76c540648f4c581b10f5	1	164773	player	uade	OctaMED MMD1	0	81150	3b67d102	be4e9079	Music/Modules/Thunderdome.8MED
1f2736493729cb0f18f276e62a2d56b3	1	40972	player	uade	OctaMED MMD1	0	22386	76e79903	99de285d	AGA/GAMES/Data/Soundtrack00.med
1f2736493729cb0f18f276e62a2d56b3	1	40972	player	uade	OctaMED MMD1	0	22386	76e79903	99de285d	FILES/AGA/P555ACY.DMS/Data/Soundtrack00.med
1fe65c2994d5bd6aa0abd80c13e7f5d8	1	210815	player+silence	uade	Protracker compatible	0	67558	fe7af73a	7d243bbb	Music/Modules/Mod.Mavellous-Man
2073f1e7624467400abbbea73c91e0aa	1	146768	player	uade	Protracker	0	293226	a4f10e2c	6753155e	Music/Modules/mod.be_funky
20fd793e72c3145cbfc7fa67d342bbd9	1	109131	player	st3play	Scream Tracker 3.00 (SB)	8	133443	2f1016ef	1de654bc	Music/Modules/Symphony.S3M
23d4ed9f624b964ccc9edf7aa18eacd0	1	220373	player	uade	Protracker compatible	0	51884	e06cf339	bfea40ea	Music/Modules/MOD.WHITE DOT DEMO 2
23d4ed9f624b964ccc9edf7aa18eacd0	2	220293	player
23d593e4710b45f3814645871825cdf0	1	130693	player	uade	Startrekker (4ch)	0	71740	e7f07836	57df875c	FILES/PD/U1231.DMS/Modules/mod.the finalist
2468060c019a2c418798bfe81a1ca489	1	487962	player+silence	uade	Protracker	0	201296	bc69c19c	50911f9d	FILES/PD/M401.DMS/mod.2
25169d86f20ed1d130a42369b558291e	1	200433	player+silence	uade	Protracker	0	181318	b0ee8321	ac02982a	Music/Modules/mod.Dissonance
25d7ccb9a17ca6c7bf1eb952b4d5750c	1	253569	player	uade	Protracker	0	52206	ca7d447c	0fc14683	FILES/PD/M051.DMS/mod.6
26910c394a947ca4257bc320487a47a1	1	184445	player	uade	Noisetracker 1.x	0	106494	15d16f65	96a56148	Music/Modules/mod.Space-Journey
2a49e794a797f44e1a011cab934204ef	1	273467	player+volume	uade	Protracker	0	102008	ac62707b	6e8f4ea2	Music/Modules/mod.Distance
2a55f3f3d5273b03b5cbd6602fda4a5a	1	106021	player+silence	uade	Protracker	0	216782	65b5498a	33ab36ff	Music/Modules/mod.Skjettik
2c0e94cbe877d0afa5d819ab6de84445	1	7193	player	uade	OctaMED MMD0	0	73044	cdb573bc	5cc03d86	FILES/PD/P565B.DMS/data2/m01
2c0e94cbe877d0afa5d819ab6de84445	1	7193	player	uade	OctaMED MMD0	0	73044	cdb573bc	5cc03d86	Games/Misc_Entertainment/StarWoids/data2/m01
2c4f91a2c294922605f88a38e637c923	0	66632	player	uade	FutureComposer 1.3	0	8774	528a8d0e	e2ae5216	FILES/PD/U1352B.DMS/Modules/FC13.Sting
2c4f91a2c294922605f88a38e637c923	0	66632	player	uade	FutureComposer 1.3	0	8774	528a8d0e	e2ae5216	Music/EaglePlayer/Modules/FC13.Sting
2c4f91a2c294922605f88a38e637c923	0	66632	player	uade	FutureComposer 1.3	0	8774	528a8d0e	e2ae5216	Music/Modules/FC13.Sting
2cad8e01e433f961cec05a4ee7900f5a	1	223174	player+volume	uade	Protracker	0	202624	2afcfdee	a06a96f5	Music/Modules/mod.TransonicTheme
2cf3530bbd9fe3c57d7d54c1db7c4d08	0	61448	player	uade	Mark_II	0	22464	8b8b37d1	d040a3a6	FILES/PD/U1352B.DMS/Modules/MII.Quadlite
2cf3530bbd9fe3c57d7d54c1db7c4d08	0	61448	player	uade	Mark_II	0	22464	8b8b37d1	d040a3a6	Music/EaglePlayer/Modules/MII.Quadlite
2cf3530bbd9fe3c57d7d54c1db7c4d08	0	61448	player	uade	Mark_II	0	22464	8b8b37d1	d040a3a6	Music/Modules/MII.Quadlite
2db5638485e02d6213793472f588125b	1	159288	player+volume	uade	OctaMED MMD1	0	169552	caf15d9d	68f592d7	AGA/GAMES/ZOMBIES2/Zombie2.mod
2db5638485e02d6213793472f588125b	1	159288	player+volume	uade	OctaMED MMD1	0	169552	caf15d9d	68f592d7	FILES/AGA/P563ZOMBIE.DMS/Zombie2.mod
2dd1ed6d1bb8cc9d11520273d6cb88fa	1	146045	player	uade	Startrekker (4ch)	0	74300	e9a519ef	ca45358b	FILES/PD/U1231.DMS/Modules/mod.magic fly(space)
2f88fb03d059e8c94d919e950c9c8dd6	0	115341	player	uade	Amos Music Bank	0	31246	be6c4a95	541e6b89	Games/Car/mooseDriver/Shop.Mus
2f97ad8645c4c84dd8e34da3531c08b7	1	219198	player+volume	uade	Protracker	0	95658	4130c257	39f6b6d6	Music/Modules/mod.Lektrophile
30fcb2dd3ec55e07bf50a441fd2c07dd	1	256201	player	uade	Protracker	0	423290	dc3adcec	5041f78e	Music/Modules/mod.Vacuum
30fde044d09065473045f45b13aa5556	1	282619	player+silence	uade	Protracker	0	281698	87016171	3bb574f7	Music/Modules/mod.GodWatches
310761e5e500f5f8f7cbdf28b4f6522d	1	289847	player+silence	uade	Protracker	0	406354	9c93ee19	b82f129e	Music/Modules/GSLINGER.MOD
32c86a64c44732a792873d2e1075e23d	1	344129	player+silence	uade	Startrekker (4ch)	0	171738	d71a073d	85648022	Music/Modules/mama.mod
32f8231ece1079794688bfabc05bf0f7	1	105474	player	uade	Protracker	0	20306	09e36f1e	29b6cb45	Music/Modules/mod.darkness ii
3343c14f6c4efd5e27c28fe59405f2b5	1	204479	player	uade	Protracker	0	110112	e704e367	f90d5e32	Music/Modules/mod.Trance8
34c728755168f820165c2ac790c4fd3a	1	175118	player	ft2play	Fasttracker (M.K.)	4	141937	354602d7	9b39a59c	Music/Modules/SEEYA.MOD
3550eaf776add029301cced6f8b98995	1	386691	player+silence	uade	Protracker	0	361286	77e98759	71bf0639	Music/Modules/mod.Cah-Caqlach
35b16ad5ea3c24f0df9335d19690ac33	1	271252	player	uade	Protracker	0	267318	adb27ffc	4b6a8997	FILES/PD/A143.DMS/mod.Just'N'Nightmare!
35e671617f03669e56cb35c5629e47f5	1	377591	player	uade	Protracker	0	195456	e64a0a9f	070c6c2c	AGA/UTILITIES/VideoTracker/Modules/mod.gabberuh!.pp
35e671617f03669e56cb35c5629e47f5	1	377591	player	uade	Protracker	0	195456	e64a0a9f	070c6c2c	FILES/AGA/U1328BDATA.DMS/Modules/mod.gabberuh!.pp
36a82fcb6b56bcde2e8eeb9961648451	1	110136	player	uade	Protracker	0	274168	73aafe88	b137dcd3	FILES/AGA/M398CPRO.DMS/mod.alpha06
36c85353f549fc47588c1ac88ed4560f	1	129387	player	uade	Noisetracker 1.x	0	176290	ece258a8	f795d48e	Music/Modules/mod.OmenakauppiaanHuuto
370aa8f14962f7a00b33b3cb1bfd8f95	1	308639	player+silence	uade	Noisetracker 1.x	0	364498	05f85b61	b299ff16	Music/Modules/mod.Domin8R
370daa9ad5a087b3496f084c97d4f486	1	215149	player	uade	Protracker	0	38750	afa14ac1	255c7c49	FILES/PD/M051.DMS/mod.5
37a3ca0bb57e06bb31ad7f9f60e3aaf5	1	176541	player+silence	uade	Protracker	0	211978	a85ebe09	d84d16c7	Music/Modules/mod.GrooveSnus.pp
37d289980c9ea83323001c118d2fc5f6	0	233073	player	uade	Amos Music Bank	0	183882	a99a166e	9211cf47	AGA/ANIMATIONS/Infinity/mod-valley.abk
37d289980c9ea83323001c118d2fc5f6	0	233073	player	uade	Amos Music Bank	0	183882	a99a166e	9211cf47	FILES/AGA/A615INFINITY.DMS/mod-valley.abk
3826dd70677258bb8f1fd9ae7ea9c76b	1	108770	player	uade	Noisetracker 1.x	0	107382	e5a7c381	b962afe1	Music/Modules/MOD.PARANOID
387434384ee4a99b5fadc8f621cc2d7d	1	106824	player+silence	uade	Protracker compatible	0	225142	18daeb6b	5272746d	Music/Modules/mod.a1
38ddb311194bb26600f425bc8be1b958	1	127156	player	uade	Protracker	0	215844	bc25fb84	e896f475	Music/Modules/MOD.ATOMIC-SWEET
39b6e8a8e47d05ad9172f11f31a62a61	1	215149	player	uade	Protracker compatible	0	114284	7cd412e0	2472acc4	Music/Modules/mod.WHOUSE
3ad8f090c36a56f10835719b1f007ea4	1	51320	player	uade	Soundtracker II (15 instr.)	0	12386	2498c9c5	453a84df	FILES/PD/U1352B.DMS/Modules/MOD.Mel o Dee I
3ad8f090c36a56f10835719b1f007ea4	1	51320	player	uade	Soundtracker II (15 instr.)	0	12386	2498c9c5	453a84df	Music/EaglePlayer/Modules/MOD.Mel o Dee I
3ad8f090c36a56f10835719b1f007ea4	1	51320	player	uade	Soundtracker II (15 instr.)	0	12386	2498c9c5	453a84df	Music/Modules/MOD.Mel o Dee I
3b038fbc938074327b7947cd239e5df1	1	109091	player	uade	Protracker compatible	0	103100	2752efe1	dd78c29a	FILES/PD/P390.DMS/music/mod.x-tron
3b305d6b0bb9cb50de7772cd39f17c34	1	171537	player+volume	uade	Protracker	0	88894	7dd5202e	56641746	Music/Modules/mod.White_Rose
3b31761eee58b569ec0da64fe78821a4	1	399728	player+silence	uade	OctaMED MMD1	0	118840	cae3765e	f40a0b5c	FILES/PD/U1232.DMS/Mods/mod.4-mat
3b8b9e74a73aaa871ef4b63333276014	1	215149	player	uade	Soundtracker II (15 instr.)	0	56446	7ed5c6a1	d7ff533e	Music/Modules/mod.NONAME
3c89ffd5b3dabea84d4616d52504a996	1	506797	player	uade	OctaMED MMD1	0	274116	28d63f49	2c08143a	FILES/PD/P508.DMS/A12
3ccef424e3107a96fcc0697ad24a63f1	1	121088	player	uade	Protracker	0	95322	a08d4e54	4400e106	Music/Modules/mod.Stygma
3d8bac20318125c0d772cf86dff8794c	1	107645	player	uade	Protracker compatible	0	110588	1be059d3	a11f554f	Games/Shoot-Em-Up/Deluxe_Galaga/GALAGA.MUSIC
3e32d6cbaed563ed2fadc7a2e84fb763	1	453246	player	uade	Protracker	0	100632	113a600c	c5f70327	FILES/PD/U1230.DMS/Modules/mod.real time demo.pp
3e32d6cbaed563ed2fadc7a2e84fb763	1	453246	player	uade	Protracker	0	100632	113a600c	c5f70327	Productivity/Casio_Communications/Modules/mod.real time demo.pp
3e597bfda7d744abd50c4fe1e887d51b	1	115321	player	uade	Protracker compatible	0	19116	e206a4c8	20f632f6	FILES/PD/P502B.DMS/MMMusic
3e597bfda7d744abd50c4fe1e887d51b	1	115321	player	uade	Protracker compatible	0	19116	e206a4c8	20f632f6	Games/Sport/NR/MMMusic
3e5ac6d98616938997c596ce2bd67802	0	30844	player	uade	Amos Music Bank	0	8742	fe9f10f4	e65757e2	Games/Sport/Mr.Men/sound.fx/crowd.abk
3eb87229f6a30f047c1881054fa2e341	1	323738	silence	uade	Protracker	0	263872	f10f7d23	b7c034f1	Music/Modules/MONSTRO.MOD
3edd8703dc9e23e9c4e03d38a916a983	1	207493	player	uade	Protracker	0	74324	7d8d7c9e	b3981c8c	Music/Modules/mod.busy
3f50d66ae00b2cca938fa42661632961	1	197285	player	uade	Protracker	0	74784	a79b30bc	5b5898c2	Music/Modules/mod.Redemption
3fc9605be9dd91c0021626492ad707b1	1	407290	player	uade	Protracker	0	193820	c9b8acc3	0d150056	FILES/AGA/U1348B.DMS/music
3fccc2c9d7e1254b72469ee985fbad24	1	184947	player	uade	OctaMED MMD0	0	102674	7800d373	7062c981	AGA/GAMES/MegaBall/MB_Music/MBmus22
3ffc128a30b0bc5e578d3fa34063135c	1	204921	player	uade	Protracker	0	369022	fdb3cdb7	a8429d56	Music/Modules/mod.Runner
405fcc9775268d227ce3db738b597ae4	1	56424	player	uade	Protracker	0	157512	d82296fa	4f2e3849	Music/Modules/MOD.POWER-OF-BRONX
4061ff17ed83030b1c3c8de0914104fb	1	376405	player	uade	Protracker	0	122794	f12c8e70	81d8b5e3	Music/Modules/mod.breakthrough 6-18
4086a1a6fe393c340e4e9bcc7b0bc9fc	1	119498	player+silence	uade	Protracker	0	99006	671e74cb	fcbeb196	Music/Modules/mod.HotBits2
40f32cbcd70fcc8c3f81e2b733472298	1	267257	player+silence	uade	OctaMED MMD1	0	324186	5b2ddf50	560da8be	AGA/UTILITIES/VideoTracker/Modules/mod.bonzai
40f32cbcd70fcc8c3f81e2b733472298	1	267257	player+silence	uade	OctaMED MMD1	0	324186	5b2ddf50	560da8be	FILES/AGA/U1327VID.DMS/Modules/mod.bonzai
411b5bc9f80daa0c312d7f4333278155	1	489174	player	uade	Protracker compatible	0	214034	706ad0e9	d3e4142a	Music/Modules/mod.SandsOfTime
418b6f51087846270fffa71fc5cb6ad2	1	166048	player+silence	uade	OctaMED MMD0	0	107826	556d4260	e4fc381b	Games/Car/RACINGMANIACS/intro.song
42dd6669a69568a2c0d84b8ae70b7f49	1	374882	player+silence	uade	Protracker	0	71882	60aeb839	09772e46	FILES/PD/M401.DMS/mod.4
436c4966790c3f238b1ee8167159951a	1	203715	player	uade	Protracker	0	74128	4a5950ed	466a631e	Music/Modules/mod.Winds_arise
43f41f6bc1a7625fe5f4805d1dff1055	1	92272	player	uade	Protracker compatible	0	57324	1c1db4fa	40a7077b	AGA/GAMES/Bazza/Bonusmusic
445458a0f110d7c1e72fc6c77b25c2d5	1	185334	player+silence	uade	OctaMED MMD0	0	283264	6b2c223d	000b915c	FILES/PD/P565A.DMS/data2/m03
445458a0f110d7c1e72fc6c77b25c2d5	1	185334	player+silence	uade	OctaMED MMD0	0	283264	6b2c223d	000b915c	Games/Misc_Entertainment/StarWoids/data2/m03
44df708162c515916f2eb802bfb551e4	1	212557	player	uade	Protracker	0	146770	296b7560	b214512b	Music/Modules/mod.learning to fly
457b1e0ce140f1a8db533592b5134e90	1	76920	player	uade	Protracker	0	93930	9cc14019	58b6d114	Music/Modules/mod.where now??
45b28656545c3a11e1d30d297f66d825	1	97999	player	uade	Protracker	0	46818	802d72ce	a3590ac1	Music/Modules/mod.SkidrowTheme
479c4f1432fe64d998291793d4e08fb6	1	305717	player+silence	uade	Protracker	0	333882	1fd71ac2	32ff487b	Music/Modules/mod.WeNeedFreedom
4a4db28daeb81f3eb207f892b70a1e54	0	46196	player	uade	Amos Music Bank	0	70042	bc145269	899794af	Games/Combat_Fighting/BUCKTOOT/BucktoothEndMus.abk
4c0ac335c82f59e72fb6aca1f2433e2c	1	215898	player+silence	uade	Protracker	0	321846	e381abce	89bdd933	Music/Modules/mod.Sound-o-da-lunatic
4c5c49dda1f4de3259562f7f51560454	1	311955	player+silence	uade	Protracker	0	522908	0e1c7458	da7b35c9	Music/Modules/mod.RespectIsDue
4c69bd28d481113ee47fcde17d414aca	1	253569	player	uade	Noisetracker 1.x	0	29132	2d0b2923	c7be136e	FILES/PD/U1324.DMS/Modules/ATMOSPHERE
4c882e5e97f53eacf9037d0e02c972f7	1	38520	player	uade	Protracker	0	33806	285aa5e3	1541fc4b	FILES/PD/U1324.DMS/BRAIN/mod.brainacid
4c8ea895df64d75dd6c3dd7c4e90ee50	0	46196	player	uade	Amos Music Bank	0	34796	5c77d06d	bc7d22a6	Games/Car/mooseDriver/Second.Mus
4dbe5e8a3f00ab8173674859505f1db3	1	192141	player	uade	Protracker	0	142910	ef207d3b	3fbc79c9	Music/Modules/mod.PiranhasAcid
4dec6ca9d866817ba2245068bf61cc50	0	163969	player	uade	Amos Music Bank	0	47216	730af225	cca2ca31	Games/Puzzle_Quiz/Oblidox/Music/Music3.abk
4e3296b2ae81aab8e562cb6523a5aa01	1	164090	player+silence	uade	Noisetracker 1.x	0	94214	374ca0e7	c89e2fe1	Music/Modules/MOD.BUG
4ec6de35d7ef574bebae2a43bf92bcc6	1	146045	player	uade	Soundtracker II (15 instr.)	0	84864	2ba324aa	db7f447a	Games/Misc_Entertainment/Rescue/Rescue.Song3
502ea495a4dcecc9740be2d40699a861	1	156132	player	uade	Protracker	0	114164	c5379c2b	9c04cb26	Music/Modules/mod.shades_of_grey
50f1017b4bb1c5df0524dc50fe06d4a0	1	140949	player+volume	uade	Protracker	0	776080	39464fb9	75cd4c7a	Music/Modules/mod.BanginCindy
526fab01a18720ba990b0fa6d86144fe	1	231124	player+silence	uade	Protracker	0	98864	78dd35ff	d681cf8e	2.1/OL-Title.mod
526fab01a18720ba990b0fa6d86144fe	1	231124	player+silence	uade	Protracker	0	98864	78dd35ff	d681cf8e	Games/Shoot-Em-Up/Overlander/OL-Title.mod
526fab01a18720ba990b0fa6d86144fe	1	231124	player+silence	uade	Protracker	0	98864	78dd35ff	d681cf8e	OL-Title.mod
53651d82844d856bf42ee55fe7cddf45	1	191127	player+volume	uade	Protracker compatible	0	194122	065b5e96	bfe542e1	Music/Modules/INSOFAR.MOD
53c8fb7695917c623557c04c4feb9dc6	1	204137	player	uade	Protracker	0	275844	6864e8c5	a4f0f677	FILES/AGA/M398DPRO.DMS/mod.alpha07
550c42f076f779ec0f48e42025acf41e	1	277471	player+silence	uade	Protracker	0	276776	e9975895	7efb92d9	Music/Modules/mod.StepItUpAgain
55a40101fe9b14fa558a3154ba8e3875	1	220675	player	uade	Protracker	0	237972	f2bb1c6b	d3b53be4	Music/Modules/mod.DigitalInsult
5744486433c0799ed65bc893e5973cf8	1	128121	player	uade	Protracker	0	97494	ee130d83	32918c1f	Music/Modules/mod.technology-rock
57a8f248d27697c33068ee265454d3c7	1	297118	player+silence	uade	Protracker	0	74724	cba759d6	7dbe1125	FILES/PD/M051.DMS/mod.8
58cc39b14066216a9bbb3ca4d6932248	1	102762	player	uade	OctaMED MMD0	0	53178	9f018439	20d0bc26	AGA/GAMES/MegaBall/MB_Music/GameOver.tune
58cc39b14066216a9bbb3ca4d6932248	1	102762	player	uade	OctaMED MMD0	0	53178	9f018439	20d0bc26	FILES/AGA/P510MEGABALL.DMS/MB_Music/GameOver.tune
5abf29a339a58770b5d9e07e153a2c4c	1	270850	player	uade	Protracker	0	129404	ebef6a80	f346b803	FILES/PD/U1230.DMS/Modules/mod.limited electronic.pp
5abf29a339a58770b5d9e07e153a2c4c	1	270850	player	uade	Protracker	0	129404	ebef6a80	f346b803	Productivity/Casio_Communications/Modules/mod.limited electronic.pp
5b11a84ed9a04cd92b754064b5954b59	1	417224	player+silence	uade	Protracker	0	204546	f5993118	47d83458	FILES/PD/M401.DMS/mod.1
5b942cdcca0c52ce623b1d4898ab0d35	1	143606	player+silence	uade	Protracker	0	270466	92ab064a	ddaf1375	Music/Modules/mod.Fresh
5bb90d5d3be6383da089e03d724aad9b	1	58098	player+silence	uade	Protracker	0	441338	88e0a1e3	110a36f7	Music/Modules/mod.Stian_Strandem
5cadd755edd6fc62aa6ffe1b1553e0cc	1	256714	player+volume	uade	Protracker	0	398798	e24ed2ac	96bf6eb3	Music/Modules/mod.nundm
5cd3ef2d1f0d70c87bcaf7a6905d8a97	0	211190	player	libxmp	The Player 5.0a	4	124316	510d9a5e	b115f183	AGA/DEMOS/LOve/FLT-Lve2.Skl
5cd3ef2d1f0d70c87bcaf7a6905d8a97	0	211190	player	libxmp	The Player 5.0a	4	124316	510d9a5e	b115f183	FILES/AGA/A653BLOVE.DMS/FLT-Lve2.Skl
5d328bc7ea74bd484e6fefbe4391f320	1	76880	player	uade	Protracker	0	330870	048b11c7	f366c209	Music/Modules/SLOWDISC.MOD
5df6b2a79701e44899c9df11c528e29f	1	361073	player	uade	Noisetracker 1.x	0	129076	0aace62b	cb59426b	FILES/AGA/U1349A.DMS/c/MOD
5e63c47c4a9fda79810402620a04c7a1	1	153721	player	uade	Protracker	0	381510	be5b9ba3	8bc7c8a8	Music/Modules/show-em.mod
601ed8094d8ae29592ff8f6c57cafc00	0	23148	player	uade	Amos Music Bank	0	36912	3362be07	5b4ca044	Games/Car/mooseDriver/Lost.Mus
60992cea26b680b0165914f40be27cba	1	160064	player+silence	uade	Noisetracker 1.x	0	95778	e6bba970	ef15b4b3	Music/Modules/MOD.MEGAFORCE02
611160454c401a90306aac17ac46c021	1	291969	player	uade	Soundtracker II (31 instr.)	0	248050	70874c07	44350d93	Music/Modules/MOD.APPROXIMITY
61130eea4295ae78980bf992d996a211	0	131074	player	uade	Oktalyzer	0	193240	11eb0114	3a560b52	Music/Modules/VoicesFromHeaven.okt
62d74f4d91d945ca2d55f8e4024d2f06	1	142267	player	uade	Protracker	0	127146	9848f904	87c0d27d	Music/Modules/mod.DetSkaNokGå
63aac71e52e272750bf264677c73f76e	1	160601	player+volume	uade	Protracker compatible	0	191323	b286644c	9fb5dc89	Music/Modules/THEBEND.MOD
6453276f0c0c31d7bdeb8caf4c929cbe	0	166018	player	libxmp	Pha Packer	4	278952	c1f83ac2	cd4151cf	Music/Modules/PP10a.3DDemo2_GodsRemix
64fcb05aeabcbbfdc5d93e7f8d1ac334	0	7796	player	uade	Amos Music Bank	0	26518	be318029	2c9359df	AGA/ANIMATIONS/Infinity/mod-loader.abk
64fcb05aeabcbbfdc5d93e7f8d1ac334	0	7796	player	uade	Amos Music Bank	0	26518	be318029	2c9359df	FILES/AGA/A615INFINITY.DMS/mod-loader.abk
65272342818f1687038932b53e33df49	1	84717	player	uade	OctaMED MMD1	0	261368	f1b6f0ad	1267ebe6	AGA/GAMES/Klondike-II/REKO-Productions/MUSIC/Default.WINM
65272342818f1687038932b53e33df49	1	84717	player	uade	OctaMED MMD1	0	261368	f1b6f0ad	1267ebe6	FILES/AGA/P414BKLON.DMS/MUSIC.LZH/Default.WINM
6556b0fb1de97b5ab1295405b74ae3f5	1	119520	player+silence	uade	Protracker	0	229420	b343d405	ad8c337b	Music/Modules/mod.Performance
65ab9627534237f48555094292cddd15	0	0	error				8800	4efe29ee	d614e851	FILES/PD/U1352B.DMS/Modules/RK.Electricity
65ab9627534237f48555094292cddd15	0	0	error				8800	4efe29ee	d614e851	Music/EaglePlayer/Modules/RK.Electricity
65ab9627534237f48555094292cddd15	0	0	error				8800	4efe29ee	d614e851	Music/Modules/RK.Electricity
66403f2f82ae1c58737c9637d862c012	1	192141	player	uade	Protracker compatible	0	56044	9d889ea0	53315f96	AGA/GAMES/Hydrozone/Mod.HydroZone
66403f2f82ae1c58737c9637d862c012	1	192141	player	uade	Protracker compatible	0	56044	9d889ea0	53315f96	FILES/AGA/P556HYDRO.DMS/Mod.HydroZone
6738f8bbf7c957a3f87dac7e929b3401	0	172509	player	uade	Synth 4.0	0	8108	653e3bcf	4cd6876c	FILES/PD/U1352B.DMS/Modules/SYN.Labyrinth_Theme
6738f8bbf7c957a3f87dac7e929b3401	0	172509	player	uade	Synth 4.0	0	8108	653e3bcf	4cd6876c	Music/EaglePlayer/Modules/SYN.Labyrinth_Theme
6738f8bbf7c957a3f87dac7e929b3401	0	172509	player	uade	Synth 4.0	0	8108	653e3bcf	4cd6876c	Music/Modules/SYN.Labyrinth_Theme
688250aadf2e64423bc94ea608b9408e	1	233917	player+volume	uade	Protracker	0	286860	3c3794e4	97b2a1bf	Music/Modules/MOD.UrbanUnderground
694d4981d25557babe2636daacf8c6fa	1	169535	player	uade	OctaMED MMD0	0	94858	3e42e2e1	a2c5d3e0	FILES/PD/U1231.DMS/Mods/MED.RED5
69a4ae4a453c742272ef7ee6df9908ed	1	208900	player	uade	Protracker	0	79434	a90141b2	78b1f8bc	Music/Modules/mod.ShockTheBrain
6a146f198eddd1f67f3003b79edc2fe7	1	115321	player	uade	Protracker compatible	0	19062	746f771f	311f9f67	FILES/PD/P502A.DMS/TMUSIC
6a146f198eddd1f67f3003b79edc2fe7	1	115321	player	uade	Protracker compatible	0	19062	746f771f	311f9f67	Games/Sport/NR/TMUSIC
6af9ec65d12d14963e0a8730224c2b1c	1	245893	player	uade	Noisetracker 1.x	0	70002	044914b3	4649cc2c	Music/Modules/MOD.ICE MACHINE
6afc93a7484d6033c7d6c170cb44fa24	1	168028	player	uade	Protracker	0	315418	74f97c9b	40e0ade3	FILES/AGA/M398BPRO.DMS/mod.alpha01
6b8aa3c7e438efc11bacdf123c253ded	1	169233	player	uade	Protracker	0	135652	43e61f61	4b9a4e9a	Music/Modules/MOD.AliensAteMySocks
6cda4d8a2cda5d87424bc8c5572bedb1	1	325909	player+silence	uade	Protracker	0	401926	e3b7a935	5a2573cb	Music/Modules/TribalJustice.mod
6d6cb5f5b539d93903b405359c4e1fae	1	166521	player	uade	Protracker	0	93796	8cded47f	364d6372	FILES/AGA/U1247A.DMS/dance
6d6cb5f5b539d93903b405359c4e1fae	1	166521	player	uade	Protracker	0	93796	8cded47f	364d6372	Music/Modules/mod.dance or die
6d8f34a9887aa91811c05fafdc9f696d	1	247641	player	uade	OctaMED MMD1	0	103876	bad7c8d7	9a10e723	AGA/GAMES/MegaBall/MB_Music/Title.tune
6d8f34a9887aa91811c05fafdc9f696d	1	247641	player	uade	OctaMED MMD1	0	103876	bad7c8d7	9a10e723	FILES/AGA/P510MEGABALL.DMS/MB_Music/Title.tune
6dd9d8a2eaf341a66d66bff1c90ba3f2	1	53872	player	uade	Protracker compatible	0	16322	bc1549a1	66a12561	FILES/PD/P502B.DMS/CTMUSIC
6dd9d8a2eaf341a66d66bff1c90ba3f2	1	53872	player	uade	Protracker compatible	0	16322	bc1549a1	66a12561	Games/Sport/NR/CTMUSIC
6e2afd82f626a29cf08550a3ed133455	1	272759	player	uade	Noisetracker 1.x	0	97472	b219c59b	1f1c9d9a	FILES/PD/U1230.DMS/Modules/mod.crazycomets.pp
6e2afd82f626a29cf08550a3ed133455	1	272759	player	uade	Noisetracker 1.x	0	97472	b219c59b	1f1c9d9a	Productivity/Casio_Communications/Modules/mod.crazycomets.pp
6e5d276757bc4b4703bd93f6b96e9b54	1	191346	player+silence	uade	Protracker	0	118996	a7f6e396	1bf07e00	FILES/AGA/U1248B.DMS/music
6f335617d1182290c54ef4f037ee0e0b	1	239620	player+silence	uade	OctaMED MMD1	0	67328	9914ec6b	0d0270ca	FILES/PD/U1232.DMS/Mods/MED.Synthetic-Dreams
6f6023a8433b9d4e4b9df45443101642	1	138369	player	uade	Protracker compatible	0	90642	683264b5	a0b934c7	Music/Modules/mod.Steam
6fc563319cff7392a39c617ba729286a	1	252283	player	uade	Protracker	0	151170	ebc448bb	3c8c847f	Music/Modules/mod.Loud+Clear
6fc5e419d4ddff0fae9c11d7d54fcf65	1	194813	player	uade	Protracker	0	253556	589e1cf9	d179b086	Music/Modules/mod.breath of air
702401e42333f9a63917ba2a9e082dca	0	384142	player	uade	Amos Music Bank	0	22146	9fb24d24	bb68647d	Games/ADVENTURE/Knights/Data/KIM
703caa1ef0b334686ca3b40d1058e090	1	162728	player+silence	uade	Protracker	0	99768	a710ca0b	f496dca3	Music/Modules/DONTYOUWANTME.PP
70492a95ff7371ab805db2f1d74aa6eb	1	354683	player	uade	Protracker compatible	0	343770	8b28e70b	ecdae785	Music/Modules/scorpion.mod
704c75caf7a4cd9b8e76e48c13f0378a	1	203273	player	uade	Protracker	0	439734	c456d5f5	43d8768d	Music/Modules/mod.Juratmic
7086d05a340114b203098887f0d542f4	1	325989	player+volume	uade	Protracker	0	341298	7284e865	0eb3affa	Music/Modules/mod.MorePowerful
7086d05a340114b203098887f0d542f4	1	325989	player+volume	uade	Protracker	0	341298	7284e865	0eb3affa	Music/Modules/MorePowerful.mod
713c18338b9a288c190751c9f1caa572	1	155045	player+silence	uade	Protracker	0	183390	304b7a0d	8e5fe492	Music/Modules/mod.acceleration
71569f40fa3b97b11b70e6f1cfdd072f	0	123097	player	libxmp	MED 2.00 MED3	4	124164	b3a922c9	dd2b9d82	Games/Platform/Kasejagd/m2
71b989b4c26f97ece653b1fbce8cbe67	1	136909	player+silence	uade	Protracker	0	367810	0ea3a79c	365fe663	Music/Modules/mod.Sucks-o-phone
7221f5f1e9007af4958fbdf61851341c	1	107645	player	uade	Protracker	0	50702	a1b12739	09cda268	FILES/PD/U1230.DMS/Modules/mod.airline.2.pp
7221f5f1e9007af4958fbdf61851341c	1	107645	player	uade	Protracker	0	50702	a1b12739	09cda268	Productivity/Casio_Communications/Modules/mod.airline.2.pp
723d5d55a6e194851aa8ca4b22dbfafd	1	405210	player+silence	uade	Protracker compatible	0	328516	1ee80ba9	ae25599b	Music/Modules/mod.WindItUpChaosRemix
72410c8c5e4d64da4441f53b76622357	1	251720	player	uade	OctaMED MMD0	0	59330	96096771	508c3a51	AGA/GAMES/MegaBall/MB_Music/MBmus09
72dacb0a48ad71979d3605e4db0befae	1	177713	player	uade	Protracker	0	112830	ff6fba54	ff0e20b8	FILES/PD/A544.DMS/Music
730676085a221083ff440335fd43d351	0	188062	player	uade	JamCracker	0	54394	5874c423	31d01fad	FILES/PD/U1352B.DMS/Modules/JC.Tristar.ComicBakery
730676085a221083ff440335fd43d351	0	188062	player	uade	JamCracker	0	54394	5874c423	31d01fad	Music/EaglePlayer/Modules/JC.Tristar.ComicBakery
730676085a221083ff440335fd43d351	0	188062	player	uade	JamCracker	0	54394	5874c423	31d01fad	Music/Modules/JC.Tristar.ComicBakery
731460951f307f57d6f259c1c7a050ed	1	323859	player	uade	Protracker	0	167072	6ccb47d6	3fd818fb	Music/Modules/mod.SamplerJoe
74a4ef619ea47831a8a76547cab7043a	1	257407	player	uade	Protracker compatible	0	83980	8c6d89d3	a068abc4	Music/Modules/mod.technotronicinsp
7702ac47177386af9c324c92de77b331	1	115923	player	uade	Protracker compatible	0	150860	4bff9f3f	71d32e05	FILES/PD/P421.DMS/Sound_Data/Ingame
7702ac47177386af9c324c92de77b331	1	115923	player	uade	Protracker compatible	0	150860	4bff9f3f	71d32e05	Games/Platform/BillyBurglar/Sound_Data/Ingame
77f4e0524f7bfc74a49720486bb3c49c	1	132722	player	uade	Protracker compatible	0	104813	13866171	ed2055ef	Music/Modules/ZIMBALZA.MOD
789e7d4131cc04313e6619db486a3f87	1	268921	player	uade	Noisetracker 1.x	0	137032	b32bf48d	cdb80978	Music/Modules/MOD.TAKE A WALK
78b2db707192ef05bbb053792410deda	1	180869	player+silence	uade	OctaMED MMD0	0	261482	d5ddf81e	472144e0	FILES/PD/P565B.DMS/data2/m02
78d9eed9a74efb12c3d332fad0585359	1	322332	player+volume	uade	Protracker	0	234694	3394f538	347610d0	Music/Modules/mod.AcidFlashback
7a699080f9d56f2e22f4a4e856674086	1	153721	player	uade	Soundtracker II (31 instr.)	0	97552	59c848f3	9a28b669	Music/Modules/MOD.kawai-k1
7b3902ddd0305f04d96bd3f70c0cc166	1	472300	player+silence	uade	Protracker compatible	0	450554	84425b99	918843f5	Music/Modules/mod.Revolution
7d229dabf909b3d51875ce0efab3281d	1	261245	player	uade	Protracker compatible	0	49988	95a23057	f66583b9	2.1/OL-Tune1.mod
7d229dabf909b3d51875ce0efab3281d	1	261245	player	uade	Protracker compatible	0	49988	95a23057	f66583b9	Games/Shoot-Em-Up/Overlander/OL-Tune1.mod
7d229dabf909b3d51875ce0efab3281d	1	261245	player	uade	Protracker compatible	0	49988	95a23057	f66583b9	OL-Tune1.mod
7d94e315320a9adb8e3fb712a807d4cd	0	12619	player	uade	Amos Music Bank	0	5266	546b42d7	62da5240	Games/Platform/FRUIT_SALAD/MUSIC/MUSIC2.BIN
7e673a32022782cabb5f6b5232fb1cc9	1	30824	player	uade	Protracker	0	62654	9664012c	b58422a3	Games/Shoot-Em-Up/Deluxe_Galaga/GALAGA.JINGLE1
7e8b6cd6f2f62364182d19831966aa20	1	268921	player	uade	Protracker	0	107514	d513efe1	ad87335f	Music/Modules/mod.StoriesNeverEnd2
7ebc30572e9b867bbf5985993d2a4c83	1	359649	player+silence	uade	Protracker	0	82202	57ba8ca7	f7f07722	Music/Modules/mod.rumba
7f343c0b21f2372574eb927e2df39723	1	144564	player+silence	uade	Protracker	0	961118	b2b44cf0	39fc6d8f	Music/Modules/mod.QuietEvening
7f9f5dda02461241dae9c2249eb02970	1	310042	player+silence	uade	Protracker	0	79140	901d924d	90fd2cad	FILES/AGA/P551DELUXE.DMS/DlxGalaga/GALAGA.MUSIC
813b69c320ab041f588dc012d1e69d0d	1	311247	player+silence	uade	Protracker	0	255290	8b8e9988	db872927	Music/Modules/mod.Xperience
824c0fb2c4f3206b1aaf04cb7095b4b0	1	227306	player	uade	Protracker	0	280086	30367822	633636cc	Music/Modules/mod.Rubicon
82abaccdbac5e553bc6382af645fdf89	1	205240	player+silence	uade	Protracker	0	234006	475e7732	df56beeb	Music/Modules/mod.SlamCam
82d5e148bedafc877c6faf9660b29558	1	15472	player	uade	Protracker compatible	0	11438	16756fb6	2b4bac94	FILES/PD/P502B.DMS/RSMusic
82d5e148bedafc877c6faf9660b29558	1	15472	player	uade	Protracker compatible	0	11438	16756fb6	2b4bac94	Games/Sport/NR/RSMusic
82fe0f7f78709aa85aeb228fad49eb45	1	198531	player	uade	Soundtracker II (31 instr.)	0	62808	acbbfb79	8bcd116d	Music/Modules/MOD.TIMESKIPPIN'2.3
8351ee53754ff060b4997400cabe862a	0	15492	player	uade	Amos Music Bank	0	30228	9756a296	b6a6379d	Games/Car/mooseDriver/First.Mus
836003c2cd95a9b761fcde17dd47ef5d	1	97557	player	uade	Noisetracker 1.x	0	8466	84266aef	f089e4fe	FILES/PD/U1252.DMS/SuperDark/Sources/SD_SC_15.lha/blankers/mod.wizardy
8658546766442fb5a58faef854b71358	1	200480	player	uade	OctaMED MMD0	0	54152	9fe6e28d	e1e37d27	FILES/PD/P566.DMS/DoctorStrange/DrTheme.med
8658546766442fb5a58faef854b71358	1	200480	player	uade	OctaMED MMD0	0	54152	9fe6e28d	e1e37d27	Games/Platform/The_Case_Of_Dr.Strange/DrTheme.med
8679e0294b6d44e9d647ac330b17f804	1	30824	player	uade	Protracker compatible	0	38832	f826ed80	dd86f1fc	Music/Modules/mod.Kraak-Vaak-Sound
87a7b8fe55714e02b63dadd628bf0fc0	1	83793	player	uade	OctaMED MMD1	0	50022	4a27e907	a1bd613f	AGA/GAMES/Data/Soundtrack01.med
87a7b8fe55714e02b63dadd628bf0fc0	1	83793	player	uade	OctaMED MMD1	0	50022	4a27e907	a1bd613f	FILES/AGA/P555BCY.DMS/Soundtrack01.med
87e763f8be56b99b4c462fb644beb3bf	1	173353	player	uade	Protracker	0	424862	2149bca4	eb9718cd	Music/Modules/mod.ILikeIt
87e9b9ee35c84f14fb5cbc61cef240d5	1	469668	player+volume	uade	Protracker	0	404556	60a4e2bc	d167bf73	Music/mod.RaveOlympiamegamix
893bb4e855ad9334d7c127a5314088bb	1	97357	player+silence	uade	Protracker compatible	0	53436	ff00c76d	35c9b8f1	Music/Modules/MOD.WHEELBARROW
8a029ac498d453beb929db9a73c3c6b4	1	459436	player+silence	uade	Protracker	0	375630	6e623164	84f03ed1	Music/Modules/BeatWave
8a5a27c49eba9a4039c0e8927064eaae	1	143493	player	uade	Protracker compatible	0	92480	c3b70695	626f4fe1	Music/Modules/mod.Shadowfire
8adfa25a7f042b1df58f0be4b81cc06a	1	172629	player	uade	Protracker	0	264792	63f777c9	003f195a	Music/Modules/Mod.IllegalTendencies
8ae01bd9d551cf13e169ba686a635e39	1	62834	player	uade	Protracker	0	117672	e51bdcfe	ef92fbf3	Music/Modules/MISSING.MOD
8bbfb904b6fc1f408405936d4dfb1389	0	0	nosound	libxmp	MED 2.00 MED3	4	1424	4f91d0d7	12cad931	Games/Platform/Kasejagd/m1
8bffc46f46e0911f29ff4edf0c71a484	1	249731	player	uade	Protracker compatible	0	263994	81b76501	cf724d63	Music/Modules/mod.atmosphere
8c943cf1f43a990b8352b9d25f8250a8	1	218232	player+volume	uade	Noisetracker 1.x	0	50172	dce50cd8	9220fd77	Music/Modules/MOD.WILD BUNCH
8d360a7421e49e1f0521f1feeaf6adb0	1	92272	player	uade	Protracker	0	67846	f51484c7	c19e198d	Music/Modules/MOD.WHATONEARTH?
8f033ef72cf773a6c6a311ba3787e1cb	1	192141	player	uade	Protracker	0	96832	4de11135	8e3b9062	Music/Modules/mod.moebius
8f74fd4a9aaf4f8207c14152e2103013	1	82424	player+silence	ft2play	Fasttracker (M.K.)	4	16261	e70d7dbc	05b94b62	Music/Modules/mod.Waterfall
8f96aee5da1506df5da7983e8df81d24	1	121891	player	uade	Protracker	0	146778	8e19774f	d7b3d8f7	Music/Modules/MOD.NorthernLight-92-
8fda2010ab00c9dcab09b3fc5a88e2a5	1	201925	player+silence	uade	Protracker	0	184412	a60fdabe	3f3d82e4	Music/Modules/mod.Sequestral
8fe79a1f88630d7b2356c72cbf858225	1	325029	player+silence	uade	Protracker compatible	0	108920	453e158c	dc1797ce	Music/Modules/mod.We_Rule
90a4a2c7735b26590f009f36ce65f012	1	147059	player+volume	uade	Protracker	0	88128	2fb30338	0dac506e	Music/Modules/MOD.AMIGAFASTESTCOMP
9258cd840442bcf8eaa4676dc3162451	1	322693	player	uade	Protracker	0	351546	0516e8a3	b5c68434	Music/Modules/dasboot.mod
93ad5208cf1afe36cd3d2f47637d2bdd	1	210068	player+silence	uade	Startrekker (4ch)	0	118812	a6900ea7	17379bde	Music/Modules/mod.Whisky
93d6006bab1984e330a71610b2a721c6	1	584441	player	uade	Protracker	0	171648	17c84710	06f6045a	Music/Modules/mod.DoxmopolitanII
9509c0e8bda711a79edbd34dd2a36ece	1	201786	player	uade	Protracker	0	159100	ca54f17b	d1eb38b9	FILES/AGA/G175AMINI.DMS/MOD
95c2baed765f02240b8564d1b6114364	1	97638	player	uade	Protracker compatible	0	213472	a1c94489	94012f0a	Music/Modules/CUIDADO.MOD
96ee764325abdbfb9b2ce8fa75272130	1	80758	player	uade	Protracker compatible	0	72344	3fc44501	576286c9	FILES/PD/P421.DMS/Sound_Data/Finishing
96ee764325abdbfb9b2ce8fa75272130	1	80758	player	uade	Protracker compatible	0	72344	3fc44501	576286c9	Games/Platform/BillyBurglar/Sound_Data/Finishing
9781db31eb437eea5044e791a93f3101	1	170600	player	uade	Protracker	0	238824	691b881a	204f7815	FILES/AGA/M398BPRO.DMS/mod.alpha03
97889bf3039a253463f45554331544ca	0	85239	player	uade	FutureComposer 1.3	0	4790	5c997729	bcdcdeef	FILES/PD/U1352B.DMS/Modules/FC13.Fraxion1_RichardC
97889bf3039a253463f45554331544ca	0	85239	player	uade	FutureComposer 1.3	0	4790	5c997729	bcdcdeef	Music/EaglePlayer/Modules/FC13.Fraxion1_RichardC
97889bf3039a253463f45554331544ca	0	85239	player	uade	FutureComposer 1.3	0	4790	5c997729	bcdcdeef	Music/Modules/FC13.Fraxion1_RichardC
9a8afba74d6150bcf4078b3c6afedfb2	1	119064	player+silence	uade	Protracker	0	347128	8efe8491	92271216	Music/Modules/mod.HideawayBlues
9adbb209071c4482c5df8352cc739f20	1	712804	player	uade	Protracker compatible	0	195078	b7acb17d	80a4d57f	Music/Modules/mod.Rundgren
9b084466b4ee5e519ca28865ad25b12a	1	249731	player	uade	Protracker	0	95342	dc13e1bc	b520d92d	Music/Modules/mod.mellow roll.g-vine
9bd46a3030582346b0cb5f433d09fa20	1	271585	player+silence	uade	Noisetracker 1.x	0	146268	0606009e	4694e8eb	Music/Modules/MOD.PLASMA FORCE
9da66f8665eb7248ffc770444f8b0642	1	405020	player	uade	Protracker	0	629520	f33bc90a	96b33752	Music/Modules/mod.playing_with_knives
9e54adc4167688bf4280597ee13b9c23	1	157579	player	uade	Protracker	0	228792	279449f0	3fe5be64	Music/Modules/mod.StepOne
a0087a358cb2db07d0e3ba3b59782492	0	143473	player	uade	Amos Music Bank	0	34702	ba75fe05	37eaaba9	Games/Puzzle_Quiz/Oblidox/Music/Music1.abk
a057dc22103b2f41b01d2cab05315d2c	1	76920	player	uade	Noisetracker 1.x	0	24832	5d805c96	5578668f	Music/Modules/MOD.KEFRENS-LittleChina
a0c66c7d883c2d1ebb7fa1c347bbda73	0	83330	player	uade	Amos Music Bank	0	15056	89363ad5	c927466a	Games/Sport/OLEMPIAD/Samples/music.abk
a16df1adade944b9f9ec9bb4858de625	1	127219	player+silence	uade	Protracker	0	425936	7bbf1be3	05004793	Music/Modules/mod.netherworld
a2bd35e5b5cd3d0c3d0167f48a6627d6	1	161397	player	uade	Noisetracker 1.x	0	65452	5d772236	079acf70	Music/Modules/MOD.KELLOGS
a35428c50c7080d62658dfeef4e1366f	1	157579	player	uade	Protracker	0	265674	540f6926	88e091ba	Music/Modules/MINORE.MOD
a3ec042853839abf8a4eaf8db6894363	1	30824	player	uade	Protracker compatible	0	75810	bff533e5	bdc061e1	Music/Modules/MOD.POWERRUN-BLOFEA
a41c6a0f325fdf7bd98cf807ff0cf2a3	1	215149	player	uade	Protracker	0	35850	d3e55b89	8d730f75	FILES/PD/M051.DMS/mod.3
a5b71e9792d5ffcf559a94c7ecfcba3f	1	200644	player+volume	uade	Protracker	0	406834	b3089d18	822f55b3	Music/Modules/mod.StyleBlend
a7a6904a820d4c07a2055224d025a5c3	1	61568	player	uade	Protracker	0	30682	f62dc6ee	5ae0a30e	Games/Combat_Fighting/S_Tanks_V1.77/mod.horizons'edge
a7e2457230ff87a6fe4de4e54fdf2ef4	1	211149	player+silence	uade	Protracker	0	48184	6741ac2c	cf9b34e5	FILES/PD/M051.DMS/mod.2
a7ee1a90f6e454ae7d6b8e2b858fbb49	1	1808	player	uade	Protracker	0	7784	8e05b149	e2b6c9cb	FILES/AGA/P551DELUXE.DMS/DlxGalaga/GALAGA.JINGLE1
a86cafe30ff58773b5f1dee92d4aec8a	1	273582	player+silence	uade	Protracker	0	361368	1b3782d4	0f228e7d	Music/Modules/mod.ReverieofTruth2
a8f9e7db198f1b80b7fdaa6d701beaf4	1	138369	player	uade	Protracker	0	197506	a77d2eee	9982b922	Music/Modules/mod.WorldOfSpirits
a989d52af8a6b5e472315cc9af4862d0	1	61568	player	uade	Protracker	0	31936	676d1e7e	7be0df00	FILES/PD/U1236.DMS/Archives/Magnum_v1.8.DMS/magnum.music2
a989d52af8a6b5e472315cc9af4862d0	1	61568	player	uade	Protracker	0	31936	676d1e7e	7be0df00	FILES/PD/U1236.DMS/magnum.music2
ab1a01cf0649b817b19191bd72da463c	1	606867	player	uade	Protracker	0	301254	e455c497	fd5be39b	Music/Modules/mod.holocaust
abb6899394fb1134938eeb894521a9b2	1	184445	player	uade	Protracker compatible	0	118032	dfac5d2b	8fcddb65	Music/Modules/MOD.MELLOW
abf3d85c9320d06814ca6e9adaa8ede6	1	192141	player	uade	Protracker compatible	0	137007	d29f2571	1257cb0b	Music/Modules/YOURFACE.MOD
ac120ef7d486884f896a5ab17463a567	1	132923	player	uade	Protracker compatible	0	71020	556ede0b	4cccf930	FILES/PD/P530.DMS/demomusic
ac4972ba62265d0be2d76ad87838d74e	1	84616	player	uade	Protracker	0	281262	f7da2ba0	a654b77d	Music/Modules/mod.ZTotalBrutal
ac8c3cd5032311813162f5f421020eb9	1	158596	player+silence	uade	OctaMED MMD0	0	88064	5d07ae30	ad11f9af	Games/ADVENTURE/LORDS/Solar1
ad232174197e9cfb5682425e3e242bb3	1	289132	player+silence	uade	Protracker compatible	0	142932	4010ab69	134ac8e8	Music/Modules/MOD.BREAKAWAY
ae282101ec5e69313b6d5b47d35195d0	1	121329	player	uade	OctaMED MMD0	0	51636	5ca79033	24ead984	FILES/PD/P566.DMS/DoctorStrange/HighScore.med
ae282101ec5e69313b6d5b47d35195d0	1	121329	player	uade	OctaMED MMD0	0	51636	5ca79033	24ead984	Games/Platform/The_Case_Of_Dr.Strange/HighScore.med
aeac56038c917d32d56f2df568930cf1	1	395877	player	uade	Protracker	0	208688	c7d50e99	ff9cb2a9	Music/Modules/mod.Orthanc
b01fa586f80a631072b4ca6f4877003d	1	3958	player	uade	Protracker compatible	0	7246	82702f06	f1f5e87c	AGA/GAMES/Bazza/Deadmusic
b13a3f65796cc5e589815320c700ddc4	1	114718	player	uade	Protracker compatible	0	97864	bfc837a1	a4952e82	Music/Modules/MOD.King-Of-The-Road
b1c6586ce483cea762475a586cc5eba1	1	325942	player+silence	uade	Protracker	0	166260	62a9e947	2629ee4e	FILES/PD/M401.DMS/mod.3
b21f144bf5f4452d75889f4e1de91291	1	149883	player	uade	Protracker	0	78810	6769c57f	a4ad8ee0	FILES/PD/U1230.DMS/Modules/mod.Super Cauldron.pp
b21f144bf5f4452d75889f4e1de91291	1	149883	player	uade	Protracker	0	78810	6769c57f	a4ad8ee0	Productivity/Casio_Communications/Modules/mod.Super Cauldron.pp
b32f2e9a2bbb744932884d656b261645	1	131125	player+silence	uade	Protracker	0	169472	17f33196	1c7b92c4	Music/Modules/mod.Interceptia
b4c90876a352676ba0f9ca66c0d5ac96	1	176769	player	uade	Protracker	0	112360	c90a8ba3	71c07878	Music/Modules/mod.Entity
b4d2252cb961e4f6ec7d0eb1c939aa84	0	7816	player	uade	Amos Music Bank	0	13142	d9ada728	65cef6d0	Games/Combat_Fighting/BUCKTOOT/BucktoothIntroMus.abk
b5463f8b4bccee85ef286adb6f7f33b2	1	230541	player	uade	Protracker	0	59104	49228a87	93a7b285	FILES/PD/M051.DMS/mod.10
b57e4522e0801cade063c89deb0dbd27	1	705610	player	uade	Protracker	0	291988	c3d047bc	7bde0345	Music/Modules/MOD.Slow_Motion-JoLi
b667369ace126c6ec2d03043604444a7	1	218987	player	uade	OctaMED MMD1	0	307918	14f9e126	df68d400	AGA/GAMES/Klondike-II/REKO-Productions/MUSIC/Default.MUSX
b667369ace126c6ec2d03043604444a7	1	218987	player	uade	OctaMED MMD1	0	307918	14f9e126	df68d400	FILES/AGA/P414BKLON.DMS/MUSIC.LZH/Default.MUSX
b79e2aad920f620248987ebfbd9ff463	1	121610	player	uade	OctaMED MMD0	0	33808	fe92d32b	0c832d88	Games/Misc_Entertainment/SpaceTaxi/Data/spt.sng
b79e2aad920f620248987ebfbd9ff463	2	39023	player
b79e2aad920f620248987ebfbd9ff463	3	7615	player
b79e2aad920f620248987ebfbd9ff463	4	3757	player
b79e2aad920f620248987ebfbd9ff463	5	25057	player
b7cb2c311c4e042ab1896218bb6b39d2	1	321679	player+silence	uade	Protracker	0	284756	b473ec23	2121356f	Music/Modules/mod.flight
b8bb344a03f8c867b0cb84fe1de6948d	1	69646	player	uade	OctaMED MMD1	0	77600	8c5125e7	fac8343f	AGA/GAMES/MegaBall/MB_Music/ExtraLife.tune
b8bb344a03f8c867b0cb84fe1de6948d	1	69646	player	uade	OctaMED MMD1	0	77600	8c5125e7	fac8343f	FILES/AGA/P510MEGABALL.DMS/MB_Music/ExtraLife.tune
b9ddd832f89bd5b77a3fa0fe373cfc26	1	200480	player	uade	OctaMED MMD0	0	70208	fa4c22fd	90d608ac	FILES/PD/U1232.DMS/Mods/MED.Synthetic-DiscoMMD1
ba461bc26a7d4e900e56eb2d27458f32	1	233415	player	uade	Soundtracker II (31 instr.)	0	242000	2a0033c8	ab949de6	Music/Modules/mod.paninaro
ba94f452346b4ea437d0980f014228b6	1	169575	player	uade	OctaMED MMD1	0	61658	7a5c5c01	d2d98415	AGA/GAMES/MegaBall/MB_Music/MBmus06
bb5bf575ed603f42d217544efcd916a0	1	107645	player	uade	Soundtracker II (15 instr.)	0	109006	9147a09a	33d9ac79	Games/Misc_Entertainment/Rescue/Rescue.Song2
bc10be7e82fe8fced765005ad208456c	1	192141	player	uade	Protracker compatible	0	108310	12d8f386	2effc6ae	Music/Modules/MOD.nightlights
bc35df919e147ce9d81c1b0fa277a6be	1	207493	player	uade	Protracker	0	61452	cf57dfe8	87749373	FILES/PD/M051.DMS/mod.7
bdd2b82733464513d8878c72b9328d02	1	146045	player	uade	Noisetracker 1.x	0	98338	0168189f	37e5d4e3	Music/Modules/mod.StudioSound
bdfb1d6a5c162b1f56894feaf857a1f3	1	149314	player+silence	uade	Protracker	0	158478	b84988ca	11336a9f	Music/Modules/Mod.Bombastic_Jazz.pal
c161d9f021c194e024096c1e1db6667f	0	69244	player	uade	Amos Music Bank	0	29872	121ee3c6	7d6e8657	FILES/PD/U1324.DMS/dr.abk
c19a8422c265712140299df44fb1e286	1	230541	player	uade	Protracker	0	112672	5b128dd4	b774f279	Music/Modules/NewBeat.MOD
c2a47a7710dc33530bc3d162d55a4291	1	166521	player	uade	Noisetracker 1.x	0	87348	9dadcdae	105eb860	Music/Modules/MOD.NIGHTDRAGON
c35598bb6a78fd2e02369714623b1e92	1	179321	player	uade	Protracker	0	393982	24fd99d9	e837c007	Music/Modules/mod.cybernet-big mix!
c473cd01192a3306e3906f40814d477f	1	181149	player	uade	OctaMED MMD1	0	274184	643659a6	6617d325	Music/Modules/Alive'n'Kicking
c481059a3b2a0709943888edcf7e1d80	1	268165	player+silence	uade	Protracker	0	205816	cd88a8e7	c3240503	FILES/PD/P531.DMS/mod.The-Time
c481059a3b2a0709943888edcf7e1d80	1	268165	player+silence	uade	Protracker	0	205816	cd88a8e7	c3240503	Games/Car/High_Octane/mod.The-Time
c48672c32fc9ff08ffb7fde7f5ea8880	1	314354	player	uade	Protracker compatible	0	60508	2fdd8d56	6e714384	FILES/AGA/U1247BZ2.DMS/c/toon
c4bfa6e233aa1f336d81d5f3d2382479	1	46216	player	uade	Protracker	0	72450	dd86cb55	86912c40	FILES/PD/P516A.DMS/mod.titlepop
c529a54f0db6dd82f286754b19602462	1	209322	player	uade	Protracker	0	271352	b907a187	4857bc33	Games/Combat_Fighting/S_Tanks_V1.77/mod.ari-san<crossroad>
c592bd48f6beb18dbb3c16ad57c0442b	1	238197	player	uade	Soundtracker II (31 instr.)	0	30720	32ecb804	710269ab	FILES/PD/U1324.DMS/Modules/VICTORY
c77963d98ce7a7799d7c82fd4cae2285	1	151370	player+silence	uade	MED4 (8ch)	0	115316	0c722244	d19860be	Productivity/OctomedV2/Demos/Esc2Heaven
c792b490c71f4e5dc7ee78e5768d2181	1	406766	player+silence	uade	Protracker	0	283874	bfffb8ca	e3c55953	Music/Modules/mod.TheWanderer
c7bff47e6456330ad11e5cb85ddcb3aa	1	359707	player	uade	Protracker	0	124108	a5c180b0	29f93392	Music/Modules/mod.Modemulance
c81fd454190f41def49198717ea0aea9	1	258613	player	uade	Protracker	0	139772	b9b3be6f	faa3c322	FILES/PD/U1230.DMS/Modules/mod.darksun's number 3.pp
c81fd454190f41def49198717ea0aea9	1	258613	player	uade	Protracker	0	139772	b9b3be6f	faa3c322	Productivity/Casio_Communications/Modules/mod.darksun's number 3.pp
ca2387736c7604f2ac98d69a9d08b1df	1	25720	player	uade	AudioSculpture	0	6204	8d7a2856	f352b764	FILES/PD/U1352B.DMS/Modules/ST.Popelich-Brutalo
ca2387736c7604f2ac98d69a9d08b1df	1	25720	player	uade	AudioSculpture	0	6204	8d7a2856	f352b764	Music/EaglePlayer/Modules/ST.Popelich-Brutalo
ca2387736c7604f2ac98d69a9d08b1df	1	25720	player	uade	AudioSculpture	0	6204	8d7a2856	f352b764	Music/Modules/ST.Popelich-Brutalo
caf3ab1082b56bfd7838953a32db4907	1	116586	player	uade	Protracker compatible	0	31734	5564f7e1	909d1ebf	Music/Modules/MOD.MEDDLEALTA
cb51db3b25fc06b4e522e38a067ae183	1	280047	player+silence	uade	Protracker compatible	0	187410	63f2b114	9f85c427	Music/Modules/mod.TheFuture
cd81b4dc5dc66380ae4bb3fd2fedcb29	1	293637	player	uade	Noisetracker 1.x	0	73748	5812e4cf	af91e58a	Music/Modules/mod.WhereHaveYouBeen
ce51615e41252fbece2d460c03766728	1	157740	player	uade	Protracker	0	146886	8485cbef	de2f6e3f	Music/Modules/mod.Mobyle
ce76f58446ca13247a268b40f7591dfe	1	407707	player+silence	uade	Protracker	0	218388	b2f077c3	a8429c9e	Music/Modules/tranzsev.mod
d18c7f795ff2972bb97899c593f9bd12	1	362741	player	uade	Protracker	0	98678	2bb73093	b2dec894	FILES/PD/U1230.DMS/Modules/mod.garbage collection.pp
d18c7f795ff2972bb97899c593f9bd12	1	362741	player	uade	Protracker	0	98678	2bb73093	b2dec894	Productivity/Casio_Communications/Modules/mod.garbage collection.pp
d18c7f795ff2972bb97899c593f9bd12	2	362741	player
d18c7f795ff2972bb97899c593f9bd12	3	366579	player
d19f64532b4fdbc5620cd6cdb6511b05	1	574582	player+volume	uade	Protracker	0	206016	45baf3a2	8e56956a	Music/Modules/mod.TJA(Walkman)
d207fb646d205396fbf384e3318f0b4c	1	135334	player	uade	OctaMED MMD1	0	335074	2cda7177	acfac085	AGA/GAMES/Klondike-II/REKO-Productions/MUSIC/Intro.MUSX
d207fb646d205396fbf384e3318f0b4c	1	135334	player	uade	OctaMED MMD1	0	335074	2cda7177	acfac085	FILES/AGA/P414BKLON.DMS/MUSIC.LZH/Intro.MUSX
d373946e81366c4e3ef7dd11bd48b5d6	1	139571	player	ft2play	Fasttracker (M.K.)	4	109117	a8028015	0112b375	Music/Modules/FIRSTONE.MOD
d49e7c31e226d2352c530b41033211ac	1	146045	player	uade	Noisetracker 1.x	0	50494	c8c49aa4	24b3b6d9	FILES/PD/M051.DMS/mod.1
d4cde6b21f026b2e6feb6d006ee8a89d	1	298868	player+silence	uade	Protracker	0	389000	14a525f4	f7ff49e9	Music/Modules/mod.VirtualReality
d50a98372bacc2afd47ee8c22d9b98aa	1	584029	player+silence	uade	Protracker compatible	0	389462	73425747	fcbae4d2	Music/Modules/Elemental
d56c1b8e9a19ef8b5bff6521e9efc04f	1	180607	player	uade	Protracker compatible	0	49994	1a295511	2f4d057a	2.1/OL-Tune2.mod
d56c1b8e9a19ef8b5bff6521e9efc04f	1	180607	player	uade	Protracker compatible	0	49994	1a295511	2f4d057a	Games/Shoot-Em-Up/Overlander/OL-Tune2.mod
d56c1b8e9a19ef8b5bff6521e9efc04f	1	180607	player	uade	Protracker compatible	0	49994	1a295511	2f4d057a	OL-Tune2.mod
d5e6c3f36647edcf1bfc2f70294c83f3	1	216455	player	uade	Protracker	0	125170	a6ebeb19	49a7700d	Music/Modules/mod.NoCorners
d68ae6788dd7dce975525d419537f48d	0	92272	player	uade	Amos Music Bank	0	18002	d009f497	07a47561	1.3/Anardati03
d68ae6788dd7dce975525d419537f48d	0	92272	player	uade	Amos Music Bank	0	18002	d009f497	07a47561	2.1/Anardati03
d68ae6788dd7dce975525d419537f48d	0	92272	player	uade	Amos Music Bank	0	18002	d009f497	07a47561	3.0/Anardati03
d68ae6788dd7dce975525d419537f48d	0	92272	player	uade	Amos Music Bank	0	18002	d009f497	07a47561	Anardati03
d68ae6788dd7dce975525d419537f48d	0	92272	player	uade	Amos Music Bank	0	18002	d009f497	07a47561	Games/Misc_Entertainment/ANDroidarena/Anardati03
d72c8b12634a7df67f5ff09621e9e82d	1	157458	player	uade	Protracker	0	175834	b6a6a16f	0f448874	Music/Modules/mod.Stolen
d839bdb9462dfab1735bac0daac72698	1	238197	player	uade	Startrekker (4ch)	0	94000	d4fc189d	6a1379ce	FILES/PD/U1231.DMS/Modules/mod.when light fades...
d83d80974ab3d17aad6f201b97b2b55a	1	246375	player	uade	Protracker	0	201236	d158e389	0b219c88	Games/Tetris/TETRISPRO/Data Tetris
d94485a1ce9a1b58380c7e37215269f7	0	61568	player	uade	Amos Music Bank	0	27558	41ee4825	baec08f8	Games/Combat_Fighting/BUCKTOOT/Bucktoothtitlemus.abk
d9ebe45fd74a2111c26abfb54aa08ab0	1	165556	player	uade	Protracker	0	228444	219f765c	5fbb32c6	FILES/AGA/M398BPRO.DMS/mod.alpha05
db06349b9adcc209fc8b69f25b68ef06	1	134531	player	uade	Protracker	0	156234	b421f016	ebe8c30e	Music/Modules/zhallow.mod
db8e9c05e5a1e07e007cf3c441ffc8d0	1	261452	player+silence	uade	Protracker	0	249972	23215245	b3f0e697	Music/Modules/LETYSG.MOD
dbe6d57f79e02a5396c6169948de4384	1	172104	player+volume	uade	Protracker	0	245828	5d6fbaf1	a3e7220e	Music/Modules/mod.HarbourBizarre
dc100db115205b0b0949f591efe01665	1	307002	player+silence	uade	Protracker	0	283434	34149ca8	4f93eaed	Music/Modules/mod.Stripped
dc52d71723b39925a5fd3706eaa8ec77	1	69847	player	uade	Noisetracker 1.x	0	50304	d6d9b04c	60e61917	Music/Modules/MOD.MEGAMIXETTE
dc7401b3191033f3ec77fbdc88bd1607	1	256198	player+silence	uade	Startrekker (4ch)	0	90172	6c60c30c	25e9970e	FILES/PD/U1231.DMS/Modules/mod.stick to it
ddc436b22126288a459500a0818eefac	1	201726	player	uade	Protracker	0	72214	ff0053ef	44e8e144	Music/Modules/MOD.WISH-BRINGER
ddd7fc219cff87bb140b442994a9352e	1	84717	player	uade	OctaMED MMD0	0	25422	39f785b8	c2eca1d5	FILES/PD/U1231.DMS/Mods/MED.C64-Days
de3f1124752cdc4858b40b71210527cc	1	177171	player	uade	Protracker	0	318190	6eb95b20	9a9036fa	FILES/AGA/M398CPRO.DMS/mod.alpha02
de76db1c5ef4c4ded4bc7ce152713a67	1	182918	player	uade	Protracker	0	542492	15a5100e	5706e41b	Music/Modules/mod.LateNights
e138931b4ff0543d2425ce788955076b	1	205624	player	uade	Protracker	0	408034	b6a5cf3a	ce7d85c7	Music/Modules/DEFLORAT.MOD.pp
e138931b4ff0543d2425ce788955076b	1	205624	player	uade	Protracker	0	408034	b6a5cf3a	ce7d85c7	Music/Modules/mod.Defloration
e24dc461d1108f2a7885df15b229402a	1	138369	player	uade	Protracker	0	130286	f21cfd96	4029c651	Music/Modules/mod.saigon memories..
e35e9fdd74aaa0a59b16915937b1ef8c	1	245893	player	uade	Protracker	0	636572	05c448d8	a6bb02c5	Music/Modules/mod.WherestheEvidence
e807b244fc10da1796a46528d47c1371	1	107645	player	uade	Protracker	0	124258	bf32eea0	137b15d9	Music/Modules/MOD.NoName-JoLi
e88c8ed3f3d3b1b1866911d7f269dc11	1	192141	player	uade	Protracker	0	120424	68c61865	5f0c6dd2	Music/Modules/mod.SolidStateAnthem
e8dd66ac3fea93ca910f1c1ffce3b3ed	1	311621	player	uade	Protracker compatible	0	151702	56777a19	9ef1906b	Music/Modules/mod.UniversePartII-Bridge
e8ea9ad145986ca30f410ed521d7265f	0	61568	player	uade	Amos Music Bank	0	33298	19025a5f	47d7fc43	Games/Platform/FRUIT_SALAD/MUSIC/MUSIC1.BIN
e910f84bdb9a3704edd961180ff8436d	1	321849	player	uade	OctaMED MMD1	0	555614	b1e0855f	8378f633	AGA/DEMOS/BIOMECHANOID/Synphony
e910f84bdb9a3704edd961180ff8436d	1	321849	player	uade	OctaMED MMD1	0	555614	b1e0855f	8378f633	FILES/AGA/M384BIOMECH.DMS/Synphony
e9a6cb3cb2d8cfc3df5a3cc56d40114c	1	223833	player+silence	uade	Protracker	0	372804	2404adeb	184983d1	Music/Modules/mod.Dreamland
e9ebd5146050a11f1c757e68b489be44	1	224593	player	uade	Protracker	0	155770	d037c0c3	ed8b9af3	Music/Modules/mod.MagicMoments
ea5b42cc67f35a2cdb9a1a0943363a75	1	439381	player	uade	Protracker	0	225610	b42b3b4d	fd33fd9a	AGA/UTILITIES/VideoTracker/Modules/mod.real nightmare.klr
ea5b42cc67f35a2cdb9a1a0943363a75	1	439381	player	uade	Protracker	0	225610	b42b3b4d	fd33fd9a	FILES/AGA/U1328ADATA.DMS/Modules/mod.real nightmare.klr
ea952cabf8afe5d82e16f30f782d2ff5	1	161397	player	uade	Protracker compatible	0	284728	aa1cdc17	f31cd863	Games/Misc_Entertainment/MEGABALLV2/MegaBall.Music
ea9ae9303d368ecd555b3a27604e589f	1	193105	player	uade	Protracker	0	534088	71d9bf5a	8907794f	Music/Modules/mod.Shock
eb466ce5056aed3736979a69cae0c4b5	1	172529	player	uade	Protracker compatible	0	93516	c6cc4ae2	93b5c1ab	FILES/PD/G165.DMS/music
eb466ce5056aed3736979a69cae0c4b5	2	135797	player
eb7b2da10c3450746c3a75a701b1165c	1	119179	player	uade	Protracker	0	114752	685a02d9	e16fb659	Music/Modules/NATURAL.MOD
ebcfc454a5aab1118c9e7387269c2835	1	213461	player	uade	Protracker	0	251964	3b77addf	30a66bbc	AGA/UTILITIES/VideoTracker/Modules/mod.blerk
ebcfc454a5aab1118c9e7387269c2835	1	213461	player	uade	Protracker	0	251964	3b77addf	30a66bbc	FILES/AGA/U1328CDATA.DMS/Modules/mod.blerk
ebded62d14f1536e15f372a58a296ced	1	2672	player	uade	Protracker compatible	0	7960	9aa8ec0a	8024ba91	AGA/GAMES/Bazza/Finishmusic
ebf8f00f016aae1546a0644e453d72de	1	187358	player	uade	Protracker compatible	0	82702	42418d6c	13a39d3d	FILES/AGA/U1245ZAM4.DMS/Data/Music
ec0134356f3575c293d456b07527ee1b	1	196279	player+silence	uade	OctaMED MMD1	0	299920	642418d9	2a468d79	Music/Modules/med.thrashit!
ecf74a808559f97ee725128f87898630	1	199797	player	uade	Protracker	0	155768	9df5ceb3	b470a3a6	Music/Modules/MOD.ACIDIC-LAMPSHADE
ed37791f8df2d386768b78ef472c144a	1	130693	player	uade	Noisetracker 1.x	0	103506	701cf209	d59cf78b	Music/Modules/mod.wasteland
ee1d8f69c5d3931cb81ae6f98eb3090f	1	425933	player+silence	uade	Protracker	0	270538	5cbff5ca	f12b8e6e	Music/Modules/MOD.SILENCE PART 2
ee4b651691839c6e0b459f0c9a873301	1	199023	player+silence	uade	Protracker	0	79948	c3e4f06c	66faaca2	FILES/PD/U1324.DMS/Modules/PIANO MAN
eecd4cfe11695285befabe4316481039	1	193682	player+silence	uade	OctaMED MMD1	0	91370	a26650f3	db8f2767	FILES/PD/U1232.DMS/Mods/MOD.Zoolook
efa2239e9ba25ad6c4eb7b62265ae686	1	163969	player	uade	Protracker	0	39918	e5731928	d76d351c	Music/Modules/mod.khaos
efd5806d0c55df3f9c59e74520b481e5	1	363199	player+volume	uade	Protracker compatible	0	439792	e69ca03d	36069640	Music/Modules/islspice.mod
f082eeb2abacec02aed12b9906c0c920	1	243234	player+silence	uade	Protracker	0	215730	ceb8e53a	18ebfb26	Music/Modules/mod.Suffocate
f12fcd02b3878e4e3cf9a9457f956940	0	285057	player	uade	Amos Music Bank	0	136468	f3ad7ce9	a8d8f37d	AGA/ANIMATIONS/Infinity/mod-street.abk
f12fcd02b3878e4e3cf9a9457f956940	0	285057	player	uade	Amos Music Bank	0	136468	f3ad7ce9	a8d8f37d	FILES/AGA/A615INFINITY.DMS/mod-street.abk
f1fbc2e4003737727460cf799da4deb8	1	9424	player	uade	OctaMED MMD1	0	92112	0f2246da	fd99c272	AGA/GAMES/MegaBall/MB_Music/YourGameIsPaused
f2e11720fc1f4b4dc42bf5ae16d3f817	1	130693	player	uade	Soundtracker II (15 instr.)	0	62160	cfa8978e	8648b9b1	Games/Misc_Entertainment/Rescue/Rescue.Song4
f4ac116b5036bbddac58f07466b61b38	1	259075	player	uade	Protracker	0	300004	f0c7ddc4	621c29e4	Music/Modules/mod.Trance-Machine
f4ac116b5036bbddac58f07466b61b38	1	259075	player	uade	Protracker	0	300004	f0c7ddc4	621c29e4	Music/Modules/TRANCE.MOD
f4b3d2ac6b7f7dab9532e1c9107ea35c	1	170580	player	uade	Protracker	0	197674	2345988a	f58aa2c3	Music/Modules/mod.Yo!Africa
f60aed2d0ddef0ad5f06efdd9802f4e7	1	136882	player	uade	Protracker	0	316662	40420693	ce88b025	Music/Modules/mod.whispering silence
f671933048f32ce08628fb02e6bfcc22	0	123017	player	uade	Amos Music Bank	0	44642	82667955	18465008	Games/Card_Board/REVERSI/megamusic.abk
f6a0eded3f0ff483f0bfcdee0cfd24a3	1	157699	player	uade	Protracker	0	301790	560f22b5	71c3f351	FILES/AGA/M398BPRO.DMS/mod.alpha04
f6c47b99aae07bb28d4398742ea31d53	1	161397	player	uade	Protracker	0	86600	8b5470b8	ff40b78b	Music/Modules/mod.Xtec
f6cdf5da9df4ea9c5db14fac0f2c9c18	1	256965	player	uade	Protracker	0	276592	139353cb	869fd30e	Music/Modules/mod.manic-minor
f7865455d1e2ae9690a5d0a6b677a8da	1	69224	player	uade	Protracker	0	37362	81f50322	b8ce04c3	Music/Modules/mod.megapopp
f817bfa783be7e7758405884dbd617e9	1	245893	player	uade	Protracker	0	224256	b304061b	a930a82b	Music/Modules/MOD.ILLUSION
f85e69029fbe7e98ac7d411de9249c62	1	230541	player	uade	Protracker	0	87920	ada81af5	2e852da2	Music/Modules/mod.the_loneliness
f986e40f4214f62ea24b67a3e9822d79	1	287287	player	uade	Protracker	0	279444	a0ed2463	308ffe06	Music/Modules/mod.space-head!
f99d9e8f718b3d29e01c63adb934ee99	0	199797	player	uade	Amos Music Bank	0	79970	d09fb14f	d5debb7c	Games/Car/mooseDriver/Title.mus
fb5c80faa6a8ccff93a18a16b9b87ba1	1	142187	player	uade	Protracker	0	98540	14abe8cf	49000f70	Music/Modules/mod.Warning_Infected!
fb9d8adcee3279875e7cd1cff9473fa2	1	159488	player	uade	Protracker compatible	0	50894	833b91ad	97d070c9	Music/Modules/RandomEncounter
fbe0ea575634c9076a7c7a0ddf98bf2b	1	301856	player	uade	Protracker	0	145882	7a25ecdb	48783052	Music/Modules/mod.Animationizationize
fc1ad8833fac2ae1e56f920e437930ec	1	143493	player	uade	Noisetracker 1.x	0	47430	cdad669c	0542a4bf	Music/Modules/mod.Silkworm
fcb16e38e81938991106a049d4fca5f3	1	230541	player	uade	Protracker	0	95712	ed2d6887	e7b25294	Music/Modules/mod.Symbiaht
fcb50a46ab5ee6619e692f4323c7acf5	1	288629	player+volume	uade	Protracker	0	391878	860bb17b	0f9a6ec8	Music/Modules/mod.TJRefuses
fcb50a46ab5ee6619e692f4323c7acf5	1	288629	player+volume	uade	Protracker	0	391878	860bb17b	0f9a6ec8	Music/Modules/TJRefuses.mod
fcd29545a1c35636ae30ac414e215ac7	1	80919	player	uade	OctaMED MMD1	0	48158	1f7dacec	c92c1e07	AGA/GAMES/Data/Soundtrack03.med
fcd29545a1c35636ae30ac414e215ac7	1	80919	player	uade	OctaMED MMD1	0	48158	1f7dacec	c92c1e07	FILES/AGA/P555BCY.DMS/Soundtrack03.med
fe776bda279227e4f783a800197a7bed	1	921606	player+silence	uade	Protracker	0	148490	08034fc0	44dab7a5	Music/Modules/MOD.NEODRINK
fecc7185fc17c4d01d48638175175a30	1	193407	player	uade	Soundtracker II (31 instr.)	0	140690	a8278c01	f15b3382	Music/Modules/MOD.MOONCHILD
ff7ca8aee91db3ec76a043b8cae45337	1	220775	player	uade	OctaMED MMD0	0	21070	94d94c4e	ae4c3efa	AGA/GAMES/MegaBall/MB_Music/MBmus04
ff90b08e26a82bef1b8b189ff5e04a91	1	230265	player+silence	uade	Protracker	0	197288	d1c991a8	0ca1abee	Music/Modules/mod.DecibelOverload
