000f54cc4382a598e0990201de2db41b	0	204431	player	libopenmpt	Octalyser (Atari)	8	409532	f30792bc	587826d3	ENT_DEM.OS/5024-.END/F-5984/DESCENT.MOD
02427074c42c43fd7ba0f3f6cbf25a15	1	169093	player	uade	Protracker	0	18098	4553cdd0	1b5ab982	ENT_DEM.OS/5024-.END/F-6008/ZAPOUT.MOD
02e9dadb1a9cafb6f5931038e053e993	1	153721	player	uade	Protracker	0	5162	1ea8d733	2f548ab2	ENT_DEM.OS/5024-.END/F-6008/RECKSIO.MOD
03d01d1ab957cd847e49e23eda2ae2b8	1	89720	player	uade	Protracker	0	12450	57396193	7d364b25	ENT_DEM.OS/5024-.END/F-6008/SNORWALK.MOD
03e1ded4d64700097ddfb01285e858ad	1	189509	player	uade	Protracker	0	6186	2e432f7f	e184ed21	ENT_DEM.OS/5024-.END/F-6008/DRIBBLE.MOD
03ef6d582188fb7784967f13a314c9ca	1	30824	player	uade	Protracker	0	8902	2dedaf79	72159709	GAMES/F-5831/MUSIC/DOWNSTAI.MOD
04159c628b21d0a8f3548283144acec8	1	62412	player	uade	Protracker	0	14366	aba93877	82b2fe3c	ENT_DEM.OS/5024-.END/F-6008/SEIKKA.MOD
0574e4d53e8e997c3b8c6f31fe99ad46	1	69350	player+silence	uade	Protracker compatible	0	22474	9ea143bd	d5a35d5e	ENT_DEM.OS/5024-.END/F-6008/SPICEUP.MOD
05b93f2d3f2782d764e2e51c48410202	0	608743	player+silence	libopenmpt	Graoumf Tracker v1.06	4	333468	8ded5ef2	aa761def	GAMES/F-6229/CAPYWRLD/GAME.GT2
05cdabd0f1e468aaf0e7dfa8d700902d	1	50034	player	uade	Protracker	0	22724	fef9c0df	cbbb2b22	ENT_DEM.OS/5024-.END/F-6008/SUMMER.MOD
06a707b8c5b5d2fa511ebfe4b03d75c8	1	264119	player	uade	Protracker compatible	0	131072	48ae6810	5e8e0221	ENT_DEM.OS/5024-.END/F-5253/MUSIC/ILLUSION.MOD
0709f3b1ab36e0f8bc46105cdf39e8ed	1	61568	player	uade	Protracker compatible	0	9382	b25c5f85	b1b6d109	ENT_DEM.OS/5024-.END/F-6008/MATKAMIE.MOD
078b1cae469e160e07bf26e63dddd3f3	1	307321	player	uade	Protracker	0	22972	464018be	2ca9a89e	ENT_DEM.OS/5024-.END/F-6008/RALLYE.MOD
078f2e704d168837ed09d3b6b7a13d9f	1	61568	player	uade	Protracker	0	19306	7c39096d	7d23ffe6	ENT_DEM.OS/5024-.END/F-6008/ROBOZAP.MOD
085b80c25ba0c1f22ba91245f21e07f2	1	15472	player	uade	Noisetracker 1.x	0	2906	aebbb166	01fe68e3	ENT_DEM.OS/5024-.END/F-6008/CHURCH.MOD
08b41c0d4ba1990fe5eb81cc7ad4beb8	1	7796	player	uade	Protracker	0	9530	2c2ca322	152af715	ENT_DEM.OS/5024-.END/F-6008/DONTCARE.MOD
09b2f4a150af5dd24fba3e869cc0d164	1	107645	player	uade	Protracker	0	18114	23b4c788	8939d684	ENT_DEM.OS/5024-.END/F-6008/STARWORX.MOD
0a9470658999bc4dd1b9b38e5b9be88c	1	77583	player	uade	Protracker	0	9098	93e8ea48	473b9501	ENT_DEM.OS/5024-.END/F-6008/NOIZZZ.MOD
0af02e278861a90f160dbdbdc310b2cf	1	53872	player	uade	Protracker	0	19458	139934a2	9917ccfa	ENT_DEM.OS/5024-.END/F-6008/MASTER.MOD
0b3ebdb3a3c8da90ca1802b9170872a5	1	412454	player	uade	Protracker	0	415346	7ce7781f	9d8a0bf9	ENT_DEM.OS/5024-.END/F-5242/FMAINNEW/THOUGHT.MOD
0b3ebdb3a3c8da90ca1802b9170872a5	1	412454	player	uade	Protracker	0	415346	7ce7781f	9d8a0bf9	ENT_DEM.OS/5024-.END/F-5344/THOUGHT.MOD
0bcc894a642c7eb05cae03c817cefe7b	1	143493	player	uade	Protracker compatible	0	13882	47fac901	c20d9c13	ENT_DEM.OS/5024-.END/F-6008/BACKBAC.MOD
0c9b7d182af5600cd4476fa98798f68c	1	15472	player	uade	Protracker	0	6656	ae5538c3	b9e5d2a1	ENT_DEM.OS/5024-.END/F-6008/LILCHIP8.MOD
0d4d86f3c9caf2d3d3540d29beee6ce5	1	121685	player+silence	uade	Protracker compatible	0	19894	9c89a278	eca59ea9	ENT_DEM.OS/5024-.END/F-6008/HEART.MOD
0e861fc2ba051bdf1076257ab8eaa0c7	1	112769	player	uade	Protracker compatible	0	16264	d9a8f6c6	dc933bcd	ENT_DEM.OS/5024-.END/F-6008/HUSTLER.MOD
0f29b9f892dd26129a6cbede7b4f2ec1	1	51320	player	uade	Protracker	0	7594	a335d6cb	e93adc01	ENT_DEM.OS/5024-.END/F-6008/JUMP&RUN.MOD
0fe6f819142162c46af0e4d2ea7a1f58	1	15472	player	uade	Protracker	0	8254	f5ef40f2	b449039e	ENT_DEM.OS/5024-.END/F-6008/QUAINTRO.MOD
0fe7125ff62b363f1fd2d5294a91b4b0	1	53872	player	uade	Protracker	0	5874	14b08e45	d6e2a02f	ENT_DEM.OS/5024-.END/F-6008/INTRO33.MOD
10a13b65d5c21de4e620646f38c871ad	1	64120	player	uade	Protracker	0	7056	63728f85	853fe013	ENT_DEM.OS/5024-.END/F-6008/CHIPPING.MOD
114707ec758aa2a7b4ce4f4117dbe920	1	63477	player	uade	Protracker	0	10826	123e09ee	e6e5f4e7	ENT_DEM.OS/5024-.END/F-6008/WINKOFAN.MOD
13c9c7933446dffcc9929c39003d3deb	1	30362	player	uade	Protracker	0	11736	0a39088e	1c2c97c9	ENT_DEM.OS/5024-.END/F-6008/TUOMIO.MOD
17e4fefba8857066149fba05e5d0677c	1	76920	player	uade	Protracker	0	17200	955305ae	d1767151	ENT_DEM.OS/5024-.END/F-6008/BETTY.MOD
1cda1a99e0f22ca20992c6e62ce1c506	1	61568	player	uade	Protracker	0	11460	1a4e1fae	9c5847c7	ENT_DEM.OS/5024-.END/F-6008/VARAN.MOD
1d7741fd6f7b3f65ac71caacdb1bf4cd	1	502240	player+silence	uade	Protracker	0	164020	d40482dc	824c819f	GAMES/F-4779/HEAVHELL.MOD
2191fd42ba05fe77d97bdb512a8db0fb	1	53872	player	uade	Protracker	0	18872	6e8fa621	f27c395c	ENT_DEM.OS/5024-.END/F-6008/COMMANDO.MOD
22b13bcd1f24bae70dfb67cce58d0e01	1	153721	player	uade	Protracker compatible	0	37444	a5b2b738	b2427975	GAMES/F-6242/MOLE/OPTIONS.MOD
22b8bdbe214cba7635ef74fc4a75db45	1	69224	player	uade	Protracker	0	9644	34638115	cdf21f04	ENT_DEM.OS/5024-.END/F-6008/64KINTRO.MOD
23dbde79b26555fcae1ac935d4d55e30	1	23168	player	uade	Protracker	0	10096	e20a469a	091240fe	ENT_DEM.OS/5024-.END/F-6008/PUKKIS.MOD
244246e2d51f5909e4532313deff1447	1	30824	player	uade	Protracker	0	7710	10bee914	0f9f4efb	ENT_DEM.OS/5024-.END/F-6008/MULE.MOD
251d67594f53b3f73b9b89980cc2ddfc	1	44508	player	uade	Protracker	0	22186	8623b503	c459c618	ENT_DEM.OS/5024-.END/F-6008/GONNACRY.MOD
26bc950e5d03a5c2df394e8cec0525bd	0	134199	player	libopenmpt	Graoumf Tracker v0.877	8	520608	11dc5734	8c9aa4ed	ENT_DEM.OS/5024-.END/F-6248/MODS/SWEET.GT2
276f995d5ba46e27c1b54dd20fcd998d	1	243964	player	uade	Protracker compatible	0	234408	9a42511b	c5cfb9f0	ENT_DEM.OS/5024-.END/F-5253/MUSIC/MARYJANE.MOD
290001de55ba2fce4c89d509d7ac262e	1	86284	player	uade	Protracker compatible	0	124468	efcdbdf2	72caff17	GAMES/F-4779/CHICKEN.MOD
2a484ee96b7ce746d35838d1f9496013	1	301434	player	uade	Protracker compatible	0	179662	9ef941f8	a3806e70	GAMES/F-4779/PURPLE.MOD
2ba0054e9bbb649004223391b404ec5b	1	109689	player+volume	uade	Protracker compatible	0	184254	66e3ae37	dbf02ce2	GAMES/F-4259/F_TRON/SUBS/3.SUB
2bc8e6066405f5546627230d4013e06f	1	84616	player	uade	Protracker	0	15328	f6677280	bad2e316	ENT_DEM.OS/5024-.END/F-6008/REBELMAN.MOD
2c353ca16f717697569a481255605074	1	50034	player	uade	Protracker	0	24928	30c0a424	7158e411	ENT_DEM.OS/5024-.END/F-6008/HUGA.MOD
2e0aa895bca5197e12e187e83397a22e	1	76920	player	uade	Protracker	0	13790	a30eef03	e8e1560d	ENT_DEM.OS/5024-.END/F-6008/EIGHT.MOD
3059d9f770da9f8812f0a42f46a2f68e	1	35968	player	uade	Protracker	0	7732	6f6f121d	9a5c1881	ENT_DEM.OS/5024-.END/F-6008/TAN.MOD
309618efdb10065d4acacf80602db1c9	1	98039	player	uade	Protracker	0	13000	68d11308	2312e383	ENT_DEM.OS/5024-.END/F-6008/JENS.MOD
30b770e23e727c9b29a9f60223074d09	1	27006	player	uade	Protracker	0	12288	a15c7b00	4e705ad1	ENT_DEM.OS/5024-.END/F-6008/INORG.MOD
313ed5062606d1b4a1bd8eb3dff89dcf	0	164261	player+silence	libopenmpt	Octalyser (Atari)	8	306430	aa69df31	0cc2fa60	ENT_DEM.OS/5024-.END/F-5984/FASTRAVE.MOD
330afcdf527aa6cec39a07380caf71ae	1	69224	player	uade	Protracker compatible	0	23536	07e2adbd	3347425d	ENT_DEM.OS/5024-.END/F-6008/KAKOFONI.MOD
3319c0bae8ecfa185101fd5a0611ba57	1	115321	player	uade	Protracker	0	20580	6da8d30d	5007c7aa	ENT_DEM.OS/5024-.END/F-6008/4MAT_REB.MOD
366e250080cf75d720d82206b3f03343	1	76920	player	uade	Protracker compatible	0	7628	91ada57a	a8273921	ENT_DEM.OS/5024-.END/F-6008/CRACKIT.MOD
36804e6a88a64391dd7cee7a00ff4f65	1	50637	player	uade	Protracker	0	16102	e608a66f	ccf86570	ENT_DEM.OS/5024-.END/F-6008/MENDING.MOD
380abb14823ab61edb4909ecd0260bda	1	46216	player	uade	Protracker	0	8210	eb45a8ec	29aa7096	ENT_DEM.OS/5024-.END/F-6008/PSYCHOC4.MOD
3ac66abc97931c739fd77bc3dbd87c08	1	53872	player	uade	Protracker	0	20940	d91e1577	2089ce3e	ENT_DEM.OS/5024-.END/F-6008/MORNDANC.MOD
3e54ea0607fdfc6dc42cd875c7c3384c	1	39163	player	uade	Protracker	0	14830	7d2e9e92	2f79dc2a	ENT_DEM.OS/5024-.END/F-6008/TECHNOLO.MOD
3ea3b2981085ff6b0cfc1277a3ab3343	1	64402	player	uade	Protracker	0	18368	afa420c9	55e51a45	ENT_DEM.OS/5024-.END/F-6008/ERUPTION.MOD
3f0f7f3c49c49219a0232ca0e3989560	1	299993	player+silence	uade	Protracker	0	815842	9dddc386	1399dfdb	GAMES/F-5221/ASTRODIA/ASTRODIA.MUS
40168947947c7814b00e148355526a12	1	98220	player	uade	Protracker compatible	0	22990	177a5e04	cbaa44d5	ENT_DEM.OS/5024-.END/F-6008/PSSGARD.MOD
40f394ef21039f810bdd8633500f292c	1	11654	player	uade	Protracker compatible	0	18388	31d269de	2909a497	ENT_DEM.OS/5024-.END/F-6008/TIX6.MOD
418d1f25a2acf0a0dd4af72dcf417082	1	174133	player+silence	uade	Protracker	0	30432	c4aeb0c9	c183b443	ENT_DEM.OS/5024-.END/F-6008/HELI.MOD
421369e56c535090de2e0df09d5f3aca	1	30824	player	uade	Protracker	0	2304	8bb73b0c	43d87988	ENT_DEM.OS/5024-.END/F-6008/SIMPSHRT.MOD
422fd0fb3d1e9aa2b3a6dc6da3de2363	1	30824	player	uade	Protracker	0	22808	8f551796	ace4a1e1	ENT_DEM.OS/5024-.END/F-6008/DALLAS.MOD
43104b3ca83fded41359c8712df4f1af	1	103806	player	uade	Protracker	0	15960	474648fb	5058789b	ENT_DEM.OS/5024-.END/F-6008/HIGHSPE.MOD
43104b3ca83fded41359c8712df4f1af	1	103806	player	uade	Protracker	0	15960	474648fb	5058789b	GAMES/F-6024/S_SNAKE/SNAKE2.MOD
431e9679a91297a34a57bee32b5d640b	1	26122	player	uade	Protracker	0	10874	c5494f7a	d61ce74e	ENT_DEM.OS/5024-.END/F-6008/KITWANK.MOD
44554260f3bda99d3db9c0df020a8b2b	1	56642	player+silence	uade	Protracker	0	13548	0833aa8a	74787c6f	ENT_DEM.OS/5024-.END/F-6008/DISTANT.MOD
466f460d27f5b38ec893fe6c7d6cfc87	1	84616	player	uade	Protracker	0	13980	30f0adb8	6827b3d4	ENT_DEM.OS/5024-.END/F-6008/BETRAYAL.MOD
47411a6f8591da0dcbe99db2d55f0cc7	1	46216	player	uade	Protracker	0	10690	c23dc6bd	4c55a207	ENT_DEM.OS/5024-.END/F-6008/BADMOON.MOD
47516457516ebddfafca3564f3f35de0	1	50034	player	uade	Protracker	0	11486	a2142dd0	2b9dfd5c	ENT_DEM.OS/5024-.END/F-6008/PLASTICS.MOD
4a35134527de3579ad3c4209e61473e4	1	352391	player+silence	uade	Protracker compatible	0	193036	a5846227	37ea7a88	GAMES/F-4779/DRAGON.MOD
4ae1ff171c67dcb7360ead765a3cba7f	1	50295	player	uade	Protracker	0	14196	153c1b38	e2cc7ad3	ENT_DEM.OS/5024-.END/F-6008/PATRIOT.MOD
4cb4d4cbe41c93f44d18bc7411a8fb02	1	51320	player	uade	Protracker	0	9082	0017dd44	766b7507	ENT_DEM.OS/5024-.END/F-6008/ANARMEN9.MOD
5272ce1d8c770168131040726a3cb21a	1	205564	player	uade	Protracker compatible	0	89898	05c0328a	3d37cd49	GAMES/F-6299/STETRIS8/TTT.MOD
53320982339aea5b13daef7feb97a726	1	92272	player	uade	Protracker compatible	0	20768	1d728ba3	ef3a9a46	ENT_DEM.OS/5024-.END/F-6008/FOREST.MOD
547f87f3f64573b499e8741827e0312a	0	448977	player+silence	libopenmpt	Graoumf Tracker v1.06	4	213980	5aba3d89	06f3491b	GAMES/F-6229/CAPYMOVE/GAME.GT2
556dd70b786ea16d2aecf89e199c975a	1	169093	player	uade	Protracker compatible	0	40742	f56a1c7a	f6ef3e30	ENT_DEM.OS/5024-.END/F-5894/TRPINTRO/INTRO.DAT
5607cb625667e11d26bca0693c5604bd	0	122697	player	libopenmpt	Octalyser (Atari)	8	277824	15019fc8	9f5ceaaa	ENT_DEM.OS/5024-.END/F-5984/CONFUSIO.MOD
580dfc4040f27b95da93524210493e65	1	73143	player	uade	Protracker	0	10550	539fc166	b09b9721	ENT_DEM.OS/5024-.END/F-6008/DUSTOFC.MOD
59a2c2590df6cd61b4c2ef562e096439	1	42680	player	uade	Protracker compatible	0	9150	5c6ec960	2d25be09	ENT_DEM.OS/5024-.END/F-6008/CHIPPIEH.MOD
59f05eac35570140acbd1f0cd85e25da	1	88434	player	uade	Protracker	0	19080	7cfad6c4	4eb552ba	ENT_DEM.OS/5024-.END/F-6008/HANNU14V.MOD
5bab3318ea0c9b8ebd08b64de3bc8955	1	108931	player	uade	Protracker	0	25170	a80d3e23	a099d69a	ENT_DEM.OS/5024-.END/F-6008/Z_MIES.MOD
5bd625e55e3c431d834d0f2cf4f05802	1	92002	player	ft2play	Fasttracker (M.K.)	4	20951	e3c91036	70080267	ENT_DEM.OS/5024-.END/F-6008/WORKROB.MOD
5cc98027c088cd8c08b342b3cc819388	1	107645	player	uade	Protracker	0	21795	47f0df05	eceb81f1	ENT_DEM.OS/5024-.END/F-6008/EDAMBOSS.MOD
5d9979a75251c3dca901134b7efc6505	1	92272	player	uade	Protracker	0	31470	5e621d17	d56e0608	ENT_DEM.OS/5024-.END/F-6008/BLEEP5.MOD
5dd08d69c7e439dc18b5e5077bf508e9	1	46216	player	uade	Protracker	0	24576	5f8472cc	bf7be929	ENT_DEM.OS/5024-.END/F-6008/KNIGHT.MOD
5e843403f0015259d1b9d4bcabac1250	1	70711	player	uade	Noisetracker 1.x	0	19712	5ee8ccef	a0f39602	ENT_DEM.OS/5024-.END/F-6008/VIRGO.MOD
5f4ea46db987ad24d851ef5535cfa21e	1	23168	player	uade	Protracker	0	5592	d2a5abef	f91007e9	ENT_DEM.OS/5024-.END/F-6008/OSAKEMI.MOD
60afc75f5566769a0c2919df85361dc7	1	80758	player	uade	Protracker	0	15222	d4c4d3a8	3ac144fc	ENT_DEM.OS/5024-.END/F-6008/ANARMEN4.MOD
6103dc8ea3050503ae3efbe19046206f	1	222845	player	uade	Protracker compatible	0	130006	9b200b4b	4c652437	GAMES/F-4779/ELYSIUM.MOD
62ee59c841260ae9fcebf4bb05ad407c	1	130693	player	uade	Protracker compatible	0	16998	d6ad6316	fa3f8d68	ENT_DEM.OS/5024-.END/F-6008/THECONF.MOD
649434a43173643984b61ea75164eb36	1	15472	player	uade	Protracker	0	3196	84cbca2e	b3e685f2	ENT_DEM.OS/5024-.END/F-6008/BIGSONG.MOD
649705108de4e6c856505b74f6fcd4d2	1	46216	player	uade	Noisetracker 1.x	0	9760	84133b1e	7691194b	ENT_DEM.OS/5024-.END/F-6008/LEMONINT.MOD
664353db98a8df4e69c6e8353dece978	1	115321	player	uade	Protracker	0	14262	9f477834	7827ab15	ENT_DEM.OS/5024-.END/F-6008/NEXTGEN.MOD
675699299a2fcc4f7afc891dd9ca2d66	1	53872	player	uade	Protracker	0	21404	b018e8d1	568f883a	ENT_DEM.OS/5024-.END/F-6008/ABYSS15.MOD
6815f5612355e74bcb9b56587db12500	1	256141	player	uade	Protracker	0	7210	a789fa89	22a41c8f	ENT_DEM.OS/5024-.END/F-6008/TALKER.MOD
68b9bd6650871b0355b16f0af0d6f84c	1	194532	player	uade	Protracker compatible	0	30496	232ffeb2	be88dc04	ENT_DEM.OS/5024-.END/F-6008/FART.MOD
69ca901265bc5794891f8ae62906b2c0	1	2129	player	uade	Protracker	0	21400	3dd1dae5	0648f5cf	ENT_DEM.OS/5024-.END/F-6008/MELO.MOD
6bb48921605405f32f17bf663efc3693	1	215149	player	uade	Protracker	0	45326	04882760	82ad5bc1	GAMES/F-5574/BIOHAZ_2/BIOII.MOD
6c3c22bd99c3dc2dd813d03e496b2878	1	176769	player	uade	Protracker	0	30742	f200571b	5395d60c	ENT_DEM.OS/5024-.END/F-6008/FRIDGE2.MOD
6cc37e4e4e69fa608dc4bd078bb2c8ca	1	7796	player	uade	Noisetracker 1.x	0	2272	002d3818	d675e562	ENT_DEM.OS/5024-.END/F-6008/CHIPBURN.MOD
6d0b811452f87c5fffd180b3697a3d7b	1	143963	player+silence	uade	Protracker	0	20590	7c9e1b8d	cc69618f	ENT_DEM.OS/5024-.END/F-6008/OASIS.MOD
6d651864e36ca75169710e12a622afcb	1	47904	player	uade	Protracker	0	11590	760487aa	d2e851db	ENT_DEM.OS/5024-.END/F-6008/Y_MIES.MOD
6e5212446857b9c71a41a1d52ba67f4b	1	41072	player	uade	Protracker	0	14902	70257019	0c9ed71e	ENT_DEM.OS/5024-.END/F-6008/OBSCENE.MOD
6f882703979b5f49dd62c5d4ec5d7737	1	184445	player	uade	Protracker compatible	0	11216	e39ab758	b1ada46a	ENT_DEM.OS/5024-.END/F-6008/LOGOS.MOD
711cc132882098746ce3ba899186fc62	0	108088	player+silence	libopenmpt	Graoumf Tracker v0.877	4	433196	799e4df9	878f0b5c	ENT_DEM.OS/5024-.END/F-6247/MODS/SUMMER.GT2
71a27aa153043648fbba6cb46654a274	1	57514	player	ft2play	Fasttracker	6	9152	d13bb497	1981a4f3	ENT_DEM.OS/5024-.END/F-6008/SUNREV.MOD
722c5d6a2fa667da68e587c22944f7fd	1	84616	player	uade	Protracker	0	15880	500f0475	ad52bfd3	ENT_DEM.OS/5024-.END/F-6008/CHARIOTS.MOD
72cade9d022b1bff4dab4c4c19f0e55b	1	30824	player	uade	Protracker	0	4264	58d6baa5	43fc2320	ENT_DEM.OS/5024-.END/F-6008/NIGHTOWL.MOD
730ed63b0242309e81f2f8412b0c7244	1	70530	player	uade	Protracker	0	27500	5d5348eb	84028ecd	ENT_DEM.OS/5024-.END/F-6008/CCCP.MOD
730ed63b0242309e81f2f8412b0c7244	1	70530	player	uade	Protracker	0	27500	5d5348eb	84028ecd	GAMES/F-6024/S_SNAKE/SNAKE3.MOD
7336146782752ae581c80597e8fd9dc4	1	30824	player	uade	Protracker	0	4012	332dfca1	46420cfb	ENT_DEM.OS/5024-.END/F-6008/INTROMUZ.MOD
74c6cb5639dd9dd93053a1a1cead2f0d	1	109252	player	uade	Protracker	0	21132	0d41472b	99e8f4f3	ENT_DEM.OS/5024-.END/F-6008/CIRCUS.MOD
74f73212d4f04e99ca189aedca1623ca	1	30824	player	uade	Protracker	0	6672	0fdc6d1e	af46e0c2	ENT_DEM.OS/5024-.END/F-6008/HAIKEAMI.MOD
75996d71ba0acadf669e5df2513dc40b	1	282489	player+silence	uade	Protracker compatible	0	168218	c8151fef	08448d1f	ENT_DEM.OS/5024-.END/F-5243/DC-BIO/DBSOPTI.MOD
7684da788ff0fa38f12557024f74916a	1	69224	player	uade	Protracker	0	28662	e740edf8	4b0aa10b	ENT_DEM.OS/5024-.END/F-6008/MEANDER.MOD
76c325c833128a57ca0147e751d52627	1	122997	player	uade	Protracker compatible	0	24236	67579f1e	ea7ac97a	ENT_DEM.OS/5024-.END/F-6008/CITYOANG.MOD
77341c7094782f5ddb4a92be24f01342	1	76920	player	uade	Protracker compatible	0	16512	1c04dfcd	7662bc90	ENT_DEM.OS/5024-.END/F-6008/SPDTURCA.MOD
77daee505052181fc38067dcedddd2c4	1	76920	player	uade	Protracker	0	9186	9ee20e76	07dfcf75	ENT_DEM.OS/5024-.END/F-6008/PSYCHOC6.MOD
78785fc04e0d13ee3110e40339797c30	1	62533	player	uade	Protracker	0	19886	8989a52a	0c6b2ba2	ENT_DEM.OS/5024-.END/F-6008/PIPV62.MOD
78d6a36adcd9b92dd723e06654f6a56a	1	115321	player	uade	Protracker	0	19840	b1676933	cc94d3aa	ENT_DEM.OS/5024-.END/F-6008/SHORTY.MOD
79025b3a98af6ceee8b3ef960636df35	1	349559	player	uade	Protracker	0	6164	c71a3161	3d3956a1	ENT_DEM.OS/5024-.END/F-6008/DEFENCE.MOD
79fd9e234ff41cef7183f5c7936c9825	1	286845	player	uade	Protracker	0	145320	2affca27	fc5724dd	ENT_DEM.OS/3867-5.023/F-3944/SLIDE.MOD
79fd9e234ff41cef7183f5c7936c9825	1	286845	player	uade	Protracker	0	145320	2affca27	fc5724dd	ENT_DEM.OS/3867-5.023/F-3945/SLIDE.MOD
79fd9e234ff41cef7183f5c7936c9825	1	286845	player	uade	Protracker	0	145320	2affca27	fc5724dd	ENT_DEM.OS/3867-5.023/F-3946/SLIDE.MOD
7c0e4108abc16b801adaf631776a63cc	1	122997	player	uade	Protracker compatible	0	15814	c1627d84	c35a811a	ENT_DEM.OS/5024-.END/F-6008/EXORCIST.MOD
7c5756782f1db8ac18267c946e89b7eb	0	269382	player+silence	libopenmpt	Graoumf Tracker v0.877	12	721998	0ea7066b	d79d90bb	ENT_DEM.OS/5024-.END/F-6247/MODS/FORBID.GT2
7de6c98c66d625f54948fcd07ca62521	1	61568	player	uade	Protracker	0	9836	667dadac	7584bc47	ENT_DEM.OS/5024-.END/F-6008/ZONK.MOD
7e16def3cc574aecc14b948e832fbef4	1	105072	player	uade	Protracker	0	22118	ddfb69c8	0d756e4c	ENT_DEM.OS/5024-.END/F-6008/REGGI.MOD
7ea9b18a138b968f1b75245d458af234	1	80758	player	uade	Protracker compatible	0	22100	1b4fd39d	6b712df9	ENT_DEM.OS/5024-.END/F-6008/ATXCARIB.MOD
80cc392047187d539c788002d7944a91	1	7796	player	uade	Protracker	0	10012	97373171	53b013b3	ENT_DEM.OS/5024-.END/F-6008/TINFINIT.MOD
81632fab7610784e52c506caf5db1f41	0	260395	player	libopenmpt	Octalyser (Atari)	8	357864	654719f0	a1dcd100	ENT_DEM.OS/5024-.END/F-5984/CLASSIC.MOD
8378101a96734115185c4cfc9bfc6d19	1	57730	player	uade	Protracker compatible	0	8952	e5cabb24	089b296e	ENT_DEM.OS/5024-.END/F-6008/NINJA.MOD
84d1dbada42683dc910b327ace8e99db	1	61568	player	uade	Protracker	0	23494	ae5fa107	122b9004	ENT_DEM.OS/5024-.END/F-6008/HUUTAJA.MOD
84eeacee7ee149d5edd9e91393020518	1	34682	player	uade	Protracker	0	16592	a624fe72	89080174	ENT_DEM.OS/5024-.END/F-6008/VANDWALK.MOD
8573f372a4cfbd437201dc892039b520	1	130693	player	uade	Protracker	0	16346	a1f2be1a	1b05b18e	ENT_DEM.OS/5024-.END/F-6008/TQUARTZ.MOD
862204c698b66048ebb9101339c428f5	1	174197	player	uade	Protracker compatible	0	124020	f9cc305d	3da6b621	ENT_DEM.OS/5024-.END/F-5248/24HDEMO/PSYTRO.MOD
86f2046f82b0fe8aa6adb899bfa7ace5	1	33738	player	uade	Protracker	0	5224	f154a7e4	60b90113	ENT_DEM.OS/5024-.END/F-6008/YESTERDA.MOD
875fe91b6604732b7110fcbdae1f21ae	1	80758	player	uade	Protracker	0	19912	68180c6e	adda938b	ENT_DEM.OS/5024-.END/F-6008/DASMODEL.MOD
879f33ed85bd105c9e517b2d4283275a	1	92272	player	uade	Protracker compatible	0	9054	add742be	23b4b103	ENT_DEM.OS/5024-.END/F-6008/DELTA.MOD
88ed3b89ca693185b9ed467e905684f5	1	76920	player	uade	Protracker	0	10452	94a11a95	86106716	ENT_DEM.OS/5024-.END/F-6008/WARNING.MOD
8a8734fc31aa6978c6a1a796c7a8c2a0	1	192006	player+silence	uade	Protracker	0	20326	3d78ea91	af89a9cf	ENT_DEM.OS/5024-.END/F-6008/BJELLER.MOD
8c2c592905a2e06281add476a1aada93	1	44508	player	uade	Protracker	0	15044	05e63e08	d2969907	ENT_DEM.OS/5024-.END/F-6008/BLACKADD.MOD
8cc531c7a712467da8c5563a0aeaf0e6	1	147974	player	uade	Protracker	0	14636	ea3495b6	553b66e8	ENT_DEM.OS/5024-.END/F-6008/ANARMEN1.MOD
8d28a37bbdaccb8058fb16acdb236a08	1	69224	player	uade	Protracker	0	15700	76ed63bf	a45670b9	ENT_DEM.OS/5024-.END/F-6008/PSYCHOC5.MOD
8e27fa232b3ad54c83c20db32d92c29f	1	44910	player	uade	Protracker	0	27382	3346beeb	da554fe2	ENT_DEM.OS/5024-.END/F-6008/THRASHIT.MOD
8f290c7dd399c3fff3c8050e4d37319f	1	122615	player	uade	Protracker	0	263418	daddc964	0b5d4a4b	ENT_DEM.OS/5024-.END/F-5984/KRYDELTA.MOD
8f57896d211df0496252e8fcdad0b791	1	15472	player	uade	Protracker	0	7424	faaa587c	b9dd6726	ENT_DEM.OS/5024-.END/F-6008/KUKKO.MOD
8f7cece58ef7316200867af426c1b9ea	1	148597	player	uade	Protracker compatible	0	273090	30453828	912ce787	GAMES/F-6147/MODULES/GONAMARA.MOD
90cd2c4fa1bd256d2dde83c93f965d55	1	50034	player	uade	Protracker	0	16160	5ad44563	bc2f0788	ENT_DEM.OS/5024-.END/F-6008/CHIPHURR.MOD
91011bfbc5f8de84622a54fe738cde56	1	38520	player	uade	Protracker	0	11328	2b0b769b	d6deac26	ENT_DEM.OS/5024-.END/F-6008/HARK.MOD
94adcc7bbe437ca7d82815e39d628957	1	77885	player	uade	Protracker	0	16702	2fe8ca96	277a73b9	ENT_DEM.OS/5024-.END/F-6008/SCALES.MOD
9596081ef983fb531372e51bfcc68875	1	16437	player	uade	Protracker	0	4516	b1043979	461d8f4d	ENT_DEM.OS/5024-.END/F-6008/GOODKING.MOD
963d35f44c7a3e21c27af6fb54465f2c	1	46216	player	uade	Protracker	0	4244	6ad8c308	16eee4f8	ENT_DEM.OS/5024-.END/F-6008/IMAGINE.MOD
97e5fac054f6f0e7d5bb7f2070acee00	0	282778	player	libopenmpt	Graoumf Tracker v1.06	4	54318	49ff1670	83436404	GAMES/F-6229/CAPYMOVE/MENU.GT2
9894623f7485f04fd99788545a96c2cc	1	18667	player	uade	Protracker	0	10436	fd8b108c	d9cc141d	ENT_DEM.OS/5024-.END/F-6008/CHIPPY.MOD
98d8713593300101af763842c6f33275	1	30824	player	uade	Protracker compatible	0	2374	fb6eaa60	0a1c3f65	ENT_DEM.OS/5024-.END/F-6008/MOSTSHOR.MOD
998a2af1df9d6d213e1f397fa15aa687	1	61568	player	uade	Protracker	0	9062	363d3396	b4295467	ENT_DEM.OS/5024-.END/F-6008/VIRGILL2.MOD
9a5b2522d5d079cfcab6f4e3af1dbfc1	1	70530	player	uade	Protracker	0	11284	cc8834f3	b761a268	ENT_DEM.OS/5024-.END/F-6008/FELWSHIP.MOD
9a5b2522d5d079cfcab6f4e3af1dbfc1	1	70530	player	uade	Protracker	0	11284	cc8834f3	b761a268	GAMES/F-6024/S_SNAKE/SNAKE1.MOD
9a8a5e1b2b6e85e8e7a23080b262e95a	1	107645	player	uade	Protracker compatible	0	21874	c0572d47	5a97e0cd	ENT_DEM.OS/5024-.END/F-6008/ARNESUNE.MOD
9dbcc43b01ee338b4b178c0c072400ef	1	125428	player	uade	Protracker	0	19058	019099fd	3cc77ad5	ENT_DEM.OS/5024-.END/F-6008/VIRTBEAT.MOD
9debde7d41193576f1a6712528642b6f	1	61568	player	uade	Protracker	0	18000	01ef2bd1	8af14111	ENT_DEM.OS/5024-.END/F-6008/MADDONKY.MOD
9f4bce7195e89d15ec6a5812afc2830e	0	191619	player+silence	libopenmpt	Graoumf Tracker v0.877	16	706570	5489f554	ee710fe3	ENT_DEM.OS/5024-.END/F-6247/MODS/FREQUENT.GT2
a0bdbf588853fb1c16cba7fadb798b9f	1	285157	player	uade	Protracker	0	139086	a9a75f68	dcda61f3	GAMES/F-5688/S_JUNGLE.MOD
a0ed7feb3078c417554bc0ef30e69eb0	1	21681	player	uade	Protracker	0	5676	a904cfb9	7aa7a352	ENT_DEM.OS/5024-.END/F-6008/HOTY.MOD
a1b31acee5f6e3e76f5e98ee829128df	1	61568	player	uade	Protracker	0	8000	042a3912	4cfb3914	ENT_DEM.OS/5024-.END/F-6008/ANARMEN6.MOD
a1e92d53168ef94062ad7674056cf852	1	288111	player	uade	Protracker	0	5138	a9fc28f2	a2e00075	ENT_DEM.OS/5024-.END/F-6008/FLUTTER.MOD
a2214450fd30414484d3e0fccb786a13	1	69224	player	uade	Protracker	0	8362	2a94f705	c57663e3	ENT_DEM.OS/5024-.END/F-6008/PSYCHOC3.MOD
a290f50a3cb01d7af5cc11604d007f5b	0	293236	player+silence	libopenmpt	Graoumf Tracker v0.877	16	644790	9434d6a9	90a6cac9	ENT_DEM.OS/5024-.END/F-6248/MODS/XANTHOU.GT2
a29de6a32c403dd13f5c78787018d6bf	1	21721	player	uade	Protracker	0	14014	d67ce6f1	5526fa85	ENT_DEM.OS/5024-.END/F-6008/ANARMEN5.MOD
a3c77070815f5474a9fc713cebf656e4	1	48768	player	uade	Protracker	0	18476	825acd77	3020a199	ENT_DEM.OS/5024-.END/F-6008/APPLBOMB.MOD
a3f572fc0cde38c0fe7d65aff96b5e48	1	61568	player	uade	Protracker compatible	0	30270	a1c40681	c759370e	ENT_DEM.OS/5024-.END/F-6008/NOTHING.MOD
a46d76a6cc416f9e9c85b4eb708200d3	1	76920	player	uade	Protracker	0	23302	911dc52b	cdb0f0ed	ENT_DEM.OS/5024-.END/F-6008/FACTORY.MOD
a4d4888b6f9342b5b12a9253cccf3c18	1	49825	player	ft2play	Fasttracker	6	20322	1ed72e65	07684b3d	ENT_DEM.OS/5024-.END/F-6008/COLOUR.MOD
a51507f31c3701aeb9797bfb38536a4f	1	62051	player	uade	Protracker	0	17670	019f46bf	b905ea89	ENT_DEM.OS/5024-.END/F-6008/POPKORN.MOD
a6426108708337bc875ab71569396568	1	112769	player	uade	Protracker	0	31630	cd0f8034	f7642955	ENT_DEM.OS/5024-.END/F-6008/MIXI.MOD
a7f77da862457c50c0bf0d7027804927	1	198008	player	uade	Protracker compatible	0	27888	90211825	37e438c9	ENT_DEM.OS/5024-.END/F-6008/VIBRANTS.MOD
a94f4017c402cc2fe91f2702b9ef6629	1	30824	player	uade	Protracker compatible	0	10142	10958ac4	cdeb40c9	ENT_DEM.OS/5024-.END/F-6008/HURRYUP.MOD
a964a97a199f8f4be61a2dbae9a69070	1	69224	player	uade	Protracker compatible	0	14732	fcbab553	9b68613a	ENT_DEM.OS/5024-.END/F-6008/DOOMSDAY.MOD
aa09e92068a8f48a9c702ba18b7abc61	1	153721	player	uade	Protracker compatible	0	16880	57f3ddc7	1265ece4	ENT_DEM.OS/5024-.END/F-6008/ANGEL.MOD
aa23f5f7e929583f9d67e9c624ee5a8f	0	92022	player	libopenmpt	Graoumf Tracker v1.06	4	34508	d5b22ebb	45754502	GAMES/F-6229/CAPYWRLD/MENU.GT2
aae25dd9363228aafdcd18a9d6069bfb	1	65567	player	uade	Protracker	0	17884	e96f0236	a2ae01c3	ENT_DEM.OS/5024-.END/F-6008/5MYROR.MOD
ab332217371dcf84bb298d5db43cf490	1	71816	player	uade	Protracker	0	8118	949c9f42	7962f9bd	ENT_DEM.OS/5024-.END/F-6008/HAPPY.MOD
ab80d2702a569ce51ad322465b014e29	0	217670	player+silence	libopenmpt	Octalyser (Atari)	8	418732	e824d13c	28d689d0	ENT_DEM.OS/5024-.END/F-5984/BASSTRIP.MOD
abb63be109b1a40c5c76e99ccdb4fe1d	1	104188	player	uade	Protracker	0	17502	14fbe185	30a08b38	ENT_DEM.OS/5024-.END/F-6008/CYBWRKS.MOD
abf17974afd5481710c52c5288a077df	1	80758	player	uade	Protracker	0	12096	675e0800	c89dcf28	ENT_DEM.OS/5024-.END/F-6008/ONE.MOD
abf7cfce2bc19adb100f5ef65410f89b	1	17080	player	uade	Noisetracker 1.x	0	3328	528b3ff8	4adf601c	ENT_DEM.OS/5024-.END/F-6008/VIOLIN.MOD
ad40b557be4cf3bedbeca3a2da8d3447	1	38520	player	uade	Protracker	0	16354	c7dcbc29	79a49082	ENT_DEM.OS/5024-.END/F-6008/YESPOX.MOD
ad619bb4981b4ac1b99a8ca9e489557a	1	182898	player	uade	Protracker compatible	0	24992	839da2e1	3212758e	ENT_DEM.OS/5024-.END/F-6008/OUTRUN.MOD
adfcd55a35ccefe817eca34f5d3ee221	1	5164	player	uade	Protracker	0	21722	73fef164	cb1eb2f3	ENT_DEM.OS/5024-.END/F-6008/SPIID.MOD
ae0150f68a5c5d109d44d0313339007c	1	30824	player	uade	Protracker	0	4816	0376fe60	40bafac6	ENT_DEM.OS/5024-.END/F-6008/DEATHSNG.MOD
ae5660aa88483a3cabbc5c264a4bd451	1	76920	player	uade	Protracker	0	14806	e303c2c1	5bd96fb4	ENT_DEM.OS/5024-.END/F-6008/HOTWIRES.MOD
afdf869e2fa6f02935fcd66cea7e0765	1	92272	player	uade	Protracker compatible	0	140104	5c349952	7218de6f	ENT_DEM.OS/3867-5.023/F-4859/TNB_LAME/D_IMAGE.MOD
b1f3c2d1c180fea0ad10c1709f1c78e0	1	23168	player	uade	Protracker	0	11776	4eed5ffb	1a7d1ee4	ENT_DEM.OS/5024-.END/F-6008/SATANIC.MOD
b244dbf4b422261e5132969ae4d694d5	1	136158	player	uade	Protracker compatible	0	104526	fbccdd25	bbbcf7bb	GAMES/F-4568/WATERSHP/OCEAN.MOD
b4363c93f9ff1c85e6cd32f8362f3c7e	1	12920	player	uade	Protracker	0	5842	a4071e2d	18249ed2	ENT_DEM.OS/5024-.END/F-6008/ORDINARY.MOD
b44791e9158837cac42d0677579eec0d	1	161397	player	uade	Soundtracker II (15 instr.)	0	43926	efd4dfc9	7229c14b	GAMES/F-6242/MB_B097/MAFIA.MOD
b5be69fa7433b16e7fbc4822125db6ab	1	254694	player	uade	Protracker	0	138774	fc7915be	ec408fda	GAMES/F-5554/MOD.DTA
b62da50230e618c08ed8728dc420eff6	1	165878	player	uade	Protracker	0	271976	25347a26	aa122ef5	GAMES/F-6157/FCROSS/DATA/GAME.MOD
b69d09e0c1d418c4abf6984c4a004e90	1	76920	player	uade	Protracker	0	30524	d9adebc4	c4ea60a1	ENT_DEM.OS/5024-.END/F-6008/MENUMUS3.MOD
b799370628a87f010a0e187ea1b8ae7e	1	76920	player	uade	Protracker compatible	0	50576	01e70994	5cc0e016	GAMES/F-6242/MOLE/GAMEOVER.MOD
b8bbef1a1dbb48e5f1cb9a835bb1b5c5	1	206207	player	uade	Protracker compatible	0	29716	75f30b2b	b45b168a	ENT_DEM.OS/5024-.END/F-6008/SVENBEN.MOD
ba1506826700c17d7e0176549caf40a3	1	172931	player	uade	Protracker	0	9716	534f1d6d	81131b2a	ENT_DEM.OS/5024-.END/F-6008/FAIRY.MOD
bb27e559502550bac425e093c150c884	1	82366	player	uade	Protracker	0	9968	7f4b534a	4490991a	ENT_DEM.OS/5024-.END/F-6008/MENTMAD.MOD
bc0c09b1bba1efb573ddebf0ca2c2567	1	53872	player	uade	Protracker	0	16844	5c09a4ec	e57a6f48	ENT_DEM.OS/5024-.END/F-6008/GOODHEAR.MOD
bc9eda2696fc73d85c7b577c2b3356a4	1	186800	player+silence	uade	Protracker	0	72458	de468421	26139c63	GAMES/F-6325/DRWHO/DRWHO.MOD
bf2a9ead7c8761f8a8aa2d96247c6dba	1	96130	player	uade	Protracker	0	28328	b8c0a562	40f87b41	ENT_DEM.OS/5024-.END/F-6008/AKROBATI.MOD
c0b54063b1f2c934d1ae234cb18dcf06	1	235434	player+silence	uade	Protracker	0	166682	1bc57713	bffa6378	GAMES/F-4779/MICROCSM.MOD
c329ade278a14c629547a02810f32412	1	69727	player	uade	Protracker	0	31944	20f25d6c	920d86fd	GAMES/F-6299/STETRIS8/IR.MOD
c41cbbf458b39235196f67739565c006	1	53872	player	uade	Protracker	0	10456	870ceb9f	57fa25bc	ENT_DEM.OS/5024-.END/F-6008/TCOG.MOD
c4297b943fed1011347e1e66e2d911db	1	46216	player	uade	Protracker	0	10486	44dd7ea0	547918da	ENT_DEM.OS/5024-.END/F-6008/ANARME10.MOD
c44f9ba773c30619dac7d6d5b20a82fa	1	62834	player	uade	Protracker compatible	0	12000	a6e053cf	19bda284	ENT_DEM.OS/5024-.END/F-6008/ANNOUNEC.MOD
c47075ba6f5d2ae1f8fc914b8b65a00c	1	61568	player	uade	Protracker	0	12592	ea7664f3	85e922e1	ENT_DEM.OS/5024-.END/F-6008/SHADEHUN.MOD
c580cf73263123875f1a6b4962588427	1	17723	player	uade	Noisetracker 1.x	0	25085	fa6a5d3f	a3214111	ENT_DEM.OS/5024-.END/F-6008/CONTINUE.MOD
c5b4fe9e2d0014d039bf055f53c1078f	1	107645	player	uade	Protracker	0	15656	7e6e9dd1	f95dc3b7	ENT_DEM.OS/5024-.END/F-6008/STORY.MOD
c5cbd5206807561296244df222a09740	1	25720	player	uade	Protracker	0	9712	f3637af8	ec39b74c	ENT_DEM.OS/5024-.END/F-6008/TRAINER.MOD
c65e20a642f8ab81593394249ab0281b	1	46216	player	uade	Protracker compatible	0	9760	73e743e8	0d087624	ENT_DEM.OS/5024-.END/F-6008/CHILLROM.MOD
c65e20a642f8ab81593394249ab0281b	1	46216	player	uade	Protracker compatible	0	9760	73e743e8	0d087624	GAMES/F-5831/MUSIC/CHILLROO.MOD
c6698895ea4d1f0fd9910335b0c8ee9a	1	83190	player	uade	Protracker	0	26722	42292917	7de4b944	ENT_DEM.OS/5024-.END/F-6008/KALLO.MOD
c6dcd264c7dc51156e8b1338dee7a74c	1	138369	player	uade	Protracker	0	20514	d73b57c9	66f393c1	ENT_DEM.OS/5024-.END/F-6008/ANARMEN3.MOD
c779e6e82b903863c3e6738ed36b1183	1	53872	player	uade	Protracker	0	18488	1476e5d8	c54c46e1	ENT_DEM.OS/5024-.END/F-6008/LITTOMOR.MOD
c7939c09855692560bd5e12fcecbdafc	1	122997	player	uade	Protracker	0	22000	63e853d5	7fa00eca	ENT_DEM.OS/5024-.END/F-6008/CHIPMAT.MOD
cb6198036d7ae742a65a8ba59ff25fca	1	62995	player	uade	Protracker	0	10486	8667df94	637f2053	ENT_DEM.OS/5024-.END/F-6008/FUSIONR.MOD
cb9ebf1af0e18af58cf753c78a6e74ca	1	64120	player	uade	Protracker compatible	0	81086	f4f94395	84636726	GAMES/F-6242/MOLE/GAMETUNE.MOD
cc2cdddb6d410c773be1052fd77bb94c	1	163969	player	uade	Protracker compatible	0	20978	06293915	e739e375	ENT_DEM.OS/5024-.END/F-6008/LAXITY.MOD
ccc651a5e1e9090f29dcee3dc34b002c	1	7796	player	uade	Protracker compatible	0	69164	3692bc42	e745de51	GAMES/F-5417/OFFWORLD/OWS.MOD
cd23fd4104386accabc03138662f5486	1	46216	player	uade	Protracker	0	10486	206667dd	4d772358	ENT_DEM.OS/5024-.END/F-6008/ANARCHY.MOD
cf7207e5dc9a91c1a4849a9c7bb2b725	0	256317	player	libopenmpt	Digital Tracker	4	202240	c83264f8	b91465a1	GAMES/F-6294/PUSH_IT/MUSIC/EPSONIC.DTM
cf7abfc2193c7b32f21ea9f801972777	1	163969	player	uade	Protracker	0	18908	02b03dd7	85862c55	ENT_DEM.OS/5024-.END/F-6008/GREASYD.MOD
d1bb20c21984cf98392a85643d0fb259	1	5867	player	uade	Noisetracker 1.x	0	11484	bc87148d	f0876658	ENT_DEM.OS/5024-.END/F-6008/CHIPLOD2.MOD
d2db7ee0fd3d7a498ac58737820ddc50	0	297853	player+silence	libopenmpt	Octalyser (Atari)	8	296484	f1dfca72	56473594	ENT_DEM.OS/5024-.END/F-5984/SUPREX.MOD
d3d4a61fcb6a9041cc358781c030a254	1	218685	player	uade	Protracker compatible	0	174576	d2fd6d64	ce9acb91	GAMES/F-6147/MODULES/WET.MOD
d49ad31bd81d43ed21068c9cfb41b93a	1	141604	player	uade	Protracker	0	19598	4cf26747	db5ec4dd	ENT_DEM.OS/5024-.END/F-6008/C64THEME.MOD
d4ecea08f5df0315b7eb7f838b23bc56	1	38520	player	uade	Protracker	0	7172	cd326fba	46f8f885	ENT_DEM.OS/5024-.END/F-6008/KENO_RMX.MOD
d6fb2506bb3cc5d5ffa22cc379d52955	1	62834	player	uade	Protracker compatible	0	12414	53c28277	e3193612	ENT_DEM.OS/5024-.END/F-6008/SKID_ROW.MOD
d82fe1cf0cf276ec8c9c70868d179c30	1	76920	player	uade	Protracker	0	12248	9310bb77	ded46fc4	ENT_DEM.OS/5024-.END/F-6008/SHIVANDR.MOD
d98f029ef2dbc116ae44c68609c41b37	1	266691	player	uade	Protracker compatible	0	15528	61638e5e	7563ae8f	ENT_DEM.OS/5024-.END/F-6008/ENDSPACE.MOD
dab10fd464ee5ceeeee20604dcddd489	1	57730	player	uade	Protracker	0	12562	6c73b600	0faf4702	ENT_DEM.OS/5024-.END/F-6008/BALINTRO.MOD
dad00cbe1755402ba4f87f3f39c3b262	1	6510	player	uade	Protracker	0	3952	a0db3e95	7d26d5cf	ENT_DEM.OS/5024-.END/F-6008/ILOISTA.MOD
dad7ef085f1eea7c17cd81665230adca	1	41072	player	uade	Protracker	0	12478	613800ec	956d4868	ENT_DEM.OS/5024-.END/F-6008/DIXIPUNK.MOD
db0ea93bb972cb58a2b1dde95606ef89	1	322693	player	uade	Protracker compatible	0	100040	89365076	53a66d7c	GAMES/F-5688/THALAMUS.MOD
db2cc87bf63c2892f8719919810e4a44	1	407170	player	uade	Protracker	0	6108	6a7e231c	3397d7f7	ENT_DEM.OS/5024-.END/F-6008/WORSHIP.MOD
dc7ba7651d6954fd43d83b982e4a68ae	1	69224	player	uade	Protracker	0	7498	2dcdb985	b470914a	ENT_DEM.OS/5024-.END/F-6008/SYNCHLOV.MOD
dde9b838b3bcce79b11ee766fb95d3f5	1	48125	player	uade	Protracker compatible	0	7546	fe1f4d51	f2e18d90	ENT_DEM.OS/5024-.END/F-6008/BUBBLETU.MOD
e004d58f7518816896df94a0e95d6df1	1	51320	player	uade	Protracker	0	8912	c39c6d6a	ead8b8f3	ENT_DEM.OS/5024-.END/F-6008/PSYCHOC2.MOD
e2caef33206ecbef78bb762ef3c55c60	1	57107	player	uade	Protracker	0	29052	31bf4ea5	4904a5f2	ENT_DEM.OS/5024-.END/F-6008/ANOSHIP.MOD
e3fc77694c7b2bbdf007af5e02cb6e85	1	31306	player	uade	Protracker	0	10390	718382e6	9284dff2	ENT_DEM.OS/5024-.END/F-6008/FURROW.MOD
e5146a64ea033f8781386c091d3040eb	1	92272	player	uade	Protracker	0	28848	ee4df2c1	3211088a	ENT_DEM.OS/5024-.END/F-6008/CHIP.MOD
e5d9858fb3cfbcea0bff35d920c30506	1	30824	player	uade	Protracker	0	7718	90080e49	9bc6c027	ENT_DEM.OS/5024-.END/F-6008/ADDICTIO.MOD
e70fcad8f69d1b2b3a626dd3dde10387	1	163547	player	uade	Protracker	0	240242	17d06be8	bf1edc02	GAMES/F-4779/SPACE^BA.MOD
e8217528cba64914a8e64ce56375730c	1	72359	player+volume	uade	Protracker	0	13548	b6c14c42	d0f17179	ENT_DEM.OS/5024-.END/F-6008/TEATMINE.MOD
e8352e29ab58d5caf76fb4387eec7b9d	1	61568	player	uade	Protracker	0	13584	9c3c2232	3c83a2b6	ENT_DEM.OS/5024-.END/F-6008/AHASHINE.MOD
ea57d4d6f35951f6840489aee2c12940	1	62513	player	uade	Protracker compatible	0	17532	57691760	afd3ad5b	ENT_DEM.OS/5024-.END/F-6008/KAUKASUS.MOD
ea57f182f14b609d096f3d035a2d910d	1	169093	player	uade	Protracker compatible	0	63112	6c8aa679	c92adadb	GAMES/F-5172/MAW/SOUND/2.MOD
eaf1fced805b47580bfd3af04deb4177	1	115321	player	uade	Protracker	0	16782	ee955b61	c06376a8	ENT_DEM.OS/5024-.END/F-6008/RAMHOT.MOD
ebc3cb9491582ba7d748a2e4cee94ddd	1	115321	player	uade	Noisetracker 1.x	0	28205	2c4ed588	3af3c991	ENT_DEM.OS/5024-.END/F-6008/CARIBMEM.MOD
ec9f7bd2d8d7ae285173b2d1364f3aec	1	0	nosound	uade	Protracker compatible	0	2108	8efadf7d	57da983e	GAMES/F-5172/MAW/SOUND/STIL.MOD
ec9f7bd2d8d7ae285173b2d1364f3aec	1	0	nosound	uade	Protracker compatible	0	2108	8efadf7d	57da983e	GAMES/F-6024/S_SNAKE/STIL.MOD
eda4a4d3a8f1c135e99e403710a721da	1	53872	player	uade	Protracker	0	8626	2a0e23f5	dbbbb561	ENT_DEM.OS/5024-.END/F-6008/PSYCHOC1.MOD
ef0634006f6e36eb06a656eacce8e671	1	76920	player	uade	Protracker	0	18152	8f8e11c1	62dd4888	ENT_DEM.OS/5024-.END/F-6008/GONACHIP.MOD
f0260706b862014242968a1cb3e254db	1	30824	player	uade	Protracker	0	26906	b69055c4	75a7dc72	GAMES/F-5172/MAW/SOUND/1.MOD
f06b3744326ba0e57d48b70687e73d45	1	69224	player	uade	Protracker	0	15960	5b3e8e08	f8145254	ENT_DEM.OS/5024-.END/F-6008/MEGAFLIP.MOD
f0cdcaa2451b46e0c2d83d44c58fd674	1	30824	player	uade	Protracker	0	5316	0eed18c6	95f5742b	ENT_DEM.OS/5024-.END/F-6008/ANARMEN8.MOD
f203bae2f7baecac2f4997569f67904e	1	57730	player	uade	Protracker	0	13616	b58655ce	8b7904bf	ENT_DEM.OS/5024-.END/F-6008/MOONWSUN.MOD
f25f90cb76fe5e514d8ff1bc82c28436	1	38520	player	uade	Protracker	0	16872	20a6cc2c	a06ddca9	ENT_DEM.OS/5024-.END/F-6008/SPUD2.MOD
f49dd11da6e8938d4b1b903f79c7bbb1	1	84616	player	uade	Protracker compatible	0	12630	47556b20	c7f0abee	ENT_DEM.OS/5024-.END/F-6008/MEANMACH.MOD
f5e55a83d7fb7e59e4e5201f894a91da	1	115321	player	uade	Protracker compatible	0	20572	8421d3e5	329c0117	ENT_DEM.OS/5024-.END/F-6008/REBELS.MOD
f67751b9e10c8901f743f7cd352321e3	1	174197	player	uade	Protracker compatible	0	22832	e0f904be	f2a96b8f	ENT_DEM.OS/5024-.END/F-6008/INTR2001.MOD
f6f322acd656d62a04ba591d2d430ebf	1	32110	player	uade	Protracker	0	5848	e5fc3b1e	7da0ca4d	ENT_DEM.OS/5024-.END/F-6008/ABCFORME.MOD
f7bff62f0122b0f94f6b3af0a1d01fea	1	38520	player	uade	Protracker	0	14958	0ad54e14	cfb9f914	ENT_DEM.OS/5024-.END/F-6008/KENO_TKN.MOD
f85ab80151a94e696a7e0035936f9c88	1	51320	player	uade	Protracker compatible	0	54180	6d37fbad	40509327	GAMES/F-6242/MOLE/COMPLETE.MOD
f8979977722257fcabd24b78a09335ff	1	9524	player	uade	Noisetracker 1.x	0	26295	704792d9	0c1b48f5	ENT_DEM.OS/5024-.END/F-6008/PIZZICAT.MOD
f8c0f853fd5d00d37f396bd5cdc754c3	1	98682	player	uade	Protracker	0	26992	557251df	438ac5c9	ENT_DEM.OS/5024-.END/F-6008/TURRTUNE.MOD
f99f3c5345ff927ef2850102d8994a4b	1	92272	player	uade	Protracker	0	17118	0f8c9563	c7240f80	ENT_DEM.OS/5024-.END/F-6008/ANARMEN2.MOD
fc321f84ffec00fd07cc59269d298775	1	53872	player	uade	Protracker	0	13086	4d93ab7a	f17fd177	ENT_DEM.OS/5024-.END/F-6008/SPEEDIT.MOD
fcdc36f1505a2eb221494c74ba904587	1	72118	player	uade	Protracker compatible	0	5840	461836b3	f97ea740	ENT_DEM.OS/5024-.END/F-6008/INTERNAL.MOD
fcee9f53c26b96aaae83e683eab971e4	1	439263	player+silence	uade	Protracker compatible	0	118230	0626ade1	8398d3c8	ENT_DEM.OS/3867-5.023/F-3986/SLIDE.MOD
fcee9f53c26b96aaae83e683eab971e4	1	439263	player+silence	uade	Protracker compatible	0	118230	0626ade1	8398d3c8	ENT_DEM.OS/3867-5.023/F-3987/SLIDE.MOD
fe17fc4a1a12dce7ef74e2bd7a730d1a	1	246083	player+volume	uade	Protracker compatible	0	57062	ce4e29ff	b5cd5dbd	GAMES/F-4258/MADTRIS/DESKTRAC/BESTSID.MOD
ffbaacf818d0496578b6c05a02a6741f	1	76920	player	uade	Protracker	0	19404	70585393	97db6058	ENT_DEM.OS/5024-.END/F-6008/PSYCHOC7.MOD
ffc15760aa2d9d756bc933adb470dd72	0	194150	player+silence	libopenmpt	Octalyser (Atari)	8	324428	d079ee7b	03596fa4	ENT_DEM.OS/5024-.END/F-5994/SILICON/XDREAM.MOD
