005cf73ae7483c0350b87b3be2befb97	1	76920	player	uade	Soundtracker II (31 instr.)	0	61572	a91c07b9	3f2244d2	MUSIC/SOUNDS/MOD/MOD_M/MM10.MOD
0081a21cd4bd2dc953af6ea8483f9cfe	1	167184	player	uade	Soundtracker II (31 instr.)	0	202608	e9442f69	17cd127c	MUSIC/SOUNDS/MOD/MOD_M/MEANEFFE.MOD
008842bd60792d9a423bd872d52c1dae	1	238197	player	uade	Noisetracker 1.x	0	58312	427c735c	b76b41e6	MUSIC/SOUNDS/MOD/MOD_M/MIXMODE.MOD
0093dff61f88d10b088d61690464efcd	1	96130	player	uade	Protracker compatible	0	53872	7eecdab7	01a691b0	MUSIC/SOUNDS/MOD/MOD_J/JOLIEBED.MOD
0110cb5c41c286f6a856edc7166046f6	1	69224	player	uade	Protracker compatible	0	150877	a50c2c89	8e38cbf1	MUSIC/SOUNDS/MOD/MOD_M/MANIFEST.MOD
018afed6160e7d39c083633208de6ccf	1	86529	player+volume	uade	Protracker	0	90468	8f1ac154	6fc69c57	MUSIC/SOUNDS/MOD/MOD_M/MAYDAYCI.MOD
019d4b9d459ff637411ac8f49232aab1	1	498920	player	uade	Protracker	0	138946	5107ee3b	9513653b	MUSIC/SOUNDS/MOD/MOD_J/JUSTFREE.MOD
028782f18f1b6ca37f8e9f11350b8933	1	196556	player+silence	uade	Noisetracker 1.x	0	47272	58d787f3	9f8bc3f6	MUSIC/SOUNDS/MOD/MOD_M/MOR.MOD
029f2a076a8706b770906e0f5b9d1bfd	1	222826	player+silence	uade	Protracker	0	167794	7c3e56ff	0996f074	MUSIC/SOUNDS/MOD/MOD_M/MEETMYMU.MOD
038be55a37e4c6bb5e25b2c27ae36dd3	1	465101	player	uade	Protracker	0	301974	e151adab	c5fa7033	MUSIC/SOUNDS/MOD/MOD_J/JUSTBREA.MOD
03d3b3ec33c90d6597a3f20934a5e7db	1	322693	player	uade	Protracker compatible	0	181627	47e160ee	72320540	MUSIC/SOUNDS/MOD/MOD_M/MUMBOMAN.MOD
03d8a4308f545907c0da061e4e558864	1	306055	player	uade	Soundtracker II (15 instr.)	0	204712	6937bf80	a2d45b91	MUSIC/SOUNDS/MOD/MOD_M/MET.MOD
0496864910f32450b044ef68653fb4d0	1	89439	player	uade	Protracker	0	168806	b94b3811	6c946e89	MUSIC/SOUNDS/MOD/MOD_J/JESUSES7.MOD
0496d0572acc47c114c81194d0ef4ec2	1	187318	player	uade	Protracker	0	163382	51c4de6d	b9c33a97	MUSIC/SOUNDS/MOD/MOD_K/KEFMANIA.MOD
05a8c0e461f7ccf423c3151453d26889	1	206207	player	uade	Noisetracker 1.x	0	64258	099e599c	daeb9e03	MUSIC/SOUNDS/MOD/MOD_M/MOBFER.MOD
05f59ed7fa88eab9b7bc30bfb2ef9586	1	53872	player	uade	Protracker	0	48718	fb73355a	4e2d838a	MUSIC/SOUNDS/MOD/MOD_M/MONEY.MOD
06cc173681d5a68a76e915c75da6ee21	0	207197	player+silence	uade	Soundtracker II - V or compatible	0	74688	28624073	f0ddccb0	MUSIC/SOUNDS/MOD/MOD_L/LOCOMO.MOD
06d229668860a649035a0b7ed40341ce	1	153721	player	uade	Soundtracker II (15 instr.)	0	145494	ac710d77	22d1c718	MUSIC/SOUNDS/MOD/MOD_M/MAX.MOD
072bac561136479ea15ee99279892479	1	58268	player+silence	ft2play	Fasttracker (M.K.)	4	23141	58a24bb0	72a88430	MUSIC/SOUNDS/MOD/MOD_M/MARTYR.MOD
07e19cc3d2aeddac9474579648bbf37a	1	11413	player	uade	Protracker	0	69000	96822660	9b836b04	MUSIC/SOUNDS/MOD/MOD_K/KILLERDI.MOD
081563193a67698c4064f9c7b701d1fb	1	99968	player	uade	Soundtracker II (31 instr.)	0	121596	8491293c	207fbac4	MUSIC/SOUNDS/MOD/MOD_J/JUSTFALL.MOD
08e14439a4ce8485abe02c4b8d5ff2bf	1	46216	player	uade	Protracker compatible	0	10690	2946f9c8	56a738aa	MUSIC/SOUNDS/MOD/MOD_L/LEGEND.MOD
09339faa22e9b2ecdc6c1af63e677223	1	126835	player	uade	Protracker	0	43160	299918f5	582ef861	MUSIC/SOUNDS/MOD/MOD_J/JUMPJACK.MOD
09d83b2407180c2c44abab767288fa21	1	107645	player	uade	Noisetracker 1.x	0	52664	b3f073c8	39485c99	MUSIC/SOUNDS/MOD/MOD_M/MUZAK2.MOD
0a611e03136660a5a649bf9dfbce32b2	1	207670	player	ft2play	Fasttracker (M.K.)	4	116583	196f2b42	88f056ca	MUSIC/SOUNDS/MOD/MOD_L/LOVESONG.MOD
0a775f063fa6a54ebb5ef860a803caa9	1	119179	player	uade	Noisetracker 1.x	0	99948	19f883d3	525b721f	MUSIC/SOUNDS/MOD/MOD_L/LIFESTY1.MOD
0a7b50aa30dabcaaffd72be828274be6	1	95166	player	uade	Protracker compatible	0	164842	1cd8a455	359c53f5	MUSIC/SOUNDS/MOD/MOD_M/MOVEMEN.MOD
0b11dfb802d83af4cd4926a1ff9c163a	1	212166	player+silence	uade	Protracker	0	352796	803a2463	e4c6d0a6	MUSIC/SOUNDS/MOD/MOD_J/JAMMININ.MOD
0c701e329d90a03a7821ecab98bfbd78	1	276597	player	uade	Protracker compatible	0	80314	609e9565	e6206cbf	MUSIC/SOUNDS/MOD/MOD_L/LIQUIDSO.MOD
0c9c099e067bf544ed453f35097e6899	1	180285	player	uade	Protracker	0	170000	7ab74143	272f6fa3	MUSIC/SOUNDS/MOD/MOD_K/KAOSJEY.MOD
0cc40a9e62ac08d7bbd3d172930a3a61	1	96130	player	uade	Protracker	0	142834	552860f3	c4aff105	MUSIC/SOUNDS/MOD/MOD_J/JOES.MOD
0d0a3e780d771ccf545c79e844ca82f8	1	231244	player	uade	Protracker	0	123602	ff08e253	1fda8e5e	MUSIC/SOUNDS/MOD/MOD_M/MOVEYOU.MOD
0d2d706d8196853bb83401fec2032775	1	138369	player	uade	Noisetracker 1.x	0	263305	90bae647	10c22522	MUSIC/SOUNDS/MOD/MOD_M/MANX.MOD
0d5977fed72e5bc07ff4836293adc8f3	1	340530	player+silence	uade	Protracker	0	116868	6e2e5d94	9633dcb8	MUSIC/SOUNDS/MOD/MOD_M/MONSIEUR.MOD
0da25a04450aaf933b59932402f4d90b	1	137037	player+silence	uade	Protracker (vblank)	0	229612	c3d898f7	4c66a8f9	MUSIC/SOUNDS/MOD/MOD_L/LEMONE.MOD
0dadd6c839144f516edb9b221755d1a5	1	198993	player	uade	Protracker	0	150744	e0f7234d	03d4dc2d	MUSIC/SOUNDS/MOD/MOD_J/JESUSE10.MOD
0dbcf43e15d3a998389a7b8475ccc79d	1	390009	player	uade	Soundtracker II (31 instr.)	0	136276	4f035667	978cfed2	MUSIC/SOUNDS/MOD/MOD_J/JUSTBEAT.MOD
0f01ffc4da9d426b7ca06fe7243742a3	1	39519	player+volume	uade	Startrekker (4ch)	0	140994	aeaa99f6	a0ab706d	MUSIC/SOUNDS/MOD/MOD_J/JUNGLE.MOD
0f04ba88c22009215386441381b1fb22	1	345561	player	uade	Protracker compatible	0	99840	51534134	edfe730a	MUSIC/SOUNDS/MOD/MOD_M/MONTY.MOD
0f2faee9d0dcf70ba932838c453ce594	1	302773	player+silence	uade	Protracker	0	153646	2f30e083	38a0961e	MUSIC/SOUNDS/MOD/MOD_K/KINDERGA.MOD
1079ae9be3b762aebf28d5508321037f	1	62051	player	uade	Protracker compatible	0	36370	32191482	78dbf002	MUSIC/SOUNDS/MOD/MOD_L/LETSNOW.MOD
1241c9211ec4e7a3cfdf1e0bb094c238	1	293302	player	ft2play	Fasttracker (M.K.)	4	190322	f31e9ddc	01a1e596	MUSIC/SOUNDS/MOD/MOD_K/KNOCKME.MOD
1366733239d067be172c743ac92f7608	1	526314	player+silence	uade	Protracker	0	221546	c89c24fa	899171e6	MUSIC/SOUNDS/MOD/MOD_K/KYROMART.MOD
13a1b4324abbf816f90820416c7ab2bf	1	322693	player	uade	Soundtracker II (15 instr.)	0	79102	7303d284	ff7fd0d1	MUSIC/SOUNDS/MOD/MOD_L/LLL.MOD
158e4555bbc27babd49afd833f57bdf6	1	227125	player	uade	Protracker	0	185550	eb79690d	83084928	MUSIC/SOUNDS/MOD/MOD_K/KNOWWHAT.MOD
15b11fd78516da87edd5fb4d03dadb47	1	180607	player	uade	Protracker compatible	0	86500	f64dc791	271b9908	MUSIC/SOUNDS/MOD/MOD_K/KILROY3.MOD
162e870fb80f3188e6167b29f5c1d4fb	1	211652	player+silence	uade	Protracker	0	112816	92c9599c	6ca1db17	MUSIC/SOUNDS/MOD/MOD_K/KILLFORE.MOD
163258fbec75ea7a109357de293456cc	0	97135	player	libopenmpt	DSIK Format	8	147399	7db6ab92	ec43004c	GAMES/TRUGG/TRUGG_A.DSM
16554b1f9dee868a11b0f84984cbdcb1	1	216133	player	uade	Protracker	0	89108	52f4a8a7	c2cea8ab	MUSIC/SOUNDS/MOD/MOD_M/MUTZIG.MOD
167892b7546cae904ac5b53bfeeaf71b	1	46216	player	uade	Protracker	0	51318	7228003d	cc3ea398	MUSIC/SOUNDS/MOD/MOD_M/MASH.MOD
16af9bc9ed6cebcc6e818f511d64dea0	1	57730	player	uade	Protracker compatible	0	48054	a308502a	6da38948	MUSIC/SOUNDS/MOD/MOD_M/METROCRO.MOD
180ccd46544aa9cbdd4c334475eaf852	1	339331	player	uade	Protracker compatible	0	139336	af673c34	cf1911f3	MUSIC/SOUNDS/MOD/MOD_M/MUSIQUE3.MOD
183127ac25e3109d9f16f5fd621d56e4	1	423968	player	uade	Protracker	0	283870	1d16535c	60084c65	MUSIC/SOUNDS/MOD/MOD_M/MEMORYSC.MOD
188989fa606a1d19171106f60f6340a4	1	478464	player	uade	Protracker	0	160218	bb750d3f	866a6a56	MUSIC/SOUNDS/MOD/MOD_K/KNULLAKU.MOD
189fa9fad5deb93cb7a96f38d7a1b2ca	1	253569	player	uade	Protracker compatible	0	210270	6355a9b1	1b5b962d	MUSIC/SOUNDS/MOD/MOD_M/MRCLASH2.MOD
18bc668f5d8d77f324197cc0eb3097ce	1	349559	player	uade	Noisetracker 1.x	0	140890	1e5a7595	53465916	MUSIC/SOUNDS/MOD/MOD_K/KINDOFEA.MOD
19f4cd71f8f2bba31f7b89f90797964b	1	116206	player	ft2play	Fasttracker (M.K.)	4	210021	48d715ab	6e12eb16	MUSIC/SOUNDS/MOD/MOD_L/LASTHER.MOD
1a41b7ee70d633452a49e7da4906fae1	1	223685	player+silence	uade	Protracker	0	75928	d96af573	a8339e7a	MUSIC/SOUNDS/MOD/MOD_M/MESMERIS.MOD
1aa9b19cc0592b782fdaa7d05ba0fc22	1	207493	player	uade	Protracker compatible	0	151240	c5cf92b3	66e87404	MUSIC/SOUNDS/MOD/MOD_M/MGK.MOD
1ae6a4a843cee46a8177a05eb609e5d4	1	106700	player	uade	Protracker compatible	0	92908	089e9309	3167c3e3	MUSIC/SOUNDS/MOD/MOD_J/JAR.MOD
1b3da8ab15b5946dba4ad31935a6c4a9	1	153721	player	uade	Protracker	0	84468	bd818c96	c828731a	MUSIC/SOUNDS/MOD/MOD_L/LASERBEA.MOD
1bcfe2f6801b9edf1b07d14e1e7e2e80	1	370471	player+silence	uade	Protracker	0	220492	80ae69b3	28a6ed8e	MUSIC/SOUNDS/MOD/MOD_M/MAGICMEL.MOD
1c59c4cca8cc73a21c037b0f556df7d0	1	73545	player	uade	Protracker	0	144454	55a857e7	1dd7027a	MUSIC/SOUNDS/MOD/MOD_M/MONTYPYT.MOD
1caeeab46d68b107de27779db9441130	1	35968	player	uade	Protracker compatible	0	21898	2cce95d7	d78640a7	MUSIC/SOUNDS/MOD/MOD_M/MOREOVER.MOD
1cc6d311f20f18dedd57ba689963db2c	1	860054	player+silence	uade	Protracker	0	267880	83496406	c9e72210	MUSIC/SOUNDS/MOD/MOD_L/LEARNIN.MOD
1d5dd212a01a4e48f168e44ab1a4f5ec	1	53872	player	uade	Protracker	0	80664	40aa4968	b5ff0af7	MUSIC/SOUNDS/MOD/MOD_J/JAMAICAF.MOD
1eb1c3538063a517974e5ff73b0b7107	1	53872	player	uade	Noisetracker 1.x	0	36156	76b5bc80	aa971a70	MUSIC/SOUNDS/MOD/MOD_L/LIF.MOD
1eb54fa7d5f5d17ca0b2049100238bc4	1	204736	player+silence	uade	Protracker	0	120000	7db1a591	b960e953	MUSIC/SOUNDS/MOD/MOD_M/MELLOWII.MOD
1f3a7417f4f7468594f83fa71348f49a	1	222845	player	uade	Protracker compatible	0	94734	b5cea569	c81f355d	MUSIC/SOUNDS/MOD/MOD_M/MASQRADE.MOD
1f7196d6034da9fed24324572ce50e47	1	47603	player	uade	Protracker	0	38430	a129385b	a5fb59ef	MUSIC/SOUNDS/MOD/MOD_J/JOINT.MOD
1f889159c5b68a8b1a6664e3d4accc9a	1	235434	player+silence	uade	Protracker	0	166682	a24913a8	4967e84b	MUSIC/SOUNDS/MOD/MOD_M/MACROCAS.MOD
1f9c218951b0c0da3b5ca9b6a02af78c	1	116687	player	uade	Protracker	0	141438	8c5eecf8	48dc22d4	MUSIC/SOUNDS/MOD/MOD_J/JESUSES9.MOD
200660ae9b14c4919e641bace28124c8	1	38520	player	uade	Protracker	0	19132	dcca92b1	1b4106b4	MUSIC/SOUNDS/MOD/MOD_L/LOVEHARD.MOD
203f9f7b372f9a102a18d02092d04810	1	229637	player	uade	Protracker	0	99394	6fea36ce	15069683	MUSIC/SOUNDS/MOD/MOD_M/MUMSTAJM.MOD
2078fcac7cabe651dfd115f6faf10832	1	61568	player	uade	Protracker	0	9456	87bfe30a	d0b468c7	MUSIC/SOUNDS/MOD/MOD_M/MATKAMIE.MOD
2215ef38254541f268655aa1b781fa7c	1	141631	player+silence	uade	Protracker compatible	0	50908	e3b78470	3fb62d1f	MUSIC/SOUNDS/MOD/MOD_M/MDPISDEP.MOD
23ca2839a7c839820bf7c94c6e3b6098	1	196477	player+silence	uade	Protracker	0	189908	9672ce6e	4a782f2c	MUSIC/SOUNDS/MOD/MOD_M/MAMASRAG.MOD
2408f7209b4f3ecd6830503e0f3de75f	1	193085	player	uade	Protracker compatible	0	81472	c383242d	4ae09be7	MUSIC/SOUNDS/MOD/MOD_L/LEFTALON.MOD
241a6308d19f9ed544046f5afb3da425	1	255498	player	uade	Protracker compatible	0	105104	f670e40b	ff1d5d03	MUSIC/SOUNDS/MOD/MOD_J/JAMBOREE.MOD
24622992abc1ef2301e118e9e8e746ce	1	35968	player	uade	Protracker	0	17968	0e6bb1d3	c05b40b4	MUSIC/SOUNDS/MOD/MOD_M/MENUMUSI.MOD
2473ed37e46a0d5f0c55ca300f4dbcd1	1	61568	player	uade	Protracker compatible	0	220265	94a152d8	fe0dd4fc	MUSIC/SOUNDS/MOD/MOD_M/MIRROR.MOD
24de8ad359b910a0d1794bf4d18c6f7a	1	308607	player	uade	Protracker	0	91526	c41adedd	9d917261	MUSIC/SOUNDS/MOD/MOD_M/MICROWOR.MOD
24f4003030457dba2cbec48b6325a10c	1	261245	player	uade	Protracker compatible	0	119932	98393f3a	703f492a	MUSIC/SOUNDS/MOD/MOD_J/JUNOHISE.MOD
254708bcee51d510df67e5dd48f56a4c	1	179903	player	uade	Protracker	0	175328	85bcf5ce	3b765fa4	MUSIC/SOUNDS/MOD/MOD_M/MEMOIRFR.MOD
25681c546959432be795d49da42947ec	1	161397	player	uade	Protracker	0	214086	906107cc	72b8a9f6	MUSIC/SOUNDS/MOD/MOD_K/KAOS.MOD
264529fdcc72d13abbe6cf3f1438b082	1	261245	player	uade	Protracker compatible	0	62144	e1990a41	84709864	MUSIC/SOUNDS/MOD/MOD_J/JOURNEY.MOD
266a91e03ee6d3f2fb89f137402b8e3f	1	264561	player	uade	Protracker	0	281240	f167cc13	9759d140	MUSIC/SOUNDS/MOD/MOD_M/MELLOWPL.MOD
26b39e866c5e2f158092768cf2a23b76	1	199797	player	uade	Noisetracker 1.x	0	174280	23b4f9e2	d00a75be	MUSIC/SOUNDS/MOD/MOD_M/MATEYY.MOD
26c871342566f0f0a114b8a122d065fe	1	218260	player+silence	uade	Protracker compatible	0	143120	6c461d10	d79c5231	MUSIC/SOUNDS/MOD/MOD_L/LSD.MOD
26f62ff686496dac6d3e5c8f8c53ba06	1	360511	player	uade	Protracker	0	217178	d36917f6	68922b16	MUSIC/SOUNDS/MOD/MOD_M/MAGNETI.MOD
275d8b929dfa25ca7251f6d0d932fa34	1	208056	player	uade	Protracker	0	68882	862844f0	a5b588d3	MUSIC/SOUNDS/MOD/MOD_M/MANDFORC.MOD
2828c846ffa40622447898aacf759131	1	341903	player	uade	Startrekker (4ch)	0	142142	76ce0f2e	918c49b0	MUSIC/SOUNDS/MOD/MOD_L/LANDSCAP.MOD
284ce6c29ed059764d5044b2b46605f2	1	153403	player+silence	uade	Protracker compatible	0	90822	6d5b49cf	a868627d	MUSIC/SOUNDS/MOD/MOD_K/KILROY6.MOD
2924848e542d60ac852055c87b6bb8c0	1	68742	player	uade	Protracker	0	21862	43ae8ca7	8594f54c	MUSIC/SOUNDS/MOD/MOD_L/L'AMOUR.MOD
2943f556a50dc84481b0f5c7f0ced36a	1	415127	player	uade	Protracker	0	186688	be5a41a9	73e4061a	MUSIC/SOUNDS/MOD/MOD_L/LONELYNE.MOD
296ec958bd5826508600ef5a618a4d56	1	192061	player	uade	Noisetracker 1.x	0	122478	8e264778	5bac4126	MUSIC/SOUNDS/MOD/MOD_M/MISSION.MOD
29c1f1e1e53567cad4d721ffbcf5fc66	1	147974	player	uade	Protracker compatible	0	71828	bcc3daf6	56e2fe2f	MUSIC/SOUNDS/MOD/MOD_K/KINGSIZE.MOD
29e0b73eb45170e2f59f177d764972ea	1	88475	player	uade	Protracker compatible	0	97424	9e186b3b	524075e9	MUSIC/SOUNDS/MOD/MOD_L/LETSWING.MOD
2af0bf5a00b8021a8c6eabf1507718e1	1	141885	player	uade	Protracker	0	44302	70e00790	858f41b3	MUSIC/SOUNDS/MOD/MOD_M/MTSPACES.MOD
2b2d6491bc518d59f3c241f3cb00a55e	1	174631	player+silence	uade	Protracker compatible	0	154710	56bb99b2	550ed844	MUSIC/SOUNDS/MOD/MOD_L/LASER1.MOD
2b2f1d817910117d05ab9f5d27dfc94d	1	143493	player	uade	Noisetracker 1.x	0	85018	641a2c80	78ad5f56	MUSIC/SOUNDS/MOD/MOD_J/JAMAICAN.MOD
2c0036bbaf2e880c6caae2aaf303aaa6	1	99968	player	uade	Noisetracker 1.x	0	254741	829c25c5	6bf34919	MUSIC/SOUNDS/MOD/MOD_J/JFK.MOD
2f97ad8645c4c84dd8e34da3531c08b7	1	219198	player+volume	uade	Protracker	0	95658	4130c257	39f6b6d6	MUSIC/SOUNDS/MOD/MOD_L/LEKTROPH.MOD
2fb473c957a38961941e85e000cd52b5	1	109754	player	uade	Protracker	0	40460	fa4a2f49	3cfcbeaf	MUSIC/SOUNDS/MOD/MOD_M/MEMOIRE.MOD
3035b874ebb47d91a36ba9dc5b4c3ff0	1	57730	player	uade	Protracker compatible	0	83248	a52d5dac	4c8869f5	MUSIC/SOUNDS/MOD/MOD_M/MOVEMENT.MOD
30c2d4976386c356fbcf7c252087b432	1	116586	player	uade	Protracker compatible	0	31734	2fd19ed8	102e2eb0	MUSIC/SOUNDS/MOD/MOD_M/MIDLALTA.MOD
313a62e7b7cd5414ed98e6f575f9ccf4	1	199797	player	uade	Protracker	0	79536	3a660e9c	ea0c81d2	MUSIC/SOUNDS/MOD/MOD_M/MADMAZE.MOD
315c246e89f4071c4156ac0d9e2b22e6	1	122997	player	uade	Protracker	0	47668	a12413a9	56524721	MUSIC/SOUNDS/MOD/MOD_L/LOVELETT.MOD
31adbf9231ab7e63f15246f9a684bae0	1	87873	player+silence	uade	Protracker	0	99092	25f469f7	f8c074d1	MUSIC/SOUNDS/MOD/MOD_J/JAZZYNOR.MOD
3220bab29954717bac2951d1a32056e6	1	48768	player	uade	Protracker	0	94286	9e1e8897	0f1e784b	MUSIC/SOUNDS/MOD/MOD_K/KLANTENS.MOD
326dda4025096bc97490c959e82ff727	1	99968	player	uade	Noisetracker 1.x	0	128760	37b751f9	6788c96b	MUSIC/SOUNDS/MOD/MOD_L/LYKKEHJU.MOD
32c86a64c44732a792873d2e1075e23d	1	344129	player+silence	uade	Startrekker (4ch)	0	171738	d71a073d	85648022	MUSIC/SOUNDS/MOD/MOD_M/MAM.MOD
32f0eb5a4b357b556ebf2b3766782494	1	199200	player+silence	uade	Protracker	0	256276	e8495869	9d646e62	MUSIC/SOUNDS/MOD/MOD_M/MOONGATE.MOD
3329d11adf93451de494423f2e337ec7	1	161397	player	uade	Protracker	0	66074	a56d65c6	a7e041c8	MUSIC/SOUNDS/MOD/MOD_L/LA.MOD
3358503cabb1f63e31853d0c57db3234	1	196358	player+silence	uade	Protracker	0	69014	2305d22f	45e77f41	MUSIC/SOUNDS/MOD/MOD_J/JUSTALIE.MOD
337110b31c896e61c2533014275cfdc1	1	92272	player	uade	Protracker compatible	0	102014	d18605b8	cfa23c04	MUSIC/SOUNDS/MOD/MOD_J/JUSTSPAN.MOD
3387e10efac7b1a368ef4f0e58606f9c	1	194291	player	uade	Soundtracker II (15 instr.)	0	91046	2b0a8b37	bd8c78d2	MUSIC/SOUNDS/MOD/MOD_M/MYDAY.MOD
33f3f28da4d38e90bf21e93ea2c76c68	1	169093	player	uade	Protracker	0	83302	72b075b7	e92a5687	MUSIC/SOUNDS/MOD/MOD_L/LOTUS.MOD
34174e925eb70340931a78294c63e650	1	353311	player+silence	uade	Protracker	0	300754	b5472379	960a744e	MUSIC/SOUNDS/MOD/MOD_J/JOURNEYT.MOD
345fac0a5e4380db5b5220519d3c4579	1	453246	player	uade	Protracker compatible	0	143136	74e3e6ff	68c554ae	MUSIC/SOUNDS/MOD/MOD_M/MADNESST.MOD
348e5f194c765529ea4c72e6f7318d6f	1	46216	player	uade	Noisetracker 1.x	0	62790	38a70aee	5d20e147	MUSIC/SOUNDS/MOD/MOD_J/JAMES.MOD
3553c522bfadb3223ce7c0b906de7775	1	32748	silence	uade	Protracker	0	146148	38019d37	b0f96da4	MUSIC/SOUNDS/MOD/MOD_M/MYSTIFIE.MOD
3556a798e0f5d1b04966d31dd6b4ee49	1	195055	player	uade	Protracker	0	106472	024bccd1	8e7e8fd2	MUSIC/SOUNDS/MOD/MOD_M/MENTOS.MOD
3577170d4b6d7e539b5f043f82221517	1	112614	player+silence	uade	Protracker	0	119822	38130915	dc4e0285	MUSIC/SOUNDS/MOD/MOD_J/JAMMIN'F.MOD
3598295662bbea3455fbaa5036b4f752	1	222845	player	uade	Protracker	0	107036	71f5fa0d	649d1c6c	MUSIC/SOUNDS/MOD/MOD_L/LSDBASSL.MOD
35b16ad5ea3c24f0df9335d19690ac33	1	271252	player	uade	Protracker	0	267318	adb27ffc	4b6a8997	MUSIC/SOUNDS/MOD/MOD_J/JUST'N'N.MOD
35b16ad5ea3c24f0df9335d19690ac33	1	271252	player	uade	Protracker	0	267318	adb27ffc	4b6a8997	MUSIC/SOUNDS/MOD/MOD_J/JUSTANIG.MOD
36268695ccc9973bd7843536cce2de73	1	171806	player	uade	Noisetracker 1.x	0	77196	f60f9a62	f13242da	MUSIC/SOUNDS/MOD/MOD_M/MAGICWAN.MOD
367726aded3553a8627a5ec79a001591	1	116908	player	uade	Protracker	0	43018	b2066d8b	80f772eb	MUSIC/SOUNDS/MOD/MOD_L/LOADER4.MOD
36bdc8ba869b7da6e668f589a207b77b	1	301607	player+silence	uade	Protracker	0	178230	3bd7945f	9135cabb	MUSIC/SOUNDS/MOD/MOD_L/LUCYSSON.MOD
372d291c38798fbb550bca15848f3634	1	170899	player+silence	uade	Protracker	0	128120	ca615e43	4f5baec3	MUSIC/SOUNDS/MOD/MOD_J/JACKTHE.MOD
37371659c4901d185901ae098edaef9f	1	238641	player+silence	uade	Startrekker (4ch)	0	284528	c75b5b04	855cbb63	MUSIC/SOUNDS/MOD/MOD_L/LAZYNITE.MOD
37e76db5d97233ef04c3804dcf204195	1	30654	player	ft2play	Fasttracker (M.K.)	4	112327	33e8fa5b	81df346f	MUSIC/SOUNDS/MOD/MOD_L/LULLABYE.MOD
393abb9c1e4a3682a3d78d3278cd848b	1	169093	player	uade	Protracker compatible	0	96992	fb2553d4	cc0be88d	MUSIC/SOUNDS/MOD/MOD_M/MUSICINM.MOD
399d23366aab93bbf506a2b7bdac91ed	1	210815	player+silence	uade	Protracker	0	67558	82e6a2b0	7ae9c143	MUSIC/SOUNDS/MOD/MOD_J/JACKTHER.MOD
39c97ad1052c5893c82d1cfb3d6c16ed	1	76920	player	uade	Protracker compatible	0	24832	08111d05	d2093cf1	MUSIC/SOUNDS/MOD/MOD_L/LCHINA.MOD
39e6a1b18b3ba50e5ae05ff48de088cc	1	163969	player	uade	Protracker compatible	0	146166	414f8dde	5ee00338	MUSIC/SOUNDS/MOD/MOD_L/LONG_SLI.MOD
3a9830d6a837e79171234999e64947d6	1	237112	player	uade	Protracker	0	52876	82bc8f0f	d6a15bc2	MUSIC/SOUNDS/MOD/MOD_L/LOADMAST.MOD
3b4a64304af638be39305fb2b0312483	1	208216	player	uade	Protracker	0	99148	a58c7283	8c67e83f	MUSIC/SOUNDS/MOD/MOD_J/JFY.MOD
3b6bbc74cf0a7ff67e94f43b0bd685ae	1	226966	player+silence	uade	Noisetracker 1.x	0	87032	7868636d	98fafd58	MUSIC/SOUNDS/MOD/MOD_L/LUCKY.MOD
3bd2ab509825b0db385c5a167c546720	1	410830	player+silence	uade	Protracker	0	163542	2c3024aa	77e6d07d	MUSIC/SOUNDS/MOD/MOD_M/MANDA.MOD
3bf5b9648e069e328336cc1d9d3efb8f	1	199797	player	uade	Noisetracker 1.x	0	65924	422f7470	a98ddc84	MUSIC/SOUNDS/MOD/MOD_M/MAG.MOD
3c0ba1bb05ab11b87fe24f11d872222c	1	130632	player	uade	Protracker	0	136264	263139f3	c95beda1	MUSIC/SOUNDS/MOD/MOD_K/KILLINGF.MOD
3c0ba1bb05ab11b87fe24f11d872222c	2	130632	player
3c1b78e2fdfa7f69d53d581ecde57571	1	115321	player	uade	Noisetracker 1.x	0	100236	c12426a3	63b24daa	MUSIC/SOUNDS/MOD/MOD_J/JAMMYF.MOD
3c4e0ca1bd263eaab8ec02a31518a887	1	230541	player	uade	Soundtracker II (31 instr.)	0	66236	ab48e940	af124bbb	MUSIC/SOUNDS/MOD/MOD_L/LASTONE.MOD
3e7b691a9185130923023f4b8a668f77	1	207306	player+silence	uade	Protracker	0	162854	00f0b74d	63f01aac	MUSIC/SOUNDS/MOD/MOD_L/LETMEBEM.MOD
3e7b691a9185130923023f4b8a668f77	1	207306	player+silence	uade	Protracker	0	162854	00f0b74d	63f01aac	MUSIC/SOUNDS/MOD/MOD_M/MYSELF.MOD
3eb87229f6a30f047c1881054fa2e341	1	323738	silence	uade	Protracker	0	263872	f10f7d23	b7c034f1	MUSIC/SOUNDS/MOD/MOD_M/MONSTR.MOD
3f1154b70cb00f683243ac2c03b23706	1	350102	player	uade	Protracker	0	172024	fc55cb60	3105ea45	MUSIC/SOUNDS/MOD/MOD_J/JAMESBR.MOD
3fc4ea3d32880750fd53ebee989c25c4	1	80758	player	uade	Noisetracker 1.x	0	36234	b8248b52	81513380	MUSIC/SOUNDS/MOD/MOD_L/LONELY.MOD
401527d51ad78cc0240975629dd75e0d	1	197156	player+volume	uade	Soundtracker II (15 instr.)	0	70946	0d6921af	ec3d14b0	MUSIC/SOUNDS/MOD/MOD_L/LASTCRY.MOD
401f9db44201762b3c2eb18d8aa1f68e	1	169093	player	uade	Soundtracker II (15 instr.)	0	101796	362bff5c	be9a85b0	MUSIC/SOUNDS/MOD/MOD_L/LARS.MOD
40e2a71e4acb7f9a28f6a3e6dd3b7c83	1	169093	player	uade	Noisetracker 1.x	0	58570	c8f98957	7e590b36	MUSIC/SOUNDS/MOD/MOD_J/JACKDANC.MOD
40f24fec7fe5f28e40f2318c4dabc8e5	1	434877	player+silence	uade	Protracker compatible	0	178440	b682b6e3	5d95b526	MUSIC/SOUNDS/MOD/MOD_L/LOSTINTI.MOD
42a8c609be3f801e3299908e316d2ef6	1	276597	player	uade	Protracker compatible	0	54644	9a224b4e	9a4f64df	MUSIC/SOUNDS/MOD/MOD_M/MINIBLST.MOD
42c8155f4f61d7866fd826006dbbe69a	1	207493	player	uade	Protracker compatible	0	105148	bf285315	fe2d70c6	MUSIC/SOUNDS/MOD/MOD_L/LIMBO.MOD
432d3ff72e6bc32ffd3b4f47b8e4e8c2	1	112568	player	uade	Protracker compatible	0	38176	3ab4121b	75b4e8fb	MUSIC/SOUNDS/MOD/MOD_J/JCGE.MOD
43d271399f8eab0e2ec2a1dfe57cf32b	1	103885	player+silence	uade	Protracker	0	173748	0b26b24d	34b472ea	MUSIC/SOUNDS/MOD/MOD_M/MADACID.MOD
44af4d9e6c3eef7081150328a4fb219b	1	221328	player+silence	uade	Noisetracker 1.x	0	173658	acc5dbf3	47ef0130	MUSIC/SOUNDS/MOD/MOD_M/MCSHYD4.MOD
44b376f688d3dcfc3b693a94eff7998b	1	99968	player	uade	Protracker	0	139760	c26123d2	2b125f13	MUSIC/SOUNDS/MOD/MOD_J/JUSTSOME.MOD
44df708162c515916f2eb802bfb551e4	1	212557	player	uade	Protracker	0	146770	296b7560	b214512b	MUSIC/SOUNDS/MOD/MOD_L/LEARNING.MOD
451f2abfb03d7de40ae3b7df3c61a44d	1	246838	player	uade	Noisetracker 1.x	0	78188	ff35ee33	882ddfe0	MUSIC/SOUNDS/MOD/MOD_L/LOWALT.MOD
4649912eb7e8e02e03e15bd037fd8ea9	1	123800	player	uade	Protracker	0	101900	aacea51e	91ebd64f	MUSIC/SOUNDS/MOD/MOD_L/LITTLEEX.MOD
465cb5810643f3e65abca6a9bb0c7b7e	1	290543	player	uade	Protracker	0	207260	cea6e687	3ff2aea8	MUSIC/SOUNDS/MOD/MOD_M/MADHATTE.MOD
46c3b5fa4ec40c2bb69eb68aeea7c6b9	1	115321	player	uade	Soundtracker II (15 instr.)	0	111890	6f369cd3	b4b078ea	MUSIC/SOUNDS/MOD/MOD_M/MADMONKS.MOD
489ec5e3eb32bffde32cde1a62c8aec2	1	234359	player	uade	Protracker compatible	0	72126	1686a5cd	620fc127	MUSIC/SOUNDS/MOD/MOD_L/LEA.MOD
493b6e989bfdd702ea58b422ccd70b22	1	199797	player	uade	Protracker compatible	0	67778	57cd9b09	aec1d82a	MUSIC/SOUNDS/MOD/MOD_L/LAMBADAR.MOD
497d45bfd5c7136141b351bad0e037f9	1	146366	player	uade	Protracker	0	166768	67a6b86b	0c73f84d	MUSIC/SOUNDS/MOD/MOD_L/LK'SDOSK.MOD
49954554fa6ec1414e80ef2130868e62	1	188605	player+silence	uade	Protracker compatible	0	162918	ad0f3c16	c17a2024	MUSIC/SOUNDS/MOD/MOD_M/MAKEYOUR.MOD
49a22df2b72694ea3b57aa44965ffb8a	1	238197	player	uade	Protracker compatible	0	63646	5ae2cc69	86741008	MUSIC/SOUNDS/MOD/MOD_J/JOLLYROG.MOD
4a17b11ec33b1fb11b11f28bdca22295	1	153721	player	uade	Protracker	0	74880	67705c52	8d4c0daf	MUSIC/SOUNDS/MOD/MOD_M/MYSTIQUE.MOD
4a216ab3feec37e5fe8ddf4d0716acf9	1	333725	player	uade	Protracker	0	142866	1cbd2c09	6db51f1c	MUSIC/SOUNDS/MOD/MOD_K/KOSMISKI.MOD
4a354d1e4017f4d398076041b85bf764	1	364124	player+silence	uade	Protracker	0	173282	45143a27	c684d424	MUSIC/SOUNDS/MOD/MOD_L/LASTTIME.MOD
4a47e4f17d04516b347842f630d72626	1	238197	player	uade	Protracker compatible	0	131668	1f37be41	81cb6c40	MUSIC/SOUNDS/MOD/MOD_M/MINOAN.MOD
4abcd03a7f4297a3f174c53ead2499c0	1	160549	player+silence	uade	Protracker compatible	0	76604	3b9592c2	7ad3b9e5	MUSIC/SOUNDS/MOD/MOD_L/LIKEABIR.MOD
4b04e08d59e0f30531b076ec6a5023a9	1	176769	player	uade	Protracker	0	77688	468d499d	70dd662e	MUSIC/SOUNDS/MOD/MOD_J/JUMPIN.MOD
4bf9848a7bb220d2406cbecc28ed0a9d	1	276597	player	uade	Soundtracker II (31 instr.)	0	76896	30171836	8efa1d1d	MUSIC/SOUNDS/MOD/MOD_L/LEPELTHE.MOD
4c01248b6357cf73f9410c4d06164df6	1	395656	player	uade	Protracker compatible	0	119176	c6d2077a	778e05f8	MUSIC/SOUNDS/MOD/MOD_J/JACKOMIX.MOD
4c25cd8f1cf1ec60a3369360943c35e1	1	186876	player	uade	Protracker	0	141322	8d2d2fc3	d38deafa	MUSIC/SOUNDS/MOD/MOD_L/LIVIN'IN.MOD
4c3b7aac7a73e2ffb7cf8bbcab0c6b23	1	203474	player	uade	Protracker compatible	0	131498	9ec9febc	dc934959	MUSIC/SOUNDS/MOD/MOD_J/JAMMING.MOD
4c917cfaa2a08a991ac7778f257bd3a6	1	414866	player	uade	Protracker compatible	0	214670	4e23b822	bf6cc57c	MUSIC/SOUNDS/MOD/MOD_M/MCHAMMER.MOD
4d2fdfd7bda4a5d65a1979f007dff890	1	69224	player	uade	Protracker compatible	0	60814	ee2d91ae	caeda904	MUSIC/SOUNDS/MOD/MOD_J/JINGLE.MOD
4ec0e04e21218e598492456e1016b913	1	92272	player	uade	Protracker compatible	0	59378	1c10487a	bb30990b	MUSIC/SOUNDS/MOD/MOD_K/KILROY2.MOD
4fed11322d529bd16f4a413b1dea5afb	1	109855	player	uade	Protracker	0	165392	6771763a	90f7c8c8	MUSIC/SOUNDS/MOD/MOD_J/JOES04.MOD
505e292b1918f76562fb68f36b334b92	1	305474	player+silence	uade	Protracker	0	148628	0dbed070	ce11624a	MUSIC/SOUNDS/MOD/MOD_M/MELLOWMA.MOD
509c602e5ec53cd376430551d4dbd7d0	1	217098	player	uade	Protracker	0	152746	1cd394a7	c84be9f7	MUSIC/SOUNDS/MOD/MOD_M/MOLECUL.MOD
518f2f78b1c5d53fd5699c4e44b4c332	1	164270	player	uade	Protracker	0	82888	efd673a4	bc428469	MUSIC/SOUNDS/MOD/MOD_J/JAZZOLOG.MOD
5196ac959a2c50befcb88da540edcbf6	1	381564	player+silence	uade	Protracker	0	153868	74f75b2c	00dc6078	MUSIC/SOUNDS/MOD/MOD_L/LIZARDKI.MOD
51e5c76643ff254ed105dee5cb9a22ba	1	119179	player	uade	Protracker compatible	0	42720	7d5786a2	07a7ff5a	MUSIC/SOUNDS/MOD/MOD_L/LAIDB.MOD
528184d2f24c964de3408f71fbf79cb4	1	183078	player	uade	Protracker	0	131776	8994a8f2	c6287fc7	MUSIC/SOUNDS/MOD/MOD_M/METALHOR.MOD
52abb0ead7be805190b09be5d20d8ac8	1	138369	player	uade	Protracker compatible	0	71730	372f157f	eeb3bd3e	MUSIC/SOUNDS/MOD/MOD_M/MADE.MOD
52b6b621059bb1a87724e2ac18d91ee7	1	225119	player+volume	uade	Protracker compatible	0	111818	74dad81a	e6baa653	MUSIC/SOUNDS/MOD/MOD_M/MELODIOU.MOD
52da5ac1eb902cea348adbecfa6256c9	1	226557	player+silence	uade	Soundtracker II (15 instr.)	0	109226	f0de39c4	f32baedb	MUSIC/SOUNDS/MOD/MOD_L/LASTSUN.MOD
52de475b2b776a2874c3f50641a81e2f	1	138369	player	uade	Protracker compatible	0	37028	9197cd4a	3242d1c4	MUSIC/SOUNDS/MOD/MOD_M/MAPLELEA.MOD
536587df4ca0adb4ec72b7818d2f9d61	1	219007	player	uade	Protracker	0	135938	f6bcec19	5433df06	MUSIC/SOUNDS/MOD/MOD_L/LOSINGT.MOD
53e9da6c7569e09f36afbfa2fae403d8	1	143493	player	uade	Protracker	0	54204	9dbef3b0	b0d0c103	MUSIC/SOUNDS/MOD/MOD_J/JOE1.MOD
5484b96cab18adb6992e17850a16b207	1	150648	player+silence	uade	Protracker	0	40752	d5d30b27	0f13b472	MUSIC/SOUNDS/MOD/MOD_L/LU5Z.MOD
54ad48bd0016b14360f8972d730115c2	1	192141	player	uade	Protracker compatible	0	56646	1f379399	afb0c2a5	MUSIC/SOUNDS/MOD/MOD_K/KTHRSIS.MOD
54b06e9bb139535e62e285b00e4dba51	1	320121	player	uade	Protracker compatible	0	89144	d5ea3ba0	b6f5d905	MUSIC/SOUNDS/MOD/MOD_M/MYWAYTOT.MOD
553e63067f5b72bfbeacbe3c4148bc75	1	69224	player	uade	Soundtracker II (15 instr.)	0	77316	f2037499	582042c9	MUSIC/SOUNDS/MOD/MOD_M/MYWAY.MOD
555c517ded279be53107206a38daee75	1	98683	player+silence	uade	Protracker	0	129506	769b6bf0	0097e7eb	MUSIC/SOUNDS/MOD/MOD_M/MORNINGA.MOD
559e18c28e7dbc808530a60d68d8a0d6	1	115763	player	uade	Protracker	0	30528	70b1d2c5	0baab3e7	MUSIC/SOUNDS/MOD/MOD_M/MENUZIK.MOD
55e4a7abf636bda66679f3a327da2812	1	268881	player	uade	Protracker	0	170821	ddb493c8	2253be3a	MUSIC/SOUNDS/MOD/MOD_J/JOE.MOD
55e816098f5d65a888b922d16c6cd227	1	153721	player	uade	Startrekker (4ch)	0	59494	07c7cd99	31941987	MUSIC/SOUNDS/MOD/MOD_M/MCTEARDR.MOD
55f1cb0fc14d4561ddd76cb692f83f38	1	141785	player	uade	Protracker	0	314116	acf50c64	2f20927b	MUSIC/SOUNDS/MOD/MOD_M/MYDICKIN.MOD
571d1cc98e0845c0d6c56852316d7330	1	163969	player	uade	Protracker compatible	0	27598	5987d6e2	fcb8e2ab	MUSIC/SOUNDS/MOD/MOD_L/LFF.MOD
5767e2212986ef9ac9f095fe9f31a31b	1	138369	player	uade	Soundtracker II (15 instr.)	0	79112	fcbca0de	803f013a	MUSIC/SOUNDS/MOD/MOD_J/JMJ.MOD
57acd1de8e49447b8a29e749ecb3a76e	1	153721	player	uade	Protracker compatible	0	74696	0d91b8d9	e1bb1551	MUSIC/SOUNDS/MOD/MOD_K/KILROY5.MOD
58a9f2ae2dea3d750236486c562c7996	1	92272	player	uade	Noisetracker 1.x	0	175716	0136ae82	29dfb317	MUSIC/SOUNDS/MOD/MOD_M/MUSKATLI.MOD
599db12c091de377c6fc298e32ddf9e3	1	144136	player	uade	Protracker	0	92298	be6ce8b3	e31d5cd1	MUSIC/SOUNDS/MOD/MOD_M/MESMORIS.MOD
59ec419baeae69fdde6312fddfe87f89	1	177808	player+silence	uade	Protracker compatible	0	53912	fddabf3a	7b6665e7	MUSIC/SOUNDS/MOD/MOD_M/MEDIEVAL.MOD
5aec3d67efa4a9bb01891fad90a37346	1	202309	player	uade	Protracker compatible	0	118954	33b02444	181d4305	MUSIC/SOUNDS/MOD/MOD_L/LEAGUEOF.MOD
5b0e64b8f9b1a5ff4fa36465da94a2f9	1	307321	player	uade	Noisetracker 1.x	0	68564	9a5c3602	7ee21d0f	MUSIC/SOUNDS/MOD/MOD_M/MOK.MOD
5b13288659096f3dd1c461f51fd2e14f	1	288171	player	uade	Protracker compatible	0	109936	82c77295	206b2596	MUSIC/SOUNDS/MOD/MOD_K/KEFRENSV.MOD
5b8c8f727c2927c216afad3b3c941b0e	1	25720	player	uade	Protracker	0	21984	954e7be0	49ae8882	MUSIC/SOUNDS/MOD/MOD_L/LOADER2B.MOD
5bad403cd6990192889b58bb46155ed4	1	211472	player	uade	Protracker	0	113208	07c17f82	6b893c64	MUSIC/SOUNDS/MOD/MOD_M/MAGNE.MOD
5c0722371d4142f0241b740a413ef339	1	285584	player+silence	uade	Noisetracker 1.x	0	89692	df51195e	cfb47b20	MUSIC/SOUNDS/MOD/MOD_K/KNASBOLL.MOD
5c0c924099a2942439a97963d2c947c1	0	174337	player	uade	Ultimate-Soundtracker or compatible	0	66436	a9e25e64	4e873a97	MUSIC/SOUNDS/MOD/MOD_K/KENT.MOD
5c4310ca49ee0f8e109af0de3e8b15e8	1	237293	player	uade	Protracker	0	333498	1e783684	064db697	MUSIC/SOUNDS/MOD/MOD_L/LIONROCK.MOD
5d581b292282d709caf40c9d35d0ef0f	1	312506	player	uade	Protracker	0	132818	4cf96b0e	716719e3	MUSIC/SOUNDS/MOD/MOD_K/KLIM.MOD
5f29e364c91be8cfa78e09ff5d647988	1	172931	player	uade	Noisetracker 1.x	0	86514	ab1bd415	40373066	MUSIC/SOUNDS/MOD/MOD_K/KRAKOUT.MOD
5f6c0fb95ba9161ccd59e528bc17c32e	1	178135	player	uade	Soundtracker II (31 instr.)	0	129530	de0edf23	9e76864b	MUSIC/SOUNDS/MOD/MOD_L/LIGHTNIN.MOD
5f7168766a8b181b9069b4aa16d9e360	1	119179	player	uade	Protracker	0	44684	c30f7274	e1340904	MUSIC/SOUNDS/MOD/MOD_M/MILKMAN.MOD
5fc2d0dad06af636c8da45bdef3813d0	1	119179	player	uade	Startrekker (4ch)	0	58406	0de24251	0fa275eb	MUSIC/SOUNDS/MOD/MOD_J/JOMENVIS.MOD
5fd0ea950a78358f45d6a70d2e8ad29c	1	245893	player	uade	Protracker	0	114762	7ea1226d	bbc7057f	MUSIC/SOUNDS/MOD/MOD_M/MADMIXII.MOD
5fe0dc2e21d12c0d69765371b4157772	0	64040	player	uade	Soundtracker II - V or compatible	0	23450	067e0374	1e266970	MUSIC/SOUNDS/MOD/MOD_L/LOADER.MOD
603a7d9d6fca7c5096500772786feb1c	0	136708	player+silence	uade	Soundtracker II - V or compatible	0	105070	114016a8	ca63afea	MUSIC/SOUNDS/MOD/MOD_J/JANE.MOD
606fc1242e6b0ddf76940f8287956f15	1	177906	player+silence	uade	Protracker	0	173126	d66df8ea	7d178d63	MUSIC/SOUNDS/MOD/MOD_J/JOYSTICK.MOD
609529a7908182002e1ad745b9eac83c	1	154585	player+silence	uade	Protracker	0	181614	2d557ced	55784be2	MUSIC/SOUNDS/MOD/MOD_J/JORDANJ.MOD
610416b3c4a40fbe7cb5f9834e77b597	1	199797	player	uade	Protracker compatible	0	57614	62229cb2	cc57660a	MUSIC/SOUNDS/MOD/MOD_L/LOOPPOOL.MOD
614a88650d3a10200ce76117fca98f22	1	137886	player	uade	Soundtracker II (31 instr.)	0	70124	40ab6cf2	a5636824	MUSIC/SOUNDS/MOD/MOD_M/MOURNFUL.MOD
615676071578d36471a6d95cfd2bdaa4	1	218639	player+volume	uade	Protracker	0	221680	f45cd8c1	6552ac31	MUSIC/SOUNDS/MOD/MOD_M/MUSIC1.MOD
61c173cf5676c4db149021efecdbbc35	1	146045	player	uade	Protracker compatible	0	150474	20b64fa0	c841bd82	MUSIC/SOUNDS/MOD/MOD_K/KAOSKAOS.MOD
61d9b13f8a0502f1549cc2bf16bf9e8c	1	192141	player	uade	Noisetracker 1.x	0	143100	080253dc	f8500c86	MUSIC/SOUNDS/MOD/MOD_J/JACKTHEH.MOD
626faac77a1e96a3cc10becf164e847e	1	475595	player+silence	uade	Protracker	0	240840	ec14b2df	66c983b6	MUSIC/SOUNDS/MOD/MOD_M/MINE.MOD
62a0beb841f37550a1477b2e43658ffd	1	61568	player	uade	Protracker compatible	0	39856	d3fbafd3	10b7ddb1	MUSIC/SOUNDS/MOD/MOD_M/MUSTHAVE.MOD
6352dfe426227d2b73fae687ba6b50b5	1	420922	player+silence	uade	Protracker	0	230262	91d9c689	64aa70a5	MUSIC/SOUNDS/MOD/MOD_M/MAXIMUMV.MOD
64dbe1cceb32151a8a855fa2a8f23d04	1	196358	player+silence	uade	Protracker	0	69014	d597bae6	e10078fe	MUSIC/SOUNDS/MOD/MOD_L/LIE.MOD
64ead0dbdeaa750b688363d618ac2ff1	1	423486	player	uade	Protracker compatible	0	143252	ec35d7c7	4d650841	MUSIC/SOUNDS/MOD/MOD_J/JVMDESIG.MOD
6500c0aa92dec5ec20f7578fdc7592e1	1	176769	player	uade	Protracker	0	85372	c9004b61	7904198b	MUSIC/SOUNDS/MOD/MOD_K/KORNFELD.MOD
6518a42695822406adbe7be6e5420c37	1	186836	player	uade	Protracker compatible	0	177152	92eb01af	23524cf6	MUSIC/SOUNDS/MOD/MOD_L/LABYRINT.MOD
655c45e46214eff96e5bd39f628711a4	1	465503	player	uade	Protracker compatible	0	82634	06977460	acab8bb3	MUSIC/SOUNDS/MOD/MOD_M/MONKEYDA.MOD
656f138145b2111473a59b84e92b4e74	1	65406	player	uade	Protracker	0	50502	4e562720	d3d5e7b1	MUSIC/SOUNDS/MOD/MOD_K/KLINGONS.MOD
65a2649b87ad391487bd3448a2543fc0	1	118636	player	uade	Protracker	0	121626	c295086b	baa0939d	MUSIC/SOUNDS/MOD/MOD_L/LETHOUSE.MOD
66884f2b2293ef3d6478d1ebbf0cd2ba	1	322693	player	uade	Soundtracker II (31 instr.)	0	85024	6af58eee	942922f1	MUSIC/SOUNDS/MOD/MOD_M/MUSIC.MOD
669e54595ed66a85a9e0a977caf89c2b	1	192141	player	uade	Protracker	0	101094	4ae6340d	f94ad2ef	MUSIC/SOUNDS/MOD/MOD_L/LIES.MOD
66e96ec9a4e43b6b96c02d66c96a19f6	1	50378	player+silence	uade	Soundtracker II (15 instr.)	0	83782	10c4fb30	83ea872c	MUSIC/SOUNDS/MOD/MOD_J/JARREDEM.MOD
6746bd897e7c413dfe698b90219520e2	1	138369	player	uade	Noisetracker 1.x	0	50334	28f8f757	2083ea2a	MUSIC/SOUNDS/MOD/MOD_K/KORG.MOD
6755590c8658874faccd40bdd284576b	1	148597	player	uade	Protracker	0	133642	2944b6b8	bb78eb2e	MUSIC/SOUNDS/MOD/MOD_M/MINDBLAS.MOD
676ce74dd9a74a603e499aa82866bc35	1	222845	player	uade	Protracker	0	50844	b260dabd	3456a8a6	MUSIC/SOUNDS/MOD/MOD_M/MINIGOLF.MOD
67939f805385131149b5f98dc6e34f24	1	426380	player	uade	Protracker compatible	0	85004	d773cb10	aade25cc	MUSIC/SOUNDS/MOD/MOD_M/MOBITE.MOD
67ee0756ec9794802432d9de2557faeb	1	73082	player	uade	Protracker	0	52226	79541a9a	cd4fc862	MUSIC/SOUNDS/MOD/MOD_L/LITTLEF.MOD
690cfe5ba5ba61f4c8a32bef62603475	1	170900	player+silence	uade	Noisetracker 1.x	0	129144	06fb8469	9f628811	MUSIC/SOUNDS/MOD/MOD_M/MEGAEN.MOD
6947a0ab801af32d87bb65b6f90985b1	1	201728	player+silence	uade	Protracker	0	87312	21637f4c	e9e7a44c	MUSIC/SOUNDS/MOD/MOD_J/JAMMIN.MOD
69afe156a5b2c7db3b4d652554afad95	1	199797	player	uade	Protracker compatible	0	71362	eea1913a	4f47de2e	MUSIC/SOUNDS/MOD/MOD_M/METALMAC.MOD
69f4f01d2c6dfa2c007a91800deb9646	1	361073	player	uade	Protracker	0	115868	577b7497	49bd1939	MUSIC/SOUNDS/MOD/MOD_M/MOVEM'UP.MOD
6a1cf91a4ad0573ab17be04fff6b0dd5	1	228970	player+silence	uade	Protracker compatible	0	145340	89784f75	3d548713	MUSIC/SOUNDS/MOD/MOD_M/MADONNAE.MOD
6a435bccad1c3248e6989ba7029f2f37	1	522390	player	uade	Noisetracker 1.x	0	69280	be9585c5	9d8e8701	MUSIC/SOUNDS/MOD/MOD_L/LPMODE.MOD
6a5976e93124b5dad1efa0b5e0217641	1	212616	player+silence	uade	Soundtracker II (31 instr.)	0	93964	8cb1b8b5	7fa29498	MUSIC/SOUNDS/MOD/MOD_L/LESSONS.MOD
6a62d2de9c24edeb898848151a2a2296	1	506998	player	uade	Protracker	0	137140	cf3cb619	2eec69f1	MUSIC/SOUNDS/MOD/MOD_M/MIMOSA.MOD
6a74e5b326c9b3c9bcfdcdcbc25c349d	1	218464	player	uade	Protracker	0	124674	d13ae961	5c7bd693	MUSIC/SOUNDS/MOD/MOD_J/JAPANESE.MOD
6add7af531ccb96d84fc8bea8c36ae6e	1	161397	player	uade	Protracker	0	114584	83990da8	bed01a8c	MUSIC/SOUNDS/MOD/MOD_K/KEWLTUNE.MOD
6bf1d985b05ec3f48ec0fba781a623e9	1	216322	player+volume	uade	Protracker	0	65482	6ff191ee	47b0c2bd	MUSIC/SOUNDS/MOD/MOD_K/KRESTMAS.MOD
6c128a11b02209f3e72425f245d87d50	1	257407	player	uade	Protracker	0	122550	45c41891	1e7ccff0	MUSIC/SOUNDS/MOD/MOD_M/MYDREAM.MOD
6c328f7fabc36fc15270f3369a716887	1	245893	player	uade	Protracker compatible	0	100518	49037c3f	99e0e2ac	MUSIC/SOUNDS/MOD/MOD_L/LAMERKIL.MOD
6c7106cc7488f4448abd6ada0085c49e	1	102983	player	uade	Protracker	0	170412	2c0bad98	21a1a7cb	MUSIC/SOUNDS/MOD/MOD_J/JOES05.MOD
6dd0adfcee59d11b52ab28495a8e7102	1	67155	player	uade	Protracker	0	186530	3c8ddbe2	180b3053	MUSIC/SOUNDS/MOD/MOD_K/KANDUVIS.MOD
6e296c6374465c4b6aa3166fc4cea731	1	199797	player	uade	Soundtracker II (15 instr.)	0	78912	86849ff8	51fa0d32	MUSIC/SOUNDS/MOD/MOD_L/LOOLOO.MOD
6e672ac16c5cc178ce877d2889f798fc	1	78307	player	uade	Protracker compatible	0	55620	d5762313	482b0e04	MUSIC/SOUNDS/MOD/MOD_M/MEGAFOE.MOD
6eefcdb8176d92fd9ea3bee7df546a85	1	188283	player	uade	Protracker compatible	0	43400	bfd6e379	50defde5	MUSIC/SOUNDS/MOD/MOD_L/LAID.MOD
6f6231beb110abc2013c4b9803755645	1	116687	player	uade	Protracker	0	167360	d478d3c8	62a9a6d9	MUSIC/SOUNDS/MOD/MOD_J/JESUSES6.MOD
6f99537dbf8b93c1e401e9dd30b464f0	1	130693	player	uade	Noisetracker 1.x	0	69374	699df3a7	aae64890	MUSIC/SOUNDS/MOD/MOD_M/MUSIX7.MOD
6fabededd2e0e21d6dc65806b9c8d3c2	1	184445	player	uade	Noisetracker 1.x	0	78724	e4b67f60	b504f5f8	MUSIC/SOUNDS/MOD/MOD_M/MYSONG.MOD
6fb6acd7df4f0717c92e9d168535c0e8	1	354826	player+silence	uade	Protracker compatible	0	184430	51b9135b	5db4800c	MUSIC/SOUNDS/MOD/MOD_J/JAM.MOD
6fb6acd7df4f0717c92e9d168535c0e8	1	354826	player+silence	uade	Protracker compatible	0	184430	51b9135b	5db4800c	MUSIC/SOUNDS/MOD/MOD_L/LIVE_JAM.MOD
6fc563319cff7392a39c617ba729286a	1	252283	player	uade	Protracker	0	151170	ebc448bb	3c8c847f	MUSIC/SOUNDS/MOD/MOD_L/LOUD&CLE.MOD
6fef0d1795d74cc2d204035788992b29	1	112988	player+silence	uade	Protracker	0	140208	bb7c249f	1925c6f6	MUSIC/SOUNDS/MOD/MOD_M/MUMBLEMU.MOD
701bb218e3f2ddf9156ccc5b44ee63f6	1	228351	player	uade	Protracker	0	315806	c0fc6d3d	c3819abe	MUSIC/SOUNDS/MOD/MOD_L/LOVESUCK.MOD
704c75caf7a4cd9b8e76e48c13f0378a	1	203273	player	uade	Protracker	0	439734	c456d5f5	43d8768d	MUSIC/SOUNDS/MOD/MOD_J/JURATMIC.MOD
7086d05a340114b203098887f0d542f4	1	325989	player+volume	uade	Protracker	0	341298	7284e865	0eb3affa	MUSIC/SOUNDS/MOD/MOD_M/MOREPOWE.MOD
715461803e679b60f7e40b4a61c0a5e4	1	399494	player	uade	Soundtracker II (15 instr.)	0	54332	ecb9fb0d	a676ab57	MUSIC/SOUNDS/MOD/MOD_M/METALWAR.MOD
724c6939297cf75692b26109f6cce050	1	359522	player+silence	uade	Soundtracker II (31 instr.)	0	236277	65b06901	e3b83998	MUSIC/SOUNDS/MOD/MOD_K/KNIGHT.MOD
72e30f8824205cfd990fe22e6078ec8c	1	245893	player	uade	Protracker compatible	0	92704	d41fe19c	a2bd71a3	MUSIC/SOUNDS/MOD/MOD_L/LIQUIDTU.MOD
7392a668be86e323bc1fc0df98048670	1	61568	player	uade	Protracker	0	7580	7c2da7a7	76af5761	MUSIC/SOUNDS/MOD/MOD_K/KUUSHEPA.MOD
7394e57ccc8c3504a50faf7ad9e1ce1d	1	278848	player	uade	Protracker compatible	0	47532	aaebb618	94324986	MUSIC/SOUNDS/MOD/MOD_L/LETSDANC.MOD
745096c76c06628257be18482f15989f	1	212874	player+silence	uade	Noisetracker 1.x	0	52096	17ec16f9	a16d9459	MUSIC/SOUNDS/MOD/MOD_M/MUZAK.MOD
74b283497c93e3e7d053202df8995f1a	1	288111	player	uade	Protracker	0	130550	2b121632	56439a79	MUSIC/SOUNDS/MOD/MOD_M/MISSILE.MOD
74d38281099cdd21ec0a310bfe850f55	1	280455	player	uade	Soundtracker II (31 instr.)	0	93358	5fc56453	e6f85bc4	MUSIC/SOUNDS/MOD/MOD_K/KAM.MOD
7545286dc3e8816c5f1bddd35f0cb216	1	198169	player	uade	Protracker	0	199192	549237dd	f35e50ee	MUSIC/SOUNDS/MOD/MOD_K/KIRCHHOF.MOD
75679f2d3799efc79a2cf49554a4434b	1	161397	player	uade	Protracker compatible	0	46616	6148fae3	92ae8120	MUSIC/SOUNDS/MOD/MOD_L/LAIDBAC.MOD
75a23db2e5ac8caea043957b0d98ce28	1	330988	player+silence	uade	Protracker	0	199886	4cd25a3f	e6c21f46	MUSIC/SOUNDS/MOD/MOD_J/J.MOD
767053d55746f94c3fdc34a84c45b3b1	1	222845	player	uade	Protracker	0	105220	097be523	0b5a31de	MUSIC/SOUNDS/MOD/MOD_K/KIN3.MOD
771b3aebd58f1939a2eba4947fcd94c2	1	238197	player	uade	Soundtracker II (15 instr.)	0	69794	f767498d	3f88c053	MUSIC/SOUNDS/MOD/MOD_M/MAI90.MOD
77f524fc4f013d3a48612bdacb3729d1	1	337222	player	uade	Protracker	0	243870	7ed8a61d	b58624f2	MUSIC/SOUNDS/MOD/MOD_K/KSC80808.MOD
77fea2925e6ebd4821820ba276fd3706	1	153721	player	uade	Noisetracker 1.x	0	92569	97df8de6	a5f18a1d	MUSIC/SOUNDS/MOD/MOD_L/LISTEN2.MOD
782e7a1b31fd85535ec456d08edab3c9	1	261245	player	uade	Protracker	0	132256	0b188f7e	aa1712de	MUSIC/SOUNDS/MOD/MOD_M/MOOGIND.MOD
7a35916d2500071b0d540a630824776f	1	298172	player+silence	uade	Noisetracker 1.x	0	93458	78a73d73	1d920ad1	MUSIC/SOUNDS/MOD/MOD_L/LETSHEAR.MOD
7ac2fb4573ea045c5eed9ebd7905385d	1	61568	player	uade	Protracker	0	92634	e20801ac	cda491b6	MUSIC/SOUNDS/MOD/MOD_M/MELOTECH.MOD
7d313989eb17a1f22c894feb74592e3f	1	69224	player	uade	Protracker	0	142622	8867d079	6ef39e91	MUSIC/SOUNDS/MOD/MOD_M/MESSAGES.MOD
7d8fb59a57408c61af9244934b274845	1	138369	player	uade	Noisetracker 1.x	0	271310	2781c3a3	d2defb4b	MUSIC/SOUNDS/MOD/MOD_M/MEMORYCR.MOD
7e20f81482e173c37332276ade6597a7	1	307321	player	uade	Protracker compatible	0	135656	d4a595e4	9f59cfc4	MUSIC/SOUNDS/MOD/MOD_K/KEFRENS1.MOD
7e53e9b491072d1137d746053668be6a	1	161397	player	uade	Soundtracker II (15 instr.)	0	107052	fc1b5aaf	ec1c3dd9	MUSIC/SOUNDS/MOD/MOD_L/LUCKYP.MOD
7e70ccd2a700ae9abb0cd59f51dec4d1	1	153962	player	uade	Startrekker (4ch)	0	70968	93399de8	ca565b07	MUSIC/SOUNDS/MOD/MOD_K/KEEPIT.MOD
7ec5185c6fa7fc2cdce151507c24c6ec	1	97417	player	uade	Protracker compatible	0	79034	ed8aee2c	bdd95f4a	MUSIC/SOUNDS/MOD/MOD_M/MAJORTOM.MOD
7ec5185c6fa7fc2cdce151507c24c6ec	2	57730	player
7ec5185c6fa7fc2cdce151507c24c6ec	3	57730	player
7ec5185c6fa7fc2cdce151507c24c6ec	4	57730	player
7ec5185c6fa7fc2cdce151507c24c6ec	5	67315	player
7ec5185c6fa7fc2cdce151507c24c6ec	6	69224	player
7f4a83877819fc404d1799e3b370abcf	1	307321	player	uade	Protracker compatible	0	78524	36495df3	d8228130	MUSIC/SOUNDS/MOD/MOD_M/MORGANA.MOD
7ff858be9d261ba83b5375a4d84ddf2b	1	161397	player	uade	Protracker compatible	0	91636	64f61221	2e34ca80	MUSIC/SOUNDS/MOD/MOD_L/LIQMOD.MOD
8145e0c05e71516e0633cab55c6eab61	1	223166	player	uade	Protracker	0	158518	786d86d3	f187686a	MUSIC/SOUNDS/MOD/MOD_L/LASTADVE.MOD
8149ca432785aa8670f0530e12ea2b6a	1	230541	player	uade	Protracker	0	135536	9447127f	53bc9738	MUSIC/SOUNDS/MOD/MOD_L/LAU_DIME.MOD
815ebbc68ee060bad4813267b98f9dcb	1	246014	player	uade	Protracker	0	237170	4b41ac77	4c06b8ea	MUSIC/SOUNDS/MOD/MOD_M/MOMAMUDA.MOD
829341ca01a10fa529ac005788b5803f	1	46216	player	uade	Protracker compatible	0	55376	776cdd44	4cb4ce69	MUSIC/SOUNDS/MOD/MOD_L/LEANDER1.MOD
82b0be936ec646bd2f8681d19176936e	1	310016	player+silence	uade	Soundtracker II (31 instr.)	0	78742	53c7718c	52cf2bb8	MUSIC/SOUNDS/MOD/MOD_M/MAGNET.MOD
82e645b84d0272be769fb0005290fd38	1	32753	player	uade	Protracker	0	70246	5512538e	820e2a99	MUSIC/SOUNDS/MOD/MOD_J/JOE4.MOD
82e645b84d0272be769fb0005290fd38	2	34682	player
8496759e2e3fafbf54e258c76e87520f	1	153721	player	uade	Noisetracker 1.x	0	37952	721e4ca2	7872c4b7	MUSIC/SOUNDS/MOD/MOD_L/LOWBUDGE.MOD
84e0c36dcb1b3a152544a4038acc151e	1	102520	player	uade	Protracker	0	21420	71523ce7	f636f78f	MUSIC/SOUNDS/MOD/MOD_L/LEXSTACY.MOD
851adbe2bd8840c21fe23c6b4763316a	1	307321	player	uade	Noisetracker 1.x	0	171098	1deaa85a	8defd250	MUSIC/SOUNDS/MOD/MOD_M/MCSHYDII.MOD
85560fe2995446f4b7d7cfa60d729aac	1	185610	player	uade	Protracker	0	181886	4d0a9528	51b29e8d	MUSIC/SOUNDS/MOD/MOD_M/MAXDREAM.MOD
85afd8b5bcf57e9e6cc56dd704334d2c	1	258205	player+silence	uade	Protracker compatible	0	116594	e3c088b2	acdd9e55	MUSIC/SOUNDS/MOD/MOD_M/MAGICTUB.MOD
8679e0294b6d44e9d647ac330b17f804	1	30824	player	uade	Protracker compatible	0	38832	f826ed80	dd86f1fc	MUSIC/SOUNDS/MOD/MOD_K/KRAAKVAA.MOD
86ac141490e065761cce59ef32d7a0a1	1	161397	player	uade	Soundtracker II (15 instr.)	0	76768	abaf9c03	94b75411	MUSIC/SOUNDS/MOD/MOD_L/LAZYSUND.MOD
8753660275b685780302c30e8a33e73d	0	34202	silence	uade	Soundtracker II - V or compatible	0	82428	62118379	27cfbbe5	MUSIC/SOUNDS/MOD/MOD_J/JULKLAP.MOD
88cb8661a18441266144ee0790b24d17	1	254614	player	uade	Protracker	0	224204	9d545d39	75ba6992	MUSIC/SOUNDS/MOD/MOD_J/JUNGLIZM.MOD
8a76d8f0e2f3027762d95bbe77e0ee08	1	171002	player	uade	Protracker compatible	0	44540	a5b6d1e3	e4617154	MUSIC/SOUNDS/MOD/MOD_L/LETS_GO!.MOD
8a76d8f0e2f3027762d95bbe77e0ee08	1	171002	player	uade	Protracker compatible	0	44540	a5b6d1e3	e4617154	MUSIC/SOUNDS/MOD/MOD_L/LETSGO.MOD
8acd25020e5560aad9fccd1575abeb65	1	44910	player	uade	Protracker compatible	0	39210	77003471	4c3a25f4	MUSIC/SOUNDS/MOD/MOD_M/MUNK_JAM.MOD
8ae01bd9d551cf13e169ba686a635e39	1	62834	player	uade	Protracker	0	117672	e51bdcfe	ef92fbf3	MUSIC/SOUNDS/MOD/MOD_M/MISSIN.MOD
8da69d3597914b8fb1685fa34ccdf827	1	258516	player+silence	uade	Protracker	0	170952	4c296f1f	b71ff004	MUSIC/SOUNDS/MOD/MOD_K/KATZETNI.MOD
8e0b62d0328b75421cd4c4a6b8600c7b	1	379083	player+silence	uade	Protracker	0	144824	e90042a0	82785282	MUSIC/SOUNDS/MOD/MOD_L/LANDOFCO.MOD
8f033ef72cf773a6c6a311ba3787e1cb	1	192141	player	uade	Protracker	0	96832	4de11135	8e3b9062	MUSIC/SOUNDS/MOD/MOD_M/MOEBIUS.MOD
8f88aa43cf467205d8a81015b6e82c0b	1	69224	player	uade	Protracker	0	23760	c0c178c0	26c2d3d0	MUSIC/SOUNDS/MOD/MOD_K/KAKOFONI.MOD
901219a74fa3d0f920caf3c8abd84b52	1	310737	player	uade	Protracker compatible	0	131218	c992308c	f27ccecd	MUSIC/SOUNDS/MOD/MOD_M/MOONGAZE.MOD
903f8ea9e6736562b3a7f62ce76e7dc7	1	312728	player+silence	uade	Protracker	0	155324	48f6510c	d96d885f	MUSIC/SOUNDS/MOD/MOD_M/MEMORIES.MOD
907589ad0f409cdb6803c1523c3508bd	1	209643	player	uade	Protracker	0	144116	8644877c	c5c10f78	MUSIC/SOUNDS/MOD/MOD_M/MOONLIT.MOD
90acb35bf5070b518f2dbbc542549568	1	200645	player+silence	uade	Protracker	0	119746	e02b95e1	501a45c7	MUSIC/SOUNDS/MOD/MOD_M/MANDDUST.MOD
912f8cd24a503feb83337dfd0a38729c	1	146045	player	uade	Protracker	0	71352	6f27bf24	a26ff333	MUSIC/SOUNDS/MOD/MOD_J/JOE5.MOD
92317a48e863c5e8c35ff9335cad55cc	1	277341	player	uade	Protracker	0	128720	f305c34f	276b4cc9	MUSIC/SOUNDS/MOD/MOD_L/LOVEFUNK.MOD
923e41bf8036e7026f98b3f8cf7fd2c9	1	215149	player	uade	Soundtracker II (15 instr.)	0	95800	ce5d1acb	dff76584	MUSIC/SOUNDS/MOD/MOD_M/MVB.MOD
92d442d2f4ef3c34e5d74ff8002bf3d3	0	182255	player	uade	Ultimate-Soundtracker or compatible	0	62216	48986912	59fe3f31	MUSIC/SOUNDS/MOD/MOD_J/JOHN1.MOD
9432dc9d5c982bd4bcbb48c3e7802d87	1	297006	player+silence	uade	Protracker	0	55216	d2802b02	560d8533	MUSIC/SOUNDS/MOD/MOD_L/LIQUIDI.MOD
947c5ef4350dda566a78553d93077e0e	1	99968	player	uade	Protracker	0	84318	2a729820	4a671cd0	MUSIC/SOUNDS/MOD/MOD_M/MANIAC.MOD
94b2efa30d56700a5f24d7f6fb890d6d	1	133968	player	uade	Protracker compatible	0	59824	b55cb69e	6ff50469	MUSIC/SOUNDS/MOD/MOD_M/MUSI.MOD
94becc7720d11a953e113f7702657bb8	1	53872	player	uade	Protracker	0	18120	a5e646af	23dc5cdd	MUSIC/SOUNDS/MOD/MOD_K/KAFFEOGK.MOD
94d825d1df3ef342233a450a2a07da3a	1	159220	player+silence	uade	Noisetracker 1.x	0	103392	18f7232a	73425360	MUSIC/SOUNDS/MOD/MOD_M/MEGAFRCE.MOD
956af30fea2e581c742bec42eb9e5973	1	126071	player	uade	Protracker	0	162094	b8045b5d	622b218e	MUSIC/SOUNDS/MOD/MOD_L/LEMON'ET.MOD
95aea81ebd0baaea6b322213dc62f458	1	262122	player+silence	uade	Protracker compatible	0	89316	b6273998	635764d0	MUSIC/SOUNDS/MOD/MOD_M/MAXIMINU.MOD
963dfe2225003acacc9162ade5525dfd	1	144136	player	uade	Protracker	0	149478	ada35a58	e521e74f	MUSIC/SOUNDS/MOD/MOD_L/LIFEPHOB.MOD
964a42bfd30a2d6388d21f05898cc943	1	235471	player+silence	uade	Protracker	0	124156	878bd5c5	d7d56667	MUSIC/SOUNDS/MOD/MOD_M/MELANCHO.MOD
965d169f0c12806f586173ff8e5ef58b	1	251642	player+silence	uade	Protracker	0	74052	a80179b0	00144a4e	MUSIC/SOUNDS/MOD/MOD_L/LIGHTYEA.MOD
979c3786d01a39397eab1c645cceaf5b	1	180465	player+silence	uade	Protracker	0	125344	c38a4b87	f3590599	MUSIC/SOUNDS/MOD/MOD_L/LIVINGAN.MOD
97ffc78b68f54865cebb665eedf76572	1	398007	player	uade	Noisetracker 1.x	0	199138	654d0923	200985de	MUSIC/SOUNDS/MOD/MOD_M/MONTAGE.MOD
97ffc78b68f54865cebb665eedf76572	2	401865	player
987cc01b64bf4f377bd55ecec6a4fee7	1	158526	player+volume	uade	Protracker	0	196024	5938b421	597abf58	MUSIC/SOUNDS/MOD/MOD_L/LCS.MOD
98b3cc82e68ecd699ad3367567b89b4b	1	192141	player	uade	Protracker	0	187446	e01e6ffa	8ac9f841	MUSIC/SOUNDS/MOD/MOD_L/LONDONFL.MOD
98cf85057fd8aec260760ca909c47f15	1	548312	player	uade	Protracker	0	270622	a1bd4e1f	f2fa3ea9	MUSIC/SOUNDS/MOD/MOD_J/JBID.MOD
990304f9a8c31b7e33a4f55ec33ad754	1	245893	player	uade	Protracker	0	215774	4fc40989	542ae0d0	MUSIC/SOUNDS/MOD/MOD_L/LEMONADE.MOD
99e68c27d927acf9fdfc145319bc1163	1	206207	player	uade	Protracker	0	63234	27894ec1	8da91531	MUSIC/SOUNDS/MOD/MOD_J/JACKTH.MOD
9a01a0047c8a0b4517a66c6cffa424ce	1	38520	player	uade	Protracker	0	42912	179463c7	b9762aab	MUSIC/SOUNDS/MOD/MOD_L/LOADINGF.MOD
9b084466b4ee5e519ca28865ad25b12a	1	249731	player	uade	Protracker	0	95342	dc13e1bc	b520d92d	MUSIC/SOUNDS/MOD/MOD_M/MELLOWRO.MOD
9b1df03dbd4220a2aaae4399924a002f	1	62533	player	uade	Protracker	0	125276	df1751b3	3a2a155a	MUSIC/SOUNDS/MOD/MOD_M/MUZIK2.MOD
9b1df03dbd4220a2aaae4399924a002f	2	76920	player
9b526491a8cf3582962954104d541e78	1	394127	player+silence	uade	Protracker compatible	0	196596	47f59c56	d65f5c62	MUSIC/SOUNDS/MOD/MOD_K/KILLING.MOD
9c1ff865d457589b3c00bcb5f9fe10fe	1	71696	player	uade	Protracker	0	160166	63715c3b	50320f47	MUSIC/SOUNDS/MOD/MOD_J/JOES00.MOD
9cd15c02863362b1bc9cf387af1d441b	1	190835	player	uade	Protracker compatible	0	111886	e701263d	29a6c478	MUSIC/SOUNDS/MOD/MOD_J/JOBBA.MOD
9d0545d26d34220b1e4841aa05859ca2	1	230541	player	uade	Noisetracker 1.x	0	243176	97838bf6	31d0bd76	MUSIC/SOUNDS/MOD/MOD_J/JAMMETOR.MOD
9d9ef73aaef281108506dcfc20f9dc82	1	276758	player	uade	Protracker	0	107976	5b2d0ec5	01a81def	MUSIC/SOUNDS/MOD/MOD_M/MELODY.MOD
9e8741fda45d2e1cbd7c33235a6e3103	1	122997	player	uade	Noisetracker 1.x	0	149166	452421f5	7d5c61c9	MUSIC/SOUNDS/MOD/MOD_M/M1_SONG.MOD
9e95505186bf68aeec4de23602ed8599	1	204941	player	uade	Protracker	0	147747	3873fc38	a9ff4a08	MUSIC/SOUNDS/MOD/MOD_K/KAOZNIFL.MOD
9f69fd4e53626be89d62ede6ec6fa533	1	264247	player+silence	uade	Protracker compatible	0	130574	0481a653	00d655f2	MUSIC/SOUNDS/MOD/MOD_J/JUMPING.MOD
9ff3ab8a381cfe91dfc09feaf19a346d	1	207493	player	uade	Protracker compatible	0	138240	8d44777f	4ee2e432	MUSIC/SOUNDS/MOD/MOD_M/MISSFORS.MOD
a00c63f5a074c4a3069e06ecd8f99e5c	1	192141	player	uade	Protracker	0	142204	f62b02ab	652ed259	MUSIC/SOUNDS/MOD/MOD_L/LIFTMEUP.MOD
a057dc22103b2f41b01d2cab05315d2c	1	76920	player	uade	Noisetracker 1.x	0	24832	5d805c96	5578668f	MUSIC/SOUNDS/MOD/MOD_K/KEFRENSL.MOD
a0652f7bbc40176186cae17ead9048bc	1	327817	player	uade	Protracker	0	107604	2776c485	03f40c70	MUSIC/SOUNDS/MOD/MOD_K/KILIMANZ.MOD
a0da15f5b4ce82956ec789226b66d8a7	1	192141	player	uade	Protracker compatible	0	193071	84ca5a55	57d147ca	MUSIC/SOUNDS/MOD/MOD_J/JUSTINTM.MOD
a0f7985fabd4eb5cd175c293eebc06a8	1	252243	player	uade	Protracker compatible	0	232621	2e06c7e0	c1fa01a8	MUSIC/SOUNDS/MOD/MOD_M/MUS6.MOD
a1828699db2e264997a3c4535d4ab80f	1	207493	player	uade	Protracker	0	104238	2a1ddc85	c9e0aa52	MUSIC/SOUNDS/MOD/MOD_J/JUSTADDL.MOD
a23ca21255eaa476c8785aad259ab2b8	1	453246	player	uade	Protracker compatible	0	143136	8f4ac1a2	19e651cd	MUSIC/SOUNDS/MOD/MOD_M/MENTALHA.MOD
a2bd35e5b5cd3d0c3d0167f48a6627d6	1	161397	player	uade	Noisetracker 1.x	0	65452	5d772236	079acf70	MUSIC/SOUNDS/MOD/MOD_K/KELLOGS.MOD
a2dab1d04dc116ebd26c1b962d04d83d	1	153721	player	uade	Protracker compatible	0	65596	f291366b	dda2ba1e	MUSIC/SOUNDS/MOD/MOD_M/METALICA.MOD
a35428c50c7080d62658dfeef4e1366f	1	157579	player	uade	Protracker	0	265674	540f6926	88e091ba	MUSIC/SOUNDS/MOD/MOD_M/MINOR.MOD
a418b6e0728c5ec9fb4a1db5a515e729	1	115321	player	uade	Protracker	0	138202	93430e29	531f4f85	MUSIC/SOUNDS/MOD/MOD_M/MADNESS.MOD
a439b13ca39416b19f5f452f12176edb	1	23168	player	uade	Protracker	0	27196	95583292	e62331ae	MUSIC/SOUNDS/MOD/MOD_K/KICKSTAR.MOD
a4f1284991cb21bd4b0717c062e1a1f3	1	30824	player	uade	Soundtracker II (15 instr.)	0	47332	6a53417e	8f16c257	MUSIC/SOUNDS/MOD/MOD_K/KID.MOD
a5e9ca90ef0e62738b6021152142247a	1	327817	player	uade	Protracker	0	153014	7468fde7	7a116948	MUSIC/SOUNDS/MOD/MOD_J/JAMBUG.MOD
a651806724308ea5038e6410217b7330	1	637350	player	uade	Protracker (vblank)	0	224256	1a71adc5	7420c24b	MUSIC/SOUNDS/MOD/MOD_K/KLISJE.MOD
a65959fb9b8e31371390ed00b0a4a839	1	192141	player	uade	Protracker compatible	0	72916	b309f6bb	9473d4c1	MUSIC/SOUNDS/MOD/MOD_M/MODELDIS.MOD
a697ff5ed6c0aa30a7d073a185f4e4f5	1	314011	player+silence	uade	Protracker	0	104600	94530bbc	db112338	MUSIC/SOUNDS/MOD/MOD_M/MAGRUST.MOD
a765a28798121566ab739c0e2f5f7c5a	1	115321	player	uade	Noisetracker 1.x	0	170087	f036ec6a	119da7af	MUSIC/SOUNDS/MOD/MOD_L/LIQUID.MOD
a76c244ff2d0b004e2458a7481913897	1	143493	player	uade	Protracker compatible	0	39408	b8417c1e	d6a7ce67	MUSIC/SOUNDS/MOD/MOD_L/LAIDBACK.MOD
a890a9abbdb18e4e612b5ea21dea7c4f	1	185834	player+silence	uade	Protracker	0	169164	ceae6613	40b59cbb	MUSIC/SOUNDS/MOD/MOD_L/LOSTDREA.MOD
a8f818764a2d1e9d1f5ae9e62819675a	1	153741	player	uade	Protracker	0	113476	5c44ee81	819dd0d4	MUSIC/SOUNDS/MOD/MOD_M/MISDEMEA.MOD
a90d8311e00dccabb548f0fe25efa1f5	1	46216	player	uade	Protracker compatible	0	27924	148b0326	a1d5c057	MUSIC/SOUNDS/MOD/MOD_L/LOONCRED.MOD
a96226e01254a3ab9848add068253f32	1	164606	player+volume	uade	Noisetracker 1.x	0	111296	9ffc9e8c	b54bb3d8	MUSIC/SOUNDS/MOD/MOD_L/LITTLEHE.MOD
a9749ba46c2a0783f3c7eb7642395d93	1	266139	player+volume	uade	Protracker	0	184688	4278be1d	92907bc1	MUSIC/SOUNDS/MOD/MOD_L/LUCIARO.MOD
aa0358624de818c442cd1ff5e9aa49db	1	61568	player	uade	Protracker compatible	0	103608	02d278b0	b05d57d4	MUSIC/SOUNDS/MOD/MOD_M/MOVETHIS.MOD
aa0387b63518b8c096577faa4eb1b40a	1	303684	player	uade	Protracker	0	136888	995cb239	a450a492	MUSIC/SOUNDS/MOD/MOD_J/JUSTAFEE.MOD
aa5460c2c24780fde53d3c0f1e0d1513	1	231360	player+silence	uade	Noisetracker 1.x	0	202697	495013cc	ab3e8da1	MUSIC/SOUNDS/MOD/MOD_L/LIKEAPRA.MOD
aa76063c24d5d8db1f6a7de0e7d86db3	1	123057	player	uade	Protracker compatible	0	93338	03bcd140	03bc44bd	MUSIC/SOUNDS/MOD/MOD_M/MOREPILL.MOD
ab268d442dd13b9c50d71c339aeb3f85	1	161397	player	uade	Soundtracker II (15 instr.)	0	101400	ac5b3ae5	30868802	MUSIC/SOUNDS/MOD/MOD_M/METALSYN.MOD
abdf9c67079109caac89f4668c6d1650	1	142187	player	uade	Protracker	0	193336	d33a74e2	9bfe6a2a	MUSIC/SOUNDS/MOD/MOD_J/JUMP4JOY.MOD
ac30a21bd83f46cafe7f462c7fe95b52	1	119179	player	uade	Protracker compatible	0	70504	ec8bda92	f3b4b2bb	MUSIC/SOUNDS/MOD/MOD_K/KEFRENS.MOD
acb2f5fb3ddfa34787bffe53036ba902	1	231164	player	uade	Protracker	0	156076	7970df75	915e5f93	MUSIC/SOUNDS/MOD/MOD_J/JOYRIDE.MOD
ada1940111f280d9471f53d546777a40	1	119179	player	uade	Soundtracker II (15 instr.)	0	43710	35fbdb09	ef5601ed	MUSIC/SOUNDS/MOD/MOD_M/MOTHERFU.MOD
aea97f04e688bc1ea229eadb426b2353	1	147733	player	uade	Protracker compatible	0	121428	78b8476c	40279f2b	MUSIC/SOUNDS/MOD/MOD_M/MUMBLY`S.MOD
aedb5a00ee6b2911e0b8dbab572ed3e0	1	317718	player+silence	uade	Protracker compatible	0	149060	3ab649b0	2b374481	MUSIC/SOUNDS/MOD/MOD_M/MAKEASTA.MOD
b018412fe77bb624af17bfb89c7c92f4	1	168852	player	uade	Protracker	0	35964	572aed6b	65850b51	MUSIC/SOUNDS/MOD/MOD_M/MAGICKA.MOD
b0372e41c9331a41cf1716ae848fb107	1	41072	player	uade	Protracker	0	59614	38bc9b5c	badfffe2	MUSIC/SOUNDS/MOD/MOD_L/LOADINGD.MOD
b037b9935e6c80630834822b4dcdc3de	1	168590	player	uade	Protracker	0	178058	0b549df1	a513a389	MUSIC/SOUNDS/MOD/MOD_K/KEEPITTO.MOD
b0f6295fa548e3138baa830bf6583468	1	310155	player	uade	Protracker compatible	0	174930	8a212e2e	7a39ae8c	MUSIC/SOUNDS/MOD/MOD_M/MPTITL.MOD
b1b8decfa3c25eb8a1d2114c61e22702	1	84616	player	uade	Noisetracker 1.x	0	30744	e38d43ad	8a792e87	MUSIC/SOUNDS/MOD/MOD_J/JABBA23.MOD
b1e2d318c1a1164e23419dea3904e248	1	99968	player	uade	Protracker compatible	0	103516	0d4f1373	16c64a29	MUSIC/SOUNDS/MOD/MOD_L/LEGRIND.MOD
b3dc70f20ccaadd4e16172ca70b938e0	1	214699	player	ft2play	Fasttracker (M.K.)	4	130989	1dd0db68	b7757775	MUSIC/SOUNDS/MOD/MOD_K/KUDELAK.MOD
b420eb1ef4932485408a6f21c411786b	1	61732	player+silence	uade	Protracker compatible	0	25461	e8c1832b	945498ee	MUSIC/SOUNDS/MOD/MOD_L/LITAN.MOD
b434d82415350697312839d51eedc169	1	300148	player	uade	Protracker	0	122204	6f005189	2cdc17b6	MUSIC/SOUNDS/MOD/MOD_K/KSCEMUL8.MOD
b44c0421970fe7ac787b35a893634cea	1	107645	player	uade	Protracker	0	117086	d97cf03e	a818c347	MUSIC/SOUNDS/MOD/MOD_J/JOJO.MOD
b4a0903b84d18aaa7770b4644de4be4b	1	169093	player	uade	Protracker compatible	0	30454	d2d1cd5d	2ae4e30c	MUSIC/SOUNDS/MOD/MOD_L/LITTLE.MOD
b4b8343c408b44c9987cf6e46f27b25b	1	309893	player	uade	Noisetracker 1.x	0	154802	0e44f9f9	cfdd1879	MUSIC/SOUNDS/MOD/MOD_M/MESSAGEV.MOD
b5466e089b0415fa112dfd92bcf5218c	1	107001	player	uade	Protracker	0	37078	b56c3bdf	73cf6d70	MUSIC/SOUNDS/MOD/MOD_M/MANIACSO.MOD
b54739e81592805a0e9a225b134cce17	1	99968	player	uade	Soundtracker II (15 instr.)	0	49118	d4e989d9	3a47ca06	MUSIC/SOUNDS/MOD/MOD_M/MRTNSHRT.MOD
b5d683af74a550f3599eff246a982192	1	252326	player+silence	uade	Protracker compatible	0	118320	671905b8	42ed4741	MUSIC/SOUNDS/MOD/MOD_K/KILLBFLY.MOD
b5d8fa4de17fc3dc2144833a6d591b78	1	307321	player	uade	Noisetracker 1.x	0	88742	ce66b937	bd9590cb	MUSIC/SOUNDS/MOD/MOD_L/LINK.MOD
b61b24a075759cb402e53fa500be6f48	1	273585	player+volume	uade	Protracker	0	201884	8202e838	4f361c35	MUSIC/SOUNDS/MOD/MOD_L/LAU_ANTC.MOD
b63ebcaa473d0af1dfffaa48a40faf29	1	224121	player+silence	uade	Protracker	0	129930	891a91ca	b572bb13	MUSIC/SOUNDS/MOD/MOD_K/KUFFS.MOD
b68c3324bb18b6610b9bf7aa46da1692	1	178678	player	uade	Protracker	0	47808	02f7ca50	e245fa11	MUSIC/SOUNDS/MOD/MOD_M/MATERIA.MOD
b690e56b3a64080c5eb219007e4ef492	1	115321	player	uade	Protracker compatible	0	34422	78b2b8b3	ee96d259	MUSIC/SOUNDS/MOD/MOD_M/MUZ.MOD
b72e31c55c6ca6b1c9c9479979243f2d	1	161397	player	uade	Protracker	0	80204	9e62d88e	3dfde324	MUSIC/SOUNDS/MOD/MOD_M/MASSACRE.MOD
b8c023032577804626811b2f4a6bef8b	1	288171	player	uade	Protracker compatible	0	109936	ea80e35d	6e5900a8	MUSIC/SOUNDS/MOD/MOD_K/KILLVIKT.MOD
b98b1bdf7899285295f55331733c00eb	1	161397	player	uade	Soundtracker II (15 instr.)	0	73256	26df491d	568e8591	MUSIC/SOUNDS/MOD/MOD_M/MDRNTALK.MOD
b9bd09b47f86c89c66c79a5867c52d85	1	30824	player	uade	Protracker compatible	0	21972	87212d8d	95e5871a	MUSIC/SOUNDS/MOD/MOD_M/MIDNIGHT.MOD
b9ea7b4bd6472860bf4aaa6a8990abb6	1	84451	silence	uade	Protracker	0	98046	84678caa	8836b9e6	MUSIC/SOUNDS/MOD/MOD_K/KATHEDRA.MOD
baa2f5792c6d16423c50b2fc5fec3697	1	221255	player+silence	uade	Protracker compatible	0	222778	ae45fd25	4c45e734	MUSIC/SOUNDS/MOD/MOD_K/KALORIFI.MOD
bb420a26bd81fc37a6300edc2bb71266	1	211745	player+silence	uade	Soundtracker II (31 instr.)	0	116740	03927018	ecca0203	MUSIC/SOUNDS/MOD/MOD_L/LIVINSIN.MOD
bbca8507ca64518f3742aa6889cc3f88	1	309337	player+volume	uade	Noisetracker 1.x	0	111868	07b10090	b561718b	MUSIC/SOUNDS/MOD/MOD_M/MASTERMI.MOD
bcac6be5b0fa2dde3fdbe96d1835af8b	0	140519	player	uade	Ultimate-Soundtracker or compatible	0	62432	c29c487c	3857b97e	MUSIC/SOUNDS/MOD/MOD_J/JUMP.MOD
bd93d890e9bbd2963124fab6c46a0dfc	1	189549	player	uade	Protracker	0	162036	71542708	4eacbbec	MUSIC/SOUNDS/MOD/MOD_M/MODULATI.MOD
be90b5a100e6bb4ed79dc86d609f0947	1	107217	player+silence	uade	Noisetracker 1.x	0	82984	17b84f57	6d0f485a	MUSIC/SOUNDS/MOD/MOD_M/MEGAMETA.MOD
bea314599b7d7e4ddf1eefbfb8c290ce	0	71573	player	libopenmpt	Master Soundtracker 1.0	4	296960	51f83c02	8295f6e6	MUSIC/SOUNDS/MOD/MOD_L/LAAAMER.MOD
bf75ec3c51c7fe0f70c687c4acbad6b7	1	297855	player+silence	uade	Protracker	0	297530	f761b02d	f2cb09e7	MUSIC/SOUNDS/MOD/MOD_L/LOSTATSE.MOD
bfbf1b735f4349f3fc75f1f37be69be5	1	222845	player	uade	Noisetracker 1.x	0	106029	d5f1dc86	77a7bff8	MUSIC/SOUNDS/MOD/MOD_M/MAXWING.MOD
bff5acb86d1a25dc7d867cbd98cc50e7	1	122997	player	uade	Protracker	0	307558	19bce07d	7044de32	MUSIC/SOUNDS/MOD/MOD_K/K8.MOD
c0b54063b1f2c934d1ae234cb18dcf06	1	235434	player+silence	uade	Protracker	0	166682	1bc57713	bffa6378	MUSIC/SOUNDS/MOD/MOD_M/MICROCOS.MOD
c229f4aa4945541584f7d1233938da99	1	131456	player	uade	Protracker	0	170576	597845e8	5c4da3ac	MUSIC/SOUNDS/MOD/MOD_J/JAZZBAND.MOD
c2b2da7c024baaddd724a93aa3c9572d	1	184445	player	uade	Noisetracker 1.x	0	254387	8b19da13	08b5cae5	MUSIC/SOUNDS/MOD/MOD_L/LOCK.MOD
c2e3bf3502ba6bbac461ded2756db21a	1	141363	player	uade	Protracker	0	130564	f55292a5	76390e45	MUSIC/SOUNDS/MOD/MOD_M/MESSAGEP.MOD
c303b02c0e36b7f02682c5af685852e2	1	262407	player+silence	uade	Protracker	0	215078	57c60ea7	aded1a33	MUSIC/SOUNDS/MOD/MOD_M/MAYDAYRE.MOD
c3611ddcdec588910c054e27ce309ad6	1	172931	player	uade	Protracker	0	108486	03598ce4	7f5b6326	MUSIC/SOUNDS/MOD/MOD_L/LIKEYEAH.MOD
c584944ce2d401f61417cfdc002591cf	1	166521	player	uade	Protracker	0	149624	8be22ec7	38788823	MUSIC/SOUNDS/MOD/MOD_M/MELONMAN.MOD
c5b79d038bdbb9595caa10dd88c5a798	1	105836	player	uade	Protracker compatible	0	67405	0cb4c538	88563bd2	MUSIC/SOUNDS/MOD/MOD_J/JACKGROV.MOD
c5cecb082c9aa52a99299a53c7e30617	1	238197	player	uade	Protracker compatible	0	63502	d05664cd	2888c114	MUSIC/SOUNDS/MOD/MOD_L/LONGSHOR.MOD
c647125ca56b360baa9f8fc44cf66560	1	202047	player	uade	Noisetracker 1.x	0	155478	b8c67672	e1426994	MUSIC/SOUNDS/MOD/MOD_L/LOSTINYO.MOD
c6dc5811c89c22bbd13f33160fbf151f	1	182066	player+silence	uade	Protracker	0	73970	b54fcaac	cf4754f9	MUSIC/SOUNDS/MOD/MOD_M/MADTECHN.MOD
c78070e8f180a0977bf0f9710c2cded9	1	69224	player	uade	Noisetracker 1.x	0	31728	d5b6566c	d426020a	MUSIC/SOUNDS/MOD/MOD_M/MERDEMUS.MOD
c7aa294c3df6310733decf8cd71a841d	1	217098	player	uade	Protracker	0	164566	4c1b1269	42b6f6eb	MUSIC/SOUNDS/MOD/MOD_J/JUMHOPOF.MOD
c7bff47e6456330ad11e5cb85ddcb3aa	1	359707	player	uade	Protracker	0	124108	a5c180b0	29f93392	MUSIC/SOUNDS/MOD/MOD_M/MODEMULA.MOD
c8b3252c20816b3aa02f78221cb730e8	1	233415	player	uade	Soundtracker II (15 instr.)	0	101424	d285ac6b	4668fe32	MUSIC/SOUNDS/MOD/MOD_M/MAPPI.MOD
c8c2e7908c7610cf14fddb71f24a78b4	1	504594	player+silence	uade	Protracker	0	99426	a6efbc2e	2f63fb5e	MUSIC/SOUNDS/MOD/MOD_M/MCDISK5.MOD
c8c86696a3f82255c9f3d833bee672f9	1	107645	player	uade	Noisetracker 1.x	0	232598	7ee4aed9	99b627d9	MUSIC/SOUNDS/MOD/MOD_M/MAX_HEAD.MOD
c8d448416737694d40ed6cf6de11c80e	1	214187	player+silence	uade	Protracker compatible	0	109508	269f49ef	c10301f3	MUSIC/SOUNDS/MOD/MOD_L/LOOSINGC.MOD
ca71c4669218a998f030a95584f18527	1	129387	player	uade	Protracker compatible	0	234986	505ac754	3b3a9c9c	MUSIC/SOUNDS/MOD/MOD_L/LOVESTIN.MOD
cab7b7ac2969d9e92a11b4153ed1925b	1	166199	player	uade	Protracker compatible	0	63480	9dc895a7	f9db24de	MUSIC/SOUNDS/MOD/MOD_L/LAMBADA.MOD
caecd45e93d444c2a7de4f72504eac2d	1	199516	player	uade	Protracker compatible	0	65242	b7ba493a	2ea52852	MUSIC/SOUNDS/MOD/MOD_J/JOYFRIDG.MOD
cb6ed366e298844f8758975bf032891b	1	134531	player	uade	Protracker compatible	0	86180	2df0bbc1	fa272344	MUSIC/SOUNDS/MOD/MOD_L/LATINOAD.MOD
ccf54c3a04a7f6978afead5bfe5345fd	1	102983	player	uade	Protracker	0	169966	eb17cbb0	786737a4	MUSIC/SOUNDS/MOD/MOD_J/JOES02.MOD
cd4c88c6144340b26f27389d6deccfc2	1	156614	player	uade	Protracker compatible	0	130924	f9891ec8	6437f717	MUSIC/SOUNDS/MOD/MOD_M/MAZZ.MOD
ce40a702515002285eb307a3aaedf5b8	1	348320	player	ft2play	Fasttracker (M.K.)	4	340987	54fa1ce1	b5197208	MUSIC/SOUNDS/MOD/MOD_J/JOKE.MOD
ce51615e41252fbece2d460c03766728	1	157740	player	uade	Protracker	0	146886	8485cbef	de2f6e3f	MUSIC/SOUNDS/MOD/MOD_M/MOBYLE.MOD
ce7e00ac7b74889638674d897aa505a9	1	261245	player	uade	Protracker compatible	0	111518	cd134e34	f4f8f060	MUSIC/SOUNDS/MOD/MOD_L/LITTLERU.MOD
cebf04392dcbc502f396a07cf3eda3a3	1	98682	player	uade	Protracker compatible	0	297856	47685a1c	aa1b6382	MUSIC/SOUNDS/MOD/MOD_J/JACK.MOD
cf1bf97531b325590aec6b94fc9c45c4	1	81140	player	uade	Protracker	0	99616	ef2c40c4	d69a1de7	MUSIC/SOUNDS/MOD/MOD_L/LAIDANDF.MOD
cf254fdbd781468b304d10a540658c17	1	84616	player	uade	Noisetracker 1.x	0	56520	ec5c8fb4	f2380f68	MUSIC/SOUNDS/MOD/MOD_M/MEGABIT.MOD
cf4ae419f17a5ef7f6f71ad586fdfb56	1	220936	player	uade	Protracker	0	154804	5c25f291	a078f183	MUSIC/SOUNDS/MOD/MOD_M/MINDMELT.MOD
cf9642b3ba6153f19b235cf2e040feb8	1	230541	player	uade	Soundtracker II (15 instr.)	0	98816	f5340c34	ab24df1f	MUSIC/SOUNDS/MOD/MOD_M/MINEFIEL.MOD
d03174c2833d53a46e8fdfc363243162	1	314736	player	uade	Protracker compatible	0	129266	1be09960	6238dd08	MUSIC/SOUNDS/MOD/MOD_K/KEFBEAST.MOD
d0b18ef2242901b49e4f7d6a50df2038	1	188605	player+silence	uade	Protracker compatible	0	162918	ce71527c	f682a6ba	MUSIC/SOUNDS/MOD/MOD_M/MOV.MOD
d19b469cb4aaad7781bd4cce90e8323a	1	92915	player	uade	Protracker compatible	0	58616	7f601a67	e9a5b1e5	MUSIC/SOUNDS/MOD/MOD_M/MOONSHIN.MOD
d1b83c9bcff980a913c35a8d00166e2f	1	23168	player	uade	Protracker	0	4590	72508285	94912eb7	MUSIC/SOUNDS/MOD/MOD_M/MANHOURS.MOD
d21260938cbfc969483d089c6782fea0	1	363826	player	uade	Protracker compatible	0	156512	20bd27ab	54515798	MUSIC/SOUNDS/MOD/MOD_M/MINDDIST.MOD
d2404f6b7b2fe8611ebb112fdc668e99	1	199797	player	uade	Soundtracker II (31 instr.)	0	307562	ed0ae9f5	02dc547d	MUSIC/SOUNDS/MOD/MOD_M/MYWY2HLL.MOD
d44821d80142126fe175c07bd7370f52	1	116687	player	uade	Protracker	0	145350	0bd5d02e	e51c3ad9	MUSIC/SOUNDS/MOD/MOD_J/JESUSES8.MOD
d4597c86822c65cfd4fdc74e1e9731cc	1	130693	player	uade	Noisetracker 1.x	0	82106	9b357c9b	c03ded80	MUSIC/SOUNDS/MOD/MOD_M/MASTERAN.MOD
d5175c6ba0db53dd29ee9377739cfc5b	1	195983	player+silence	uade	Protracker	0	83818	6a4cd8c7	cf985b1e	MUSIC/SOUNDS/MOD/MOD_M/MAGICPIA.MOD
d51da283584bfd9f0eb5f7a6442684af	1	106723	player+silence	uade	Protracker	0	32602	a036da57	9f119c62	MUSIC/SOUNDS/MOD/MOD_M/MINUET.MOD
d59a4bb3b5bc902b01d153e1d983e0f2	1	115321	player	uade	Soundtracker II (15 instr.)	0	60558	a64d02fb	dee1c5bf	MUSIC/SOUNDS/MOD/MOD_K/KYLIE.MOD
d6d8209c0548fc260ebbc9ff60876f9f	1	233093	player	uade	Protracker	0	49886	9253262c	2dd098bc	MUSIC/SOUNDS/MOD/MOD_L/LOUDHOUS.MOD
d6e8e811a51601cc8a156d2fe388acb0	1	213308	player+volume	uade	Protracker	0	211278	d6e4f20f	05edb652	MUSIC/SOUNDS/MOD/MOD_M/MOONROCK.MOD
d7ac3b15f56cea34b857ef06294aa918	1	130106	player	ft2play	Fasttracker (M.K.)	4	111609	1a1e9252	1b257e5a	MUSIC/SOUNDS/MOD/MOD_J/JUSTICE.MOD
d7c0c3433208e3c36fa4e5b59d93b064	1	46216	player	uade	Protracker	0	25636	4e2a772c	af63ab1e	MUSIC/SOUNDS/MOD/MOD_M/MELODRAM.MOD
da591746d5f8d3f4400815875db52fad	1	92272	player	uade	Protracker compatible	0	93262	d8e496f3	38624d79	MUSIC/SOUNDS/MOD/MOD_J/JOURNAL.MOD
db744b17c04656ee37c1b40a29d1181d	1	245893	player	uade	Protracker	0	89470	f2978bc5	af22a83f	MUSIC/SOUNDS/MOD/MOD_J/JESUSEND.MOD
db8e9c05e5a1e07e007cf3c441ffc8d0	1	261452	player+silence	uade	Protracker	0	249972	23215245	b3f0e697	MUSIC/SOUNDS/MOD/MOD_L/LETYS.MOD
dc52d71723b39925a5fd3706eaa8ec77	1	69847	player	uade	Noisetracker 1.x	0	50304	d6d9b04c	60e61917	MUSIC/SOUNDS/MOD/MOD_M/MEGAMIXE.MOD
dc89d8ab8a7a9974200fde7e63524cea	1	437894	player	uade	Noisetracker 1.x	0	76256	ff6a3375	8722e60f	MUSIC/SOUNDS/MOD/MOD_M/MINSMIRE.MOD
dcb1fa306c95df2472935001da0e56db	1	276597	player	uade	Protracker compatible	0	122618	58fe1226	56fcd414	MUSIC/SOUNDS/MOD/MOD_L/LASER2.MOD
dd3134f54df3da05a61bd11acf4fd8f2	1	61568	player	uade	Protracker	0	67732	b476bcb0	e3256bf9	MUSIC/SOUNDS/MOD/MOD_J/JUICYFUN.MOD
ddc9207b1ff9746a70d3ee0c293914db	1	242702	player+silence	uade	Protracker	0	112560	f7edab2f	8f6bfd3f	MUSIC/SOUNDS/MOD/MOD_L/LIQUIDAM.MOD
ded71bca765f2ee83ebf5de69880ec64	0	268841	player	uade	Soundtracker II - V or compatible	0	150668	bea77c7c	6e03bba9	MUSIC/SOUNDS/MOD/MOD_J/JOHANSEN.MOD
df136720eec085e4c19de36fad782811	1	261245	player	uade	Soundtracker II (15 instr.)	0	90826	2f6021a3	4a493eb1	MUSIC/SOUNDS/MOD/MOD_M/MEGAMIX.MOD
df4c55740e0b1513d07d72e75d1210f3	1	255016	player	uade	Noisetracker 1.x	0	153998	1ec52b24	628d868d	MUSIC/SOUNDS/MOD/MOD_L/LIFEINT.MOD
dfd9dcf01366fb00f6621bff317ea084	1	163190	player+silence	uade	Protracker	0	125894	91d9d3ba	10844eb3	MUSIC/SOUNDS/MOD/MOD_L/LIBERATI.MOD
e0fc9cd11fe4993a736441cf1bf9e56c	1	122997	player	uade	Protracker	0	179620	f3d23da2	c2ff6efa	MUSIC/SOUNDS/MOD/MOD_K/KRAFTWER.MOD
e14e73692c6516973ae166fedf253ae8	1	69224	player	uade	Protracker	0	8402	04ec4e6c	c85a50d6	MUSIC/SOUNDS/MOD/MOD_M/MORPHINT.MOD
e16380525efcac20fd36e3eefcde0d38	1	107645	player	uade	Noisetracker 1.x	0	63456	362c863e	c536dba2	MUSIC/SOUNDS/MOD/MOD_J/JAZZE.MOD
e21c3e69f61fe38de05f25d87a98ac51	1	130345	player	ft2play	Fasttracker (M.K.)	4	119169	16dce4aa	b677464f	MUSIC/SOUNDS/MOD/MOD_M/MARYME.MOD
e2eee06984283c2a7993118f824c230b	1	121074	player+silence	uade	Protracker compatible	0	106740	32860b30	e93f1038	MUSIC/SOUNDS/MOD/MOD_M/MUZAK1.MOD
e403b6ee4541c96681a53876472945b8	1	370233	player+silence	uade	Soundtracker II (31 instr.)	0	129732	7cfa0f72	42a99de5	MUSIC/SOUNDS/MOD/MOD_M/MEMORY.MOD
e4407944252bec291b474854cd320980	1	355924	player+silence	uade	Protracker compatible	0	252282	be6533ee	94ddbf66	MUSIC/SOUNDS/MOD/MOD_L/LIGHT2.MOD
e51f3f585c59da8c6d1a8423031701c4	1	326228	player+silence	uade	Protracker	0	288644	719a5355	0bc0ea09	MUSIC/SOUNDS/MOD/MOD_M/MIXIFIED.MOD
e54ae84900cc1c44bca503d9463e656a	1	193407	player	uade	Soundtracker II (31 instr.)	0	140694	2a057705	b48dd5e7	MUSIC/SOUNDS/MOD/MOD_M/MOONCHIL.MOD
e54df9c4a7709ab90d409de9b57ca00d	1	120862	player+silence	uade	Protracker	0	215338	35d1e2b6	b3846c3a	MUSIC/SOUNDS/MOD/MOD_M/MEGASHOT.MOD
e5bd5be07e9e8ff0ada8871a125f603c	1	25720	player	uade	Protracker	0	21984	172d8bc6	d5644ec0	MUSIC/SOUNDS/MOD/MOD_L/LOADER1B.MOD
e64c7ef8bd935d288ae204f969ac165b	1	106961	player	uade	Protracker	0	145100	72ec87c8	90d738d7	MUSIC/SOUNDS/MOD/MOD_M/MEETINGW.MOD
e6e8da33fc1427af6298b00fa5bbcf4a	1	138369	player	uade	Noisetracker 1.x	0	82872	0575ce7d	1b8abc71	MUSIC/SOUNDS/MOD/MOD_K/KUNKDEMO.MOD
e6fc04b576c9c6f4b6e2167651defd4e	1	280134	player	uade	Protracker	0	157392	7fc961b5	05afbc4a	MUSIC/SOUNDS/MOD/MOD_M/MIRAGETH.MOD
e760884f017a023e4adfb5d87e5a88d1	1	92703	player+silence	uade	Noisetracker 1.x	0	202800	0f699d84	f9c8496a	MUSIC/SOUNDS/MOD/MOD_J/JAMESBRO.MOD
e7ade0cf177bdd3f1d0842d01c65de28	1	306790	player+volume	uade	Protracker compatible	0	124840	e6a73b8c	2d593304	MUSIC/SOUNDS/MOD/MOD_M/MIG.MOD
e83bebc349bb5f9f925489d2f5aad1de	1	212082	player+silence	uade	Protracker compatible	0	80850	ac92cfa5	6ab5bc29	MUSIC/SOUNDS/MOD/MOD_M/MYSTERYP.MOD
e88f71ac8ec95dd40a7eb78fc5bacd81	1	169093	player	uade	Noisetracker 1.x	0	107040	aa880ae9	965015a9	MUSIC/SOUNDS/MOD/MOD_K/KAPPESCO.MOD
e893d1536f920ac33a3276c0a3210c66	1	204941	player	uade	Noisetracker 1.x	0	62630	6c9b1412	25fa4383	MUSIC/SOUNDS/MOD/MOD_M/MIKE1.MOD
e898c025937bf6c83a0be310610fc0be	1	368770	player	uade	Protracker	0	155808	6ffdfd0d	3ce9d270	MUSIC/SOUNDS/MOD/MOD_L/LETTHERE.MOD
e8f1d2c36704f7026992823d59e122ba	1	159197	player+silence	uade	Noisetracker 1.x	0	88510	200fc28f	f4c6af0f	MUSIC/SOUNDS/MOD/MOD_M/MASTERBA.MOD
e934c984ad9990906319d3fa26b4bde1	1	120867	player	uade	Protracker	0	119688	6b2e9aaa	34073d89	MUSIC/SOUNDS/MOD/MOD_L/LAVIEEST.MOD
e9cc6b9edd24ee91505d57e41c1173de	1	46216	player	uade	Soundtracker II (15 instr.)	0	55072	646f965f	45d0b01c	MUSIC/SOUNDS/MOD/MOD_K/KCTHREE.MOD
e9e14ebfbddd7eec3cbf6c35e108320f	1	244684	player+silence	uade	Protracker	0	129954	5d96c17a	9a9ed69c	MUSIC/SOUNDS/MOD/MOD_L/LUCIDDR.MOD
e9ebd5146050a11f1c757e68b489be44	1	224593	player	uade	Protracker	0	155770	d037c0c3	ed8b9af3	MUSIC/SOUNDS/MOD/MOD_M/MAGICMOM.MOD
ea7c3a42143bedf3a1c0cc48a8d4596d	1	247693	player+volume	uade	Protracker compatible	0	88446	0c7af0d3	7a796bbb	MUSIC/SOUNDS/MOD/MOD_M/MEGAFUNK.MOD
eade9c7aa8b9958c5a69cd9034ea50fc	1	268921	player	uade	Noisetracker 1.x	0	107100	36aa68a2	9750e9ff	MUSIC/SOUNDS/MOD/MOD_J/JET.MOD
eb65ce85593dc709efd172ecf9883c77	1	303738	player+silence	uade	Noisetracker 1.x	0	70730	712f92a4	caa7522f	MUSIC/SOUNDS/MOD/MOD_L/LOS.MOD
eba7b98c292a4a62b3dc32ed1470dd18	1	394310	player+silence	uade	Protracker compatible	0	161320	b0dcf2b7	8e568ec5	MUSIC/SOUNDS/MOD/MOD_L/LUNAWAVE.MOD
ebb8241bde53e04ae5edd23fb891470e	1	272518	player	uade	Noisetracker 1.x	0	113320	231c1ecf	7ee3796c	MUSIC/SOUNDS/MOD/MOD_K/KINGDOM.MOD
ecc87a3516c588ecd1e09ca219316397	1	163547	player	uade	Protracker	0	240242	689da4e5	6b5d47b9	MUSIC/SOUNDS/MOD/MOD_L/LASTTEST.MOD
eda151f6c0e44ed0a6a645960569142e	1	94242	player	uade	Protracker	0	188866	4597d2b5	06a277a1	MUSIC/SOUNDS/MOD/MOD_L/LAUDAMUS.MOD
edcd30372ab8a1e877c1485f89e607d0	1	159689	player	uade	Protracker	0	147306	15f5f004	5be308d4	MUSIC/SOUNDS/MOD/MOD_M/MEGAFUN.MOD
edeedc99a19fdef401f239bd834ddcde	1	119179	player	uade	Protracker	0	86218	87d5a4af	7c5e5637	MUSIC/SOUNDS/MOD/MOD_J/JOE3.MOD
eeaae7962f7e115834984a9ce920ffd3	1	146045	player	uade	Protracker compatible	0	70378	46267979	2bac4cf9	MUSIC/SOUNDS/MOD/MOD_M/METAL.MOD
ef5f613c039ddc1beaf644839f7f9ee1	1	148597	player	uade	Protracker compatible	0	60228	8aff8786	4cd0dd3a	MUSIC/SOUNDS/MOD/MOD_M/MOVIETHE.MOD
ef8b7c79307c977255c8f04a7fdb80e0	1	156112	player	uade	Protracker	0	139608	6a1b9fc7	1a9ad868	MUSIC/SOUNDS/MOD/MOD_M/MINDRIOT.MOD
ef8b7c79307c977255c8f04a7fdb80e0	2	118194	player
ef8b7c79307c977255c8f04a7fdb80e0	3	159186	player
efa2239e9ba25ad6c4eb7b62265ae686	1	163969	player	uade	Protracker	0	39918	e5731928	d76d351c	MUSIC/SOUNDS/MOD/MOD_K/KHAOS.MOD
f02bccaf6eaae7c478c5432a7135f18b	1	53872	player	uade	Noisetracker 1.x	0	36504	310caf1f	1eaf1c74	MUSIC/SOUNDS/MOD/MOD_M/MICHAEL.MOD
f118036fd1fec80424a02ae9e6c31508	1	153721	player	uade	Noisetracker 1.x	0	54398	3468998c	eef50f7a	MUSIC/SOUNDS/MOD/MOD_M/MAGICROC.MOD
f11d2726dd361e305fb5d965b5c13bee	1	327971	player+volume	uade	Protracker compatible	0	137772	3457cbef	5aed64b4	MUSIC/SOUNDS/MOD/MOD_M/MAGICBUS.MOD
f128475bebe34f88d4ab289392808767	1	270996	player+silence	uade	Protracker (vblank)	0	222616	b4d609e3	f46cd9b2	MUSIC/SOUNDS/MOD/MOD_M/MALFUNCT.MOD
f1e149536f0ac7943e7a34ae479d80e5	1	103163	player	uade	Soundtracker II (31 instr.)	0	84998	1e5d7a3a	833f24ec	MUSIC/SOUNDS/MOD/MOD_J/JOE2.MOD
f1f5691275fc9b52c74e7196f127257b	1	176769	player	uade	Protracker	0	83850	3d239680	0549d1da	MUSIC/SOUNDS/MOD/MOD_K/KISSTHEB.MOD
f1fb92bd0af602d0ac371b777c83e0a5	1	102520	player	uade	Protracker	0	40434	fb92fa21	47a7354a	MUSIC/SOUNDS/MOD/MOD_L/LIKEASWE.MOD
f3255fa98ec9783f1d122456dfeac15e	1	175925	player	uade	Protracker	0	109050	628780bd	f94fd8a3	MUSIC/SOUNDS/MOD/MOD_L/LOPP.MOD
f38729bd4e769cf7310ebb4207848280	1	128044	player+silence	uade	Protracker	0	256652	ccae7049	4087b87c	MUSIC/SOUNDS/MOD/MOD_J/JIMIHEND.MOD
f3bb5763ff7f84fcc7c5600969df75b6	1	76920	player	uade	Protracker	0	23816	d5de1944	875e2ad7	MUSIC/SOUNDS/MOD/MOD_K/KAROFIRS.MOD
f6336c67159a8512d7adc56f51a69a9f	1	114718	player	uade	Protracker	0	97864	e8e0b029	f4b123e9	MUSIC/SOUNDS/MOD/MOD_K/KINGOFT.MOD
f6cdf5da9df4ea9c5db14fac0f2c9c18	1	256965	player	uade	Protracker	0	276592	139353cb	869fd30e	MUSIC/SOUNDS/MOD/MOD_M/MANICMIN.MOD
f6e5fcaadb3680a001215fb657bab6f3	1	169093	player	uade	Noisetracker 1.x	0	48692	6407ec7d	3d2ba288	MUSIC/SOUNDS/MOD/MOD_M/MODUL.MOD
f81c04d6780ce9f2f7ce9424b9190510	1	171544	player	uade	Protracker	0	174798	1c40c47d	745277a8	MUSIC/SOUNDS/MOD/MOD_J/JOES03.MOD
f83cddb3d912d0444ca36670b5fb04ec	1	117872	player	uade	Protracker	0	68266	e7009d47	cc2b0172	MUSIC/SOUNDS/MOD/MOD_L/LIOTH'ST.MOD
f99d49e0885b1170d932f59a7cd3387d	1	163969	player	uade	Protracker compatible	0	48710	6e330fbf	004b57cc	MUSIC/SOUNDS/MOD/MOD_L/LAIDBA.MOD
f9a84ddc1372273c92885d16dea58365	1	53872	player	uade	Noisetracker 1.x	0	50882	d6679aa5	806c69bb	MUSIC/SOUNDS/MOD/MOD_J/JEST.MOD
fa66c174f3556ee8ca1d44269c59d32e	1	97135	player	uade	Protracker	0	184562	cd91585d	7f502c00	MUSIC/SOUNDS/MOD/MOD_L/LOVEUSA1.MOD
fad2cb512ce4f07ce0c079fb31bf140e	1	196099	player	uade	Protracker compatible	0	174589	b132591e	e7200dc8	MUSIC/SOUNDS/MOD/MOD_L/LIVEXPER.MOD
faeeb20eb5fa13bdd33a2a4eb0334ce2	1	199585	player+silence	uade	Protracker	0	214198	ae194146	d4241d06	MUSIC/SOUNDS/MOD/MOD_M/MANTIP90.MOD
fb328ea3b347d699f5924eed2825e8c7	1	155650	player	uade	Protracker	0	134706	914c3697	18c0569f	MUSIC/SOUNDS/MOD/MOD_J/JUICYFRU.MOD
fb6619faef532d636fb406fe61a1841b	1	153721	player	uade	Protracker compatible	0	115050	54f95642	548dc93d	MUSIC/SOUNDS/MOD/MOD_K/KILROY1.MOD
fc522418e44c6f631fa11d9da5160093	1	92272	player	uade	Noisetracker 1.x	0	81400	eb44dc63	571a8858	MUSIC/SOUNDS/MOD/MOD_J/JUDGE12.MOD
fc98796069b5b8e9bbe0ecb06e7cc1be	1	245893	player	uade	Protracker	0	65378	bf26049e	251f280e	MUSIC/SOUNDS/MOD/MOD_L/LIQUIDIT.MOD
fcc7ae9237261b2a7400677522b9b4a1	1	76920	player	uade	Protracker	0	55456	ca684ca6	ca67edb5	MUSIC/SOUNDS/MOD/MOD_J/JOE6.MOD
fcce41a36143ebaf59275691fcbe5890	1	107645	player	uade	Protracker	0	12902	209a181b	1d89d0b3	MUSIC/SOUNDS/MOD/MOD_M/MEGAIOMA.MOD
fe03b0e822e89ec0c4a294a1b7b68e2a	1	210815	player+silence	uade	Protracker compatible	0	67558	2bb419d5	e42e60da	MUSIC/SOUNDS/MOD/MOD_M/MARVELLO.MOD
fe0de790da58441b93979f2c44a6a0ea	1	61568	player	uade	Protracker compatible	0	15960	9ce33998	0a31688e	MUSIC/SOUNDS/MOD/MOD_M/MONDAY.MOD
fe78ffe5b290b26ba13457442586f0eb	1	199092	player+volume	uade	Protracker	0	310520	611695ef	a2a2ae86	MUSIC/SOUNDS/MOD/MOD_M/MARCHING.MOD
fef9292c0e4c729bf52da8a2df5185de	1	179321	player	uade	Noisetracker 1.x	0	130934	f7f3081c	0dd47676	MUSIC/SOUNDS/MOD/MOD_K/KASMALI.MOD
