01c132ca4148b5f619a41aa866ee634a	0	0	nosound	libxmp	MED 1.12 MED2	4	8770	08783a05	98105a6b	FISHPACK/201_300/FISH_255.LHA/MED/Samples/Porilaisten Marssi
01c132ca4148b5f619a41aa866ee634a	0	0	nosound	libxmp	MED 1.12 MED2	4	8770	08783a05	98105a6b	KICKPACK/201_300/KICK_226.LHA/MED/SAMPLES/PORILAISTEN MARSSI
02c8b1497684cbd725b2c642880e1894	1	130974	player	uade	OctaMED MMD0	0	74410	71fded05	f1cfe25d	FISHPACK/601_700/FISH_635.LHA/BOOTPIC/DemoSong.mod
03969427147abe250118f8f7617ef971	1	299962	player+silence	uade	MED4 (4ch)	0	57121	03d1e57b	f1b6a7bc	FISHPACK/401_500/FISH_424.LHA/Med/DEMOS/Song24
03969427147abe250118f8f7617ef971	1	299962	player+silence	uade	MED4 (4ch)	0	57121	03d1e57b	f1b6a7bc	FISHPACK/401_500/FISH_476.LHA/MED/med3_0.lzh/DEMOS/Song24
03aa443cc7c5e023cef4e1f9ca07c053	0	412850	player+silence	uade	Sonic Arranger	0	33346	c040580c	17810d57	FISHPACK/501_600/FISH_569.LHA/SonicArranger/Songs/MG__Space Blipper
0741e61a6451323c902fc4b7dc1bcafc	1	416574	player	uade	Protracker	0	160002	ba05b8e9	85c2e743	AMIGAMAG/06_93_D5.LHA/st/07.mod.mystical noises
0995771445595b9c3ebc37fe65898d8a	1	241255	player+silence	uade	OctaMED MMD0	0	123118	f3266425	107bdd07	FISHPACK/801_867/FISH_811.LHA/MAGICNOISES/TERMINATOR II
0afa8d21912424a971fab2f200898e78	1	237634	player	uade	OctaMED MMD0	0	52642	060cb5ca	071aa234	FISHPACK/601_700/FISH_639.LHA/TECHNOBAN/Technoban.lha/Technoban.sound3
0b45bc171912268b837698516271d0e3	1	173708	player+silence	uade	MED4 (4ch)	0	18850	b3506513	f0357099	FISHPACK/401_500/FISH_476.LHA/MED/med3_0.lzh/DEMOS/SynthSong1
0d75f9e0f430c6968521f16e975e3c61	0	89720	player	uade	Amos Music Bank	0	11816	338ea332	e2eb0565	KICKPACK/301_400/KICK_384.LHA/AMOS3.LZH/automn.abk
0da2d3cadbd9a49b6cb41a7b1b50eb10	1	239986	player+silence	uade	MED4 (4ch)	0	117412	e344cf54	f3189819	FISHPACK/601_700/FISH_667.LHA/COOLTUNES/COOLTUNES VOL.2/SlowPlay
0e7aa8d418da8fd9d347f6ead937d5a3	1	381	player	uade	OctaMED MMD0	0	6732	34540ebb	d4b09be0	FISHPACK/701_800/FISH_702.LHA/DOUBLESQUARES/SND/TASTEN
0e7aa8d418da8fd9d347f6ead937d5a3	1	381	player	uade	OctaMED MMD0	0	6732	34540ebb	d4b09be0	KICKPACK/501_550/KICK_531.LHA/DOUBLESQUARES/SND/TASTEN
0ec16fae076f6ac8c467c578fcc7de52	1	368066	player	uade	MED4 (4ch)	0	64231	9abd8bf3	44f7686d	FISHPACK/401_500/FISH_401.LHA/HappySong/Happy
10fd52c48d29d0b9ce03457a14498e19	1	291219	player+silence	uade	Protracker	0	217590	3511d182	d5d1ee69	AMIGAMAG/02_93_D3.LHA/MOD.ICE MATRIX
110075e69b831f50e2ba3bd5ad08c6a1	1	315017	player	uade	Soundtracker II (15 instr.)	0	89580	4d7ecd18	cd710d24	FISHPACK/601_700/FISH_690.LHA/RESCUE/Rescue.Song1
110075e69b831f50e2ba3bd5ad08c6a1	1	315017	player	uade	Soundtracker II (15 instr.)	0	89580	4d7ecd18	cd710d24	KICKPACK/501_550/KICK_542.LHA/RESCUE/RESCUE.SONG1
1191c69a526955e73bab4c1cdc3b0fff	0	60182	player	uade	Sonic Arranger	0	5188	aed46024	ff359034	FISHPACK/501_600/FISH_569.LHA/SonicArranger/Songs/BTD_Nucleogenesis
14826fd64e0743962c9f863062f2dfe7	1	184445	player	uade	Protracker compatible	0	75492	ed90c697	48566113	FISHPACK/301_400/FISH_372.LHA/Magnetic_Pages/Editor/Sounds/mod.evolution
14826fd64e0743962c9f863062f2dfe7	1	184445	player	uade	Protracker compatible	0	75492	ed90c697	48566113	KICKPACK/301_400/KICK_336.LHA/MAGNETIC_PAGES/EDITOR/SOUNDS/MOD.EVOLUTION
14a5f0962e63b06bc39b5d17f2b8f0f4	0	0	nosound	libxmp	MED 2.00 MED3	4	1279	75ae1c4f	9000f75a	FISHPACK/301_400/FISH_349.LHA/MED/Demos/Inventio8
14a5f0962e63b06bc39b5d17f2b8f0f4	0	0	nosound	libxmp	MED 2.00 MED3	4	1279	75ae1c4f	9000f75a	FISHPACK/401_500/FISH_476.LHA/MED/med3_0.lzh/Instruments/AAInventio8
14d420c87ead1e00697de4e7461e9a19	1	237293	player	uade	Protracker	0	201902	0075b2b8	028487b0	AMIGAMAG/02_93_D4.LHA/MOD.FANTASY NOW !
15fd49d0e3057d5d14b24531e4aa1465	1	64120	player	uade	Protracker compatible	0	30362	42d421e5	f4889a1a	FISHPACK/401_500/FISH_421.LHA/Zon/zonfile.10
15fd49d0e3057d5d14b24531e4aa1465	1	64120	player	uade	Protracker compatible	0	30362	42d421e5	f4889a1a	KICKPACK/301_400/KICK_371.LHA/ZON/ZONFILE.10
16663964f620fddf57788acf7a54f0bd	1	161799	player	uade	OctaMED MMD1	0	109676	65be38f0	2ef6cf95	AMIGAMAG/02_93_D1.LHA/octamed-demo/demomusic/FUN-JINGLE-SMUS-CONVERSION
16663964f620fddf57788acf7a54f0bd	1	161799	player	uade	OctaMED MMD1	0	109676	65be38f0	2ef6cf95	FISHPACK/701_800/FISH_755.LHA/OCTAMED/DEMOMUSIC/FUN-JINGLE-SMUS-CONVERSION
17bc2c7dd29ada280920350663b97bab	0	149080	volume	uade	Soundtracker II - V or compatible	0	95044	189624b5	86a9fdc2	KICKPACK/301_400/KICK_344.LHA/MODULES/MOD.TOCCATA
1c0ee7fdc0020c8ffb9e8ea0590d2993	1	157766	player+silence	uade	Protracker	0	120352	11033ba7	7b19644e	AMIGAMAG/02_93_D4.LHA/MOD.FLIPPED IMAGINATION
1daee89ef869eb3fb1a923d8c40a7338	1	723	player	uade	OctaMED MMD0	0	6938	3622abf2	f9bf56a7	FISHPACK/701_800/FISH_702.LHA/DOUBLESQUARES/SND/END
1daee89ef869eb3fb1a923d8c40a7338	1	723	player	uade	OctaMED MMD0	0	6938	3622abf2	f9bf56a7	KICKPACK/501_550/KICK_531.LHA/DOUBLESQUARES/SND/END
1f323f0e3fb3459aab13f24452b9b10e	1	122997	player	uade	Soundtracker II (15 instr.)	0	72064	0c6679a1	84e671a8	FISHPACK/301_400/FISH_358.LHA/PipeLine/data/Pipesong.MUS
1f323f0e3fb3459aab13f24452b9b10e	1	122997	player	uade	Soundtracker II (15 instr.)	0	72064	0c6679a1	84e671a8	FISHPACK/601_700/FISH_656.LHA/PIPELINE/DATA/Pipesong.MUS
1f323f0e3fb3459aab13f24452b9b10e	1	122997	player	uade	Soundtracker II (15 instr.)	0	72064	0c6679a1	84e671a8	KICKPACK/501_550/KICK_521.LHA/PIPELINE/DATA/PIPESONG.MUS
1f8fed23362c55b6204e2888621edbcb	1	35245	player	uade	MED4 (4ch)	0	75396	6ca263cf	d17439d2	FISHPACK/401_500/FISH_478.LHA/MED-Songs/Song3
23764ee90d0476135158a5c518f7e67f	1	242055	player	uade	Protracker compatible	0	130382	7ab534f4	45ea99ca	FISHPACK/601_700/FISH_647.LHA/POWERPLAYER/MODULES/MOD.Cream of the Earth
237cb4355b1c228e31bdeff093918261	1	3600000	timeout	uade	MED4 (4ch)	0	63815	44a48b0c	228e6183	FISHPACK/501_600/FISH_521.LHA/SynthSong/Synth
2418a4673e87088cabe06a80efcc4cac	1	146045	player	uade	OctaMED MMD0	0	85164	aadfe49c	c932f91a	FISHPACK/601_700/FISH_639.LHA/TECHNOBAN/Technoban.lha/Technoban.sound1
28f36db8e5ff4a888aea81e5bfa3fdd1	1	185711	player	uade	OctaMED MMD1	0	204270	6a38c566	6fa5c32f	FISHPACK/601_700/FISH_688.LHA/OCTAMEDPLAYER/DEMOS/JOB!
2932f3f74d8f0cf56fac8a4b379b45bc	1	205435	player+silence	uade	MED4 (8ch)	0	65718	2f4878ca	fc64055a	FISHPACK/501_600/FISH_533.LHA/OctaMEDDemo/8ChannelDemo
2932f3f74d8f0cf56fac8a4b379b45bc	1	205435	player+silence	uade	MED4 (8ch)	0	65718	2f4878ca	fc64055a	FISHPACK/501_600/FISH_579.LHA/OctaMED/OctaMED.lzh/Demos/8ChannelDemo
2c9a5f9903322e75fbbfb1346b741b8e	0	0	nosound	libxmp	MED 2.00 MED3	4	1483	8c4a4ab8	30ee1530	FISHPACK/301_400/FISH_349.LHA/MED/Demos/DirtyOldTown
2c9a5f9903322e75fbbfb1346b741b8e	0	124142	player	libxmp	MED 2.00 MED3	4	1483	8c4a4ab8	30ee1530	FISHPACK/401_500/FISH_476.LHA/MED/med3_0.lzh/Instruments/AADirtyOldTown
2c9a5f9903322e75fbbfb1346b741b8e	0	124142	player	libxmp	MED 2.00 MED3	4	1483	8c4a4ab8	30ee1530	FISHPACK/401_500/FISH_476.LHA/MED/med3_0.lzh/Instruments/DirtyOldTown
2dabd1c626d6f2762a3365d63145bdbe	0	61568	player	uade	Amos Music Bank	0	33298	d58a5163	95c2aabf	FISHPACK/601_700/FISH_610.LHA/GRAFFITI/MUSIC/Really_Funky.Abk
3432df8ccf7f970d49031051e1741026	0	303718	player+silence	uade	JamCracker	0	50954	f938a212	116ac9ff	FISHPACK/501_600/FISH_509.LHA/Multi_Player/Modules/Modules-JamCracker/DrAwesome1.pp
369fc54ac84381f56c36bbf8c5550cd7	1	32673	player	uade	OctaMED MMD0	0	44546	df3d1496	baf36887	FISHPACK/701_800/FISH_702.LHA/DOUBLESQUARES/SND/HI
369fc54ac84381f56c36bbf8c5550cd7	1	32673	player	uade	OctaMED MMD0	0	44546	df3d1496	baf36887	KICKPACK/501_550/KICK_531.LHA/DOUBLESQUARES/SND/HI
3afd0f67961b578af695f10039b228b8	0	154926	player+silence	uade	Amos Music Bank	0	36832	eec28aa4	001724db	KICKPACK/301_400/KICK_384.LHA/AMOS3.LZH/lambada.abk
3b1b506eeb6066c04a8805285998a857	0	92011	player	uade	JamCracker	0	29066	55d5772d	18c94b1f	FISHPACK/501_600/FISH_509.LHA/Multi_Player/Modules/Modules-JamCracker/DemoSong3
3f580601ec5516bd2518e14971cf18ed	1	0	nosound	uade	OctaMED MMD0	0	948	34627a1a	2c79a33d	FISHPACK/701_800/FISH_702.LHA/DOUBLESQUARES/SND/LED
3f580601ec5516bd2518e14971cf18ed	1	0	nosound	uade	OctaMED MMD0	0	948	34627a1a	2c79a33d	KICKPACK/501_550/KICK_531.LHA/DOUBLESQUARES/SND/LED
41e9909c48f4fe234d4506341c7281df	0	0	error	uade	TFMX	0	4608	b5a04a55	6773e824	FISHPACK/501_600/FISH_509.LHA/Multi_Player/Modules/Modules-TFMX/mdat.Alcatraz1-2
41e9909c48f4fe234d4506341c7281df	0	0	error	uade	TFMX	0	4608	b5a04a55	6773e824	FISHPACK/501_600/FISH_600.LHA/Multi_Player/modules/mdat.Alcatraz1-2
41e9909c48f4fe234d4506341c7281df	0	0	error	uade	TFMX	0	4608	b5a04a55	6773e824	KICKPACK/401_500/KICK_490.LHA/MULTI_PLAYER/MODULES/MDAT.ALCATRAZ1-2
41e9909c48f4fe234d4506341c7281df	1	0	error
42054170b3b71cfef89db48aee49b5aa	1	294665	player+silence	uade	Soundtracker II (15 instr.)	0	99106	e0961799	376524a6	KICKPACK/301_400/KICK_344.LHA/MODULES/MOD.CREATION2
428e1d31dfa9ba8eb6098895713bfea4	0	41072	player	uade	Amos Music Bank	0	21520	e9868e41	cb30fb14	KICKPACK/301_400/KICK_384.LHA/AMOS3.LZH/introgasm.abk
42ad2f5b1a1225cfd2eed0926af01908	0	279109	player	uade	Amos Music Bank	0	141682	b19e2592	a1f8346d	KICKPACK/301_400/KICK_384.LHA/AMOS4.LZH/bridge.abk
436612756cd2df74720982376f94787a	1	39023	player	uade	MED4 (4ch)	0	52821	3235748b	5fcbb7e4	FISHPACK/401_500/FISH_478.LHA/MED-Songs/Journey
4842928ad9e1251169f79597ead5bfce	0	245672	player	uade	SoundMon 2.0	0	19130	d3133cff	358b7d06	FISHPACK/501_600/FISH_509.LHA/Multi_Player/Modules/Modules-Soundmon/BP.Commando
48b2ccd0f77cd49dca93a83f9014f219	0	43222	player	uade	Sonic Arranger	0	6776	1e375713	dbe61058	FISHPACK/501_600/FISH_569.LHA/SonicArranger/Songs/CS__Dream Dance
49199af8c39eb1042237fc40ca4bce12	1	84616	player	uade	Noisetracker 1.x	0	22248	e2b2019b	0f67c1e6	KICKPACK/301_400/KICK_344.LHA/MODULES/MOD.PRELUDE
49ae9b644053a8181112946eaaa0f7b6	0	61568	player	uade	Amos Music Bank	0	26284	2c3ddc45	e961ead7	KICKPACK/301_400/KICK_384.LHA/AMOS3.LZH/trilogybooter.abk
4b66f0cd9047e1465f055791833d57d2	1	325567	player	uade	Protracker compatible	0	102266	9dae8b9b	fb8b364f	FISHPACK/601_700/FISH_687.LHA/POWERPLAYER/MODULES/MOD.SpaceSong.PMC
4d834e0fbf46ecc924950452955ae3ff	0	0	nosound	libxmp	MED 2.00 MED3	4	3876	e145f537	0c31f910	FISHPACK/301_400/FISH_349.LHA/MED/Demos/Song
4ec6de35d7ef574bebae2a43bf92bcc6	1	146045	player	uade	Soundtracker II (15 instr.)	0	84864	2ba324aa	db7f447a	FISHPACK/601_700/FISH_690.LHA/RESCUE/Rescue.Song3
4ec6de35d7ef574bebae2a43bf92bcc6	1	146045	player	uade	Soundtracker II (15 instr.)	0	84864	2ba324aa	db7f447a	KICKPACK/501_550/KICK_542.LHA/RESCUE/RESCUE.SONG3
4f011620076b8be442077525cc9943da	0	225437	player	uade	Sonix Music Driver	0	6236	9dac3d5f	a869aa93	FISHPACK/201_300/FISH_269.LHA/RadBoogie/scores/radical_eyes.smus
4f011620076b8be442077525cc9943da	0	225437	player	uade	Sonix Music Driver	0	6236	9dac3d5f	a869aa93	KICKPACK/201_300/KICK_234.LHA/RADBOOGIE/SCORES/RADICAL_EYES.SMUS
50e61ea69618b6de88493a51639241cb	1	243421	player	uade	OctaMED MMD0	0	103832	51e1efb7	1e8f0f90	FISHPACK/601_700/FISH_639.LHA/TECHNOBAN/Technoban.lha/Technoban.sound_
52f66d2b1d3bcf416495f5b3b6984d89	1	245893	player	uade	Protracker compatible	0	53886	dd896a11	99ee04dd	FISHPACK/401_500/FISH_421.LHA/Zon/zonfile.09
52f66d2b1d3bcf416495f5b3b6984d89	1	245893	player	uade	Protracker compatible	0	53886	dd896a11	99ee04dd	KICKPACK/301_400/KICK_371.LHA/ZON/ZONFILE.09
5612d5612006272ebdee724b73f2b670	1	7796	player	uade	Protracker compatible	0	38276	6141c1c6	005a9478	FISHPACK/401_500/FISH_421.LHA/Zon/zonfile.03
5612d5612006272ebdee724b73f2b670	1	7796	player	uade	Protracker compatible	0	38276	6141c1c6	005a9478	KICKPACK/301_400/KICK_371.LHA/ZON/ZONFILE.03
5713c967eb7742ecb53760d7219cd879	0	0	nosound	uade	Major Tom's Player 2.01	0	735	81ac1c2d	1696071b	KICKPACK/201_300/KICK_239.LHA/KURVE/TXT/COMPKURVE
5745ba736c2f78035721829ef0243f45	1	95206	player	uade	Protracker compatible	0	50820	70e62c88	53546d21	KICKPACK/201_300/KICK_242.LHA/DRACHENDEMO/DEMOSONG
5871e1e2e1c529cda326de01fcef5107	0	164572	player	uade	MusicMaker4	0	2636	0460789d	95bb8885	FISHPACK/601_700/FISH_689.LHA/PHONE/Phones.sdata
5871e1e2e1c529cda326de01fcef5107	0	164572	player	uade	MusicMaker4	0	2636	0460789d	95bb8885	KICKPACK/501_550/KICK_542.LHA/PHONE/PHONES.SDATA
5bb5c4eb0d580f5523b41eb461604159	0	81502	player	uade	JamCracker	0	33856	032aa7ac	1690615e	FISHPACK/501_600/FISH_509.LHA/Multi_Player/Modules/Modules-JamCracker/DemoSong4.pp
5d421bc9ae713258aa64d1de7c691a45	1	321	player	uade	OctaMED MMD0	0	4990	0b386554	193a6c0c	FISHPACK/701_800/FISH_702.LHA/DOUBLESQUARES/SND/SET
5d421bc9ae713258aa64d1de7c691a45	1	321	player	uade	OctaMED MMD0	0	4990	0b386554	193a6c0c	KICKPACK/501_550/KICK_531.LHA/DOUBLESQUARES/SND/SET
5d6db1d52c766078b6c45deb369edc5c	0	68380	player	uade	FaceTheMusic	0	101120	307384bb	25cf05bf	KICKPACK/401_500/KICK_436.LHA/FTM-SONGS/FACETHERHYTHM
614188a1be49918d4eb53ba75710472f	1	92272	player	uade	Protracker compatible	0	26824	4bf2a43f	7db9634c	FISHPACK/201_300/FISH_258.LHA/STReplay/Basic/libdemo.stmod
6299c93397ff841463f5c522bd63f800	1	257588	player	uade	OctaMED MMD0	0	350276	edd4cb43	91321f9c	FISHPACK/801_867/FISH_819.LHA/OCTAMEDPLAYER/E-T-S-BY-ROBNOB
65d27a965d9f591625c48a143c09c855	0	241935	player	uade	Sonic Arranger	0	22272	1393c978	f5853c4b	FISHPACK/501_600/FISH_569.LHA/SonicArranger/Songs/BTD_Big In Japan
6be5704547326864b557547ba89a0845	0	107544	player	uade	Sonic Arranger	0	15118	a6b5d639	bb3ae7e6	FISHPACK/501_600/FISH_569.LHA/SonicArranger/Songs/BTD_Jewels On Ice
6bfb124e173874557ed48b8c59ef0261	1	373891	player+silence	uade	Protracker	0	262472	3ada9239	e4146e7d	AMIGAMAG/02_93_D4.LHA/MOD.ROMANTIC REVOLUTION
6c4076e16d49d95d27c45e4e84fc3c3a	0	0	nosound	libopenmpt	SoundTracker 2.0 / 2.1 / 2.2	4	52550	f178f3f0	04c7e90e	FISHPACK/601_700/FISH_643.LHA/DSDEMO/dsdemo.lha/data1/stars/ic_stars1.bin
6dca0eb436cc38e26512a8182cc8c07e	0	188062	player	uade	SoundMon 2.0	0	7840	ec77d528	cee95928	FISHPACK/501_600/FISH_509.LHA/Multi_Player/Modules/Modules-Soundmon/BP.Green Beret.pp
703cd1a45409c81ffd3358b225c25f8b	0	215068	player	uade	Sonic Arranger	0	16472	2acfe1b6	f48cde91	FISHPACK/501_600/FISH_569.LHA/SonicArranger/Songs/BTD_Remember
73e9ca51c5b63d816f5f80126445a4a2	0	53892	player	uade	Amos Music Bank	0	46570	67bd6224	e82a84b7	KICKPACK/301_400/KICK_384.LHA/AMOS3.LZH/com.abk
74ec99e24d098432b6044a3c829df20a	0	60845	player	uade	FaceTheMusic	0	35104	79704879	4f16a695	KICKPACK/401_500/KICK_436.LHA/FTM-SONGS/JUSTONEMINUTE
75d8d3e6ef7292a2aa3290b8086d2bb2	1	146386	player	uade	OctaMED MMD0	0	53542	64946023	01ad30b0	FISHPACK/601_700/FISH_639.LHA/TECHNOBAN/Technoban.lha/Technoban.sound4
75f3fdb30e20375c8ce5311e472fe5d9	0	158585	player+silence	uade	SIDMon 1.0	0	26230	9638e0ce	036f1a11	FISHPACK/601_700/FISH_647.LHA/POWERPLAYER/MODULES/SID.RSI-Romeo_Knight
772887b4316c08b0634d7002d454b38a	1	66029	player	uade	Protracker compatible	0	68960	efc44e20	8036ca1b	KICKPACK/301_400/KICK_344.LHA/MODULES/MOD.OPERATING
783d4f537e382a2c3da616da112a147b	1	115180	player	uade	OctaMED MMD0	0	155108	e0f18e66	f3d757bf	AMIGAMAG/02_93_D1.LHA/octamed-demo/demomusic/AMIGANUTS-4CHANNEL
783d4f537e382a2c3da616da112a147b	1	115180	player	uade	OctaMED MMD0	0	155108	e0f18e66	f3d757bf	FISHPACK/601_700/FISH_688.LHA/OCTAMEDPLAYER/DEMOS/Amiganuts
783d4f537e382a2c3da616da112a147b	1	115180	player	uade	OctaMED MMD0	0	155108	e0f18e66	f3d757bf	FISHPACK/701_800/FISH_755.LHA/OCTAMED/DEMOMUSIC/AMIGANUTS-4CHANNEL
783d4f537e382a2c3da616da112a147b	1	115180	player	uade	OctaMED MMD0	0	155108	e0f18e66	f3d757bf	FISHPACK/801_867/FISH_819.LHA/OCTAMEDPLAYER/AMIGANUTS
79d0bf659514baa980e91adba4dbfde9	0	242013	loop	uade	FredMonitor	0	19784	ca121b33	891a39ab	FISHPACK/501_600/FISH_509.LHA/Multi_Player/Modules/Modules-Fred/muzax
79d0bf659514baa980e91adba4dbfde9	1	82310	loop
79d0bf659514baa980e91adba4dbfde9	2	64298	loop
79d0bf659514baa980e91adba4dbfde9	3	33004	loop
79d0bf659514baa980e91adba4dbfde9	4	7461	silence
79d0bf659514baa980e91adba4dbfde9	5	9064	silence
79d0bf659514baa980e91adba4dbfde9	6	4397	silence
7a1f350f5ad6d815a9b190d9cbfce5fe	1	250274	player+silence	uade	OctaMED MMD0	0	62354	4b835c5d	1135c148	FISHPACK/801_867/FISH_811.LHA/MAGICNOISES/TAKE IT SLOW
7b3671cddc709a87e49f918116260ef2	1	192141	player	uade	Soundtracker II (15 instr.)	0	78440	b84757a0	76c15479	FISHPACK/601_700/FISH_655.LHA/ASHIDO/SOURCE/Ashido_Music.SFX
7b3671cddc709a87e49f918116260ef2	1	192141	player	uade	Soundtracker II (15 instr.)	0	78440	b84757a0	76c15479	KICKPACK/501_550/KICK_521.LHA/ASHIDO/SOURCE.LHA/Source/Ashido_Music.SFX
7d7f9cdf67682b0d0d2fdf961e5447a6	0	62754	player	uade	Sonic Arranger	0	7956	2c64cf7f	381a427d	FISHPACK/501_600/FISH_569.LHA/SonicArranger/Songs/BTD_Behind the Wall
7e55878903175ab7c0a0d126c4386bbf	1	105916	player	uade	OctaMED MMD0	0	40154	710b6f02	7a64675a	FISHPACK/501_600/FISH_577.LHA/PetersQuest/PetersQuest.lzh/Peter's_Quest/Sounds/game_play.song
7f6ee6c217aae28a8eae87e8b3ff43ca	0	234279	player	uade	Amos Music Bank	0	68326	758666bd	a75ada8c	FISHPACK/601_700/FISH_610.LHA/GRAFFITI/MUSIC/Maintune.Abk
82b0be936ec646bd2f8681d19176936e	1	310016	player+silence	uade	Soundtracker II (31 instr.)	0	78742	53c7718c	52cf2bb8	KICKPACK/301_400/KICK_344.LHA/MODULES/MOD.MAGNETIC FIELDS IV
836003c2cd95a9b761fcde17dd47ef5d	1	97557	player	uade	Noisetracker 1.x	0	8466	84266aef	f089e4fe	FISHPACK/801_867/FISH_835.LHA/SuperDark/Sources/SDark_12_sources.lha/blankers/mod.wizardy
836003c2cd95a9b761fcde17dd47ef5d	1	97557	player	uade	Noisetracker 1.x	0	8466	84266aef	f089e4fe	FISHPACK/801_867/FISH_858.LHA/SuperDark/Sources/SD_SC_15.lha/blankers/mod.wizardy
843d029fe85a16de5d1cce5c38e3e434	0	279608	player+silence	uade	JamCracker	0	77112	68ebcdc7	c5c72085	FISHPACK/501_600/FISH_509.LHA/Multi_Player/Modules/Modules-JamCracker/DrAwesome2.pp
84a27f008c1e378e8a921bd021987ae4	1	112969	player	uade	MED4 (8ch)	0	96984	87b8bced	2276af10	FISHPACK/601_700/FISH_688.LHA/OCTAMEDPLAYER/DEMOS/Suess.song
84a27f008c1e378e8a921bd021987ae4	1	112969	player	uade	MED4 (8ch)	0	96984	87b8bced	2276af10	FISHPACK/701_800/FISH_755.LHA/OCTAMED/DEMOMUSIC/SUESS.SONG-8CHANNEL
84a890faacd52a8f1aae98d34e7c2754	0	122796	player	uade	JamCracker	0	33736	5333ede5	6dc95a50	FISHPACK/501_600/FISH_509.LHA/Multi_Player/Modules/Modules-JamCracker/DemoSong1
84a890faacd52a8f1aae98d34e7c2754	0	122796	player	uade	JamCracker	0	33736	5333ede5	6dc95a50	FISHPACK/501_600/FISH_600.LHA/Multi_Player/modules/DemoSong1
84a890faacd52a8f1aae98d34e7c2754	0	122796	player	uade	JamCracker	0	33736	5333ede5	6dc95a50	KICKPACK/401_500/KICK_490.LHA/MULTI_PLAYER/MODULES/DEMOSONG1
8865e6aed292e023ab5861b192107e9f	1	156293	player	uade	Protracker compatible	0	112366	315053a2	791e17b9	FISHPACK/201_300/FISH_258.LHA/STReplay/DEMOS/K
894513cc329d2cda9ea87aec7cb79820	0	101656	player	uade	SoundMon 2.0	0	38536	75189b1c	0faf45b6	KICKPACK/401_500/KICK_493.LHA/POINT_TO_POINT/MUSIC
8c3059a2fc7ac8d4c991e0d563e0f468	0	0	nosound	libxmp	MED 1.12 MED2	4	26246	c8a01bed	70123920	FISHPACK/201_300/FISH_255.LHA/MED/Samples/Song2
8c3059a2fc7ac8d4c991e0d563e0f468	0	0	nosound	libxmp	MED 1.12 MED2	4	26246	c8a01bed	70123920	KICKPACK/201_300/KICK_226.LHA/MED/SAMPLES/SONG2
94915205efee63aa0e3c558f96d53291	1	107906	player	uade	MED4 (4ch)	0	111362	bdb3082f	b9bd441f	AMIGAMAG/02_93_D1.LHA/octamed-demo/demomusic/DRAGNET-4CHANNEL
94915205efee63aa0e3c558f96d53291	1	107906	player	uade	MED4 (4ch)	0	111362	bdb3082f	b9bd441f	FISHPACK/701_800/FISH_755.LHA/OCTAMED/DEMOMUSIC/DRAGNET-4CHANNEL
97dccad1676161fbc1162c553a224053	1	31688	player	uade	MED4 (4ch)	0	21477	d380d921	12972a8d	FISHPACK/401_500/FISH_478.LHA/MED-Songs/Oriental
982fe921187eed4c3d516da5ee206bc2	1	155549	player	uade	MED4 (4ch)	0	47781	6878ac9e	2a67a88d	FISHPACK/401_500/FISH_478.LHA/MED-Songs/PianoCall
99b52f4ca0f7080112819a1789ddf493	1	63517	player	uade	MED4 (4ch)	0	32598	3ad8bfcb	d3205355	FISHPACK/401_500/FISH_478.LHA/MED-Songs/Song1
99b80259036ba5e48492ac8db755b523	1	280385	player+silence	uade	Protracker	0	69998	72f9e320	6002410a	FISHPACK/601_700/FISH_687.LHA/POWERPLAYER/MODULES/MOD.HitSquadII.PMC
9ab6be870d4e1c6fb8810ffb99df7d55	0	0	nosound	libxmp	MED 2.00 MED3	4	2287	735b571f	39d5470e	FISHPACK/301_400/FISH_349.LHA/MED/Demos/Sunset Blues
9ab6be870d4e1c6fb8810ffb99df7d55	0	0	nosound	libxmp	MED 2.00 MED3	4	2287	735b571f	39d5470e	FISHPACK/401_500/FISH_476.LHA/MED/med3_0.lzh/Instruments/AASunset Blues
9aec4a052c99cc4d2a8f7c2cd2129112	0	145944	player	uade	SIDMon 1.0	0	21644	cd670747	ee60542b	FISHPACK/601_700/FISH_647.LHA/POWERPLAYER/MODULES/SID.EnigmaGun
9c36f0025ca691f98a64d8da7aa9e202	1	7796	player	uade	Noisetracker 1.x	0	21748	eff9c614	34f56a50	FISHPACK/401_500/FISH_421.LHA/Zon/zonfile.04
9c36f0025ca691f98a64d8da7aa9e202	1	7796	player	uade	Noisetracker 1.x	0	21748	eff9c614	34f56a50	KICKPACK/301_400/KICK_371.LHA/ZON/ZONFILE.04
9e0172649c677a52ca662c70ae9c7673	1	49391	player	uade	MED4 (4ch)	0	29171	d3e47745	022ed9d8	FISHPACK/401_500/FISH_478.LHA/MED-Songs/ChaCha
a04b053dd77bcabbc5bea3c666668636	1	176769	player	uade	Soundtracker II (31 instr.)	0	154140	a90e93ee	55be53ed	KICKPACK/301_400/KICK_344.LHA/MODULES/MOD.JARRE
a5032f4c00b113be7bd719cf6e7f67a3	1	304336	player+volume	uade	OctaMED MMD0	0	87634	51e9cfe5	2e4fdbef	FISHPACK/601_700/FISH_639.LHA/TECHNOBAN/Technoban.lha/Technoban.sound0
a53c0af68e4cb348e7dc12097edf1b49	0	128161	player	uade	Amos Music Bank	0	66280	c1a67e9e	f60e2440	KICKPACK/301_400/KICK_384.LHA/AMOS3.LZH/tsl.abk
a711ef24c8e9b208b0fda52709abc3aa	1	80839	player	uade	OctaMED MMD0	0	41502	69f1de23	cb29eb37	FISHPACK/501_600/FISH_577.LHA/PetersQuest/PetersQuest.lzh/Peter's_Quest/Sounds/menu.song
a9175e9a12de59ee5b34637a2e45271b	0	0	nosound	libxmp	MED 1.12 MED2	4	16994	6fc7ba95	63db857f	FISHPACK/201_300/FISH_255.LHA/MED/Samples/Song1
a9175e9a12de59ee5b34637a2e45271b	0	0	nosound	libxmp	MED 1.12 MED2	4	16994	6fc7ba95	63db857f	KICKPACK/201_300/KICK_226.LHA/MED/SAMPLES/SONG1
aa88229c372b48a69b7590e5d5a3fa47	1	381	player	uade	OctaMED MMD0	0	4290	509a7e58	7c42a654	FISHPACK/701_800/FISH_702.LHA/DOUBLESQUARES/SND/TIME
aa88229c372b48a69b7590e5d5a3fa47	1	381	player	uade	OctaMED MMD0	0	4290	509a7e58	7c42a654	KICKPACK/501_550/KICK_531.LHA/DOUBLESQUARES/SND/TIME
ac017f878d11fbc3e814aba7819507c7	1	207918	player+silence	uade	OctaMED MMD0	0	120142	2a790f94	3074259d	FISHPACK/801_867/FISH_811.LHA/MAGICNOISES/HAPPY HOUR
ac36b71449f9bcd8ed7107c7674984b8	0	230420	player	uade	Sonic Arranger	0	28046	6b22f365	e9b9fdc7	FISHPACK/501_600/FISH_569.LHA/SonicArranger/Songs/BTD_Recover The Sonics
ac62b28ea849729027d7112d633ab3d9	1	221720	player	uade	OctaMED MMD1	0	38794	b3a590f3	778c61e6	AMIGAMAG/02_93_D1.LHA/octamed-demo/demomusic/FUGUE-AMFC-SMUS-CONVERSION
ac62b28ea849729027d7112d633ab3d9	1	221720	player	uade	OctaMED MMD1	0	38794	b3a590f3	778c61e6	FISHPACK/701_800/FISH_755.LHA/OCTAMED/DEMOMUSIC/FUGUE-AMFC-SMUS-CONVERSION
b13041eb6b7e42e37cc1374f0ca65fd6	1	77001	player	uade	MED4 (4ch)	0	66810	5e447edb	06fb9372	FISHPACK/401_500/FISH_478.LHA/MED-Songs/Song4
b19c9dc75ad6c1bc37d43fa087d7e62f	1	121148	player	uade	MED4 (4ch)	0	2012	16a2c43d	5cd923ca	FISHPACK/401_500/FISH_424.LHA/Med/DEMOS/Tanko2
b19c9dc75ad6c1bc37d43fa087d7e62f	1	121148	player	uade	MED4 (4ch)	0	2012	16a2c43d	5cd923ca	FISHPACK/401_500/FISH_476.LHA/MED/med3_0.lzh/DEMOS/Tanko2
b44791e9158837cac42d0677579eec0d	1	161397	player	uade	Soundtracker II (15 instr.)	0	43926	efd4dfc9	7229c14b	KICKPACK/301_400/KICK_344.LHA/MODULES/MOD.ECHOING
b5b7f7bcef0187d27299a3e1c9caf5fc	1	184483	player+silence	uade	MED4 (4ch)	0	231856	c4e484de	94d23e91	FISHPACK/601_700/FISH_667.LHA/COOLTUNES/COOLTUNES VOL.1/Sedative
b60ba3d3553330b1af0ef9faeeb40648	0	25499	player	uade	FaceTheMusic	0	75802	3aa87081	d7f6ddc6	KICKPACK/401_500/KICK_436.LHA/FTM-SONGS/TEARSONMYAMIGAREMIX
b7373ca768804b345817b58ce256b96f	0	99968	player	uade	Amos Music Bank	0	26048	de097798	0f054a25	KICKPACK/301_400/KICK_384.LHA/AMOS3.LZH/cy.abk
b89c38edb46c7b879576db2ef64e5c3b	1	95588	player	uade	OctaMED MMD0	0	9332	b1c4e6f4	2ac3bb48	FISHPACK/601_700/FISH_664.LHA/ISHID-O-MATIC/mod.praeludium
b89c38edb46c7b879576db2ef64e5c3b	1	95588	player	uade	OctaMED MMD0	0	9332	b1c4e6f4	2ac3bb48	KICKPACK/501_550/KICK_513.LHA/ISHID-O-MATIC/MOD.PRAELUDIUM
bb5bf575ed603f42d217544efcd916a0	1	107645	player	uade	Soundtracker II (15 instr.)	0	109006	9147a09a	33d9ac79	FISHPACK/601_700/FISH_690.LHA/RESCUE/Rescue.Song2
bb5bf575ed603f42d217544efcd916a0	1	107645	player	uade	Soundtracker II (15 instr.)	0	109006	9147a09a	33d9ac79	KICKPACK/501_550/KICK_542.LHA/RESCUE/RESCUE.SONG2
bbbaafc6d6a01ec4e4b3f08cef048256	1	138690	player	uade	OctaMED MMD0	0	56522	3ddc63f1	8bad371f	FISHPACK/601_700/FISH_639.LHA/TECHNOBAN/Technoban.lha/Technoban.sound2
bbff68ae0ca921d2f75bbed548cd6e2a	1	268921	player	uade	Protracker compatible	0	35762	ed387e2b	73bb967f	FISHPACK/201_300/FISH_258.LHA/STReplay/DEMOS/Neubauten
c3eaf2441956724585c1e0b97d2d056d	1	61568	player	uade	Protracker compatible	0	46804	b818704a	251325cb	KICKPACK/201_300/KICK_281.LHA/JUMPY/JUMPYSONG01
c77963d98ce7a7799d7c82fd4cae2285	1	151370	player+silence	uade	MED4 (8ch)	0	115316	0c722244	d19860be	FISHPACK/801_867/FISH_840.LHA/OctaMED/Demos/Esc2Heaven
cb71bfdf1b4cee41a51e21fdd42d9982	0	203414	player	uade	JamCracker	0	27080	17e408c8	4cf3b2e2	FISHPACK/501_600/FISH_509.LHA/Multi_Player/Modules/Modules-JamCracker/DrAwesome3
cf36740e69a0e181f31fda04fcf1143a	1	188114	player+silence	uade	MED4 (4ch)	0	96042	d8c16fe6	b535d61a	FISHPACK/601_700/FISH_667.LHA/COOLTUNES/COOLTUNES VOL.2/Hypersonix
d03d3b6786a1a2ce99d2862babd5336c	1	92272	player	uade	Protracker compatible	0	46040	15f44880	d5509e65	KICKPACK/301_400/KICK_344.LHA/MODULES/MOD.TOXOPLASM
d1c2512bb3544f5e03fb85bc0514faef	1	147733	player	uade	OctaMED MMD1	0	150094	5ad890e8	fefb962f	AMIGAMAG/02_93_D1.LHA/octamed-demo/demomusic/LOSTOURRELIGION-4CHANNEL
d1c2512bb3544f5e03fb85bc0514faef	1	147733	player	uade	OctaMED MMD1	0	150094	5ad890e8	fefb962f	FISHPACK/701_800/FISH_755.LHA/OCTAMED/DEMOMUSIC/LOSTOURRELIGION-4CHANNEL
d3d3fbcfe7f3bb19b3cb254edc2f6bfe	1	388783	player	uade	Protracker	0	179532	2b847418	1d542ad6	AMIGAMAG/06_93_D5.LHA/st/05.mod.shamotronic
d4520574dc1c0b89013d5c5594e165b3	1	192786	player+silence	uade	OctaMED MMD0	0	81002	fd35020e	2461f19c	FISHPACK/801_867/FISH_811.LHA/MAGICNOISES/MAGIC NOISES
d66cad2bf502f31a4080fa70851e8cf2	1	84938	player	uade	MED4 (4ch)	0	73638	bee6f603	00d64461	FISHPACK/401_500/FISH_478.LHA/MED-Songs/Song2
db25022152914a01ce9bead5311bf12f	1	122997	player	uade	Protracker	0	197126	2f38dfb2	4cd3da6e	AMIGAMAG/06_93_D5.LHA/st/06.mod.junc
dff74fa4c8db491ae5de930ee177457c	0	153620	player	uade	Sonic Arranger	0	26976	2959e52a	53bfd92a	FISHPACK/501_600/FISH_569.LHA/SonicArranger/Songs/BTD_Pullin' up the high gear
dff74fa4c8db491ae5de930ee177457c	1	0	nosound
dff74fa4c8db491ae5de930ee177457c	10	1949	player
dff74fa4c8db491ae5de930ee177457c	11	1949	player
dff74fa4c8db491ae5de930ee177457c	12	1949	player
dff74fa4c8db491ae5de930ee177457c	13	1949	player
dff74fa4c8db491ae5de930ee177457c	2	0	nosound
dff74fa4c8db491ae5de930ee177457c	3	0	nosound
dff74fa4c8db491ae5de930ee177457c	4	1949	player
dff74fa4c8db491ae5de930ee177457c	5	1949	player
dff74fa4c8db491ae5de930ee177457c	6	1949	player
dff74fa4c8db491ae5de930ee177457c	7	1949	player
dff74fa4c8db491ae5de930ee177457c	8	1949	player
dff74fa4c8db491ae5de930ee177457c	9	1949	player
e0a3cbd8cd07f4af0b523d1d76b8e660	0	37134	player	uade	FaceTheMusic	0	36578	ef18ed98	7ed9bc46	KICKPACK/401_500/KICK_436.LHA/FTM-SONGS/CADENZA
e3de0aa086560049c88373543c828aeb	1	261155	player+silence	uade	Protracker	0	248740	00c2827f	64257713	AMIGAMAG/02_93_D3.LHA/MOD.IMPIOUS MILES
e4985ea0d8ff6a12a714524519dd7588	0	84616	player	uade	Amos Music Bank	0	66048	6caab890	24ea9cab	KICKPACK/301_400/KICK_384.LHA/AMOS3.LZH/lostinspace.abk
e5c495d150ef90645753c8e9ba871aa2	0	248877	player+silence	uade	Soundtracker II - V or compatible	0	71038	9be60101	0b35bed7	KICKPACK/301_400/KICK_344.LHA/MODULES/MOD.OXYGENE2
e5dafbcdf23b7f387aa09c79f4cfc8ea	1	249731	player	uade	Protracker compatible	0	103808	4de02cca	50859cfe	FISHPACK/601_700/FISH_687.LHA/POWERPLAYER/MODULES/MOD.Remix.PMC
e6e474903fdc5096e4071682913a827b	0	210767	player+silence	uade	JamCracker	0	50854	cf0da90b	1f65f902	FISHPACK/501_600/FISH_509.LHA/Multi_Player/Modules/Modules-JamCracker/DrAwesome4.pp
e705de7b71964708f6c92bad3b592422	1	236987	player+silence	uade	MED4 (4ch)	0	32475	72abe186	1ea728af	FISHPACK/401_500/FISH_483.LHA/MED/MED.lzh/MED/Demos/SynthSong2
e705de7b71964708f6c92bad3b592422	1	236987	player+silence	uade	MED4 (4ch)	0	32475	72abe186	1ea728af	FISHPACK/501_600/FISH_533.LHA/OctaMEDDemo/SynthSong2
ea952cabf8afe5d82e16f30f782d2ff5	1	161397	player	uade	Protracker compatible	0	284728	aa1cdc17	f31cd863	FISHPACK/401_500/FISH_477.LHA/MegaBall/MegaBall.Music
ea952cabf8afe5d82e16f30f782d2ff5	1	161397	player	uade	Protracker compatible	0	284728	aa1cdc17	f31cd863	KICKPACK/401_500/KICK_411.LHA/MEGABALL/MEGABALL.MUSIC
ec42eca929f94c17eabeb8e0ba6e83a0	0	46216	player	uade	Amos Music Bank	0	29072	c8f9e254	262f4590	FISHPACK/601_700/FISH_610.LHA/GRAFFITI/MUSIC/Funky1.Abk
edc245ce45c7856f8bb12b7c8f684f5a	1	3416	player	uade	OctaMED MMD0	0	7902	c82e17e9	fa533b3a	FISHPACK/701_800/FISH_702.LHA/DOUBLESQUARES/SND/NEW_HI
edc245ce45c7856f8bb12b7c8f684f5a	1	3416	player	uade	OctaMED MMD0	0	7902	c82e17e9	fa533b3a	KICKPACK/501_550/KICK_531.LHA/DOUBLESQUARES/SND/NEW_HI
ef5cdcabac3f7576097899f801189ff4	0	296963	player+silence	uade	Amos Music Bank	0	81246	d23a84eb	cf93da38	KICKPACK/301_400/KICK_384.LHA/AMOS3.LZH/letshearmybaby.abk
ef9b534ce64f5dff992154668b23dd3e	0	66150	player	uade	JamCracker	0	25964	95b20cec	5209e23d	FISHPACK/501_600/FISH_509.LHA/Multi_Player/Modules/Modules-JamCracker/DemoSong2
f21a6cefe7deaa014a8782d535d24765	1	44910	player	uade	Noisetracker 1.x	0	51320	41fcb360	7a7a5877	KICKPACK/301_400/KICK_344.LHA/MODULES/MOD.FAIRLIGHT
f2735700f2b18db8e5f41bca5ac4077d	1	208270	player+silence	uade	Protracker	0	198006	edf89550	6ee64230	AMIGAMAG/02_93_D4.LHA/MOD.DREAMING OF LIES
f2c95158e64b97943df2a4e91c1a675d	0	45955	player	uade	MusicMaker4	0	665	b0a16def	7e45d3fb	FISHPACK/601_700/FISH_689.LHA/PHONE/Guitars.sdata
f2c95158e64b97943df2a4e91c1a675d	0	45955	player	uade	MusicMaker4	0	665	b0a16def	7e45d3fb	KICKPACK/501_550/KICK_542.LHA/PHONE/GUITARS.SDATA
f2e11720fc1f4b4dc42bf5ae16d3f817	1	130693	player	uade	Soundtracker II (15 instr.)	0	62160	cfa8978e	8648b9b1	FISHPACK/601_700/FISH_690.LHA/RESCUE/Rescue.Song4
f2e11720fc1f4b4dc42bf5ae16d3f817	1	130693	player	uade	Soundtracker II (15 instr.)	0	62160	cfa8978e	8648b9b1	KICKPACK/501_550/KICK_542.LHA/RESCUE/RESCUE.SONG4
f2f6d92295eca2093d6ef70f01870370	1	159468	player+silence	uade	MED4 (4ch)	0	55506	ed17d085	1a3baad8	FISHPACK/501_600/FISH_579.LHA/OctaMED/OctaMED.lzh/Demos/4ChannelDemo
f472d4dbda8982748c486dbb28e3f87a	1	342856	player+silence	uade	OctaMED MMD0	0	186932	8265d741	d0cc0ee5	FISHPACK/801_867/FISH_815.LHA/SHUFFLERUN/SHUFFLERUN.LHA/Underground.song
f96028edfab016b31069fd0cf36956af	1	242011	player+silence	uade	OctaMED MMD0	0	67476	7fc0fa87	89b5d191	FISHPACK/801_867/FISH_818.LHA/TANKHUNTER/TANKHUNTER.LHA/TankHunter.song
fa1dc37848b7973d1c4cd2b42f0786fc	1	223850	player	uade	MED4 (4ch)	0	6175	dc3bbf61	2774a45e	FISHPACK/401_500/FISH_476.LHA/MED/med3_0.lzh/DEMOS/kpl26
fa9c9cd386f4f4a90823c2bd666be035	0	258871	player+silence	uade	Mark_II	0	84818	5c5d5a55	5b9086f2	FISHPACK/601_700/FISH_647.LHA/POWERPLAYER/MODULES/MkII.Hard
fb5f2c7e2e45367f591240a98136e666	0	251881	player	uade	Sonic Arranger	0	258436	9cf034a5	943578d9	FISHPACK/501_600/FISH_569.LHA/SonicArranger/Songs/MF__Slowmotion1.3
fbc41ab9497614871a0649dab00b00e8	1	192663	player	uade	MED4 (4ch)	0	94306	9caa880e	45fc28aa	FISHPACK/601_700/FISH_667.LHA/COOLTUNES/COOLTUNES VOL.1/Exarch
fc374836175005594b4bceeeb343a6ac	1	198040	player+silence	uade	Protracker	0	222640	d4ad2cba	83745c1c	AMIGAMAG/02_93_D3.LHA/MOD.HOPEFUL TOWNS
fe81f69f3253275b168a97255eae1e5e	1	166641	player	uade	OctaMED MMD0	0	47812	0cfa4441	d5d9f3f1	FISHPACK/701_800/FISH_718.LHA/BOOTPIC/MOD.LAMBADA
fe81f69f3253275b168a97255eae1e5e	1	166641	player	uade	OctaMED MMD0	0	47812	0cfa4441	d5d9f3f1	KICKPACK/501_550/KICK_540.LHA/BOOTPIC/MOD.LAMBADA
ff8884e0fe7f484d812a9d00ec5bd658	1	153721	player	uade	Soundtracker II (15 instr.)	0	39144	e90c10be	259154d2	FISHPACK/201_300/FISH_259.LHA/Efj/source/mod.neger
