01b8c8e876750b0364b8da6f1bb24103	1	88434	player	uade	Protracker	0	20000	859c66dd	94a05a9e	MODULES/GHOSTHAR.MOD
03ca16b163b3fd825f17d4033eb81a52	1	315962	player	uade	Protracker compatible	0	244942	af3324f0	423d4755	MODULES/BARA.MOD
05e52051120d375cce7f2eac642bf2b8	1	122997	player	uade	Protracker compatible	0	289319	5139db11	6088422e	MODULES/FREEZE.MOD
07309c72ed90b2a930b3c772b8ee8423	1	325567	player	uade	Protracker	0	102266	3e3fd6c1	a0767f45	AMIGA_ONLY/DISKS/CLASSICHORRORMOVIEPIX.DMS/mod.space-song
076b4fbbf7e07f086a0b809d94afcbef	1	53872	player	uade	Startrekker (4ch)	0	149796	0ea7d1d6	c512a9c8	MODULES/TUNE01.MOD
077749b1699e0ad56830e2b43cf6be1f	1	234359	player	uade	Noisetracker 1.x	0	159444	b38eaf85	d9b8eb9e	TOOLS/WINDOWS/ZIPPED/WHACKER.ZIP/TCB.MOD
07a08f81bcce4ec48dc8594fab21f94d	1	197507	player+silence	uade	Soundtracker II (15 instr.)	0	60096	53f367dc	67fdab1d	MODULES/DEADLOCK.MOD
07e19cc3d2aeddac9474579648bbf37a	1	11413	player	uade	Protracker	0	69000	96822660	9b836b04	MODULES/KILLERDI.MOD
07f6c9c3bf8964c35537f2bd55085146	1	169093	player	uade	Protracker compatible	0	161372	0a4c06da	0c7d1955	MODULES/DAWN.MOD
0a2bb73015665e4afba29e96be6eab3d	1	242698	player	uade	Noisetracker 1.x	0	121844	c8f59521	4ca41bc8	MODULES/DEADCOP.MOD
0c634970a70e45bc708aa03c6942a03a	1	122997	player	uade	Protracker	0	114958	4794cac5	c41fbb1c	MODULES/DEADANDB.MOD
1366733239d067be172c743ac92f7608	1	526314	player+silence	uade	Protracker	0	221546	c89c24fa	899171e6	MODULES/KYROMART.MOD
1480ca27c6778cc0e9407d2828f8f6c6	1	180406	player	uade	Protracker	0	288845	20ac6a5b	7978014b	MODULES/BRAINS.MOD
154467da2cfd5cac03d7afa973ff3c93	1	257698	player+silence	uade	Protracker	0	205002	feea4c46	2dcddbdc	MODULES/QUANDAM.MOD
167998b4c955f351b63b05971ec7ab37	1	296048	player	uade	Protracker compatible	0	137356	fbb69842	e1d0263c	MODULES/PHANTASM.MOD
175892014471934543cee530e7edf86a	1	111483	player	uade	Protracker compatible	0	222564	6a586603	183dc81e	MODULES/DANSETRA.MOD
175b7746563e17a86eea7017455d1ed4	1	146246	player	uade	Protracker	0	152184	0b8f8ce4	ad39c986	MODULES/DIEINDUS.MOD
1fd05d0e4f4e753a201f6c10cd570900	1	122997	player	uade	Protracker compatible	0	99652	f98f662d	72e7d715	MODULES/HORROR.MOD
20a6ffff146d8ee5f324caac5f6b1c2f	1	129485	player+silence	uade	Protracker	0	119730	4130fec4	34c09327	TOOLS/WINDOWS/WAVTOOLS/ULTIMOD.ZIP/OH_YEAH.MOD
20a6ffff146d8ee5f324caac5f6b1c2f	1	129485	player+silence	uade	Protracker	0	119730	4130fec4	34c09327	TOOLS/WINDOWS/ZIPPED/ULTIMOD.ZIP/OH_YEAH.MOD
2473ed37e46a0d5f0c55ca300f4dbcd1	1	61568	player	uade	Protracker compatible	0	220265	94a152d8	fe0dd4fc	MODULES/MIRROR.MOD
2c1cdef21cc95eefb6710b38269f0843	0	114229	player+silence	uade	Soundtracker II - V or compatible	0	118554	24c4afb0	68650d2f	MODULES/RABBIT.MOD
2db5638485e02d6213793472f588125b	1	159288	player+volume	uade	OctaMED MMD1	0	169552	caf15d9d	68f592d7	AMIGA_ONLY/GAMES/ZOMBIE2-AGA/Zombie2.mod
2db5638485e02d6213793472f588125b	1	159288	player+volume	uade	OctaMED MMD1	0	169552	caf15d9d	68f592d7	MODULES/ZOMBIE2.MOD
2ea57891a40911ed6b401351aa3c957e	1	239302	player	uade	Protracker	0	86412	00d4da6e	c9e7d0fe	MODULES/FAN.MOD
2eccd13d2c182f9201c7fb816c278654	1	234238	player	uade	Soundtracker II (31 instr.)	0	135768	8901476a	0476925a	MODULES/FIREWORK.MOD
3358f63910dda856b4ccc91af9a57248	1	405040	player	uade	Protracker	0	355422	75a76ea5	ddf69d71	MODULES/BRAINSAL.MOD
33f146ba04c2830bd12cbfce1a45eb59	1	123076	player+silence	uade	Protracker compatible	0	78136	3c158bc4	fb04d1e9	MODULES/EXOTIKA.MOD
345fac0a5e4380db5b5220519d3c4579	1	453246	player	uade	Protracker compatible	0	143136	74e3e6ff	68c554ae	MODULES/MADNESST.MOD
34bf146318f5387d691641eca1ced881	1	154890	player+silence	uade	Protracker	0	772140	190ef5d7	fb2879df	MODULES/PSYCHOTI.MOD
3558361140219aaf665ada0cd94cf430	1	146045	player	uade	Protracker compatible	0	171026	04a06658	798bb286	MODULES/ATTACK.MOD
35f74843c823bcd6bacd54197ba4b769	1	53660	player	ft2play	Fasttracker (M.K.)	4	135985	4f9aa1d7	b6a5fc86	MODULES/BRAIN.MOD
384220ac559d6e57c65688deb4ac28d9	1	514981	player+silence	uade	Protracker	0	124044	5013a8a6	40181f9d	AMIGA_ONLY/STORIES/magnum.music3
384220ac559d6e57c65688deb4ac28d9	1	514981	player+silence	uade	Protracker	0	124044	5013a8a6	40181f9d	AMIGA_ONLY/THINGS/STORIES.LHA/STORIES/magnum.music3
384220ac559d6e57c65688deb4ac28d9	1	514981	player+silence	uade	Protracker	0	124044	5013a8a6	40181f9d	MODULES/GRAVEYAR.MOD
38feaf7aafd4f2f5b2ed43ff2b1e4b07	1	262511	player	uade	Soundtracker II (31 instr.)	0	99090	6afddd0c	3ad7cbaa	MODULES/GLOOMY.MOD
3eee2c64a7b0a8e5532125db7f84df7f	1	315258	player	uade	Protracker compatible	0	128020	431f4d1b	c7a4ad63	AMIGA_ONLY/STORIES/magnum.music
3eee2c64a7b0a8e5532125db7f84df7f	1	315258	player	uade	Protracker compatible	0	128020	431f4d1b	c7a4ad63	AMIGA_ONLY/THINGS/STORIES.LHA/STORIES/magnum.music
3eee2c64a7b0a8e5532125db7f84df7f	1	315258	player	uade	Protracker compatible	0	128020	431f4d1b	c7a4ad63	MODULES/HALAWEEN.MOD
404ea37a508557d551bb2a30e1aa48d9	1	99325	player	uade	Protracker compatible	0	131368	f58d983b	f76a2191	MODULES/BEYOND20.MOD
419a554adfa62536086432c7bd6ca50b	1	146045	player	uade	Protracker	0	171916	61577a44	979536a6	AMIGA_ONLY/DEMOS/FRIDAY13th_THEDEMO/tech
419a554adfa62536086432c7bd6ca50b	1	146045	player	uade	Protracker	0	171916	61577a44	979536a6	AMIGA_ONLY/DISKS/FRIDAY13THDEMO_A.DMS/tech
4b512b45e987d61b8a6dd88a629adb69	1	195677	player	uade	OctaMED MMD1	0	79482	98cdc78d	708bb141	AMIGA_ONLY/DISKS/CHILDMURDERER_A.DMS/Mod.Music2
4b512b45e987d61b8a6dd88a629adb69	1	195677	player	uade	OctaMED MMD1	0	79482	98cdc78d	708bb141	AMIGA_ONLY/DISKS/CHILDMURDERER-AGA_A.DMS/Mod.Music1
4b680cb12d805a9b2749e23fd5bb5a8d	1	207493	player	uade	Noisetracker 1.x	0	138942	88ad9795	15596fa3	MODULES/DEATHSTA.MOD
4bfa52466a026ea51cf2983930b01d36	1	73082	player	uade	Soundtracker II (31 instr.)	0	88982	fa9aba08	11fa8c59	MODULES/CABALINT.MOD
4ec675ab12316eec901b92c4c25bb8b5	0	30844	player	uade	Amos Music Bank	0	12200	68783f80	f58fa5a2	AMIGA_ONLY/GAMES/WEAPON/sfx/Music004
4f42af3d038f535c8657b358567a7b20	1	181129	player	uade	OctaMED MMD1	0	104856	f8653d13	d2267f91	AMIGA_ONLY/LHA/Inner_Demons.lha/Mod.Music
4f42af3d038f535c8657b358567a7b20	1	181129	player	uade	OctaMED MMD1	0	104856	f8653d13	d2267f91	MODULES/MADMAN.MOD
548292cdcec3603967e4ff9c44e6f785	1	220139	player+silence	uade	Protracker compatible	0	138148	1a9ec93a	797ddd81	MODULES/DAWNCHOR.MOD
55a7b2531480b515fd6c474b325caa84	1	222845	player	uade	Protracker compatible	0	205624	bbcaca0f	8274608b	MODULES/GHOUSE.MOD
570845b71610d3773b0ba79fbc1a2aad	1	138369	player	uade	Protracker	0	147788	bd1a4eef	40d86409	MODULES/DARKMITE.MOD
5d7eaea100c4c1c6734444e05b02bcc7	1	161638	player	uade	Protracker	0	139512	e1e575f8	ad99e2c7	MODULES/DEMOSOND.MOD
5f314fc2889a6714a5b43fa90843303e	1	180409	player+silence	uade	Protracker compatible	0	158428	b0b9b9c9	22dba23d	MODULES/GHOST2.MOD
60c9b7e4a9e7a53f0d830ee1aab93fdf	1	161913	player+silence	uade	Protracker compatible	0	116230	b9f4ca97	8ee2b64b	MODULES/GAUNTLET.MOD
62fbb86df4cbd2e10e67e9c248c5af1f	1	142514	player+silence	uade	Noisetracker 1.x	0	198706	25589d62	df39e6b4	MODULES/JASON.MOD
67ee8525e5c2d7877c5e8699c21a2d57	1	169736	player	uade	Protracker	0	156324	e7ff6288	b357b35c	MODULES/BEYONDBE.MOD
68dd096ec04e470bc742b364950af9d3	1	199797	player	uade	Noisetracker 1.x	0	88404	25abc149	4a81d997	MODULES/GHOST.MOD
69802282014175a6e53b4a48fd59786d	1	178678	player	uade	Startrekker (4ch)	0	72616	0cc98e1f	23703c07	MODULES/DEATHRUN.MOD
69a25edfd0f34742119ddd05d42f855f	1	159204	player+silence	uade	Noisetracker 1.x	0	146880	ab2f544c	7d587ea5	TOOLS/WINDOWS/ZIPPED/TRAKBLST.ZIP/ECSTACY.MOD
69cd59e818c949599724a3c9fdbbf512	1	235645	player	uade	Protracker	0	83870	6db75cdf	e8a01b6f	MODULES/FAN2.MOD
6a87dc133f0fca0d2cef3d75ebc7d441	1	193388	player+silence	uade	Startrekker (4ch)	0	238342	883b5ee1	77beaebf	MODULES/CALLING.MOD
6b39b890c2a487032c8cdb278010229b	0	138369	player	uade	Amos Music Bank	0	15448	70a04add	30457f00	AMIGA_ONLY/GAMES/WEAPON/sfx/Music003
6bdf760483f0641036856879e6c428ec	1	194291	player	uade	Soundtracker II (31 instr.)	0	92160	5b5fb0e8	f6647844	AMIGA_ONLY/STORIES/magnum.music4
6bdf760483f0641036856879e6c428ec	1	194291	player	uade	Soundtracker II (31 instr.)	0	92160	5b5fb0e8	f6647844	AMIGA_ONLY/THINGS/STORIES.LHA/STORIES/magnum.music4
6bdf760483f0641036856879e6c428ec	1	194291	player	uade	Soundtracker II (31 instr.)	0	92160	5b5fb0e8	f6647844	MODULES/PSYCOSTA.MOD
6cf0f14909321dbf98038f6b6a3075ba	1	395656	player	uade	Protracker	0	166208	7ea8896a	a1ce5074	MODULES/PSYCHADE.MOD
6ef7a8a586fb5b398aa242b581dbb985	0	122997	player	uade	Amos Music Bank	0	47784	7a50d1c4	1b131fb6	AMIGA_ONLY/DISKS/DR_STRANGE2.DMS/DoctorStrange2/Sound/GameMusic02.abk
6fcfe0c4378ecec68fc34724e9c78090	0	7816	player	uade	Amos Music Bank	0	19572	1aa3d8d3	17cf45a0	AMIGA_ONLY/DISKS/DR_STRANGE2.DMS/DoctorStrange2/Sound/GameMusic03.abk
712bb190aacfb6ef35992593e296222b	1	214325	player	uade	Protracker compatible	0	114112	9f04e019	ccc5a31a	MODULES/FREAKOUT.MOD
7342016d927e788c4191b94ca3337cc1	1	138369	player	uade	Protracker	0	87828	c4c567b7	3b09f76e	MODULES/DEATHBOX.MOD
73d7271852da27056022292ddc971efb	1	271500	player+volume	uade	Protracker	0	294330	3079ffa5	fafee9ce	MODULES/DEATH.MOD
748f3eddbff37a1c1b7c98466f46d577	1	169093	player	uade	Soundtracker II (15 instr.)	0	47060	3563f522	011e8a91	MODULES/GHOSTBUS.MOD
794a8d7d652deb882b907b55c44aeef0	1	215552	player+silence	uade	Protracker	0	112036	b287b80c	4a9ab7f0	MODULES/CRYSRAIN.MOD
7cc0a2bc2688a117114992df66a35bd9	1	176769	player	uade	Noisetracker 1.x	0	86164	6d61e4e3	a1882d1c	MODULES/DARKNESS.MOD
7d69a5fed8da813de169bd5cd45732c7	1	381410	player+silence	uade	Protracker compatible	0	110240	417d31ed	37e1ff69	MODULES/DEVILS.MOD
7f343c0b21f2372574eb927e2df39723	1	144564	player+silence	uade	Protracker	0	961118	b2b44cf0	39fc6d8f	MODULES/QUIETEVE.MOD
7f7ab7ace481940f5b48ca6178317179	1	433133	player+silence	uade	Protracker	0	96060	1355d2b0	ec7c2f7b	MODULES/BADVOICE.MOD
81a5bcae904b5f18e2ff26e517288bf5	1	289517	player+silence	uade	Protracker	0	165742	6e8d23ed	95e137cb	MODULES/DEADEAR.MOD
825ec166641945e22a12b2e6a55520bf	1	215149	player	uade	Soundtracker II (15 instr.)	0	55506	2302ca1b	d2737304	MODULES/FREDDIE.MOD
834013d8ab6d30c801e1ab64ba88efef	1	192141	player	uade	Noisetracker 1.x	0	233680	d952f05d	e51dec9d	MODULES/HABITAVE.MOD
834013d8ab6d30c801e1ab64ba88efef	2	77523	player
83ba0a02e8dd275f598bf60d492418d0	1	147588	player+silence	uade	Protracker compatible	0	115566	f61525e8	e7b407cc	MODULES/BEYONDFO.MOD
84fcb426b92175d269d46978fe58934d	1	128121	player	uade	Protracker	0	99862	725332f2	149e1aca	MODULES/THEDEATH.MOD
8500e47f317bce108b72b3e7b8a20b37	1	219007	player	uade	Protracker compatible	0	162772	db983a38	26af9e29	MODULES/SCOOPEX.MOD
895d758f24621502d4578a67a9dae67b	1	201726	player	uade	Protracker compatible	0	200556	9ae8ee1a	5944f677	MODULES/COLD.MOD
89d2f08d52fe61e3c18a17c76171591b	1	153381	player+volume	uade	Protracker	0	185174	e10b6561	0499707a	MODULES/GHTBLURI.MOD
8affd259e1b9f87514c8eec1dd2418a8	1	256987	player+silence	uade	Noisetracker 1.x	0	157512	d9ef7306	ad19f687	MODULES/FACWATER.MOD
8ce4bcc41a12498dcf0185ce631176e0	1	352391	player+silence	uade	Protracker compatible	0	193152	48c1067c	d95c3118	MODULES/DRAGON.MOD
8e09d49231e63a16c81d0c52cfdeb211	1	166521	player	uade	Soundtracker II (15 instr.)	0	86864	7cc1a7a3	3ad4b30c	MODULES/NIGHT1.MOD
8e630c6c0990219f1f4fa4a7ca2c77bd	1	50034	player	uade	Protracker compatible	0	118054	712fd9a7	e63ae9a7	MODULES/JTR.MOD
8e71221964f1074655a6ff2a139086e8	1	103786	player	uade	Noisetracker 1.x	0	58776	b325482b	d40113cf	MODULES/VAMPIRE.MOD
9066e9bde6b4995b8d8d275deeae332e	1	188283	player	uade	Noisetracker 1.x	0	110872	94ef987f	4772e12c	MODULES/DEMOSMAS.MOD
907589ad0f409cdb6803c1523c3508bd	1	209643	player	uade	Protracker	0	144116	8644877c	c5c10f78	MODULES/MOONLIT.MOD
930c89d487d8ab8dc8c035b78a89c8a5	1	299645	player	uade	Protracker compatible	0	140650	4411e6da	fd5c8f59	MODULES/G6.MOD
935421aacacd8ad1b26dbc4e223ca1c4	1	268564	player+volume	uade	Protracker	0	402166	e6bcbdb7	d2b2b722	MODULES/BEYOND.MOD
9450105c335867db4edafb8c588036a5	1	649499	player+silence	uade	Protracker	0	239384	62c4b1ba	8b38feb5	MODULES/THEDARK3.MOD
94a57f6bbff549344ad446a302607d9a	1	97095	player	uade	Protracker	0	113538	fcd5d698	3d48dfca	MODULES/HORROR2.MOD
94a57f6bbff549344ad446a302607d9a	1	97095	player	uade	Protracker	0	113538	fcd5d698	3d48dfca	MODULES/HORROR2T.MOD
97a883634e322fb5cdfb8b19e57fb60d	0	168708	player	libopenmpt	Ultimate Soundtracker 1.0-1.21	4	86120	fe1ac344	ef702d4f	MODULES/NIGHT.MOD
98e79667f20f395cea6d307f97adf993	1	114356	player	uade	Protracker compatible	0	182819	e1e7f8ec	e744e1bb	MODULES/BRAINSTO.MOD
9a58a61b42c722df24b9ebf5375efeaf	1	230541	player	uade	Soundtracker II (15 instr.)	0	67152	83cb6fc0	3457788c	MODULES/DEARROB.MOD
9a6b95e6746d8ce2a5247ba459cb352e	1	237203	player+silence	uade	Protracker	0	277332	0efb58e6	bfdbc262	MODULES/BLACKCAN.MOD
9b75b6034e690688521e4cb24461b894	1	270055	player+silence	uade	Protracker	0	303908	c1866b1d	1924e512	MODULES/BEYONDYO.MOD
9f136d042b5c88d6a5c9ee66b42f26c2	1	81723	player	uade	Soundtracker II (15 instr.)	0	55450	bc510fae	6f3738df	TOOLS/WINDOWS/WAV_TOOL/WINMODP.ZIP/AIRBORN.MOD
9f136d042b5c88d6a5c9ee66b42f26c2	1	81723	player	uade	Soundtracker II (15 instr.)	0	55450	bc510fae	6f3738df	TOOLS/WINDOWS/WAVTOOLS/WINMODP.ZIP/AIRBORN.MOD
9f136d042b5c88d6a5c9ee66b42f26c2	1	81723	player	uade	Soundtracker II (15 instr.)	0	55450	bc510fae	6f3738df	TOOLS/WINDOWS/ZIPPED/WINMODP.ZIP/AIRBORN.MOD
a0fc9cce3f43a03f496c3ff72b488178	1	435283	player+silence	uade	Protracker	0	262756	d519b0ba	f892b189	MODULES/BABYWARE.MOD
a14079938da1dfc1aab0be01f6560744	1	386111	player	uade	Protracker	0	255552	ab717322	db47d5c4	MODULES/RACISMST.MOD
a1427da886e87caff6c882ba858a0850	1	264213	player+silence	uade	Noisetracker 1.x	0	112676	6b99729e	404574c2	TOOLS/WINDOWS/ZIPPED/TRAKBLST.ZIP/DNS.MOD
a1910bf21153a19830e84e6b74db0c61	1	199797	player	uade	Noisetracker 1.x	0	117760	e84baa27	3a367277	MODULES/DEMONS.MOD
a5a6070baea048d837097baa001dc44b	1	37728	player+volume	uade	Soundtracker II (15 instr.)	0	207492	563b1ba8	2030487f	MODULES/BEAST2EN.MOD
ad59958752d1a4a955e4808d671dd38b	1	218083	player	uade	Protracker	0	127832	c4537903	64141644	MODULES/CRIMLOVE.MOD
afc6fcabfd7fa741df49f6c416589cc0	1	315017	player	uade	Noisetracker 1.x	0	62976	2a6baca0	3f56cdb9	MODULES/DARKNITE.MOD
b508bdc8f9ce9a3f8a7c03964bd890e8	1	314736	player	uade	Protracker compatible	0	129266	f4f87b8e	b5874949	MODULES/NITEFALL.MOD
b5d683af74a550f3599eff246a982192	1	252326	player+silence	uade	Protracker compatible	0	118320	671905b8	42ed4741	MODULES/KILLBFLY.MOD
b6b16a276360158855acc747fe5de30a	1	170379	player	uade	Protracker	0	127840	759f4294	f66cc5f2	MODULES/DARKSIDE.MOD
b72e31c55c6ca6b1c9c9479979243f2d	1	161397	player	uade	Protracker	0	80204	9e62d88e	3dfde324	MODULES/MASSACRE.MOD
b7989afe7d71f47ea1ad0c402aebaf3e	1	220886	player+silence	uade	Protracker compatible	0	191104	1948f5fc	e5961f9d	MODULES/BARBRIAN.MOD
b842c55448ae68f143fa7bd82a7bf8b6	1	394344	player+silence	uade	Protracker	0	330000	a52c7f10	e71ad82f	MODULES/HAUNTED.MOD
bf915c677c0f67534e825aa9a2f68cc5	1	329447	player+volume	uade	Noisetracker 1.x	0	266846	0362feec	bbfccffc	MODULES/FLUTEPAN.MOD
c0f769bf426d64ca110d0ed82d7dc434	1	194693	player	uade	Protracker	0	125016	99030f9e	f969d88b	MODULES/AUTUMNAL.MOD
c13a01a6eef95e044016b3b080b676ea	1	229577	player	uade	Protracker compatible	0	115260	551fcd57	64bfa13c	TOOLS/WINDOWS/ZIPPED/TRAKBLST.ZIP/UNVEILED.MOD
cab46dc1ba5ca4d614bb8aadad67a481	1	200681	player	uade	OctaMED MMD0	0	41554	d0bdde39	7c7f2643	AMIGASYSTEM/C/TUNE1
cabb92248416af1147f1ea2f7fb507ef	1	34962	player+silence	uade	Protracker	0	44774	2f8726a7	668c3618	MODULES/FAN4.MOD
ce0ac90ef56405d59ba515324f523b36	1	53660	player	ft2play	Fasttracker (M.K.)	4	154745	6d62ba64	e082235a	MODULES/FABRIK.MOD
ce89e447cb5564e7eb2fe1d587fc3c39	1	17582	player	uade	Protracker	0	48268	04288fb9	ab2d06d7	MODULES/FAN5.MOD
cec073eefa88b4441ddc063fdc21c31a	1	253569	player	uade	Protracker compatible	0	210304	c8b28adb	de737e81	MODULES/198.MOD
cee1a1f25991488cdcca1c323f93a067	1	242055	player	uade	Noisetracker 1.x	0	410878	d8376cac	97f475fa	MODULES/DIEAGAIN.MOD
d048f1341f9ef8bc2f633a7e3e2a7a62	1	247079	player	uade	Protracker	0	199688	0d5fceb7	15a3919b	MODULES/SICKHUMA.MOD
d584d892a3ed6e511249b8af3f7a09a5	1	24715	player	uade	Protracker compatible	0	101446	be3a7e16	de324b88	MODULES/BLACKMUS.MOD
d6e8e811a51601cc8a156d2fe388acb0	1	213308	player+volume	uade	Protracker	0	211278	d6e4f20f	05edb652	MODULES/MOONROCK.MOD
d976bc34e07ee8bae533797b01830715	1	45991	player	ft2play	Fasttracker (M.K.)	4	172383	ce51b99d	be9b78e0	MODULES/DIE.MOD
dab9075b0a614170c1e86735dc8e46c8	1	209402	player	uade	Protracker	0	181622	77c5d148	c7297399	MODULES/AUTUMNA.MOD
dc263ed01ec21fc326b7a554a75ed545	1	634588	player+silence	uade	Protracker	0	191930	7541d402	14b82be1	MODULES/DIFXPRES.MOD
dd6436f15332a46105ab1c7a77a4a386	0	315835	player	libopenmpt	MultiTracker 1.0	14	333170	2beace78	bd21a555	TOOLS/WINDOWS/MOD4WIN/HERE-KLF.MTM
deb69062d21012b8135060c340facd64	1	197829	player+silence	ft2play	Fasttracker (M.K.)	4	112343	9744e14d	207b3129	MODULES/NORMAL.MOD
e2f9602751b6528c8fe34c1162dbb605	1	51320	player	uade	Protracker compatible	0	20900	46bdbd24	11177121	MODULES/ANIMATE.MOD
e33a19dfa5580d883bf99764286ad116	0	107645	player	uade	Amos Music Bank	0	37434	fbbe8d58	1026808f	AMIGA_ONLY/DISKS/DR_STRANGE2.DMS/DoctorStrange2/Sound/GameMusic05.abk
e4407944252bec291b474854cd320980	1	355924	player+silence	uade	Protracker compatible	0	252282	be6533ee	94ddbf66	MODULES/LITNING.MOD
e53ca888eaee9c033aa44e9204202506	1	212828	player+silence	uade	Protracker	0	342218	5c3fee47	725ea9e5	MODULES/PHANTASI.MOD
e678cf29326571bffef1a9ee5b738476	0	201364	player	uade	Amos Music Bank	0	72020	8114b925	1675eb37	AMIGA_ONLY/GAMES/WEAPON/sfx/Music005
e6d94ff415a999d94660ec1836054a92	1	102299	player	uade	Protracker	0	176031	5cf7579f	54654bca	MODULES/BRAINST.MOD
e6f45e01e62e257b9093600ae56bf502	1	176769	player	uade	Startrekker (4ch)	0	82842	b0f8be99	0690e1dc	MODULES/STARTEST.MOD
eb1706a9c1f944196b3c9644172fd21e	1	247407	player+volume	uade	OctaMED MMD1	0	445172	2f891f6e	76b9711f	MODULES/DAWNTODU.MOD
ebf81e1aad5e80764eedacc903a3dc55	1	632023	player+silence	uade	Soundtracker II (15 instr.)	0	113192	1ce6690e	e0092a1a	TOOLS/WINDOWS/WAVTOOLS/WINMODP.ZIP/AXELF15.MOD
ebf81e1aad5e80764eedacc903a3dc55	1	632023	player+silence	uade	Soundtracker II (15 instr.)	0	113192	1ce6690e	e0092a1a	TOOLS/WINDOWS/ZIPPED/WINMODP.ZIP/AXELF15.MOD
ec9b9de4489de79049be243c471a831b	1	38520	player	uade	Noisetracker 1.x	0	245481	36bfd94f	02b81ae5	MODULES/SILENT.MOD
ed3ed188d85ee8db4c82eb97a17fcd62	1	148436	player	uade	Protracker	0	60776	117fc714	ea932c7a	AMIGA_ONLY/GAMES/WEAPON/sfx/MusicDemo
ef7473e92ac44e20962c35ff76b5bc10	1	170379	player	uade	Protracker	0	127840	1f94e8fd	a0a56df1	MODULES/DARKMOON.MOD
ef858e0e18a7e6b58766088d538c27fd	1	245371	player	uade	Protracker compatible	0	106500	f7a9808d	c969b616	MODULES/BEYONDAG.MOD
f536dbc069fef06540ac5bea60d87273	1	187318	player	uade	Protracker compatible	0	62058	391afc04	2aa4692b	MODULES/AFTERTHE.MOD
f5d153f34d893dcbe944843959350bfa	1	115321	player	uade	Protracker compatible	0	66734	ec403775	859062d4	MODULES/GHOSTBUB.MOD
f638d2c8a1d78653c2efc6abd9133d4f	1	215149	player	uade	Protracker compatible	0	56930	f6e1e87d	09e1967b	MODULES/AXIS.MOD
f668b5d6f3cc1b7868217b2668fca950	0	5082	player+silence	uade	Amos Music Bank	0	19460	59762415	5d0f19b9	AMIGA_ONLY/DISKS/DR_STRANGE2.DMS/DoctorStrange2/Sound/GameMusic04.abk
fba3c00d576d37d08c2558e4215b54ca	1	309451	player	st3play	Scream Tracker 3.01 (GUS)	16	266805	e3c08e35	48113d3c	TOOLS/WINDOWS/MOD4WIN/JUPITER.S3M
fc7ae4656c27d63f464c8210bfd46666	1	191192	player+silence	st3play	Scream Tracker 3.03 (GUS)	11	211080	edb752e1	0fdd8282	TOOLS/WINDOWS/MOD4WIN/CRYS-KLF.S3M
fca869285674894e9b8e46d947439072	1	46216	player	uade	Protracker	0	119966	61d1ea20	e0b2e813	MODULES/HORROR3.MOD
fca869285674894e9b8e46d947439072	1	46216	player	uade	Protracker	0	119966	61d1ea20	e0b2e813	MODULES/HORROREA.MOD
fdf8164642029e9c91c91bcf166454d2	1	140643	player+volume	uade	Noisetracker 1.x	0	65102	31b7ca31	d5cf9d27	MODULES/DEMONSRE.MOD
