000d4fb63e7d4a42fefd9856611433bf	1	119866	player+silence	st3play	Scream Tracker 3.2x (SB)	16	100156	57595d13	a4505cf4	FICHEROS/VMOD/AEROFLIP.S3M
0136fc808ca08dd676eed8be2c678b25	1	258964	player+silence	st3play	Scream Tracker 3.2x (SB)	16	494357	9749d475	1640bea5	FICHEROS/VMOD/AS-RELAX.S3M
018afed6160e7d39c083633208de6ccf	1	86529	player+volume	uade	Protracker	0	90468	8f1ac154	6fc69c57	FICHEROS/VMOD/MAYDAYCI.MOD
01ae56083c61812bc896da175cac8103	1	251941	player	st3play	Scream Tracker 3.01 (GUS)	8	157566	47ba0b2e	d0d86169	FICHEROS/VMOD/BJ-COLD.S3M
01c982a8f20ac6835c0e04680e4e7923	1	131780	player+silence	st3play	Scream Tracker 3.2x (SB)	16	295538	159a658b	4ed5ad09	FICHEROS/VMOD/WK-INDEF.S3M
01fc3bafa79ce83a7d9ce88799307b47	1	222371	player+silence	st3play	Scream Tracker 3.2x (SB)	13	397204	5fc2b048	bbb6c470	FICHEROS/VMOD/FREEASAB.S3M
02db88b7ffda94fcbab8db7dfe6c434d	1	709308	player+silence	uade	Protracker	0	224862	ed533ed9	65da0e94	FICHEROS/VMOD/NOW.MOD
02ea81175f282219f1fe14104caeb6e3	1	235849	player+silence	st3play	Scream Tracker 3.2x (SB)	16	440452	76e7e10a	b04bc6c1	FICHEROS/VMOD/PR-SPIR.S3M
0369ec405baad8265619e4ecca271aed	1	220221	player+silence	st3play	Scream Tracker 3.2x (GUS)	16	406753	d3e95bcb	8496e973	FICHEROS/VMOD/ETERNIT2.S3M
03e3a976800b609bdf18139c6d68f11f	1	355841	player+silence	st3play	Scream Tracker 3.2x (GUS)	16	474392	a09b2dea	ce748c13	FICHEROS/VMOD/K_MIRAGE.S3M
04fe79142efd1b15d1ad5af77ba39587	1	146045	player	uade	Noisetracker 1.x	0	167996	0eeea7ed	2b100760	FICHEROS/VMOD/STATICB.MOD
05ffd55ddb70b4fc7908861063449bb1	1	286333	player+silence	ft2play	FastTracker v2.00	20	551815	eac4ae54	84e06d8c	FICHEROS/VMOD/SPR-020.XM
07006e62ad07acf9de0a98af3a0cbd58	1	86134	player+silence	st3play	Scream Tracker 3.2x (SB)	16	319114	eda11a05	3f5c091a	FICHEROS/VMOD/SOUNDIT.S3M
07331a3f6bb75987a14f3bd1612c4bd2	1	201868	player	ft2play	FastTracker v2.00	10	414541	0e7f17eb	85cf5a92	FICHEROS/VMOD/AND-DOME.XM
0778482017385c31ea1be60abf607a46	1	12840	player	st3play	Scream Tracker 3.2x (SB)	16	566854	43be514e	fec48e91	FICHEROS/VMOD/PM-HSOUL.S3M
081e31f350d3967e0056860f759671fe	1	195723	player+silence	st3play	Scream Tracker 3.01 (SB)	16	68482	5572b27d	48e8cbe8	FICHEROS/VMOD/DRVL.S3M
08375a6adce33b03c8ad7c846c2709cf	1	225595	player+volume	ft2play	Fasttracker (M.K.)	4	111279	a9ebfabd	ceffe85a	FICHEROS/VMOD/OVERTO.MOD
08d311447a28f6a1af4ff3cfd8f33133	1	232412	player+silence	uade	Protracker	0	759550	76feb3ca	c4fdae74	FICHEROS/VMOD/SHORTDM.MOD
08d82df2a0726efdd031a6e39dc6e66f	1	146045	player	uade	Protracker	0	66894	f9e48ba6	1548b457	FICHEROS/VMOD/ARABIA!!.MOD
09a7e370053784a735e340c763ae2330	1	216535	player	st3play	Scream Tracker 3.2x (GUS)	12	212898	d77ff903	81e3e579	FICHEROS/VMOD/PN-WINTR.S3M
0c0633794866af12395fb418e6f1894a	0	203595	player	uade	Soundtracker II - V or compatible	0	131792	18553d27	b897bad8	FICHEROS/VMOD/ANALOG_F.MOD
0c132c33f85af719786bb7cfbd622c1b	1	104293	player+silence	st3play	Scream Tracker 3.2x (SB)	4	6320	3459c46f	5f2b1184	FICHEROS/VMOD/CRIME.S3M
0d882e3144d9925a78c143343113b345	1	180668	player+silence	ft2play	FastTracker v2.00	16	1023278	26cd9af6	71d3a1e9	FICHEROS/VMOD/E-SHKBM.XM
0d8fcb228bd891f1bddce52961ad328b	1	232912	player	st3play	Scream Tracker 3.2x (SB)	6	115940	636de2a8	a2aa0d33	FICHEROS/VMOD/BROKENW.S3M
0ddeea1b5aef5a500f33efa6f5a7dc0f	1	399032	player	st3play	Scream Tracker 3.2x (GUS)	16	437914	9074b475	0f1d004e	FICHEROS/VMOD/ENERGIA.S3M
0e074b301432272e0afdfc8f5ef5dd94	1	230541	player	uade	Soundtracker II (31 instr.)	0	69924	0431730c	129512ec	FICHEROS/VMOD/NS_BEAT.MOD
0e2ff350bf1c6e9474e2dcb954dd4ff7	1	116084	player	st3play	Scream Tracker 3.2x (SB)	6	421566	08479688	896e59c4	FICHEROS/VMOD/UNHEARD.S3M
0ed7967ceea729235cc432c111862db3	1	121109	player+silence	st3play	Scream Tracker 3.2x (SB)	16	126816	3841b587	02922a31	FICHEROS/VMOD/METACOUN.S3M
0f98f4df188bfff14e3c77192d526b9f	1	197737	player+volume	st3play	Scream Tracker 3.2x (GUS)	16	185698	18465fe3	c9152018	FICHEROS/VMOD/DEVILXKN.S3M
13562188ac75bb81c58a9af33fdd417e	0	180003	player+volume	libopenmpt	Impulse Tracker 1.03	32	96414	56a4df40	80a696ad	FICHEROS/VMOD/MANYGIFT.S3M
149f3b460987f3e009b5a11e7717cd4f	1	778110	player	st3play	Scream Tracker 3.2x (GUS)	16	298513	f1e59e3a	d07225eb	FICHEROS/VMOD/JBFALLIN.S3M
14c0af689beff14261bc71ce813c55ea	1	148094	player	st3play	Scream Tracker 3.2x (GUS)	8	102782	d4837b80	f5953642	FICHEROS/VMOD/GF_WILLB.S3M
14d6f6900d9c779d5efe426039844647	1	128382	player	st3play	Scream Tracker 3.2x (GUS)	8	473156	448c7826	bbb710bc	FICHEROS/VMOD/ALDEA.S3M
15e0b4701c3635ce4871fa1a52918ce4	1	204941	player	uade	Protracker compatible	0	60186	6c71dca1	61ddebe1	FICHEROS/VMOD/NOMORE.MOD
16fa20e4a3a07963bafc668e584c172f	1	135576	player	st3play	Scream Tracker 3.2x (SB)	8	160018	f4f3fe37	651aff00	FICHEROS/VMOD/SDK.S3M
1700a8d34815405c7bd678a5af8d3e51	1	110435	player+silence	st3play	Scream Tracker 3.2x (SB)	16	143572	2bbd209f	c407975f	FICHEROS/VMOD/FLOWER.S3M
175b7746563e17a86eea7017455d1ed4	1	146246	player	uade	Protracker	0	152184	0b8f8ce4	ad39c986	FICHEROS/VMOD/DIEINDUS.MOD
17b613bc5c4d3e239c99d265f1e773e9	1	172207	player	st3play	Scream Tracker 3.2x (SB)	16	189612	3617082a	c3410da8	FICHEROS/VMOD/2_3_BOB.S3M
18d2a7b8209abb05fa3559ef64d4193b	1	352915	player	st3play	Scream Tracker 3.2x (GUS)	15	363418	3dc1a79a	6b716899	FICHEROS/VMOD/PN-REMIN.S3M
190d43067af5ac61be4b1b1c47450115	1	146708	player	uade	Protracker compatible	0	200297	561d09ff	6eca2ada	FICHEROS/VMOD/BLAKWHIT.MOD
1981efba53b14afe7361c1c33a35b2c1	1	318695	player	st3play	Scream Tracker 3.2x (GUS)	8	128501	643f06c5	3c7e85eb	FICHEROS/VMOD/P3-SNAPP.S3M
19d066ef7f542860581c024e7346bc21	1	179180	player	it2play	Impulse Tracker 2.03	16	1068194	e490e43a	49599957	FICHEROS/VMOD/DIFFERNT.S3M
1ab9593832418866446f12e99f1c0f82	1	273402	player	uade	Protracker	0	258184	a0abe2ca	eaa20d24	FICHEROS/VMOD/ODYSSEY6.MOD
1b12530e3815a632417d3da9f8383bc2	1	96770	player	ft2play	FastTracker v2.00	4	218412	26f97741	797177ed	FICHEROS/VMOD/AB-TAKE.XM
1ce375faa854a9b5f12237e06ac92684	1	92896	player+silence	uade	Protracker compatible	0	75446	82249f91	9316fcd0	FICHEROS/VMOD/NOONEHOM.MOD
1d7cd3778bb885a51d454a479d338482	1	191061	player+silence	st3play	Scream Tracker 3.2x (SB)	16	322664	0abc6f06	54ecc679	FICHEROS/VMOD/WH_RYTHM.S3M
1e1e4b128eceded2d7c7f15d1e2cc170	1	453688	player	st3play	Scream Tracker 3.2x (GUS)	15	289554	eac69526	7a3470d2	FICHEROS/VMOD/PN-CEREB.S3M
1e286df4fdde2831ac39a10af5c9917e	1	218167	player+silence	st3play	Scream Tracker 3.2x (SB)	16	195338	2bd4539a	74b762e5	FICHEROS/VMOD/NEW.S3M
1e53314b6ab3630880e98602b122c2ef	1	384122	player	uade	Protracker	0	211682	0a4b6744	e4185ca8	FICHEROS/VMOD/PARTFLAM.MOD
1e9d2bdaca1f4ed979ec70945e6cb7ee	1	335208	player	ft2play	FastTracker v2.00	14	996528	71d199d9	d2fb9753	FICHEROS/VMOD/K_CHAINS.XM
1f2da28f32e6d254cbad5f71d07e4c84	1	252767	player+silence	st3play	Scream Tracker 3.2x (SB)	16	252952	8e80b5e7	1af0c3a2	FICHEROS/VMOD/PC_WOERM.S3M
227787a294f9eecc9343f03797cf21f2	1	215310	player	st3play	Scream Tracker 3.01 (GUS)	16	327377	7ac85140	3378337d	FICHEROS/VMOD/STORY.S3M
23db99d1a5ee605f9ffa530f09b45a0e	1	302688	player+silence	ft2play	FastTracker v2.00	16	844223	a89be817	5b15fb58	FICHEROS/VMOD/TOM-JAZZ.XM
24e2fe94cae20d6485718c73ec7f7402	1	175683	player+silence	st3play	Scream Tracker 3.01 (SB)	8	57028	be6f1f16	7a783f66	FICHEROS/VMOD/CLASSIC.S3M
250e43ab84aaff9d56f7706fb7b72a09	1	118529	player+silence	st3play	Scream Tracker 3.2x (GUS)	16	113621	57ffbf42	536fa1ce	FICHEROS/VMOD/ZS-BLACK.S3M
250fba512a288ca5413054f8ebc2be25	1	164034	player+silence	st3play	Scream Tracker 3.2x (GUS)	16	110366	f3c18f03	05463efc	FICHEROS/VMOD/PANCHOS.S3M
270c6c9164b75b88bebee5f00d72b9b7	1	76237	player	st3play	Scream Tracker 3.01 (SB)	16	246144	07b4ca46	45ae83dc	FICHEROS/VMOD/AMBIENT.S3M
27837205e111c65ff0280e8fc43ec84f	1	81838	player+volume	st3play	Scream Tracker 3.2x (SB)	16	163528	07b61099	23f9f697	FICHEROS/VMOD/GETWIDIT.S3M
28277187891990ff65397b9a60bd61b5	1	194490	player+silence	ft2play	FastTracker v2.00	18	568644	729158f5	4fafaee3	FICHEROS/VMOD/K_MORN.XM
2838e800b1a1a537b54b1f72ad446a08	1	207493	player	uade	Protracker	0	174536	6676e763	e88059c9	FICHEROS/VMOD/AGTECHNO.MOD
28957671c24cbbaf8bd31001dabbbc65	1	200577	player+silence	st3play	Scream Tracker 3.2x (SB)	10	216276	2e16aa54	3ad4e52b	FICHEROS/VMOD/V-INNER.S3M
28991ab535a68023cee57be8c0cd7967	0	442782	player+silence	libopenmpt	MultiTracker 1.0	28	482075	01a0b2df	dc25e0ce	FICHEROS/VMOD/OCEAN.MTM
2ab0099db82c4a8127410be31771ae5a	1	141808	player+silence	st3play	Scream Tracker 3.2x (GUS)	12	291260	9cb01d65	68ee59f7	FICHEROS/VMOD/BMARS.S3M
2b17e2acd1f67788afc67159b0fcc175	1	171705	player	uade	Protracker compatible	0	158407	270ee5c2	22b21441	FICHEROS/VMOD/SPACEMIX.MOD
2b37f54bdd886241b7925e68c9f776e5	1	222802	player	ft2play	Fasttracker	6	226604	fefd4c40	0fc0eb2d	FICHEROS/VMOD/B-ANGELS.MOD
2b788ea9ea49e42da9540091a27a5f54	1	122675	player	st3play	Scream Tracker 3.2x (GUS)	8	402822	177cc85e	16ca6de1	FICHEROS/VMOD/P3-BUTHD.S3M
2b9c18f50e54ced9a93729cd1ef94f26	1	178377	player+silence	ft2play	FastTracker v2.00	12	414984	ce5c42ea	3fd074b0	FICHEROS/VMOD/ODE2CCC.XM
2bd9e873204f61688abda503599152c8	1	190668	player+volume	uade	Protracker	0	241702	0e736478	ab96a85c	FICHEROS/VMOD/DEEPTHEA.MOD
2be0b0377dfbbe95c1b89d751b135dd2	1	148959	player+silence	st3play	Scream Tracker 3.2x (SB)	16	323797	105b8b1b	2dfe95b7	FICHEROS/VMOD/FDN-FFG.S3M
2d3b2700d99e3533ae97d0c293cdaa2a	1	230095	player+silence	ft2play	FastTracker v2.00	20	404255	5e808450	0898f783	FICHEROS/VMOD/BA-ATLAN.XM
2d4ecb513ac3a32daf3966179b934929	1	900966	player	uade	Protracker	0	141456	1c53aa34	4915c491	FICHEROS/VMOD/NOWWHAT2.MOD
2dc46fe46c6676b33a5a8254e37e62db	1	332485	player+silence	st3play	Scream Tracker 3.2x (GUS)	10	279593	e376661d	d766ccad	FICHEROS/VMOD/P3-TRIAD.S3M
2e2b11846422b30c91cebf37a4a2d42d	1	140559	player	st3play	Scream Tracker 3.2x (SB)	10	270277	aba23611	fe79a869	FICHEROS/VMOD/AM_TPE.S3M
30233c2d8b3dbee96ae50d82800a79cd	1	187994	player+silence	it2play	Impulse Tracker 2.02	15	462400	5034f1c1	f30f4ab2	FICHEROS/VMOD/PRAY.S3M
318846e3b54cb0126d0baebfd523536b	1	71776	player	st3play	Scream Tracker 3.2x (SB)	16	222237	3c536762	f3232354	FICHEROS/VMOD/SAXFOLIE.S3M
32dea817c317f7e922ca8baaf8a67bb1	1	251488	player+silence	it2play	Impulse Tracker 1.04	16	431566	d9137856	2fa85c70	FICHEROS/VMOD/NO-ZJUMP.S3M
33695507f7eedcd74214b78b6c9370df	1	163953	player+silence	st3play	Scream Tracker 3.2x (SB)	16	293108	79f7ea37	af94dada	FICHEROS/VMOD/ARTSHAW.S3M
349797094461361d399fcae3373c4a49	0	203380	player	libopenmpt	MultiTracker 1.0	8	210061	cc01127e	f62eebef	FICHEROS/VMOD/PARTYTME.MTM
34b62f7fa46f0240b617e4f2c54a35b7	1	118334	player+silence	uade	Protracker compatible	0	69322	43843a69	baf701c8	FICHEROS/VMOD/NUMAN2.MOD
3601938265fdd15ea21aeabe46668218	1	150130	player+volume	st3play	Scream Tracker 3.2x (SB)	16	318452	ec98d288	0b625b41	FICHEROS/VMOD/MAYHEM.S3M
364eb7f7013f4afb6b0cd788e516fd24	0	180003	player+volume	libopenmpt	Impulse Tracker 1.03	32	97758	40d63fbf	9d02a7f3	FICHEROS/VMOD/MANYGIF2.S3M
36bd466fd266b13627ace77aa17eeaa8	1	468618	player	uade	Soundtracker II (31 instr.)	0	254547	9de2ffe6	92ef4671	FICHEROS/VMOD/NURSE.MOD
37d3db2a5f397fdb17adfe6cfbca195e	1	201887	player	st3play	Scream Tracker 3.2x (GUS)	12	208643	5303ebc7	5cb791f8	FICHEROS/VMOD/PN-MYST.S3M
3913ccabf1e8947a18a72d991795b4e9	1	207031	player	st3play	Scream Tracker 3.2x (GUS)	16	92096	3d5b8ed3	f7d4d713	FICHEROS/VMOD/NO-KNIFE.S3M
3933813632d63eaea1c0649ce879b710	1	214581	player+silence	st3play	Scream Tracker 3.2x (SB)	12	190712	289480ed	0c2be13e	FICHEROS/VMOD/RIVER.S3M
394bcb05cf443a064473d759b120899e	1	229195	player	st3play	Scream Tracker 3.2x (SB)	16	192566	a07a7aeb	f38d8740	FICHEROS/VMOD/BASSDARK.S3M
3989392ebca09b4b18490cfbd735b09a	1	270509	player	st3play	Scream Tracker 3.2x (SB)	16	555218	1127d7b2	7a486cb7	FICHEROS/VMOD/K_BALLAD.S3M
399c118510ccd9000cb78b3abb6f2f32	1	256492	player+volume	it2play	Impulse Tracker 1.0x	12	397094	cb0daa13	60d727c3	FICHEROS/VMOD/NO-VAR-P.S3M
3b2d210dc2ae1280f8b057ebe77ed765	1	416981	player+silence	st3play	Scream Tracker 3.01 (GUS)	16	118888	aeb89706	3a8a36e6	FICHEROS/VMOD/E-DRIFT.S3M
3b3660cca25e913233410d8dc6fd2b0c	1	252359	player+volume	uade	Protracker compatible	0	49599	4574a2d0	f9830614	FICHEROS/VMOD/DARKNESS.MOD
3b9af6a6127c929fd589e4e376f42f08	1	175282	player	uade	Protracker	0	108180	f37fbf00	dc602b68	FICHEROS/VMOD/TRACKA.MOD
3c8dfe0c5c1ccc69075cadbbcac094aa	1	127989	player	ft2play	Fasttracker	8	74118	60d560fe	ffaa40c3	FICHEROS/VMOD/ROUND5.MOD
3cfaac6aa9dbfd8c6522fd66d8610368	1	221037	player+silence	st3play	Scream Tracker 3.2x (GUS)	16	169058	6f0b9a14	769616f7	FICHEROS/VMOD/BJ-HANG.S3M
401b72c3e8862030970f13156ab65d28	1	205205	player+silence	st3play	Scream Tracker 3.2x (GUS)	16	252760	2e48f6ae	68d5c14a	FICHEROS/VMOD/MC4.S3M
415d489380d3bb51b80ae2605a37ddda	1	159347	player	it2play	Impulse Tracker 2.02	8	560758	c2b1355b	5a7e45a0	FICHEROS/VMOD/NAKED.S3M
41bcb19b122064628842a072d587fc75	1	121731	player	uade	Protracker	0	185448	c8b7fc26	02c9b020	FICHEROS/VMOD/OPERAT13.MOD
42088b6166a1a24719333fca28bafd4a	1	127751	player+silence	st3play	Scream Tracker 3.2x (SB)	16	162736	48ff4d39	80d25c50	FICHEROS/VMOD/HIP-HOP.S3M
42c57915bb496cddd59f5695f8a155b8	0	83076	player	libopenmpt	Impulse Tracker 1.03	32	97966	08dd4b90	ad6ed3b4	FICHEROS/VMOD/MOBSONG.S3M
43338362d6eb0a47871f7ee44fe731b5	1	307402	player+volume	st3play	Scream Tracker 3.2x (SB)	16	375440	9ffe941d	6d0e24ff	FICHEROS/VMOD/DESTINY.S3M
43906932940b25f723faa0bb3daec7bd	1	434407	player+silence	st3play	Scream Tracker 3.2x (SB)	12	873658	9618dc35	ce03457b	FICHEROS/VMOD/RH_NW.S3M
43d5fa4dc0d1139c6864e270bd6e3103	1	143915	player	st3play	Scream Tracker 3.2x (SB)	8	308441	932015b5	8a25832a	FICHEROS/VMOD/BRK3.S3M
447d387b48925b32c5d32852c5faf4b6	1	314812	player+silence	st3play	Scream Tracker 3.2x (SB)	16	635092	8691cc1c	634ef25f	FICHEROS/VMOD/K_SHALAM.S3M
44f7c66ace7291ade0ced15c9bfac6a6	1	38650	player+silence	ft2play	Fasttracker (M.K.)	4	30934	a56da3ea	5921d75b	FICHEROS/VMOD/BURPXMAS.MOD
457543fa204a4da48434f80e65052e82	1	147572	player	uade	Protracker	0	588856	166476a0	4473c7b9	FICHEROS/VMOD/OMEN_III.MOD
457cf03b71cf56d600f0f36e1257a596	0	102673	player+silence	libopenmpt	MultiTracker 1.0	8	322862	f670a1fc	e394cca8	FICHEROS/VMOD/SOULFOOD.MTM
45c5f14818598fc2d083250ac3d06776	1	99667	player	st3play	Scream Tracker 3.2x (SB)	8	78680	e825720e	e560e5fb	FICHEROS/VMOD/AFTRMATH.S3M
466b713a0a8257a3954c838748881ebf	1	224700	player+silence	st3play	Scream Tracker 3.2x (SB)	10	453220	7b2b037a	8271f14b	FICHEROS/VMOD/SOUL4.S3M
468a5156c1f9732ad4a43068395085f9	1	243040	player	ft2play	FastTracker v2.00	10	631482	8b271b70	f61f831a	FICHEROS/VMOD/AB-ROBOT.XM
46d900c64d1da52b8b48ee81cc09b2e1	1	95829	player	st3play	Scream Tracker 3.2x (SB)	9	310124	35f71e8f	160c86dc	FICHEROS/VMOD/LETHAL.S3M
47355ce060dfd136bd49021119f41f00	1	120123	player	uade	Protracker	0	136660	6821b671	8bfb094e	FICHEROS/VMOD/ODYSSEY3.MOD
47d52266a66528109d94514a5de9a063	1	215491	player+silence	st3play	Scream Tracker 3.2x (GUS)	8	1056660	42c51dba	cb2d599c	FICHEROS/VMOD/WITHOUT.S3M
490862d786bcba497ef65666649ed3af	1	147680	player+silence	st3play	Scream Tracker 3.2x (GUS)	15	151860	7267ca59	767e3a33	FICHEROS/VMOD/PN-JAZZ.S3M
498a00b8644287cd864d0f29fccefba2	1	188223	player	st3play	Scream Tracker 3.2x (GUS)	16	257349	084cd68b	ddb22457	FICHEROS/VMOD/PN-MTION.S3M
4a0565458ceca9f2c8de7c79e07c3df2	1	309326	player+silence	st3play	Scream Tracker 3.2x (SB)	8	280103	71224d85	7730c2bd	FICHEROS/VMOD/RH_CYU.S3M
4a7f836b6aaef56db16e1f8ed8a3cd3e	1	199656	player	st3play	Scream Tracker 3.2x (SB)	14	320089	180309f7	7575dfc7	FICHEROS/VMOD/ZN-HAPPY.S3M
4ad47f4e1b9d9272df738641f926b3be	0	116185	player	uade	Soundtracker II - V or compatible	0	128594	0635f1c7	69a45086	FICHEROS/VMOD/NOR.MOD
4b65b11871f4c7b9513d3569b1723ac5	1	173835	player	st3play	Scream Tracker 3.2x (GUS)	16	382211	5289ff66	13ac60a6	FICHEROS/VMOD/ORIENTAL.S3M
4b7b7c0e537842b74625a4f3846e53a9	1	102520	player	uade	Protracker compatible	0	83452	9bdc6b38	1624e477	FICHEROS/DOSGAME/ACCE.ZIP/ACI.MOD
4c1bd4ac03a5f2b8d041ea39b9444740	1	270890	player	st3play	Scream Tracker 3.2x (SB)	8	112676	bc085e97	a6df7195	FICHEROS/VMOD/SOUNDOFC.S3M
4cb117e7551f7b9353791a50ad108d88	1	299969	player+silence	st3play	Scream Tracker 3.2x (GUS)	8	418362	26474682	54c29a97	FICHEROS/VMOD/JUDGMNT.S3M
4d7e08759224472a2cd54c7e90128f64	1	191789	player+silence	uade	Protracker compatible	0	166656	c7bb60c0	4b792dff	FICHEROS/VMOD/WILDTHIN.MOD
4dcbb22dd761f0f7928c4a8de962cd39	1	191125	player+silence	ft2play	FastTracker v2.00	8	353054	caa86175	10791d09	FICHEROS/VMOD/SE-UFOS.XM
4f0470f37631715f5721b9b6f9362015	1	158565	player+silence	st3play	Scream Tracker 3.01 (SB)	16	109756	b57eed8c	5bb28e61	FICHEROS/VMOD/AQUARII.S3M
4f133efc64ec7654ac78cf673eaed573	1	188064	player+silence	st3play	Scream Tracker 3.2x (GUS)	8	1030644	fb013831	a27d75ff	FICHEROS/VMOD/FRUSTRA.S3M
4f3451016472260e38ed42e4eacef505	1	293136	player+volume	uade	Protracker	0	128078	f49c8ef6	9a487a4f	FICHEROS/VMOD/ORBITA1.MOD
501f1f25ca1e0853718b7429c36953f8	1	134571	player	st3play	Scream Tracker 3.2x (SB)	8	269952	597dea66	7da9702f	FICHEROS/VMOD/AMERICA.S3M
51a0b5b374037d2a8325970a59122427	1	286926	player	uade	Protracker	0	88824	7e274367	bfd498b2	FICHEROS/VMOD/OVERNET.MOD
51adb0ea561008700bedc9ca86ce7a1a	1	261633	player+silence	st3play	Scream Tracker 3.2x (SB)	8	75290	dec3676f	3a7eec7f	FICHEROS/VMOD/RH_VP2.S3M
52d386d4bafe8fa31cec0c77b43fe613	1	246568	player+silence	uade	Protracker	0	120228	efcdd5d8	4de0ab18	FICHEROS/VMOD/SEA_OF_F.MOD
53e375ab6a22d2d7813c7695fd189c2f	1	262431	player	st3play	Scream Tracker 3.2x (SB)	10	183142	77ef0b80	c06f742c	FICHEROS/VMOD/RADIANT.S3M
53ffefc85611d915f8eded55ce90eb00	1	258689	player+silence	st3play	Scream Tracker 3.2x (GUS)	14	188800	44efc558	aa1678bc	FICHEROS/VMOD/VICTORY.S3M
549d6694e234642bf0a0e5aac066bad9	1	23550	player	st3play	Scream Tracker 3.2x (SB)	16	91824	9ee2f904	744b0fc1	FICHEROS/VMOD/TOFU.S3M
54e00201c2d7d36356589c0a29f9f1ea	1	410586	player	it2play	Impulse Tracker 1.0x	16	268668	e9ad3747	34bab2bc	FICHEROS/VMOD/TOM-SPCY.S3M
5522c8366666ce2d9f40d09331ebfb1b	1	367937	player+silence	st3play	Scream Tracker 3.2x (GUS)	15	337778	02fd0721	62447f96	FICHEROS/VMOD/PN-BTGS.S3M
55469b7922f885c7c8876524a7cee980	1	226904	player	st3play	Scream Tracker 3.2x (SB)	16	854878	4c5573fe	e9f463bc	FICHEROS/VMOD/NIN_RUIN.S3M
5645fd60520f440d18765ad9ee273f70	1	375158	player+volume	ft2play	Fasttracker (M.K.)	4	102847	c6999154	41d2435a	FICHEROS/VMOD/MELTDOWN.MOD
567e1692f545944ed3a5d0e6d929c3a4	1	89798	player+volume	st3play	Scream Tracker 3.2x (GUS)	7	664782	0c22ce37	78d8744e	FICHEROS/VMOD/TAKEDOWN.S3M
56b06e90e2b782a5918eeccd05e803fa	1	177675	player+silence	st3play	Scream Tracker 3.2x (GUS)	16	332576	4c4c3fe4	878956d0	FICHEROS/VMOD/BJ-VTE.S3M
57258787f22048be83d058206d364df9	1	111161	player	st3play	Scream Tracker 3.2x (GUS)	5	17056	207a1970	5d55b0dd	FICHEROS/VMOD/FURBLES.S3M
5785eea5e003b19cacac2555fe5dd1c4	1	153801	player	st3play	Scream Tracker 3.2x (SB)	8	445882	20cdb68e	6eeb03bf	FICHEROS/VMOD/ORG_BD.S3M
57f0c2a4263e6314ca2f214504d2d771	1	178336	player	it2play	Impulse Tracker 2.03	16	375828	fd47f6da	23478d82	FICHEROS/VMOD/GROOVE1.S3M
5861121c704c4af28298bd3e627d4a38	1	293659	player+silence	st3play	Scream Tracker 3.2x (SB)	16	862908	77775429	9efb7a97	FICHEROS/VMOD/K_MERCY.S3M
59a1c5949f43f5da4f688f771d1310fb	1	111161	player	st3play	Scream Tracker 3.2x (SB)	11	219832	8803da17	78f68ba3	FICHEROS/VMOD/AM_MINDN.S3M
5c0600ddb6e6a25a2e40d42d68264c2d	1	125693	player+silence	st3play	Scream Tracker 3.2x (SB)	16	593136	dc840599	4b62d918	FICHEROS/VMOD/DS-HRIDE.S3M
5d54a6f24e6239d870d29bf23ef116f6	1	408044	player+silence	st3play	Scream Tracker 3.01 (GUS)	16	474608	dac5ccf7	a40d6d24	FICHEROS/VMOD/K_MYPLAC.S3M
5dc099bcc3bc08904f00eea54b49ef96	1	180910	player+silence	ft2play	FastTracker v2.00	16	372260	5aca00dd	300e619e	FICHEROS/VMOD/BB_STAR.XM
5f90b26ab6e6d7b44fcd85e107c08876	1	135586	player+silence	st3play	Scream Tracker 3.2x (SB)	8	105492	f89789a6	bde7931e	FICHEROS/VMOD/GEEK.S3M
5faba1cee8d9fadc3674e49ef7b4e3e6	1	84334	player	ft2play	Fasttracker (M.K.)	4	235315	3038aeda	1cdd6662	FICHEROS/VMOD/NOTSANE.MOD
6018c3479313615adff8bdc66e869a40	1	215350	player	st3play	Scream Tracker 3.2x (SB)	16	338432	b42119aa	2dde193d	FICHEROS/VMOD/WAR.S3M
603a927b1462bb3abf770e58f38190b9	1	249380	player	ft2play	Fasttracker	8	614246	e39a3478	3f95d3a1	FICHEROS/VMOD/SOREAL.MOD
610c028231c5d334631e17dc2fbd6a2f	1	223769	player+silence	it2play	Impulse Tracker 2.02	16	723574	1d8be31b	bb975d89	FICHEROS/VMOD/ALEXIA.S3M
614d3daa9227a66a19ffdf388530d997	1	160131	player	uade	Protracker compatible	0	178168	fb69b12b	a9f6f6ca	FICHEROS/VMOD/PARKSON.MOD
6260ad4df3ea4792f90e7397c5aefecb	1	197737	player+silence	uade	Protracker	0	268222	dd965c83	de6151bc	FICHEROS/VMOD/NOLIMIT.MOD
6376d2ca868b17585341609e6d6ce517	1	350608	player+silence	st3play	Scream Tracker 3.2x (GUS)	8	308224	9d1d7f94	92eb9c52	FICHEROS/VMOD/PJUSKE.S3M
63b7f9b8fd0fd6d93bd327974035ede0	1	311935	player	ft2play	Fasttracker (M.K.)	4	362585	8dc92b5a	b5e6ef60	FICHEROS/VMOD/NPB.MOD
63dd882cd749c3f19e95059571610b33	1	216994	player+silence	st3play	Scream Tracker 3.2x (SB)	16	115922	368f8f7d	f7436691	FICHEROS/VMOD/RAVECITY.S3M
6585ea565e38fb96b8f563608f70316d	1	258954	player	st3play	Scream Tracker 3.2x (GUS)	16	235376	bf8f5c3f	453f78b6	FICHEROS/VMOD/RESOLUTE.S3M
65b82538563284b8192ca24abaffcd90	1	134169	player	st3play	Scream Tracker 3.2x (GUS)	6	175910	f53b99dd	db36afa9	FICHEROS/VMOD/GF_TECHN.S3M
6687c5a1bc57f57705ad8b43d61f58fc	1	271065	player+silence	st3play	Scream Tracker 3.2x (GUS)	14	235118	50c61360	dabef6e8	FICHEROS/VMOD/K_GEORG2.S3M
6687c5a1bc57f57705ad8b43d61f58fc	2	95922	player+silence
66a0416f1ef5a4b99858af839c130b43	1	451337	player	uade	Noisetracker 1.x	0	147392	de284596	aa347a36	FICHEROS/VMOD/NPG93NPG.MOD
66c27fd50e3d5e11ad9cbf393c4f4e02	1	272639	player	it2play	Impulse Tracker 1.05	16	248810	5baaa558	bb358991	FICHEROS/VMOD/SAWCLEF.S3M
673381396d6ad808c740257af873449d	1	273460	player+silence	st3play	Scream Tracker 3.2x (SB)	8	223882	abfe73e9	e53edbe4	FICHEROS/VMOD/BEASTSNG.MOD
67beb222d6fe9e2bf9c9e9ef691ca597	1	180038	player+silence	st3play	Scream Tracker 3.01 (SB)	13	104576	b2610e35	4e36d8ab	FICHEROS/VMOD/SHUTDEDO.MOD
68be4cd7441521610c5190fee0f00121	1	259765	player+silence	st3play	Scream Tracker 3.01 (SB)	16	105768	e0029c96	3d8ce501	FICHEROS/VMOD/META.S3M
69aae7127044b55f87235528a651e18f	1	143084	player+silence	ft2play	Fasttracker	6	194148	d3db5b9e	d80ebc18	FICHEROS/VMOD/SEASONS.MOD
6b3ba5e82b814fcce03611cc35f39fba	1	168952	player	it2play	Impulse Tracker 2.05	9	785350	ade77938	6f531dec	FICHEROS/VMOD/SEEMEE.S3M
6b5597d6f6930c2ff93245e1e4efc841	1	226348	player+silence	ft2play	FastTracker v2.00	18	1047990	fe19f586	733e518b	FICHEROS/VMOD/IMPRVZTN.XM
6bb273fc00351be687830b59c02bb6a1	1	364966	player+silence	st3play	Scream Tracker 3.2x (SB)	6	266122	3c87e147	743a67c0	FICHEROS/VMOD/RH_SAMUR.S3M
6c968fd5304d6c28bc52319d62db8e4c	0	227103	player	libopenmpt	FastTracker 2 or compatible	12	426183	b9cd3de1	a716c1de	FICHEROS/VMOD/AND-BREA.XM
6cdc620e3b4d43faa2622c6cf43f397d	1	169093	player	uade	Protracker	0	83302	8d577b4c	23dd7b17	FICHEROS/VUBBS/LCHAT121.ZIP/LIGHTCHT.ZIP/MODS/TURBO2.MOD
6d31ab1b42cb42f6cd1cf1f6dcdca626	1	169093	player	uade	Protracker	0	74862	f911f4c7	743a39fd	FICHEROS/VMOD/SMISODA.MOD
6def1431cdd5163f3de5469ba12c5892	1	161397	player	uade	Protracker compatible	0	253803	8b7d885a	12f09cc0	FICHEROS/VMOD/SKOALIAN.MOD
6e76156157b0c0cc5c4bd8fc924405e7	1	191694	player	ft2play	Fasttracker	8	154066	e409bc0f	efb3fd94	FICHEROS/VMOD/FALL-IN.MOD
6e76e7100197b5e65683bfcb389e73a8	1	291366	player	st3play	Scream Tracker 3.2x (SB)	8	167200	8d0dc541	62e46d87	FICHEROS/VMOD/ANGELH.S3M
6e80236daecebea0cc3b981ed3de7302	1	180265	player	st3play	Scream Tracker 3.2x (SB)	8	279040	c5ddcb92	4615a9d8	FICHEROS/VMOD/BJ-ADAY.MOD
6f22e7937ecc1812779c979a1e06d6f6	1	185496	player+silence	ft2play	Fasttracker	8	148140	3bcafd43	0d800ed9	FICHEROS/VMOD/PARALLAX.MOD
702d923c0da50e9c496660af7f148131	1	191679	player	st3play	Scream Tracker 3.2x (SB)	16	172685	5d3a5436	62e2df72	FICHEROS/VMOD/ROK-N-RA.S3M
7108aae8b98b9e5905e71e3e7922df34	1	146146	player+silence	st3play	Scream Tracker 3.2x (GUS)	16	341536	f3d677bf	51fc69c1	FICHEROS/VMOD/FOREVER.S3M
71b936db1fcb81364a9bcf4d3df7a8f7	1	236694	player+silence	st3play	Scream Tracker 3.2x (SB)	8	225551	84c1efb3	5b26a78f	FICHEROS/VMOD/RH_READY.S3M
72e260bbf8d75512eac55c263d78d0f3	0	302396	player+silence	libopenmpt	FastTracker 2 or compatible	8	416191	cdbc0821	e5ca5851	FICHEROS/VMOD/HYMN.XM
745e5c912d750d4f65cb05231d7d77d1	1	194980	player+volume	st3play	Scream Tracker 3.2x (SB)	11	214398	ee5336b9	06001d52	FICHEROS/VMOD/LUSH.S3M
7484e026c6bff6a38ca506a572676898	1	140578	player+silence	st3play	Scream Tracker 3.2x (SB)	16	167768	60bba87f	1bad699c	FICHEROS/VMOD/PLTOREST.S3M
74b0df47c20d1c9b3e5783a7433118c4	1	258779	player+silence	st3play	Scream Tracker 3.2x (SB)	16	118086	943d2b39	86af6293	FICHEROS/VMOD/V-FLIGHT.S3M
75066bf8680dc1f222a63b5e184d9bbd	1	159026	player	uade	Protracker	0	126348	23b9bd5e	636e656c	FICHEROS/VMOD/ANTI-RAZ.MOD
75295828afe7e4512eafcb80e303f088	0	194270	player	libopenmpt	Impulse Tracker 1.03	32	54010	66fa2608	d82a0596	FICHEROS/VMOD/UNDERSEA.S3M
75adc785cd047538bea484349c9d1493	1	272201	player	ft2play	FastTracker v2.00	22	482148	931528d5	980432d5	FICHEROS/VMOD/SHADOW.XM
75cbdd47111bca6d0f9910b0126faa80	1	194572	player	uade	Protracker	0	129056	78ced847	f75fd6e1	FICHEROS/VMOD/FUTUREGE.MOD
75eceb4d1fc58041709131f81ef81284	1	153721	player	uade	Protracker	0	42830	6271ef88	e75ab650	FICHEROS/VMOD/OSCIL8OR.MOD
764a33ca919a927758e94f9e74c4f906	1	233415	player	uade	Soundtracker II (31 instr.)	0	241466	4a88f7e6	ebde10bb	FICHEROS/VMOD/PANINARO.MOD
779108ef00629b1a6697fe3b633615ea	1	99968	player	uade	Protracker compatible	0	132772	e1973a6c	e84b57a8	FICHEROS/VMOD/CLEARYAM.MOD
794e7d220136706e535286680279bad9	1	233863	player+silence	st3play	Scream Tracker 3.01 (GUS)	8	293936	be92b623	2fb8c5a6	FICHEROS/VMOD/NVISION.S3M
79abaa0d3c6ce5d414252ee6a22d1128	1	200026	player+silence	st3play	Scream Tracker 3.2x (GUS)	16	331142	68be5f89	ebc8f0ab	FICHEROS/VMOD/PR-ADJST.S3M
7a9bb2a3e9f1a967242612e38fbea877	1	116084	player	st3play	Scream Tracker 3.01 (SB)	16	94436	377d561e	3f492415	FICHEROS/VMOD/DARKIN.S3M
7aa3479510bd1d266bf55506a009c384	1	214640	player+volume	st3play	Scream Tracker 3.2x (SB)	16	244400	2c4bdfa2	9fb153ed	FICHEROS/VMOD/SFAKTERS.S3M
7acda57c0e39670d417ed1f356f7fdf5	1	191694	player	ft2play	Fasttracker (M.K.)	4	98499	93f2a7f1	b9f24c69	FICHEROS/VMOD/NYET.MOD
7b312b3db3c59aee42b2bff19113c1bf	1	183023	player+silence	st3play	Scream Tracker 3.2x (GUS)	16	553266	d4f7749b	d5e019a8	FICHEROS/VMOD/PANICTFS.S3M
7b43b1df216783a11a33811ccae50c83	1	296852	player	st3play	Scream Tracker 3.2x (SB)	8	297186	ea54688b	d8fa6830	FICHEROS/VMOD/BRINX.S3M
7bc36d894c73ecf6646cdced803c3267	1	130331	player	st3play	Scream Tracker 3.2x (SB)	16	39904	3dae4152	0c4276ad	FICHEROS/VMOD/MUSICIND.S3M
7bf7d56838499a4cd619164f4fa32d31	1	164853	player	st3play	Scream Tracker 3.2x (GUS)	8	160912	56b829ee	1884971b	FICHEROS/VMOD/RESTL.S3M
7bfa1bc899ba22b0294347f097d1a6db	1	61328	player	ft2play	Fasttracker (M.K.)	4	24871	febd9486	4fa328bc	FICHEROS/VMOD/VAMPIRE.MOD
7c8399b2ae18a605e5cd8f924110a525	1	397026	player+silence	ft2play	FastTracker v2.00	12	516767	8e4533da	175b5159	FICHEROS/VMOD/SPR-019.XM
7d518edeabd257c2dd2dc03055b45327	1	209988	player+silence	st3play	Scream Tracker 3.2x (SB)	8	273646	89514af4	75188091	FICHEROS/VMOD/K_CATCH.S3M
7dfd7e0dd617a22c8da4817551859843	1	252206	player+silence	st3play	Scream Tracker 3.00 (SB)	16	678304	d08f2368	6231043b	FICHEROS/VMOD/PANIC.S3M
7e1ada714957b19e4a794a59c6678c3f	1	328099	player	uade	Protracker compatible	0	161792	f07361f3	dd021ff0	FICHEROS/VMOD/TIME.MOD
7f32c50b690a61cd25aaaef7917b9112	1	260489	player+silence	st3play	Scream Tracker 3.2x (GUS)	16	530504	ccb6025b	dae193e2	FICHEROS/VMOD/YYZ.S3M
800ac9ae84361d48f07fbab364c982b7	1	242296	player	st3play	Scream Tracker 3.2x (GUS)	15	192308	d61de398	345b8a18	FICHEROS/VMOD/PN-FORCE.S3M
8111f921d1529e72e774fa2cc3a3cbb7	1	153721	player	uade	Protracker	0	159844	e01880f9	8c7e0311	FICHEROS/VMOD/C2ACTION.MOD
81a5bcae904b5f18e2ff26e517288bf5	1	289517	player+silence	uade	Protracker	0	165742	6e8d23ed	95e137cb	FICHEROS/VMOD/DEADEARS.MOD
822994b247f09d1fd3a43bccee70b6ff	1	16389	player+silence	uade	Protracker compatible	0	29622	defd2d96	3665fa60	FICHEROS/VMOD/NO_MORE_.MOD
831746e7f7d6278d4983377fa9701abe	1	106740	player	st3play	Scream Tracker 3.2x (GUS)	7	741623	3e6c941e	1d70d253	FICHEROS/VMOD/NEXT2MIN.S3M
845e120eb1570818c0812ce1a434b412	1	156132	player	uade	Noisetracker 1.x	0	66753	11f3ce8b	fa831041	FICHEROS/VMOD/SEBFUNK4.MOD
84d5f46a11a54225ec5787533154fa7a	1	138369	player	uade	Protracker compatible	0	189858	03476a8a	a4b5504a	FICHEROS/VMOD/SESAM.MOD
853486115c6b2ec2c2a6432f8e277df3	1	283603	player+silence	uade	Protracker	0	386486	1f48ea60	a9b3176b	FICHEROS/VMOD/SALSAMA.MOD
85560fe2995446f4b7d7cfa60d729aac	1	185610	player	uade	Protracker	0	181886	4d0a9528	51b29e8d	FICHEROS/VMOD/MAXDREAM.MOD
8588d8d8a4b7aa081aa1ee7b2675b15e	1	169647	player	ft2play	Fasttracker (M.K.)	4	131129	590add34	3346830d	FICHEROS/VMOD/ONLY-YOU.MOD
8726778defaaf31ec877d2350df38f43	0	363959	player+silence	libopenmpt	Unknown	14	565705	6364ee30	e3e41c0f	FICHEROS/VMOD/EF-RAWKA.XM
87d219e7d75b6be1000853852b187089	1	344868	player+volume	st3play	Scream Tracker 3.2x (GUS)	12	263292	2cc62eb2	93c6b6a8	FICHEROS/VMOD/PN-ROM.S3M
888b278ac93a01988fd5325b4a3b99c0	1	45991	player	ft2play	Fasttracker (M.K.)	4	35267	757cfc27	2a338364	FICHEROS/VMOD/MIND.MOD
899daa51bdeec049798552efcb743132	1	231549	player+silence	st3play	Scream Tracker 3.2x (GUS)	9	269385	84672d45	ab19d4ed	FICHEROS/VMOD/YEEHAW.S3M
89d8a70492f9c9b488aa04f460c967fe	1	322050	player	st3play	Scream Tracker 3.2x (SB)	16	134669	bd11e368	12e042d5	FICHEROS/VMOD/AVALON.S3M
8a2fa256a6d30e916896f6dbd05d218b	1	213608	player	ft2play	FastTracker v2.00	14	312624	d1da51a5	a1392a7a	FICHEROS/VMOD/JOLT.XM
8aa021b0768626fadcb3a80f7b7ce839	1	246812	player+silence	st3play	Scream Tracker 3.2x (GUS)	16	474452	6d2a84d3	403ea127	FICHEROS/VMOD/PR-STAND.S3M
8b43ea19416e9553ec62e2a2dccdca41	1	130042	player+silence	st3play	Scream Tracker 3.2x (SB)	16	192004	7fa91106	343f03dd	FICHEROS/VMOD/FEELFINE.S3M
8b584d05a6bd85a93356586a150cd9a8	1	197165	player+silence	st3play	Scream Tracker 3.2x (GUS)	13	212420	544af9da	73f7b88f	FICHEROS/VMOD/SLEEPLSS.S3M
8c02bec8d9eb8bc2fd5156c3dd8ef0ed	1	320673	player+silence	ft2play	Fasttracker (M.K.)	4	91133	d48a735d	3e82e4e3	FICHEROS/VMOD/ROGUE2E.MOD
8c2261e2d1e924d8f5d7c9e547251474	1	376122	player	ft2play	FastTracker v2.00	18	349656	5f1dd15b	8feb4cf3	FICHEROS/VMOD/K_INSTRP.XM
8c659714888ec40717789bf53063a401	1	299717	player+silence	st3play	Scream Tracker 3.2x (GUS)	14	237680	0e359877	69c99ff6	FICHEROS/VMOD/BRTHLESS.S3M
8ccb3d8f2e1a85d2c337ed02712cbf5d	1	287470	player+silence	ft2play	Fasttracker (M.K.)	4	251679	f91e5a7d	7ab0fb96	FICHEROS/VMOD/OMAHA.MOD
8cd4acdf14fca00d15b8c8f929597641	1	163205	player	st3play	Scream Tracker 3.01 (GUS)	6	120850	387546f6	6a87fc2d	FICHEROS/VMOD/BJ-SMELL.S3M
8dff11c9be4e155becc7a405a781dc01	1	194331	player+volume	uade	Protracker	0	428088	48b509dc	6e022612	FICHEROS/VMOD/SODABASE.MOD
8eae690fb61a0a4de9c77d29ff5c66a8	1	239764	player+silence	st3play	Scream Tracker 3.2x (SB)	16	997154	4d6efe37	b74015cf	FICHEROS/VMOD/LOVEMORE.S3M
8ed268bac4a004a275db84f232c97bc7	1	557514	player+silence	st3play	Scream Tracker 3.2x (SB)	9	245154	121dc8fc	ed7878f9	FICHEROS/VMOD/RH_REAL.S3M
925c82c5bb72be7dc05b55b05a527214	1	191397	player	it2play	Impulse Tracker 2.02	15	713410	4af98d3f	4d731041	FICHEROS/VMOD/DP.S3M
9349110f854bb6af8b32cb1931614937	1	141765	player	uade	Protracker	0	207696	9caee3cd	fc1838f2	FICHEROS/VMOD/UTAHSNTS.MOD
93891cfe11726dbd89ad7a6ca0dfa788	1	136062	player+silence	st3play	Scream Tracker 3.2x (GUS)	4	81562	7ad8bbcb	c3570a67	FICHEROS/VMOD/JOKES.S3M
93aee44efbbe3bb425b62e57ade14651	1	185139	player+silence	st3play	Scream Tracker 3.2x (SB)	16	971231	bedb36c5	9703568e	FICHEROS/VMOD/FOO.S3M
93d8991e2578e6d2231031257ccd66ff	1	212891	player	ft2play	FastTracker v2.00	14	773352	7e348385	69435b6e	FICHEROS/VMOD/DUBU94.XM
94283d218e3a73095ae673fb540294de	1	115321	player	uade	Protracker compatible	0	93587	1a171d6c	e933ea37	FICHEROS/VMOD/BREACH.MOD
95352561f9cae5dce7b57b4ce1492248	1	165932	player	ft2play	Fasttracker (M.K.)	4	288607	a464f8ce	2921199d	FICHEROS/VMOD/OOOOOHH!.MOD
9614d70f80b95278313a608cc4040a30	1	489066	player+silence	st3play	Scream Tracker 3.01 (SB)	16	587280	3caf490b	160b5e35	FICHEROS/VMOD/BOYZ2MEN.S3M
961ba18716c94cd18fdb6f25488cff0b	1	178859	player	st3play	Scream Tracker 3.2x (GUS)	8	150146	f0835580	7b962dcb	FICHEROS/VMOD/GF_SPACE.S3M
966767332ebc0aa8973b67334efb75d1	1	184445	player	uade	Protracker	0	122986	6522615f	44a512c9	FICHEROS/VMOD/ODYSSEY2.MOD
96aefcc367550c004e7542b904b09abb	1	465675	player+silence	st3play	Scream Tracker 3.2x (SB)	16	219136	1a29dab2	b6b0cd82	FICHEROS/VMOD/G_GCNTRI.S3M
96c6002d3affd6cd7eab0701795d8668	1	148830	player+silence	st3play	Scream Tracker 3.01 (SB)	5	82754	46864d04	358adb34	FICHEROS/VMOD/ATLANTA.S3M
96ff3889c45c1fd67da6044a8195f2b6	1	411269	player	uade	Protracker	0	515467	1fb8dadc	54f39291	FICHEROS/VMOD/OUTRINT.MOD
97d6ae4b4d1a09f1d5a22ee030416107	1	151611	player	st3play	Scream Tracker 3.2x (GUS)	8	699803	7aeea7dd	2b4abff0	FICHEROS/VMOD/OLD.S3M
98260f14d76c4d0e96133b5a11888cd0	1	186202	player+silence	st3play	Scream Tracker 3.2x (GUS)	13	528861	b6952e97	3e946c04	FICHEROS/VMOD/K_UTOPIA.S3M
98315887653627877fc95363ff745880	1	236931	player	uade	Protracker	0	103938	5fb2226d	2e84f708	FICHEROS/VMOD/SPEEDRLZ.MOD
985db063cda171fbc49840207f217d4c	1	118232	player+silence	ft2play	Fasttracker (M.K.)	4	120839	51079dc5	c1a4c729	FICHEROS/VMOD/OUTTHERE.MOD
990d5e8effd939a54292cf4d89e69dfa	1	247078	player+silence	st3play	Scream Tracker 3.2x (GUS)	14	672678	7be2fd16	ed111151	FICHEROS/VMOD/K_EMER.S3M
990d5e8effd939a54292cf4d89e69dfa	1	247078	player+silence	st3play	Scream Tracker 3.2x (GUS)	14	672678	7be2fd16	ed111151	FICHEROS/VMOD/KEMER.S3M
994102d6624a70d1a01b142248c3a067	1	215772	player	st3play	Scream Tracker 3.2x (GUS)	8	94015	d0773961	a7d5a83f	FICHEROS/VMOD/PF-SSS.S3M
9a4e9581525533dbbd1cf8810ca4b20d	1	193449	player+silence	st3play	Scream Tracker 3.2x (SB)	16	736190	285fc2d4	9ddfd3e0	FICHEROS/VMOD/BECOMING.S3M
9a5c2f3ecbe5bd103d9ac030a70791cd	1	330389	player	st3play	Scream Tracker 3.2x (SB)	8	147452	4ef598af	46d42d55	FICHEROS/VMOD/2_3_FMIB.S3M
9b974154585c1658e68f1485aafa8281	1	180968	player	st3play	Scream Tracker 3.2x (SB)	8	271852	efefc7a6	f35bfff7	FICHEROS/VMOD/VS_GUEST.S3M
9bab78e0f987831a6fd3f60bab42471f	1	314311	player+silence	st3play	Scream Tracker 3.01 (SB)	16	966466	546b7f77	53638eac	FICHEROS/VMOD/DANCEMIX.S3M
9c00121198a65b7a8c455e417ba388a0	1	302840	player	st3play	Scream Tracker 3.2x (GUS)	13	584684	69469f95	65e40ae4	FICHEROS/VMOD/2T2-SADW.S3M
9c00121198a65b7a8c455e417ba388a0	2	22405	player
9c682c844c8c2e88493bb89f1b9d7ed0	1	460048	player+silence	st3play	Scream Tracker 3.2x (GUS)	16	391879	f771eb32	a63893a1	FICHEROS/VMOD/JACOBS_L.S3M
9ca4a6208af5fc51a3a1b652f92b5540	1	106018	player+silence	st3play	Scream Tracker 3.2x (GUS)	16	180314	714590ca	bc1d8e89	FICHEROS/VMOD/TIMEFLOW.S3M
9d310300e64c92a9985f631c7c7ad743	1	325354	player+silence	ft2play	FastTracker v2.00	16	690908	6264e64a	4c2b8f0f	FICHEROS/VMOD/TRIPOD.XM
9d7cf20cb4b23946489f8d9198cb5e88	1	286845	player	uade	Soundtracker II (31 instr.)	0	86021	87886c79	584d2c45	FICHEROS/VMOD/OVERCOME.MOD
9dfdf74581d695644739858d25b4c5d8	1	218712	player+silence	st3play	Scream Tracker 3.01 (GUS)	16	372514	2ab50423	e3a04650	FICHEROS/VMOD/RIKOLASI.S3M
9e654fb6dc0b1b65db47e77f2d7587c6	1	156913	player+silence	st3play	Scream Tracker 3.2x (GUS)	8	118617	0f62da39	f5f7d18e	FICHEROS/VMOD/URGE.S3M
9e9120062180379f80183209c9c375fd	1	254694	player	uade	Protracker	0	138774	d6e2ff82	e95c1b07	FICHEROS/VMOD/ODYSSEY1.MOD
9ecce33716d0d34134751735edd50d53	1	241091	player	uade	Protracker	0	139452	44c92b8f	14d1cf60	FICHEROS/VMOD/ODYSSEY5.MOD
9f5e7d76ccafcd61923df390bb6aa2ce	1	357594	player+silence	st3play	Scream Tracker 3.2x (SB)	11	482689	b2c4a1cb	70c743d4	FICHEROS/VMOD/O_L_PARO.S3M
9fdd5e8f33b710c1dd830bb10acc4816	1	411830	player+silence	st3play	Scream Tracker 3.2x (SB)	16	115986	5af876c8	33d0aebd	FICHEROS/VMOD/2_3_KMIA.S3M
a1b5f499592320175af37cb221c6d89a	1	169040	player+silence	st3play	Scream Tracker 3.2x (GUS)	16	211432	f42a0c8f	6dc43969	FICHEROS/VMOD/NM-SPELL.S3M
a1e83e3c735c26e3a021c2fa3f8d8b95	1	221783	player+silence	it2play	Impulse Tracker 1.05	10	599414	4605a1f8	b1995398	FICHEROS/VMOD/HEAVY.S3M
a24dfc741fe2115b1176b9133d887971	1	256395	player+silence	st3play	Scream Tracker 3.2x (GUS)	8	316783	6874dd2a	eaed0f01	FICHEROS/VMOD/P3-SGUIT.S3M
a262485f23baa74f363cc4300c6d411f	1	243043	player+silence	st3play	Scream Tracker 3.01 (GUS)	9	216302	5825b4af	ca130b3e	FICHEROS/VMOD/OCT-VWL.S3M
a26927fa0deae017a3f395fffb7ed7c8	1	145442	player	st3play	Scream Tracker 3.2x (SB)	8	236778	d40ea225	2bb9c676	FICHEROS/VMOD/PSYHOTIC.S3M
a2c4bbf09c0c5d61644c4d1508ddc8a7	1	113974	player	uade	Protracker compatible	0	231103	ecd5f175	0388ced1	FICHEROS/VMOD/ORC.MOD
a30433bfc7830175092ca7029e044916	1	286845	player	uade	Protracker	0	145320	dccc06fe	81f9aee1	FICHEROS/VMOD/ODYSSEY4.MOD
a32af526f395c9a6899c5004fe2fdd0b	0	215340	player	libopenmpt	Scream Tracker 3.20 - 3.21 (SB)	23	231504	a1cfe906	af66d455	FICHEROS/VMOD/RZ-JSTCE.S3M
a439b13ca39416b19f5f452f12176edb	1	23168	player	uade	Protracker	0	27196	95583292	e62331ae	FICHEROS/VMOD/KICKSTAR.MOD
a45454f81782789612f559c61d610d48	1	220133	player+silence	st3play	Scream Tracker 3.2x (SB)	16	713010	3e786508	03812736	FICHEROS/VMOD/K_RHYTHM.S3M
a5e9ca90ef0e62738b6021152142247a	1	327817	player	uade	Protracker	0	153014	7468fde7	7a116948	FICHEROS/VMOD/JAMBUG.MOD
a5f6795a096b7df48f98154c4bd219ff	1	209804	player	st3play	Scream Tracker 3.2x (GUS)	8	167535	78465181	7a626020	FICHEROS/VMOD/GF_DEPEN.S3M
a63539ce06bddf780e786f712b32f256	1	247440	player	uade	Protracker compatible	0	155117	ecb749f8	906bfc22	FICHEROS/VMOD/OVRDRIVE.MOD
a82fa07ddd8d1fea3265d57e4acc0c24	1	371758	player+silence	st3play	Scream Tracker 3.2x (GUS)	15	389828	783400f3	010dfa81	FICHEROS/VMOD/PN-FLINX.S3M
a82fa07ddd8d1fea3265d57e4acc0c24	2	453190	player+silence
a8439e41f65d8834443f46a56a7f4cab	1	303208	player	ft2play	Fasttracker	8	240658	aa65df53	04197e9f	FICHEROS/VMOD/VERSES.MOD
a87881b352a295976eb6a8ade67afb74	1	58454	player+silence	st3play	Scream Tracker 3.2x (GUS)	9	214454	f3041fd9	0970393c	FICHEROS/VMOD/CAGE.S3M
a94cc31a818ea0cda46dd91b1cc86ef4	1	321317	player+silence	uade	Protracker compatible	0	95386	b600d48a	61051a0e	FICHEROS/VMOD/NTCLUB.MOD
aaa501fff652269cfb7ba4764db95a09	1	152737	player+silence	st3play	Scream Tracker 3.2x (GUS)	7	236673	ea4c1c70	42296b62	FICHEROS/VMOD/BLUEWING.S3M
ab0558f80c6dce324003f9f4f012a7b7	1	28312	player	st3play	Scream Tracker 3.2x (SB)	16	42044	6ce34ad8	5c4bdf1c	FICHEROS/VMOD/PM-JINGL.S3M
ab3489d7105b847631fa0d2810f8224e	1	183753	player+silence	st3play	Scream Tracker 3.2x (GUS)	16	313384	0503ad55	4b4b4a72	FICHEROS/VMOD/K_MGIMP.S3M
ac824d8bfcf0c74585f25056ff94f6c4	1	177328	player+silence	st3play	Scream Tracker 3.2x (SB)	16	231616	26edbfa1	96e05566	FICHEROS/VMOD/SPELL.S3M
ad95b5d8fcf40ff6b831a448e463259b	1	107187	player+silence	st3play	Scream Tracker 3.2x (SB)	16	318370	99afe5c3	b4f4342e	FICHEROS/VMOD/CRAZYOLJ.S3M
ade239f0785a14ebbd4c3850992ef5d7	1	256939	player+volume	st3play	Scream Tracker 3.2x (GUS)	16	218533	1db2c24d	7ba81af5	FICHEROS/VMOD/P3-VBONG.S3M
ade2d5a2ee17306d76486b7020471aec	1	249543	player+silence	st3play	Scream Tracker 3.2x (SB)	8	309433	2fcac56a	02a804b2	FICHEROS/VMOD/PLASMA.S3M
ae49978350e4b1fed04a0387fe667fb2	1	279123	player+silence	st3play	Scream Tracker 3.2x (SB)	6	274193	d5435205	ff526770	FICHEROS/VMOD/K_LPROOF.S3M
ae5ab6ad453e34e71832abd325e051a1	1	217741	player	uade	Noisetracker 1.x	0	200808	d645bc13	be08749c	FICHEROS/VMOD/OUTFSPAC.MOD
ae5abc268b4e8af495cfe3ac417cc1dc	1	368322	player+silence	uade	Protracker	0	87174	162db480	7b16ef96	FICHEROS/VMOD/TOTAL_EC.MOD
af2de6255aacd8659af2b8484ae4d2d3	1	212554	player+silence	ft2play	FastTracker v2.00	6	209609	89933b20	f4d178a0	FICHEROS/VMOD/HYPERAVE.XM
af3168ffd0c4b4119a17ed431841f063	1	178325	player+volume	st3play	Scream Tracker 3.2x (SB)	16	175600	ef8ae79f	a062ba38	FICHEROS/VMOD/AWAKE.S3M
b0acc5fdad98adf972424212bf3b399c	1	243904	player+silence	ft2play	FastTracker v2.00	26	549762	72c4d48f	8533b24e	FICHEROS/VMOD/LITTLEMA.XM
b19ea7731c3e300b53752474b8df063a	1	112661	player+silence	uade	Protracker compatible	0	68900	73e715eb	4902a3b6	FICHEROS/DOSGAME/ACCE.ZIP/ACCESON2.MOD
b2a6fea0787ffdcce1b3d6f96ff9ccf8	1	80336	player	uade	Protracker compatible	0	46270	6ded032d	3559f367	FICHEROS/VMOD/ARABIAN.MOD
b38f128a98f60f6bcff42a316b8a3a1b	1	246723	player+silence	st3play	Scream Tracker 3.2x (GUS)	8	238920	665d02e9	8749919d	FICHEROS/VMOD/GF_HEAVE.S3M
b4bdc3018669c8ffcc2f68a8c9f86705	1	240769	player	uade	Protracker	0	61118	bb2bdd96	61f2118b	FICHEROS/VUBBS/LCHAT121.ZIP/LIGHTCHT.ZIP/MODS/SUPRSHOP.MOD
b6ff0827e60b9abc8421e2c1a0440ebc	1	177311	player	st3play	Scream Tracker 3.2x (SB)	16	249026	a7f66626	d3386e6d	FICHEROS/VMOD/GSCOTT.S3M
b7740ef9456ab7c847f86db4ef7963dc	0	230057	player	libopenmpt	Scream Tracker 3.20 - 3.21 (GUS)	26	416308	f84ce162	17eeb050	FICHEROS/VMOD/A_INSGRP.S3M
b82b5620340821ee8a8c23394b7ad3d5	1	264098	player+silence	uade	Protracker	0	675000	ee392712	c4e30529	FICHEROS/VMOD/RHYTHM.MOD
b883531d6c6ba544d1f4b48fd4b944ca	0	50404	player	libopenmpt	Generic ProTracker or compatible	4	55586	0ee54997	298bd187	FICHEROS/VMOD/DIGDREAM.MOD
b8c2d64e167e97236a40d4fdfc6916ac	1	147813	player+silence	uade	Protracker compatible	0	69493	63370423	64ea3247	FICHEROS/VMOD/SPATHI.MOD
b8c69ddeb69fb44bf95413f4ddd5e4e8	1	227295	player+silence	uade	Protracker compatible	0	109306	84802c23	defc53b5	FICHEROS/VMOD/NORDICB.MOD
b8edf7bc4b422b014d1f461f4bdf289a	1	247896	player+silence	st3play	Scream Tracker 3.2x (GUS)	10	302524	4a443e99	43433582	FICHEROS/VMOD/K_SOFTY.S3M
b8f43241150b8e0ae4bd2bc2c62bdfcd	1	268379	player	st3play	Scream Tracker 3.2x (SB)	16	34828	025d7357	3ce58d3e	FICHEROS/VMOD/MS-SARAH.S3M
b94dcea8db179521f328386831cf29f5	1	139715	player	st3play	Scream Tracker 3.2x (SB)	16	322904	dd7999c6	7643dc9e	FICHEROS/VMOD/BLADERN.S3M
baa9866986c1138efb6ba9c9dd4be382	1	163949	player	uade	Protracker	0	237730	9aedb2ee	55ed5c70	FICHEROS/VMOD/DOOMHELL.MOD
bc5da748c9d961c2e8570bcb2014868c	1	114999	player	st3play	Scream Tracker 3.2x (SB)	16	56037	f4e43cfb	0b596db3	FICHEROS/VMOD/UN-IKYA.S3M
bef90ebb829cc770a45adcd2992ec6ca	1	113716	player+silence	st3play	Scream Tracker 3.2x (GUS)	16	226480	275179e9	60d40529	FICHEROS/VMOD/SLUDGE.S3M
bfa030546bddca880b4396b79b21bff8	1	222061	player+silence	st3play	Scream Tracker 3.2x (SB)	16	284303	a7454846	ca59a609	FICHEROS/VMOD/K_HIPPO.S3M
c0e7bf17035bf3736ab533f7603c463e	1	289163	player+silence	ft2play	Fasttracker	8	389096	d59ba862	2da00b5d	FICHEROS/VMOD/JOURNEY.MOD
c0f041eda3020d68bc50c9be98a78e01	1	237482	player+silence	ft2play	FastTracker v2.00	10	286797	72094f50	a3c5598b	FICHEROS/VMOD/K_SUMMER.XM
c10cb4eac6f9a49d7cd612ac1b365bb4	1	378208	player+silence	st3play	Scream Tracker 3.2x (GUS)	15	344334	cef9b4d1	973e8c17	FICHEROS/VMOD/PN-OPEN.S3M
c1c6fb60813c5af1f18acea0cb4e08b0	1	224260	player+silence	st3play	Scream Tracker 3.2x (GUS)	16	250901	07f6e641	0a6327ef	FICHEROS/VMOD/PR-AWARE.S3M
c1f0a3acc79967014e687f94e9cd0c9e	1	201532	player+silence	uade	Protracker compatible	0	328228	f1c2aef6	7fa9005c	FICHEROS/VMOD/ARMSVED.MOD
c235a6beb1d3e363b195df71a5ea0429	1	209041	player+silence	st3play	Scream Tracker 3.2x (SB)	8	349440	882dc62c	10db8cb4	FICHEROS/VMOD/HELPME.S3M
c2843589ce41264859d2444a88d344c8	1	91991	player	st3play	Scream Tracker 3.2x (SB)	16	498850	09a615ad	05bcd7e5	FICHEROS/VMOD/ICE1.S3M
c2b52382f14b077873f53e606c0eac00	1	359110	player+silence	ft2play	FastTracker v2.00	20	1156572	55fe41cd	791ec96b	FICHEROS/VMOD/RHD-MIND.XM
c2f3bde9eee17d415d9b7d1d777f8e30	0	523276	player+silence	libopenmpt	MultiTracker 1.0	11	339849	5ae1da91	c460f71c	FICHEROS/VMOD/K_ORG.MTM
c5b528d5ff1477b6ba1411bfde289f84	1	414807	player+silence	uade	Protracker compatible	0	165191	130060cb	0728fada	FICHEROS/VMOD/2000.MOD
c61a33c8740db554a1a20ca374828280	1	164162	player+silence	it2play	Impulse Tracker 1.05	8	460640	0ee72c9f	71934e1d	FICHEROS/VMOD/FDREAM.S3M
c648889a91d71532bdea2d1d720eaaa7	1	182450	player+silence	st3play	Scream Tracker 3.2x (GUS)	8	206384	b614e7f7	4c09b862	FICHEROS/VMOD/HIDE38.S3M
c700f4c73e14de0555498962b5622fa1	1	163326	player	uade	Protracker compatible	0	123969	d6c87b46	99b5fda3	FICHEROS/VMOD/ORPHIE06.MOD
ca4ef6c4962af9e3526c80d56fc3fdb0	1	104671	player	st3play	Scream Tracker 3.2x (SB)	16	307049	d1d81d94	5108dfd3	FICHEROS/VMOD/ATHOUGHT.S3M
cabf577c971963779552cd44313574fc	1	337997	player+silence	st3play	Scream Tracker 3.2x (GUS)	15	338844	6bd4b51e	2f8cba28	FICHEROS/VMOD/PN-NOTAC.S3M
cb695460edbe82ba53307a71406ca126	1	244247	player+silence	st3play	Scream Tracker 3.2x (SB)	12	927910	33922d20	1f8a2f29	FICHEROS/VMOD/MOLELLA.S3M
cc5e998aa77bc17b9f588dbe62f62a1b	1	235685	player	uade	Protracker	0	312432	75d594fc	dcce2e73	FICHEROS/VMOD/NIGHT_FR.MOD
cc6953958f4dffaa831fffff9f74203b	1	52325	player	st3play	Scream Tracker 3.2x (SB)	16	77342	767ca9b9	0bf72fe4	FICHEROS/VMOD/ODETO.S3M
ce87c15cd946de7cfd55c01b4bbbde1b	1	186833	player+silence	st3play	Scream Tracker 3.2x (SB)	12	246691	52f49361	d875dde0	FICHEROS/VMOD/SAOUDAN.S3M
cfaa6ccbac0cd9829235277793d0b12d	1	138007	player	st3play	Scream Tracker 3.2x (GUS)	4	16440	f779e072	c7c4203b	FICHEROS/VMOD/TINYPINO.S3M
cfe48f87b75800f7cd631ca1396fb44a	1	265746	player	st3play	Scream Tracker 3.2x (SB)	4	135828	a42638af	0d6b55d3	FICHEROS/VMOD/ZN-JAZZT.S3M
d1a316a39d43af66e3dc73326cfa58af	1	179178	player+silence	ft2play	FastTracker v2.00	16	502658	17be6469	f62855ca	FICHEROS/VMOD/JETS-LT.XM
d1f37337a7f12baf36a894b2143ee429	1	274746	player+silence	st3play	Scream Tracker 3.2x (GUS)	10	434576	6849f3a5	dcdff686	FICHEROS/VMOD/FISHUP.S3M
d211498d5ffaeb888f5789d3c61e2771	1	69129	player	ft2play	FastTracker v2.00	6	135557	469d4632	d0365255	FICHEROS/VMOD/WK-MFD.XM
d2359b603322d1fae2c003b403f139ca	1	634816	player+silence	uade	Protracker	0	710110	16de68ed	7501b31f	FICHEROS/VMOD/95-RAVE.MOD
d2e0b7dec9d874c83b401714e69b175d	1	225576	player+silence	ft2play	FastTracker v2.00	14	498879	94adb18d	c54985fe	FICHEROS/VMOD/DUBU89.XM
d2f10c5c25c915946303d73c11d0d8fb	1	339552	player	uade	Protracker	0	580756	b74d36fb	1ae8ec16	FICHEROS/VMOD/K_ETHNIK.MOD
d313d24d1784cc6a9f5f69328ab8ae8d	1	263491	player+volume	st3play	Scream Tracker 3.01 (GUS)	8	322032	d8580444	5a12c2b8	FICHEROS/VMOD/BJ-LAND.S3M
d330db11a32c86b5ff6e193506cbe7b5	1	219025	player+silence	st3play	Scream Tracker 3.2x (GUS)	16	117381	090fbc00	07219189	FICHEROS/VMOD/DTWB.S3M
d3bac02c74ce6a189256a938d07420ba	1	248672	player	ft2play	FastTracker v2.00	14	280114	da6f5d51	dfbdd3a0	FICHEROS/VMOD/WK-RIGHT.XM
d43e12289be535752c684b89691182be	1	436206	player+silence	st3play	Scream Tracker 3.2x (GUS)	16	495664	84d0c4a7	89653fa1	FICHEROS/VMOD/JBSPACET.S3M
d515f19e4ef57fcda1dfa9a5156c7da5	1	136053	player+silence	uade	Protracker compatible	0	64932	b7b7ed15	303af7cf	FICHEROS/VUBBS/LCHAT121.ZIP/LIGHTCHT.ZIP/MODS/LIVE.MOD
d59b99433ba5d824a825569ccc2df34f	1	199355	player	st3play	Scream Tracker 3.2x (GUS)	8	215902	862a6f8d	f497854e	FICHEROS/VMOD/GF_LOST.S3M
d5eb818a6fa2250d66b12e4dc6aadb53	1	299284	player	uade	Protracker	0	373538	0e885758	51b27979	FICHEROS/VMOD/LIVEINAM.MOD
d6cc47df93508357b1a88ced1de9f56b	1	102520	player	uade	Protracker compatible	0	46308	d370eb84	a1a3fea4	FICHEROS/VMOD/PATZGA.MOD
d774c112a2442ad62f6c8ce8355e4498	1	92272	player	uade	Protracker compatible	0	80945	a0d57aeb	824f1a00	FICHEROS/VMOD/OUTFITSS.MOD
d814413e08028d268bfd1fa5a8200316	1	211921	player+silence	st3play	Scream Tracker 3.2x (SB)	6	81616	0287a3e9	7fa2b98c	FICHEROS/VMOD/WR-CCITY.S3M
d88a6ae00866c78ec2aa328bb4cedfb2	1	168671	player	st3play	Scream Tracker 3.2x (SB)	6	62539	4f9dfe0a	69ef53c5	FICHEROS/VMOD/LIFE.S3M
d8a919982b2930d0aafcdcf3d8aa4efc	1	362319	player	st3play	Scream Tracker 3.2x (GUS)	16	532192	c6c32ea2	560df450	FICHEROS/VMOD/JBMUTATE.S3M
da3d6cc34691bd884f88ba06a656c35b	1	314374	player	st3play	Scream Tracker 3.2x (GUS)	10	207993	ccaf4274	3665a001	FICHEROS/VMOD/P3-LASIE.S3M
da54d084dc0de06fa3f89be7f230386a	0	53679	player	libopenmpt	Impulse Tracker 1.03	32	43508	3785d6fc	0fa18af0	FICHEROS/VMOD/WPPEALS.S3M
da6eaa8cdfcdb135cee4e778e290a159	1	201682	player+silence	ft2play	FastTracker v2.00	18	770881	7269c78a	efadd80c	FICHEROS/VMOD/LZ-VSNOP.XM
dc1593bbc5ebf7f72a52e9f27fa7e2c4	0	239139	player+silence	libopenmpt	Scream Tracker 3.20 - 3.21 (SB)	32	181270	31578347	8ac5c67c	FICHEROS/VMOD/V-RIVER.S3M
dcd02022a70aa4c132ab56f4c5aacc94	1	129864	player+volume	st3play	Scream Tracker 3.2x (SB)	16	302194	bab37e8e	8b9f7116	FICHEROS/VMOD/M-COLD.S3M
dcd1d7df86e5b82c4c3d5f623344aef3	1	156092	player	st3play	Scream Tracker 3.2x (GUS)	14	352966	62f1e05d	fcb73979	FICHEROS/VMOD/KD_TIGGR.S3M
de3b07e4d129dfff91de956f08979dea	1	199797	player	uade	Protracker compatible	0	93944	af05db21	0cffb184	FICHEROS/VMOD/PARTYFIN.MOD
de8465a92f72a43a4f00d6744e58d887	1	173353	player	st3play	Scream Tracker 3.2x (GUS)	6	109124	a140cbff	7bdd659c	FICHEROS/VMOD/GF_INTER.S3M
df215064624b9f7c394628711efa15cf	1	184098	player+silence	uade	Protracker	0	399604	ae1a5d28	1c1bd6a6	FICHEROS/VMOD/MYTANGO.MOD
df54ecfad6722c0a81788a8c31d7cce4	1	351434	player+silence	st3play	Scream Tracker 3.2x (SB)	16	278928	09265eb2	26b3d35e	FICHEROS/VMOD/WR-UTOPI.S3M
e075400323a2ad2a7026aa7813e6bcff	1	305412	player	uade	Protracker	0	107834	89aaacf9	3a64d151	FICHEROS/VMOD/HEAVEN.MOD
e1597120c21602a5968a76c0431ef7d4	1	251338	player+silence	st3play	Scream Tracker 3.2x (GUS)	16	285557	68863227	87193ea6	FICHEROS/VMOD/CALLING.S3M
e285e84eb5ee22597b09d2af6216c518	1	134531	player	uade	Protracker	0	210764	dba9f8cb	78c8dda8	FICHEROS/VMOD/ROLLINGD.MOD
e3dbcc51e62620edc8f39bbd41d16da5	1	526066	player+silence	st3play	Scream Tracker 3.2x (SB)	16	186856	50fb3936	b8e66cd0	FICHEROS/VMOD/NOCHANCE.S3M
e54057812af0ca8472447b1469a34991	1	369004	player+silence	st3play	Scream Tracker 3.2x (SB)	16	1074780	34eefc85	b2df7959	FICHEROS/VMOD/JEZEBEL.S3M
e6b5e346bca67f69247417630b537409	1	249950	player	ft2play	FastTracker v2.00	16	782135	f8669389	192d8e9e	FICHEROS/VMOD/DUBU92.XM
e6f45214797b7104cf2073e303692741	1	144538	player	uade	Protracker compatible	0	213694	14580eeb	36bb0306	FICHEROS/VMOD/FRESHOUS.MOD
e71fb52fb8f4a5c087371b7e570aa0b2	1	221820	player	uade	Soundtracker II (31 instr.)	0	358099	901310e4	112c5647	FICHEROS/VMOD/OUTERLIM.MOD
e780e1ef16f1bd4482afd93147c0c430	1	195495	player+silence	st3play	Scream Tracker 3.01 (SB)	16	165808	643b7d4c	fe3f599a	FICHEROS/VMOD/GALS.S3M
eb1b7c313c564ad7b5402bde3ec0abd0	1	229445	player+silence	st3play	Scream Tracker 3.2x (SB)	16	326124	9464d71b	86031658	FICHEROS/VMOD/LA_MODE.S3M
ebc98c6afa900a0c6532cc6ddecafa22	1	118857	player	st3play	Scream Tracker 3.2x (SB)	8	228638	45229601	f6382231	FICHEROS/VMOD/STEVE.S3M
ebe07fd6e58f150195001c22f6726eb5	1	209342	player	uade	Startrekker (4ch)	0	227664	69c0aace	61afcf40	FICHEROS/VMOD/BATMEAT.MOD
ec9b3d7614162e195b0ef90873f00211	1	194070	player	st3play	Scream Tracker 3.2x (GUS)	6	212556	9cf59d4b	34a4bff9	FICHEROS/VMOD/P3-VIERD.S3M
ecf3c36aa68bf99f07ad4e2552e4d2eb	0	191294	player	libopenmpt	Scream Tracker 3.20 - 3.21 (GUS)	18	212479	5db504ae	cd1acd3a	FICHEROS/VMOD/A_AP.S3M
ede14bb882635f36fcc40f054cf8dfaf	1	193007	player+silence	ft2play	FastTracker v2.00	16	492432	75760c15	4048da99	FICHEROS/VMOD/WYRM.XM
f1fd672f31596c2d52e14f3ecc549f1e	1	122675	player	st3play	Scream Tracker 3.2x (GUS)	16	138178	3fcdd03a	313811b2	FICHEROS/VMOD/O!N.S3M
f3036b8ecd8bdd8a5d5b772fae307ace	1	51300	player	uade	Protracker	0	233840	a0edbb37	9a340124	FICHEROS/VMOD/OTHER.MOD
f342ba5d900ed38d94d0f86bc1574c49	1	162924	player	st3play	Scream Tracker 3.2x (SB)	16	200774	f2a6a363	953d330d	FICHEROS/VMOD/RNR.S3M
f393734d80799d6285b5e4cd190394dc	1	231064	player	st3play	Scream Tracker 3.2x (GUS)	16	407688	856cf09a	77d7f8ed	FICHEROS/VMOD/A_FLOAT.S3M
f43a5f2390f070fcb68740f78db3c978	1	339397	player+silence	st3play	Scream Tracker 3.2x (GUS)	12	297152	39c83f37	be456d99	FICHEROS/VMOD/C-DREAM.S3M
f4c3d57dc11517e2204e8ca448b34d03	1	228592	player+silence	st3play	Scream Tracker 3.2x (GUS)	9	86058	60f5459b	394179e3	FICHEROS/VMOD/CLUB-HAD.S3M
f54033861a5b66d8dd23e436c6089d27	1	294165	player+silence	uade	Protracker	0	189290	91d971f0	2e3a3362	FICHEROS/VMOD/RELAXING.MOD
f716d10472954d5a6a64b44ecf7a493e	1	283799	player+silence	st3play	Scream Tracker 3.2x (SB)	16	434748	60d7cea5	d89d565b	FICHEROS/VMOD/TB!_TOXA.S3M
f76f0dc0e4d59df2a5abf9533c0198bd	1	298032	player+silence	st3play	Scream Tracker 3.2x (GUS)	16	400818	2ddb2ec3	bb18cf03	FICHEROS/VMOD/MERMAID.S3M
f7a1d6709a03aa40dbaef1b5c4a61f04	1	430451	player+silence	st3play	Scream Tracker 3.2x (GUS)	16	453126	0c2b7f01	28719c40	FICHEROS/VMOD/JBSKYSEA.S3M
f7fa47362fa7bbc10654e3a1c68f7733	1	302410	player+silence	ft2play	<Unknown>	12	220916	034855d5	16d508b3	FICHEROS/VMOD/EF-OLYMP.XM
f8f72d59b05ee2d50fc8cc9069862f2b	1	188647	player+silence	st3play	Scream Tracker 3.2x (GUS)	11	416764	8e47ce24	1a7cde44	FICHEROS/VMOD/PN-VOTN.S3M
f9106f8eaac679e5057f4e199aaa951c	1	191338	player+silence	ft2play	FastTracker v2.00	24	860472	74b53e43	ec37ccab	FICHEROS/VMOD/DUBU93.XM
fa1c0c8cd4bcf8c9f4296507ee684fa0	1	180607	player	st3play	Scream Tracker 3.2x (SB)	16	325200	defa4410	cee714dd	FICHEROS/VMOD/DEMOGRFX.S3M
fa89ff7bba27be8543fb8e49f8b43f81	1	223207	player	uade	Noisetracker 1.x	0	94966	5ffc4a65	c291077b	FICHEROS/VMOD/OXIGIN.MOD
fa8c6f63738387bf0036e83660838f24	1	197436	player+silence	st3play	Scream Tracker 3.2x (GUS)	15	191072	bc7b5efc	5f4e6a68	FICHEROS/VMOD/BREAKDWN.S3M
fb1f0b3a733b22a65193e23bb2dad5b5	1	311566	player+silence	st3play	Scream Tracker 3.2x (GUS)	16	296620	7bde1ae1	aaf939c4	FICHEROS/VMOD/PN-PEACE.S3M
fb5359bee62323463cd7634ad15087d7	1	157649	player+silence	st3play	Scream Tracker 3.2x (GUS)	6	70570	77301393	b75c77da	FICHEROS/VMOD/RUNLHELL.S3M
fb7cb14bd6e6d47d297a1cdca67dab3c	1	78126	player	uade	Protracker	0	99332	9cbfd500	91f7825d	FICHEROS/VMOD/BYTESFUN.MOD
fbb266335945490aa69b857408b3787f	1	424150	player+silence	st3play	Scream Tracker 3.2x (SB)	9	192080	c3146626	4aeb15cb	FICHEROS/VMOD/2_3_MALI.S3M
fc20fe5d4cc55f80ba0e76080b797bfb	1	176467	player	uade	Protracker	0	194886	5a14548a	412e0b67	FICHEROS/VMOD/AMU-XMRK.MOD
fc8b4cf3ce84ba4c18289454f06b6508	0	199382	player	libopenmpt	MultiTracker 1.0	16	303542	74c3cd39	6dbfa722	FICHEROS/VMOD/BAYSHORE.MTM
fc90c8d5b73d5c29c738d323b3eb5eec	1	134531	player	uade	Soundtracker II (15 instr.)	0	101036	f8529851	91b399db	FICHEROS/VMOD/ONTHERUN.MOD
fcb9859484503771bce6f87d9fb9dcaa	1	235149	player+silence	uade	Protracker	0	297550	cbea7816	432a9ff4	FICHEROS/VMOD/ASHMEETS.MOD
fd3f954f9979153e2ca16809a4f6247f	1	318514	player	st3play	Scream Tracker 3.2x (GUS)	12	322613	4d58f0ac	31999505	FICHEROS/VMOD/PN-LOVE.S3M
fd6e19e838aaa0273be4e898927c0b64	1	226882	player+silence	st3play	Scream Tracker 3.2x (SB)	16	316334	d4c3eb36	1ab389d0	FICHEROS/VMOD/LIFE_RMX.S3M
fef6f5c6ebfa2d6eefe6a1c9efad71dd	1	239367	player+volume	st3play	Scream Tracker 3.2x (GUS)	8	140486	7f6ee9e1	47f35464	FICHEROS/VMOD/GF_ALWAY.S3M
ff1ff6d466855b8662c751e1961f3df1	1	101214	player	st3play	Scream Tracker 3.2x (GUS)	6	704960	1a30b8ec	fbe710ef	FICHEROS/VMOD/PATHETIC.S3M
ff6970128fc489659d11416c15159d5b	1	291769	player+silence	ft2play	FastTracker v2.00	10	570973	b6a0a8c0	74660265	FICHEROS/VMOD/SPR-021.XM
ffdb9815d0eefebe7a76da3335192ebe	1	260668	player+volume	st3play	Scream Tracker 3.2x (SB)	16	245010	dd502ee1	de693dde	FICHEROS/VMOD/TR-BWIN2.S3M
