004fe3bd8724b79e86fec0270b2ae784	1	263271	player+silence	st3play	Scream Tracker 3.2x (GUS)	12	250688	1acba34e	1b612e02	SONIDO/S3M/DIVINE.S3M
01aaeb27aee00435314f4a0b00464700	1	81231	player+silence	ft2play	Fasttracker (M.K.)	4	49614	e1728bd8	ad832ac6	SONIDO/MOD/RAIN.MOD
05bd14779349236a79ba67075e327fb0	1	49411	player	uade	Protracker	0	88756	4dff7750	ffad917a	SONIDO/MOD/WICKED.MOD
06a278038c89cf4638007f01c9696966	1	291598	player+silence	st3play	Scream Tracker 3.2x (SB)	12	343424	9ff2079f	6b52e94c	SONIDO/S3M/LEM-ESC.S3M
0761be616f5a1542ca81212c566c6a5a	1	150158	player+silence	uade	Protracker	0	249180	24258274	ccf28ce6	SONIDO/MOD/CANNONFO.MOD
076bd49b1028ff7657ae9ac04b036b00	1	208879	player	st3play	Scream Tracker 3.00 (GUS)	8	148034	d1ce755e	8399b5dd	DOS/VISUA/MTD.ZIP/PRPLSKY2.S3M
077749b1699e0ad56830e2b43cf6be1f	1	234359	player	uade	Noisetracker 1.x	0	159444	b38eaf85	d9b8eb9e	SONIDO/MOD/TCB.MOD
09dd80b2a3d90a8fc744602d1c17d9c4	1	192141	player	uade	Protracker compatible	0	56958	5351f303	15f12779	SONIDO/MOD/V48.MOD
0ad51dad990111bbe18f3e614e374bcd	1	207493	player	uade	Protracker	0	69232	cbf232d3	68ec2537	SONIDO/MOD/TECHEAD4.MOD
0b18904ef4ed8c696f23cbacbede20bc	1	122997	player	uade	Noisetracker 1.x	0	61428	c571e5cf	86976759	SONIDO/MOD/DETARSYN.MOD
0c76fd62f44562fccf6a2ab4daf3bf8b	1	225718	player	uade	Noisetracker 1.x	0	135132	54c7d35e	36fe2a6d	SONIDO/MOD/BLOODMON.MOD
1236df183e9d25be418101e23a55dfc4	1	125992	player+silence	uade	Protracker compatible	0	49185	7c3f9874	020e85ad	SONIDO/MOD/YESTERDY.MOD
13593bc9d398162e335c6973045c8d9d	1	255284	player	ft2play	FastTracker v2.00	20	395354	50a3f11a	9769f9a8	SONIDO/XM/JUNGLE.XM
1418483b3a688204ed656ef074f3449d	1	7796	player	uade	Protracker	0	62072	da5a2765	2ee27653	SONIDO/MOD/ENGINES.MOD
1505e92af634fe0275263128afc8bf69	1	428128	player	uade	Protracker compatible	0	175962	02afe75b	f24860d7	SONIDO/MOD/ARMADA.MOD
1505e92af634fe0275263128afc8bf69	2	381570	player
1505e92af634fe0275263128afc8bf69	3	381570	player
1611076f2286a6b421b269ab5a49da31	1	263033	player	uade	Protracker	0	723886	48fd262e	bb07aaab	SONIDO/MOD/WHATISLV.MOD
16e9e2574357c977b5bd15b3a7d986f1	1	183621	player	uade	Soundtracker II (31 instr.)	0	159974	ae93ae13	d7248e9f	DOS/VISUA/MTD.ZIP/SOUL_O_M.MOD
173926ff91b0a86cd492ff2d0d7fd42a	0	131743	player	libopenmpt	MultiTracker 1.0	23	238515	7a0771ca	0dc38d19	SONIDO/MTM/RZ-JSTCE.MTM
1850ea3b48563238036cd35a0fc1f1e6	1	172931	player	uade	Protracker compatible	0	143674	c67352e0	ea6b5383	SONIDO/MOD/BACKPOPP.MOD
188d9410dc63417f804f13a453f392eb	1	177825	player+silence	st3play	Scream Tracker 3.2x (GUS)	11	241948	7be8996d	8005411a	DOS/MUSIC/F10_PCK6.ZIP/AFRICAN.S3M
1a8a345744529270a37c0ca54c710a44	1	160451	player	ft2play	Fasttracker	8	313186	2f4d5368	387dfa83	SONIDO/MOD/TRISTES2.MOD
1ad04dd68f3f0d09ab1ed18d3b156066	0	168204	player	libopenmpt	Digitrakker 2.3	6	9848	7dbc3fe2	a4e34ed7	DOS/MUSIC/DIGITR23.ZIP/WAKINGUP.MDL
1b5004153bd157a3a02ef4674369957d	1	158563	player	st3play	Scream Tracker 3.00 (SB)	5	200503	8e1db830	09b9ab71	DOS/VISUA/MTD.ZIP/MANGROVE.S3M
1b5004153bd157a3a02ef4674369957d	2	17883	player
1b5d08a221608b3c1017ef1602a6eada	1	191306	player+volume	uade	Soundtracker II (15 instr.)	0	86128	2f8654b1	9e16936b	SONIDO/MOD/EMBLDMNT.MOD
1efc270ee4043db6d59f40bc245b7dd9	1	172931	player	uade	Protracker compatible	0	143674	14db3eaa	35e3459c	SONIDO/MOD/BACKPOPD.MOD
1fd9de4266e6b2edf0661516a50f24ef	1	167224	player	uade	Protracker compatible	0	77267	7a764cf3	7b8cd26b	SONIDO/MOD/CANON.MOD
220237509cade92bdefa2fb39618cfc6	1	179043	player+silence	uade	Protracker compatible	0	137148	9b89fede	12f67d20	SONIDO/MOD/XENOPHOB.MOD
22c47fed811737aba1316caf533a2664	1	161395	player+silence	st3play	Scream Tracker 3.2x (SB)	16	410190	03613afc	3c6043d8	SONIDO/S3M/SALIERI.S3M
237bec92393e1c9b6f3dd3d214fbf3a3	1	167184	player	uade	Protracker compatible	0	50753	bf8db645	a6808295	SONIDO/MOD/WESTENDL.MOD
250e43ab84aaff9d56f7706fb7b72a09	1	118529	player+silence	st3play	Scream Tracker 3.2x (GUS)	16	113621	57ffbf42	536fa1ce	SONIDO/S3M/ZS-BLACK.S3M
254da18a9d5124276ef0a38340d2e5ff	1	107645	player	uade	Protracker compatible	0	54080	32800fad	28fa43d2	SONIDO/MOD/WITH_YOU.MOD
25591fda14118973bc20115e70bf4954	1	378113	player	st3play	Scream Tracker 3.2x (SB)	11	229200	563a3f9b	2bd01ab0	SONIDO/S3M/LEM-RVNG.S3M
2769e96c1d145cdf275eb7f428333ead	1	67315	player	uade	Soundtracker II (15 instr.)	0	37846	ad5a0933	917f5bd9	SONIDO/MOD/DONTWORR.MOD
27cb6be59ce5abcce95b9240b64e66c7	1	1190829	player+silence	st3play	Scream Tracker 3.2x (GUS)	16	690096	7c779ae2	8fc80363	SONIDO/S3M/K_SUNSET.S3M
27ea5b4d23e35a4aa90942495655ce9c	1	259959	player	uade	Protracker compatible	0	103202	18e45ad5	be20f2ea	SONIDO/MOD/MUSIC.MOD
2860e9b8b3d1b175ec59d1e56ba6c045	1	210205	player+silence	uade	Noisetracker 1.x	0	93588	86aef072	71de0ba2	SONIDO/MOD/ARCANE.MOD
288f441cea1d61b3ea3e12fddd10fcb9	1	219512	player+volume	st3play	Scream Tracker 3.2x (SB)	16	121558	7645f718	c1a5dd5b	SONIDO/S3M/SUBGIANT.S3M
2b19852a136fbe7d0cc764a6405374ca	1	245893	player	uade	Startrekker (4ch)	0	69424	ddd6be27	316698c6	SONIDO/MOD/CRYSTAL.MOD
2bcdfed52a54606cd5b891fd575bc850	1	157569	player+silence	st3play	Scream Tracker 3.2x (GUS)	11	139580	2b4fca9b	c9830d38	SONIDO/S3M/HUMAN.S3M
2be72bbdc7be4f8de9e53e8e853fa7a7	1	249731	player	uade	Protracker compatible	0	256088	06efa43c	6203c753	SONIDO/MOD/DOUBLEDR.MOD
2c204d71b8dbd4f7db22930607be6b37	1	407170	player	uade	Protracker	0	492346	6c70601a	e71e7d10	SONIDO/MOD/TIMEWIND.MOD
2cb6c75355eb12d7bb3af3adfede96a2	1	230541	player	uade	Protracker compatible	0	121344	8f2a633f	9f2abe5b	SONIDO/MOD/SHOUTIT.MOD
2d71d72558421752753c364183710dab	1	107645	player	uade	Protracker compatible	0	179302	ef494874	18a7d98c	SONIDO/MOD/DIGIMIX1.MOD
2e0d3c062ef189b5f72c0a79a8a1583f	1	353418	player	uade	Protracker compatible	0	95774	aef0b700	582a9c74	SONIDO/MOD/WELCOME.MOD
2e3ed869c399b4e46e20b5e0452ab7d6	1	161397	player	uade	Soundtracker II (31 instr.)	0	44410	534e3e87	a7fb8564	SONIDO/MOD/M003.MOD
2e8d8c1a8b5be375585450600cb017f3	1	157896	player+silence	st3play	Scream Tracker 3.2x (GUS)	9	219466	242260c9	7a2b389c	SONIDO/S3M/CORNER.S3M
2ff184f002dba775b3d6cd6f6bb45583	1	242180	player+silence	st3play	Scream Tracker 3.2x (GUS)	10	242074	744c1e2e	b416d4a1	SONIDO/S3M/MORNDEW.S3M
31284997875bf3cbbc210dfebaef1811	1	278095	player+silence	ft2play	FastTracker v2.00	12	345738	f71fa4e1	2358ae89	SONIDO/XM/BLR-RND.XM
33695507f7eedcd74214b78b6c9370df	1	163953	player+silence	st3play	Scream Tracker 3.2x (SB)	16	293108	79f7ea37	af94dada	SONIDO/S3M/ARTSHAW.S3M
34a4bd87cb1802c029ff11dfd7056dc5	1	321588	player	uade	Protracker	0	375580	e2051ff0	89d4fd3a	SONIDO/MOD/MRKEELTH.MOD
34b3029b5fad9bb4d91e84b5a3d4d609	1	121088	player	uade	Soundtracker II (31 instr.)	0	59846	b051d4ed	bd0c77e8	SONIDO/MOD/UPFRONT3.MOD
35381e0de6a08aa02b6bc4dc89530d0b	1	160774	player	uade	Protracker compatible	0	105606	1d2d6cd8	7d2f53ce	DOS/ANIMA/JUNGLY.ZIP/TZJUNGLY.011
35dee98ef21be9b4a7d1d4048525398b	1	61328	player	ft2play	Fasttracker (M.K.)	4	26843	d9cb2cf0	078a5eb5	SONIDO/MOD/LUCKY.MOD
35e68a051681a71a62cc2df77f21af25	1	231370	player+silence	uade	Noisetracker 1.x	0	172364	961645ec	ba861afe	SONIDO/MOD/BLOOD.MOD
37dd08f6c904d0d4a356614510f2533f	1	279586	player+silence	st3play	Scream Tracker 3.00 (SB)	9	299411	193e7379	9877f6f3	DOS/VISUA/MTD.ZIP/STRSHINE.S3M
394bcb05cf443a064473d759b120899e	1	229195	player	st3play	Scream Tracker 3.2x (SB)	16	192566	a07a7aeb	f38d8740	SONIDO/S3M/BASSDARK.S3M
3b8b9e74a73aaa871ef4b63333276014	1	215149	player	uade	Soundtracker II (15 instr.)	0	56446	7ed5c6a1	d7ff533e	WIN/SOUNDS/M4W212.ZIP/NONAME.MOD
3d3cd6402c062330052b346fdf6d3727	1	457084	player	uade	Soundtracker II (31 instr.)	0	74304	d172a90a	145a1f74	SONIDO/MOD/CYBER.MOD
3f0a4228ba19aaca1e95fe4f2bae44a4	1	115321	player	uade	Soundtracker II (31 instr.)	0	98620	ffbac108	768450d7	SONIDO/MOD/ARABIA.MOD
3f0fd4a175ff57a932f783feb929530e	1	192141	player	uade	Protracker compatible	0	56558	4577724a	e53302ae	SONIDO/MOD/WERWERU.MOD
3f536f32926b9d4db352d81259ae9f55	1	198531	player	uade	Protracker compatible	0	56644	8f6d1014	fc5f53ca	SONIDO/MOD/BLUEMOND.MOD
3fae30cb6fbcae582f754dea3ff10dad	1	80758	player	uade	Protracker compatible	0	42804	1ef09514	2de855ba	SONIDO/MOD/ACIDBAT2.MOD
407f1642268961d95c31988cf82a71db	1	57971	player	uade	Soundtracker II (31 instr.)	0	162728	f473d408	6af122ed	SONIDO/MOD/PARDILLO.MOD
40caa5f04b685e9037e7a3b1278d8826	1	198697	player+silence	uade	Protracker compatible	0	73315	7ff90534	a0c19dd0	SONIDO/MOD/NONAMED.MOD
41e3b5918d79d9105872f6af1b73d577	1	341220	player	st3play	Scream Tracker 3.2x (SB)	16	120820	26548cdd	f7e86b95	SONIDO/S3M/DAYBREAK.S3M
423855332dbb42a7d998346ffd9fda56	1	346160	player+silence	ft2play	FastTracker v2.00	24	533334	9b8fdf44	9bbe492e	SONIDO/XM/WANFUCKU.XM
42437e9a303d8c541b73a3f01b937809	1	138369	player	uade	Protracker compatible	0	38384	1e8e8bc3	66ebcd40	SONIDO/MOD/BALL_2.MOD
428515b4707773e3da912b1d094a71b8	1	196183	player+silence	uade	Protracker compatible	0	60353	00b6658f	f1b01b54	DOS/MUSIC/$SPKPLAY.ZIP/DOOM.MOD
4507e43c11aaf5dbbee15039a9eb0b11	1	320202	player	st3play	Scream Tracker 3.00 (GUS)	8	176360	2e6482ff	8344a4cf	DOS/VISUA/MTD.ZIP/TURBULEN.S3M
45769fe37cb84a5c4d5b6470b11cf219	1	265849	player+silence	st3play	Scream Tracker 3.2x (SB)	16	167301	665b9957	b8e19fdf	SONIDO/S3M/GBT-SUND.S3M
45b205dd41fe63c2de0e77ae749322de	1	222845	player	uade	Protracker	0	130010	badea64d	14110b8f	SONIDO/MOD/ELYSIUM.MOD
4724504e599bebbaca32784c32e1f5cb	1	272639	player	st3play	Scream Tracker 3.2x (SB)	6	249669	6a5d0e47	7d0256d2	SONIDO/S3M/MISSING.S3M
47f8fcbd94f70574dce232259de82fb9	1	185175	player+silence	st3play	Scream Tracker 3.2x (GUS)	16	228692	6057b905	8b2b3abe	SONIDO/S3M/SPACVOY.S3M
49199af8c39eb1042237fc40ca4bce12	1	84616	player	uade	Noisetracker 1.x	0	22248	e2b2019b	0f67c1e6	WIN/SOUNDS/M4W212.ZIP/PRELUDE.MOD
4c123d0d059684f9c869489afefbde53	1	421990	player+silence	st3play	Scream Tracker 3.2x (GUS)	8	107230	8c62009a	e24cedee	SONIDO/S3M/THELIGHT.S3M
4c808db7bf44e1800171f8cc85082ebf	1	192141	player	uade	Soundtracker II (15 instr.)	0	59320	999b48d9	cf9e2d28	SONIDO/MOD/CAMBOD.MOD
4ce7387cf12b44ab01c23ef32274eb85	1	182006	player+silence	uade	Noisetracker 1.x	0	91456	949ddd55	4bc78d80	SONIDO/MOD/SAHARA.MOD
4cec08e8fc765c3feb47f0d6235274c8	1	159233	player+silence	st3play	Scream Tracker 3.2x (GUS)	10	209992	82f0c69b	a9139d8f	SONIDO/S3M/CAVEMAN.S3M
4d00025d084db006ef2b414999430125	1	143837	player+silence	uade	Noisetracker 1.x	0	135352	b18ec91e	a8812968	SONIDO/MOD/DISCOMIX.MOD
4d7d4a10b47f0556c5737c0f49c6a731	1	631993	player+silence	uade	Noisetracker 1.x	0	116076	393a1026	34151347	SONIDO/MOD/AXEL_F.MOD
4dc28647342d182f4c81d672ef3501c7	1	42012	player+silence	uade	Protracker compatible	0	116152	2c16f9dc	a14dfc93	SONIDO/MOD/GETUP.MOD
4ed0f9266b0974983298131072f9b347	1	211836	player+silence	st3play	Scream Tracker 3.2x (GUS)	12	293648	c30b7c01	5fc6f4ea	SONIDO/S3M/EMANCPAT.S3M
4fb21db606d71d563603bc1c47fc3c69	1	199797	player	uade	Protracker	0	327426	c9b24858	64655422	SONIDO/MOD/AMBIENTZ.MOD
4fd2985634bb6df686926cb154ff9c37	1	35647	player	uade	Protracker	0	283678	5d9fd993	df46edf3	SONIDO/MOD/WEROCKYO.MOD
508ffda5ba71299221b83866a6bc36a8	1	192141	player	uade	Protracker compatible	0	78420	5aa90ec8	efcd6fec	SONIDO/MOD/BALL_4.MOD
50cadcd1963563097c56f813bffc62fe	1	132360	player	uade	Protracker compatible	0	263744	859800cc	ea0f4d53	SONIDO/MOD/BATDANCE.MOD
5124731ccc5c17e4a4f3262d6e743fbb	1	241603	player+silence	uade	Protracker	0	1054292	c18bb24d	85c4616d	SONIDO/MOD/THEBUNDY.MOD
53eeef170269c639b59f3359c006a9e7	1	142950	player	uade	Noisetracker 1.x	0	126772	71417168	f8821471	SONIDO/MOD/COVERME.MOD
540e0a6d2cf0f0a66730415f6e79d216	1	346546	player+silence	st3play	Scream Tracker 3.2x (SB)	16	549904	33e24661	5a9774eb	SONIDO/S3M/NEX-SEED.S3M
5423e4a286c958dde420bf2cdae8cbcd	1	48929	player	uade	Protracker compatible	0	275382	b45405a1	4bcb6b34	SONIDO/MOD/MIX2.MOD
5475f69b60bde173204313b51e05a06b	1	293313	player+silence	st3play	Scream Tracker 3.2x (SB)	8	131090	d38f3704	461e64f3	SONIDO/S3M/JL-ISLND.S3M
54a6033af515eb1be2c3d7a1023baa54	1	163969	player	uade	Protracker	0	27598	40f86780	bc7456f4	SONIDO/MOD/4MA.MOD
54e036c53d19c676b1dfd122a77f594c	1	158874	player+silence	st3play	Scream Tracker 3.2x (SB)	10	193856	1a7dbc8f	31708c74	SONIDO/S3M/MIDSUMER.S3M
55723277df048c88204c79e3cd80a780	1	264163	player+volume	st3play	Scream Tracker 3.00 (GUS)	8	177828	7d472789	9744e6bb	DOS/VISUA/MTD.ZIP/MERCRAIN.S3M
562ebaf6fe8494cc3f96a130452b150e	1	263276	player+silence	st3play	Scream Tracker 3.2x (GUS)	7	319921	bdd4f5ff	5f6a62c2	SONIDO/S3M/RUNNER.S3M
56b06e90e2b782a5918eeccd05e803fa	1	177675	player+silence	st3play	Scream Tracker 3.2x (GUS)	16	332576	4c4c3fe4	878956d0	SONIDO/S3M/BJ-VTE.S3M
57916e7c7f13365ebddb45a5c228be40	1	140157	player	st3play	Scream Tracker 3.00 (GUS)	2	54194	7025fee6	9f9b93eb	DOS/VISUA/MTD.ZIP/MINIMUM.S3M
584ab1d7c3e51bf9626131a2a418ea8d	1	161305	player+silence	uade	Protracker compatible	0	89422	d494ee6e	5689a31a	SONIDO/MOD/STOROCH.MOD
5b14a2b98a2e52f90aba3a34c9361572	1	331917	player	uade	Protracker	0	282768	318436a6	6b204ea0	SONIDO/MOD/VLD.MOD
5ca3f091069fd9c8244c402047e4dcc9	1	280915	player+silence	st3play	Scream Tracker 3.2x (GUS)	16	388836	4de30f13	52d56dc2	SONIDO/S3M/NAIDS.S3M
5ca87d65b9f0e4388a1a3b563c42c24c	1	176059	player+silence	st3play	Scream Tracker 3.2x (GUS)	13	336246	ba0e0264	28292a26	DOS/MUSIC/F10_PCK6.ZIP/TOUCH.S3M
5df1254adea2530fd1eed2685da40874	1	140278	player	uade	Noisetracker 1.x	0	48082	904081e0	cb4bf11e	SONIDO/MOD/DONTGO.MOD
600bbcbf6dd8048b9926a8fd6098a2da	1	361057	player+silence	st3play	Scream Tracker 3.2x (SB)	16	154190	d619b43f	4273e6f1	SONIDO/S3M/GBT-DEPP.S3M
609d6933bf28d1886ec8fcb76b86dd4e	1	124805	player	uade	Protracker	0	76770	5e314d37	546fc339	SONIDO/MOD/UNDERGRO.MOD
60f83a0f914d4edeca8534f0d29474d8	1	230541	player	uade	Soundtracker II (31 instr.)	0	74618	99a9a672	42831556	SONIDO/MOD/HUNGRY.MOD
6260ad4df3ea4792f90e7397c5aefecb	1	197737	player+silence	uade	Protracker	0	268222	dd965c83	de6151bc	SONIDO/MOD/NOLIMIT.MOD
62e5889862b4060a2e1f5f91639cf6a0	1	152429	player+volume	uade	Protracker compatible	0	144204	8c2227a7	1bedd91f	SONIDO/MOD/ASPHYXIA.MOD
6358fbaf2ed1151e0d24b4062cb2e838	1	129485	player+silence	uade	Protracker	0	119730	3161c14c	c9ef58de	WIN/SOUNDS/ULTIMOD.ZIP/OH_YEAH.MOD
6384023f7276ec41f014adf3722bd8b6	1	248150	player	ft2play	Fasttracker	8	321474	a9c30ee1	c3fabf8c	SONIDO/MOD/V_SDREAM.MOD
644b1d04fdc17981b390a159b6958bf5	1	216294	player	st3play	Scream Tracker 3.00 (GUS)	8	289886	e3bfd9dc	efc23167	DOS/VISUA/MTD.ZIP/CAPTURED.S3M
644b1d04fdc17981b390a159b6958bf5	2	15311	player
64771d7483a577f3eb01d6eb39defeca	1	198170	player+silence	st3play	Scream Tracker 3.2x (SB)	16	85396	3983ac88	1fa90843	SONIDO/S3M/YOURSONG.S3M
64b09b5cf59868ab1afad0f16a016375	1	196803	player	st3play	Scream Tracker 3.01 (SB)	6	187547	8dbaf689	b8a3d6f3	SONIDO/S3M/NITETIME.S3M
654cc5b91751fd3fef637c4ec0a35e3c	1	112826	player+silence	st3play	Scream Tracker 3.2x (GUS)	9	162111	8cc0d194	cd8093cd	DOS/MUSIC/F10_PCK6.ZIP/DIVEJAZZ.S3M
659d5af0d3b9f770dfeed4b9f19154ad	1	170118	player	st3play	Scream Tracker 3.2x (SB)	16	214808	1fbfbe2e	75dc4ea5	SONIDO/S3M/NV-BEYON.S3M
67090fe1c0a8095f83bee865131d1e91	1	168189	player	st3play	Scream Tracker 3.2x (SB)	6	294107	89869dbf	d38687c5	SONIDO/S3M/BEAT.S3M
6730c5678ef73408d937701316a412b7	1	61568	player	uade	Protracker compatible	0	68176	5934d65b	f26d1f38	SONIDO/MOD/RSI_SLL.MOD
690308922beb9c7e68652de4bbc230b6	1	153721	player	uade	Noisetracker 1.x	0	87230	84f0aad9	f4ee7113	SONIDO/MOD/JOMPA.MOD
69c96bb02f87dcad68d2e1ed1f9d9fc2	1	123921	player	uade	Protracker compatible	0	64090	614b1e88	52ccec09	SONIDO/MOD/WAY_ITIS.MOD
6abb5cf1c46dc37dd71bcf0f270a6260	1	190288	player+silence	st3play	Scream Tracker 3.2x (GUS)	12	271088	cdcba177	3a960b1b	DOS/MUSIC/F10_PCK6.ZIP/ANORMAL.S3M
6abb5cf1c46dc37dd71bcf0f270a6260	2	33557	player
6ba65801c817435ed584c317de48c616	1	192141	player	uade	Protracker compatible	0	88480	89d1e536	843334ad	SONIDO/MOD/6BEAT.MOD
6bba241300965536305e2d175d97892b	1	122494	player	uade	Protracker compatible	0	66942	879e54c5	c828442c	SONIDO/MOD/BALL_3.MOD
6be79c1ec3d097ec99436262809f3b7e	1	90005	player	ft2play	Fasttracker (M.K.)	4	87120	6490bef3	d75b7546	SONIDO/MOD/BREATH.MOD
6c18f63aa4778255364905640eec3a69	1	56746	player	uade	Noisetracker 1.x	0	128684	3455bf5e	cfa3a0af	DOS/ANIMA/JUNGLY.ZIP/TZJUNGLY.001
6ce82f65216ddeeec6b9732c47eeaccc	1	185148	player	st3play	Scream Tracker 3.2x (SB)	8	144556	b7044d4c	c65aae94	SONIDO/S3M/TERROR.S3M
6d6046d09337d151e467bcecf0f4c905	1	66290	player	uade	Protracker	0	29752	df58a3bc	0443a90d	SONIDO/MOD/L2INGAME.MOD
6dc75376424f9914be51e36326923773	1	354965	player	st3play	Scream Tracker 3.2x (SB)	16	215892	47d5436f	48c562e6	SONIDO/S3M/DEMONICB.S3M
6e80236daecebea0cc3b981ed3de7302	1	180265	player	st3play	Scream Tracker 3.2x (SB)	8	279040	c5ddcb92	4615a9d8	SONIDO/MOD/BJ-ADAY.MOD
6f1c3226e61d5331c29b5350f62a9f39	1	139434	player	st3play	Scream Tracker 3.00 (SB)	16	120474	183eb81e	7dd4e0cc	DOS/VISUA/MTD.ZIP/SPRING.S3M
703caa1ef0b334686ca3b40d1058e090	1	162728	player+silence	uade	Protracker	0	99768	a710ca0b	f496dca3	SONIDO/MOD/DONTUWAN.MOD
71eafc4232dbe39a8413dacab0872366	1	121088	player	uade	Soundtracker II (31 instr.)	0	55752	471d4c65	aea7134e	SONIDO/MOD/UPFRONT_.MOD
72a25482396e98c67d47103ff3edd86a	1	384122	player	uade	Noisetracker 1.x	0	117012	5bdd55d4	72d555b1	SONIDO/MOD/BAAL.MOD
72d8d99f4886b5e0d48bc2a2b271af5c	1	169093	player	uade	Protracker	0	83311	fcd1f51d	f10fdc05	SONIDO/MOD/LOTUS2.MOD
7359434e0692f7f6c8048d29d35a5896	1	472124	player+silence	st3play	Scream Tracker 3.2x (SB)	16	248796	3c18b4e3	5e86cb6a	SONIDO/S3M/GBT-HIP2.S3M
7415a45ff2280f157cfe9d057c1d5e4e	1	349305	player	ft2play	Fasttracker (M.K.)	4	101312	fe84055f	585e1888	SONIDO/MOD/TRK4-KLF.MOD
74a218fcbea734e57070aa6e87c8fe4a	1	15472	player	uade	Noisetracker 1.x	0	22232	ba39684b	ef583120	SONIDO/MOD/DESPERAD.MOD
758719a7a7a9c22b7cebb1b36a457d24	1	96130	player	uade	Soundtracker II (15 instr.)	0	56592	4640acc6	9976d567	SONIDO/MOD/ALIVE.MOD
76a9d36bcc9ec797b9b242353abeb8c8	1	320739	player+silence	st3play	Scream Tracker 3.2x (SB)	16	373843	f3d7fc06	cf99e4ed	SONIDO/S3M/FINA-DCR.S3M
782fba4eb3ba356a8a089712a89ddfa8	1	324375	player+silence	uade	Protracker	0	580062	5f655f2b	012819d5	SONIDO/MOD/POWER_OF.MOD
7893f9ac73d73c0eb22031cd5c799b2d	1	99667	player	st3play	Scream Tracker 3.2x (GUS)	16	30570	3a8a8850	a71740fe	SONIDO/S3M/CHIPFLIT.S3M
7a0ec990a7ac50125b6af134c4b1bd14	1	302335	player+silence	uade	Noisetracker 1.x	0	78699	a1818b63	24b34873	SONIDO/MOD/AMIGA7.MOD
7b3d740e6db3a4670a1a64feab20fee3	1	145663	player	st3play	Scream Tracker 3.2x (SB)	10	262816	c2b414b1	27f3d9cb	SONIDO/S3M/NV-WINDS.S3M
7b8be7b931be6a50dc8c2ee58f367d18	1	414807	player+silence	uade	Protracker compatible	0	165182	30907800	91488a2d	SONIDO/MOD/M2010.MOD
7bc36d894c73ecf6646cdced803c3267	1	130331	player	st3play	Scream Tracker 3.2x (SB)	16	39904	3dae4152	0c4276ad	SONIDO/S3M/MUSICIND.S3M
7c2ef81d11c318c512c8d5322db2a032	1	202964	player+silence	st3play	Scream Tracker 3.2x (GUS)	14	164804	18dd4ef8	955b9853	SONIDO/S3M/ELECTRCY.S3M
7c94d677cbd8445a8078e929a5fb2173	1	122997	player	uade	Noisetracker 1.x	0	90024	8a9226f3	3b4e4a5b	SONIDO/MOD/CHALLENG.MOD
7ca6e79be6599e7c42ab8648537d6606	1	182315	player	uade	Protracker	0	604676	ba09b36b	49bbd274	SONIDO/MOD/WHATSUPD.MOD
7d0ddb3534f1b911a9aa7248fcf842ce	1	256141	player	uade	Protracker compatible	0	105336	4f7a996b	7b629ae1	SONIDO/MOD/BEAT.MOD
7f32dc8c76495086c2c39290f6eb418e	1	162683	player	uade	Protracker	0	381487	97d7d9c6	d852a38e	SONIDO/MOD/TREK.MOD
7fc9fd47b9098090e9ce847bd11080ca	1	189321	player+silence	ft2play	Fasttracker (M.K.)	4	184220	8ddba614	27a6948d	DOS/VISUA/MTD.ZIP/SHADOWRU.MOD
7fc9fd47b9098090e9ce847bd11080ca	1	189321	player+silence	ft2play	Fasttracker (M.K.)	4	184220	8ddba614	27a6948d	WIN/SOUNDS/EASYMOD.ZIP/SHADOW.MOD
7fe4758cfed6c9f67b33fe1f662a1490	1	111483	player	uade	Protracker	0	80000	34ad3364	793f1539	SONIDO/MOD/THRADDAS.MOD
80c07eae6d33ed5eb661a0d9031e5c8f	1	373492	player	uade	Protracker	0	207478	67ebccd3	1bad9790	SONIDO/MOD/CORTOUCH.MOD
8126b2f3c252c9093fadf925ec9eb5a4	1	307743	player	st3play	Scream Tracker 3.2x (SB)	16	284154	2b35c618	41e9c326	SONIDO/S3M/CL_BIZAR.S3M
820eeda87ff43991709205d01541725a	1	163647	player	uade	Noisetracker 1.x	0	131446	de11a63b	645589f7	SONIDO/MOD/SMOOTCRI.MOD
8224e7d282d5af56f3b5d10054eb57c8	1	97236	player	uade	Protracker	0	87720	8e37c547	aa9b0332	SONIDO/MOD/DUSTWARS.MOD
8293aca24f01d76c9c9974e9542e08c9	1	264213	player+silence	uade	Soundtracker II (15 instr.)	0	112192	ddba383d	0ce21ba8	SONIDO/MOD/WOWST.MOD
82ea7835b4db0b205a33cc10289eb1b3	1	213600	player+silence	uade	Protracker compatible	0	190361	c270ea8a	849b4ee1	SONIDO/MOD/RIDETRIP.MOD
8487d68a9085d6d1d40c6ecc8820b773	1	211745	player+silence	uade	Soundtracker II (31 instr.)	0	113064	5c83ad5c	2715c095	SONIDO/MOD/VIDEO.MOD
84e548469daeccc6c7aabf059d427d21	1	122896	player	uade	Protracker compatible	0	64889	fddf5a7e	6a1934ed	SONIDO/MOD/TUBELLS2.MOD
85b4863e146f74160c555513979fa228	1	157553	player+silence	st3play	Scream Tracker 3.2x (SB)	16	243840	d79f656e	ab7b3a0f	SONIDO/S3M/FINA-NPH.S3M
85e1ad81673e29d632a003e0a092a427	1	112527	player	st3play	Scream Tracker 3.2x (SB)	16	115204	8f2676f4	45a67840	SONIDO/S3M/SUBTRAVL.S3M
86fbefb276e62eac4d7d56b1cafd8b33	1	389427	player+silence	st3play	Scream Tracker 3.2x (SB)	16	232485	58e81299	6537ac4a	SONIDO/S3M/DESTINY.S3M
872c80094ba5eab1315195e933d4cfcc	1	195667	player+silence	uade	Protracker	0	84520	9f39f472	a8451761	SONIDO/MOD/WATERS.MOD
8a2fa256a6d30e916896f6dbd05d218b	1	213608	player	ft2play	FastTracker v2.00	14	312624	d1da51a5	a1392a7a	SONIDO/XM/JOLT.XM
8a42b8b6abe4a877afffba2438077577	1	158381	player+silence	st3play	Scream Tracker 3.2x (GUS)	16	464966	4b160fc4	de700337	SONIDO/S3M/ZS-RTRIB.S3M
8ad29522efeac6526f93a809456733b5	1	242055	player	uade	Protracker compatible	0	106026	e4ee9063	456aae5c	SONIDO/MOD/CHICAGO.MOD
8b534005d4e027d8189b54810322d3c0	1	192884	player	st3play	Scream Tracker 3.2x (GUS)	16	332676	ead5f025	cbcfe11d	SONIDO/S3M/OMG-ESC.S3M
8bd78d13cd6abb51a26bc0016c5aab2a	1	135797	player	uade	Soundtracker II (15 instr.)	0	124592	ff453c61	bbe9a326	SONIDO/MOD/ZOLTAN.MOD
8db472ba2344ff8616926573fafd9ba9	1	249731	player	uade	Protracker compatible	0	100696	289c7daf	7e0da601	SONIDO/MOD/VISION.MOD
8e48f2341da7ce45dbc6f38d6af32e21	1	288829	player	ft2play	Fasttracker (M.K.)	4	119231	a5d22d6c	2ef38997	SONIDO/MOD/UNKNOWN.MOD
8e575bf7c24d23afd972f23788167aa5	1	265103	player	uade	Protracker compatible	0	115780	56fa9cf3	86dc30ef	SONIDO/MOD/AMIGA8.MOD
8eaf470a40705d7048a5754d1a3699a5	1	237333	player	uade	Protracker	0	265170	c8b97658	f85be79e	SONIDO/MOD/WRLD_WAR.MOD
915ca9bedfb0dd98e10aa734d46323dc	1	381410	player+silence	uade	Protracker compatible	0	110236	9ee57ab2	295fc42f	SONIDO/MOD/WERETHED.MOD
91a6203aba5baf74d88e1af67b98f8f8	1	458370	player	uade	Noisetracker 1.x	0	106512	3ae57e06	8c83c48f	SONIDO/MOD/NO_SENSE.MOD
91ec97280e66c540cd6bbb6baa699a95	1	411372	player+silence	st3play	Scream Tracker 3.2x (SB)	16	827298	d31afbb1	22a89968	SONIDO/S3M/K_SUBHI.S3M
924c59d6d9cd70728fa0edadfc3c3ddb	1	166521	player	uade	Noisetracker 1.x	0	88448	7b64c2dd	1304f31d	SONIDO/MOD/CASATERR.MOD
92622645c85727a9f05b342eac749349	1	115321	player	uade	Protracker compatible	0	89366	5f7f14b4	328e17ef	WIN/SOUNDS/EASYMOD.ZIP/PEDAL-D.MOD
93d41b463e69ca1accbc906911236735	1	76505	player	ft2play	Fasttracker (M.K.)	4	28185	fb8e966e	fc714b15	SONIDO/MOD/RENDEZVO.MOD
95f54b79bb36910f9b2c426b01799ba6	1	188283	player	uade	Protracker compatible	0	61060	cd9234eb	116a8583	SONIDO/MOD/BATMAN.MOD
9611407db37a9608387b5150217add1c	1	84616	player	uade	Soundtracker II (15 instr.)	0	39470	ce89e4f3	c75d0460	SONIDO/MOD/TUBELLS.MOD
966b720f879ec873df03d5d4f1b32c7c	1	198628	player+silence	st3play	Scream Tracker 3.2x (SB)	9	134994	8867ffed	1a838feb	SONIDO/S3M/XC-PULSE.S3M
96a902c30aa1dec1d6937570f218499a	1	240134	player+silence	ft2play	FastTracker v2.00	24	643775	565a4173	7d8ab4f8	SONIDO/XM/WK-ANTHM.XM
96da77c95cdfb12320addc527c573ace	1	214687	player	st3play	Scream Tracker 3.2x (SB)	6	85072	f94f4d56	44c5e0de	SONIDO/S3M/JL-RAGE.S3M
97b4ec5cec51afb5be0a785221200c83	1	463494	player	uade	Protracker	0	753170	ff66d378	76e851b0	SONIDO/MOD/ORBITALD.MOD
9812b9123e1ecdae53312e7bcf501fa7	1	197507	player+silence	uade	Soundtracker II (31 instr.)	0	60580	1ffeddca	b999c3a4	SONIDO/MOD/DEADLOCK.MOD
98f666b7199a6dbff2714c8b6c6b0261	1	121731	player	uade	Protracker compatible	0	44244	dcb36e28	0bf3c57b	SONIDO/MOD/THETRIPT.MOD
9a9ef6013477f9f8271fca1efcaadf1a	1	486221	player	uade	Protracker	0	383398	700451e3	0829a036	SONIDO/MOD/DEEPFING.MOD
9dac9bf541b39d28dd6ba52d82882312	1	226194	player+silence	ft2play	Fasttracker (M.K.)	4	84651	2f1cfc3f	f1c74183	DOS/MUSIC/KARAOK25.ZIP/OIMD20.MOD
9eb421965c9a732fa3f07eaae4ea9db4	1	122997	player	uade	Protracker	0	156990	4d693e10	a4a9d2d5	SONIDO/MOD/WILLTELL.MOD
9eb68b3264baae33264dd21ce031cc94	1	215249	player+silence	st3play	Scream Tracker 3.2x (GUS)	12	220928	9eed2969	9f7b051d	SONIDO/S3M/ETHEREAL.S3M
9ee82905d899a218b7c8337932430c8a	1	53872	player	uade	Noisetracker 1.x	0	46028	ec5227a8	70eba023	SONIDO/MOD/TELEPHON.MOD
9efefb334c42b4a7eb4abd3fbfee0bf8	1	352714	player	st3play	Scream Tracker 3.2x (SB)	8	197217	367c8851	c6386cd5	SONIDO/S3M/DIGISTRM.S3M
9f032f39e6389d5f0dfb7a11a8810713	1	384117	player+silence	st3play	Scream Tracker 3.2x (GUS)	16	216536	571c871f	8c5ce34c	SONIDO/S3M/JUNGROOV.S3M
9f95b65da10f706452c7726462845066	1	310016	player+silence	uade	Noisetracker 1.x	0	102963	417f5209	74bf7cf4	SONIDO/MOD/MAGNETI2.MOD
a022c3a070477fa117f5ba55e2cff24d	1	158989	player+silence	st3play	Scream Tracker 3.00 (GUS)	10	153648	196cf771	4f26bed1	DOS/VISUA/MTD.ZIP/AMAZONAS.S3M
a18f6610c47ce8f712dbc020cb479fec	1	89720	player	uade	Protracker compatible	0	45359	24646d0d	3ab68a8c	SONIDO/MOD/STANDBY.MOD
a59423d4301f613980d5158d37e5b02d	1	37762	player	ft2play	FastTracker v2.00	6	461734	f99a013d	332d660e	SONIDO/XM/LIROY!.XM
a6a9432892e059bb1d879ddd2d6dbbf1	1	66260	player+silence	uade	Noisetracker 1.x	0	75410	ad0d7cd6	cb846612	DOS/ANIMA/JUNGLY.ZIP/TZJUNGLY.000
a76b29ce354fdb65c9d731ae1466d4b6	1	75994	player+volume	uade	Protracker compatible	0	56417	3e3e3d45	77cbf955	SONIDO/MOD/VERMIL.MOD
a963e03ecf3564c4a3fe4426946c0537	1	393368	player+silence	uade	Protracker	0	95992	caa247b6	d6275ea1	SONIDO/MOD/PIECEOFT.MOD
a9a25514b600cd35b1ce283e41ed778b	1	230019	player	st3play	Scream Tracker 3.01 (GUS)	6	81136	15f1ab92	c16159f3	SONIDO/S3M/622.S3M
aa56c57b0765279c7a42ff35e71aca6e	1	101134	player+volume	st3play	Scream Tracker 3.2x (GUS)	16	219342	9e8a92c9	06bcf461	SONIDO/S3M/THEDWARF.S3M
aacdbd52eaa768c9a7000c03cb9e75b5	1	84315	player	st3play	Scream Tracker 3.2x (SB)	16	146912	49c236d3	2a913940	SONIDO/S3M/4MORN.S3M
ac67f9e42955452dfac59bd0f17c6207	1	247707	player+silence	st3play	Scream Tracker 3.2x (SB)	16	127360	bc339d74	63cf6aaf	SONIDO/S3M/GSTREAM.S3M
ae3db39acd383dde748dc4d730cd2bdb	1	122677	player	ft2play	Fasttracker	8	155238	fafa15a4	493e197e	SONIDO/MOD/TUNE.MOD
af70aeabffa1374fba1f5ff6015f573a	0	412065	player	libopenmpt	Generic ProTracker or compatible	4	229701	f516f461	f7f20297	WIN/SOUNDS/ULTIMOD.ZIP/DRAGNET.MOD
aff2eddf637c138fa5aca58eadba8104	1	172931	player	uade	Protracker compatible	0	197824	26554762	11b47e2d	SONIDO/MOD/AFRICA.MOD
aff7b604965abbf223a677dc4ff28e3f	1	176769	player	uade	Protracker compatible	0	276388	5aa6da46	12f5eea1	DOS/ANIMA/JUNGLY.ZIP/TZJUNGLY.003
b081ccdaf9fa25b0fa9231aa68e4f15a	1	207668	player+silence	st3play	Scream Tracker 3.2x (GUS)	12	256449	98dea48a	287906de	DOS/MUSIC/F10_PCK6.ZIP/UNDESTHT.S3M
b0f9b5327a69c3c97c93ef6a586f43d2	1	176769	player	uade	Protracker compatible	0	138571	9c0b9219	b9723c66	SONIDO/MOD/PUNCHSMA.MOD
b1488751b2aa92eae1d812f5562e9fce	1	145926	player+volume	uade	Protracker	0	397064	8a89983e	ee2c13d7	SONIDO/MOD/EXITTONO.MOD
b207646995d8c433e5e9242785a62a0f	1	257641	player+volume	ft2play	FastTracker v2.00	10	228675	bc6b9f2d	37c42014	SONIDO/XM/DREAM.XM
b368ac534b913b4576623e040f7dcb96	1	178195	player	uade	Startrekker (4ch)	0	43448	3426e160	e79d1131	SONIDO/MOD/EQUINOX4.MOD
b3699127fba51af8fc369b563404e9da	1	127387	player+silence	st3play	Scream Tracker 3.2x (SB)	12	273600	1878c4db	bbc8ec74	SONIDO/S3M/CONTROL.S3M
b468884428f22564ca0465497769e5d2	1	145361	player	uade	Protracker compatible	0	340342	e2561cf3	26ef6b5b	SONIDO/MOD/MIX.MOD
b54fdf75875635079bafb6d22e45b689	1	207493	player	uade	Soundtracker II (31 instr.)	0	79750	08c17226	d4e0e3b4	SONIDO/MOD/APPROACH.MOD
b6c0db6e8c3cba3acd24e00de197f42a	1	279069	player	uade	Protracker compatible	0	148908	798a9396	7858c366	SONIDO/MOD/BRIDGE.MOD
b7a18450d7d61ac46d273d60e96286ad	1	174369	player+silence	st3play	Scream Tracker 3.2x (SB)	8	288848	dd7df6c3	13923b17	SONIDO/S3M/SPACE3.S3M
babd95149418c2e4ab9c542f34fe0adf	1	151832	player	st3play	Scream Tracker 3.00 (GUS)	8	199962	09781a92	b62cd0fc	DOS/VISUA/MTD.ZIP/AQUA.S3M
bac1e49efcbec0071ef2b7c664047932	1	141197	silence	uade	Protracker	0	780506	8346e797	569848d4	SONIDO/MOD/PANDORAT.MOD
baf6ad86b29d3ee5e57648f4a4201ee7	1	107662	player+silence	st3play	Scream Tracker 3.01 (GUS)	16	212842	804fc221	74e8e338	SONIDO/S3M/GOTHIC.S3M
bb2f1d69ea6828e0050b0b2e7147a992	1	346733	player+silence	ft2play	FastTracker v2.00	20	2803298	68f1385a	b5500a99	SONIDO/XM/JOURNEY.XM
bc9452bf04c847cf65361cf9ae22d471	1	274368	player+silence	uade	Protracker	0	133636	e92d64b9	08f2e20c	SONIDO/MOD/DEEMUSEK.MOD
bc9a8e6bfe8b08e6a58ff1018c4e1f6d	1	103806	player	uade	Protracker compatible	0	32413	f1ce7928	52d44af0	SONIDO/MOD/COPE.MOD
be04eb7a2d4ae922828d0e110b9730bd	1	212874	player+silence	uade	Noisetracker 1.x	0	52096	af13b37d	3825403d	SONIDO/MOD/MUZMUZ.MOD
c13a01a6eef95e044016b3b080b676ea	1	229577	player	uade	Protracker compatible	0	115260	551fcd57	64bfa13c	SONIDO/MOD/UNVEILED.MOD
c1ea8a1c60cb0fcde734224fef8a4902	1	414971	player+silence	st3play	Scream Tracker 3.2x (GUS)	16	275248	bdff6319	ad3a1d4b	SONIDO/S3M/FLASHSUB.S3M
c24a60389b14ecfea13d00b820b160f1	1	159363	player+silence	ft2play	Fasttracker (M.K.)	4	66261	a35d3754	adb9405c	SONIDO/MOD/PETRA.MOD
c24f9b2d2703b7cb9d8cdf72942d3f8b	1	96130	player	uade	Protracker	0	93984	27b9992f	96bb2f88	SONIDO/MOD/WANDER.MOD
c2b964a1232352837c7a7d6d1afcc050	1	124825	player	st3play	Scream Tracker 3.01 (SB)	16	146042	30dd130a	f21303fc	SONIDO/S3M/R!LATE.S3M
c3b7b766bd64592ed628f6bcae8850b3	1	176769	player	uade	Soundtracker II (15 instr.)	0	78278	0c116ebd	4e936c82	SONIDO/MOD/EDGE8.MOD
c5df08af72bfc19aed048deb7e363760	1	122997	player	uade	Noisetracker 1.x	0	76324	2042379d	b83c7c91	SONIDO/MOD/DEATHSTA.MOD
c64c469e71e8a0ffeb20a758f941aee3	1	92272	player	uade	Noisetracker 1.x	0	170378	269a73f8	a2e45029	SONIDO/MOD/ATARI.MOD
c6fdc0b3ad8a46accec797bdd28c3032	1	328010	player+silence	uade	Startrekker (4ch)	0	339968	228e7d6f	3c593e14	SONIDO/MOD/FREEDOM.MOD
c78f8aaf1f5223a405f1df9a65a5cedb	1	227848	player	st3play	Scream Tracker 3.2x (GUS)	11	201926	f9147d7d	b6ed69f6	DOS/MUSIC/F10_PCK6.ZIP/D_AFFAIR.S3M
c7cd200a240dc552b9ad551995984110	1	30824	player	uade	Protracker	0	24518	8a405907	133b5019	SONIDO/MOD/PXLOADER.MOD
cacb177ced34f706a10db05045a3cb2d	1	108810	player	uade	Protracker	0	60974	fa370451	401f9f69	SONIDO/MOD/TUNNEL1.MOD
cb824dca2199c8996f42c35ca05030cc	1	272059	player+silence	st3play	Scream Tracker 3.2x (SB)	16	264628	a93f9df1	cc4775ca	SONIDO/S3M/DEMONICA.S3M
cba4be5ab4dcc577b2393568d0b3faea	1	228033	player+silence	st3play	Scream Tracker 3.2x (GUS)	16	343840	e756400a	a967c26d	SONIDO/S3M/ZS-ENCHN.S3M
cbb08f2b668336f44a7d62e99a0071ec	1	154270	player+volume	uade	Noisetracker 1.x	0	86158	72e813a0	137d4175	SONIDO/MOD/ALF.MOD
cbba224aac866f513dcd1f94c215dfde	1	209309	player+silence	st3play	Scream Tracker 3.2x (GUS)	13	257146	45229304	4322d48e	SONIDO/S3M/VISION.S3M
cc46752a2b951b9ddcbb4baca6cbc3b8	1	185289	player	uade	Protracker	0	452356	bdd32a9d	723d51b4	SONIDO/MOD/DEATHINY.MOD
cd820e3cf8af19cd2f044e61b3eadd96	1	259668	player+silence	uade	Protracker compatible	0	51260	139988e7	3fa9cfdb	SONIDO/MOD/BACARDI.MOD
cff4886f389b85cec3ae77a3060e2d9b	1	71716	player	uade	Noisetracker 1.x	0	138310	d1289eb8	fc7504cf	DOS/ANIMA/JUNGLY.ZIP/TZJUNGLY.002
d00a87875fa64b4dac8fd4131e36b6e4	1	260703	player	st3play	Scream Tracker 3.2x (SB)	6	33106	c62e05f6	31353a4c	SONIDO/S3M/JL-ELIXX.S3M
d1f14299fc4bff87912fb3858a05a009	1	157659	player	st3play	Scream Tracker 3.01 (GUS)	6	70208	49bcd37e	943df122	SONIDO/S3M/ULTIMA.S3M
d211498d5ffaeb888f5789d3c61e2771	1	69129	player	ft2play	FastTracker v2.00	6	135557	469d4632	d0365255	SONIDO/XM/WK-MFD.XM
d29101ae4f18f4a6d9263a24c64b1125	1	118580	player+silence	st3play	Scream Tracker 3.2x (GUS)	9	378008	35a05331	1a56921b	DOS/MUSIC/F10_PCK6.ZIP/SHOOK.S3M
d2c8bb747c4643a3a5b0a9411c28cfc9	1	311621	player	uade	Protracker compatible	0	151702	d19e79ee	2719a72b	SONIDO/MOD/AIR.MOD
d3bac02c74ce6a189256a938d07420ba	1	248672	player	ft2play	FastTracker v2.00	14	280114	da6f5d51	dfbdd3a0	SONIDO/XM/WK-RIGHT.XM
d3d7763fb8d4990b1c81156743d7241d	1	208136	player	uade	Protracker compatible	0	144026	948b918f	4776241e	SONIDO/MOD/ZINE_SFX.MOD
d4eeb01802696a14a3b0643b7a70eb45	1	314094	player+silence	st3play	Scream Tracker 3.2x (SB)	8	220538	38b0b1f3	73fcdd84	SONIDO/S3M/JL-PORTL.S3M
d517426b8719cdd76c101730df043962	1	245893	player	uade	Protracker compatible	0	460096	4de7c7f5	041112b5	SONIDO/MOD/DIGITALA.MOD
d521b06bb943ccc79661bc9952f51f74	1	136598	player+silence	st3play	Scream Tracker 3.2x (GUS)	12	235360	54e12468	0d0a1069	SONIDO/S3M/CITY.S3M
d5552e06df11ecd67cea4d181c9b5f3e	1	305167	player	ft2play	Fasttracker	8	201990	a6cb2277	60a60f3b	SONIDO/MOD/WISHES.MOD
d5d4b02731591ecc350f6e18d8e61c6a	0	51123	player	libopenmpt	Digitrakker 2.3	6	5007	2370a17f	9070d869	DOS/MUSIC/DIGITR23.ZIP/CHIPZONE.MDL
d63641828d7607e27d1c9108e758a32b	1	199797	player	uade	Noisetracker 1.x	0	62123	6430fdd6	17df3305	SONIDO/MOD/D_EQUINO.MOD
d6bf7363bb36b904290580479a752c46	1	281159	player	st3play	Scream Tracker 3.2x (SB)	16	354368	01be9126	cdbcfc71	SONIDO/S3M/WPL-REDR.S3M
d8c19f9c37d9831b9bf4f3efa60a33bb	1	111925	player	uade	Protracker compatible	0	121732	af026358	a3850fdc	SONIDO/MOD/BOISTER.MOD
d90ba20e0c14b6f2567604b50af178f7	1	59298	player	uade	Protracker	0	29778	b0a74ebd	6b3d2da4	SONIDO/MOD/L1INGAME.MOD
d9f7a0f3320ddf94abd7d27792ea0809	1	460942	player	uade	Protracker	0	282838	677c71d4	0a4365e5	SONIDO/MOD/TECHMARU.MOD
dac416ef06b9fc56227a2d8eff1431d0	1	215149	player	uade	Protracker compatible	0	76568	34fc965d	2d63d960	SONIDO/MOD/THEMODEL.MOD
dad3053c6f8114707c9a6df6cef28f6f	0	194318	player+silence	uade	Ultimate-Soundtracker or compatible	0	50440	f3a2af8a	b333932c	WIN/SOUNDS/M4W212.ZIP/V42.MOD
dafd33e892b1b46b898d141fbbf10c66	1	367198	player+silence	st3play	Scream Tracker 3.2x (GUS)	16	392916	0abc6e41	3ab4ae5e	SONIDO/S3M/K_RAT.S3M
dce6575bc955391b32362e055cf88fcf	1	244991	player+silence	st3play	Scream Tracker 3.2x (GUS)	12	78480	fb46f408	5fbd1e2d	SONIDO/S3M/MAJESTIC.S3M
ddb5f6613eb0f40795441fda40bda774	1	214687	player	st3play	Scream Tracker 3.2x (SB)	10	187050	15c430ed	a4ca6663	SONIDO/S3M/AMBIENT.S3M
de6330bc4835fff829e59fc507f82dbb	1	138369	player	uade	Protracker compatible	0	26534	7ff28b63	7fada3ce	WIN/SOUNDS/M4W212.ZIP/SHORT.MOD
df6f3fa16627660429a20ecfb27b27e7	1	92915	player	uade	Protracker compatible	0	104666	aa8a7727	ba73a784	SONIDO/MOD/CONCERT.MOD
e138931b4ff0543d2425ce788955076b	1	205624	player	uade	Protracker	0	408034	b6a5cf3a	ce7d85c7	SONIDO/MOD/DEFLORAT.MOD
e27e21a84bf649abf7efa5456375d03e	1	199797	player	uade	Noisetracker 1.x	0	65933	67699f77	2faa38f5	SONIDO/MOD/FINALVIS.MOD
e40f7fa06261f1a2f253667ed278430a	1	76659	player	st3play	Scream Tracker 3.2x (GUS)	16	184858	70af09b1	1286e76c	DOS/PRESEN/AN_MOD0.ZIP/MODEL0.S3M
e4174cb9b8c46b40acd4f3c84076273e	1	122677	player	ft2play	Fasttracker (M.K.)	4	111700	74047250	fcf377d1	SONIDO/MOD/7.MOD
e41e75011a2547a9bdd0bb924179ce47	1	59	player	ft2play	Fasttracker (M.K.)	4	302938	c1d793b4	97edd838	SONIDO/MOD/FEELIT.MOD
e46db585340bca221bc794f63793bf0f	1	449770	player	uade	Protracker compatible	0	363810	59b2a5e9	ff4bff00	SONIDO/MOD/MAKINA2.MOD
e4fd94366dc7e587e2a619432d056290	0	188893	player+silence	libopenmpt	Ultimate Soundtracker 1.0-1.21	4	76916	2a1ba904	b424f969	WIN/SOUNDS/M4W212.ZIP/SLL2.MOD
e5c8564a60aecf8e701681251aa2bbb3	1	28915	player	uade	Protracker	0	17026	6e756b71	5c8ccde1	SONIDO/MOD/L1BOSS.MOD
e79d4cf9df048c52835fd524e1bd1a1b	1	268921	player	uade	Protracker compatible	0	119536	836e3a48	5d952ff2	SONIDO/MOD/RAVE.MOD
e8e3a926e331c32a18da0de921c1c8d2	1	143031	player	uade	Protracker	0	456962	37bb9d51	dde2445e	SONIDO/MOD/NOGOOD.MOD
ebf81e1aad5e80764eedacc903a3dc55	1	632023	player+silence	uade	Soundtracker II (15 instr.)	0	113192	1ce6690e	e0092a1a	SONIDO/MOD/AXELF.MOD
ede14bb882635f36fcc40f054cf8dfaf	1	193007	player+silence	ft2play	FastTracker v2.00	16	492432	75760c15	4048da99	SONIDO/XM/WYRM.XM
f05684c2043f205e7a3b7917495eb845	1	116124	player	uade	Protracker	0	58398	f3c37335	613c9c37	SONIDO/MOD/TITLE.MOD
f091256798bfb61a7dca2f11d32e2da7	1	38520	player	uade	Noisetracker 1.x	0	72980	8cb3e7d8	d8011014	DOS/ANIMA/JUNGLY.ZIP/TZJUNGLY.020
f103e4511de0ac5aeea115f582c986ef	1	223337	player+silence	st3play	Scream Tracker 3.2x (GUS)	9	303938	828fb20b	045cc531	DOS/MUSIC/F10_PCK6.ZIP/ORIGINS.S3M
f2686f824c0a5290246efdfcb4060d4c	1	319947	player+volume	uade	Protracker	0	144822	7cb7a167	d69d8f1b	SONIDO/MOD/TEKHAUS.MOD
f31680d35c79b1f405947df3787d554f	1	147590	player+silence	st3play	Scream Tracker 3.2x (SB)	16	410388	925c88c9	fb1ce7c2	SONIDO/S3M/IZ-SWEED.S3M
f33c7960c00bbd78c2ba926042f16a94	1	7796	player	uade	Protracker compatible	0	88734	2480a443	fd1182a7	SONIDO/MOD/UNNAMED.MOD
f4b900ca9356de1318a9c9dce5394596	1	82044	player	uade	Protracker compatible	0	85956	808ab65c	18f96a45	SONIDO/MOD/BALAD.MOD
f5d56f62c15e9deda9e2e100cbe9a2c6	1	226382	player	st3play	Scream Tracker 3.2x (GUS)	16	310132	cafcf3d1	8d104984	SONIDO/S3M/DREAMPTY.S3M
f67e1ba4655ca5f7240096908c01903d	1	47161	player	uade	Protracker	0	50206	a68b3a37	70733ad0	SONIDO/MOD/MAPTUNE.MOD
f7351fabe8a8ebd6e05d2a3d3e653f5a	1	307321	player	uade	Protracker compatible	0	162446	e671b4d0	7d9894c4	SONIDO/MOD/AMIGA9.MOD
f8114746764fe75e2c5a18658e272e3d	1	107339	player	ft2play	Fasttracker (M.K.)	4	94408	a1ea86c5	24924a2a	SONIDO/MOD/XYLO.MOD
f91bbcf704a35b522a470dd83a6214c3	1	90346	player+silence	uade	Noisetracker 1.x	0	78252	07660f4e	5597e3f5	SONIDO/MOD/X.MOD
f9b99cb65802a3247f71b54d06cc3f21	1	143175	player+silence	uade	Protracker compatible	0	82004	5070a902	84320d00	SONIDO/MOD/RAA.MOD
f9c8f149e73acd02c40527922b68a9e7	1	314555	player	st3play	Scream Tracker 3.2x (SB)	8	251896	d1c82c5d	00350d52	SONIDO/S3M/ET_FIRE.S3M
fa1c0c8cd4bcf8c9f4296507ee684fa0	1	180607	player	st3play	Scream Tracker 3.2x (SB)	16	325200	defa4410	cee714dd	SONIDO/S3M/DEMOGRFX.S3M
fd8e4ec99d755384afb77c153b436d6e	1	156332	player+silence	uade	Noisetracker 1.x	0	72681	f8dac19c	2389487b	SONIDO/MOD/D_OXYGEN.MOD
fdbd360da6ac780779ea7dee9db2553f	1	248409	player	ft2play	Fasttracker (M.K.)	4	390641	382edfce	7863cea9	SONIDO/MOD/SPACETRI.MOD
ff2be2493f82149b4cabc2d7730934ec	1	169093	player	uade	Protracker	0	140514	72064cfa	42a8b3d4	SONIDO/MOD/WAIT4U.MOD
ff6f08bc19d6886590d4a41fb9a643d2	1	128121	player	uade	Protracker compatible	0	123742	be9524ae	69a8bfe4	SONIDO/MOD/FREEZING.MOD
