018e7ce61bd2297f53d1743ba40bc637	0	112025	player	uade	Sonix Music Driver	0	1490	42708283	407e0f2e	Music/Misc_Music/BeatleMania/Scores/ThisBoy.smus
01c9688320bec9da0627c46c5fbf0178	0	132541	player	uade	Sonix Music Driver	0	2516	e87ac85b	d184373e	Music/Church_Music/Scores/CM-6.Smus
0284a4332834c15f701b06fccbb235f3	0	72178	player	uade	Sonix Music Driver	0	1066	9e3149cb	9da7356a	Music/Church_Music/Scores/CM-12.Smus
02c644b0439edf1c11eca82e6a544508	0	79372	player	uade	Sonix Music Driver	0	3898	65e8eb2c	3aa7bcdd	Music/Classical Music/Sonix_Classics/Scores/Prelude_#9_J.S.Bach.smus
0379a44027157aeea19db8a66e4a493b	1	14408	player+silence	uade	Protracker	0	31326	aae80b1c	6cdb9b31	Jnr_Education/Educational_Games/Misc_Games/Deluxe_Galaga_2.6/GALAGA.JINGLE2
03ca6c32303fd98b326ca37154510bcb	0	1597755	player	uade	Sonix Music Driver	0	33400	872373f2	6567589c	Music/Classical Music/Piano Classics/Liszt/Sonate.smus
043d8809c3e37322b02a180a5d9c0efe	1	146386	player	uade	OctaMED MMD0	0	37190	81a3ad08	1f187c85	Jnr_Education/Educational_Games/Quiz_Games/Spelltris/Music/Quantum-x_Ice88
067bc5e2e714092633d18e1330a08486	0	175422	player	uade	Sonix Music Driver	0	3418	150b0654	da2c24ed	Music/Misc_Music/BeatleMania/Scores/John&Yoko.smus
06860361d2c81768ac9735a1e9ceb569	0	154967	player	uade	Sonix Music Driver	0	1096	94c7d45c	01fa6026	Music/Classical Music/Piano Classics/Tchaikovsky/Church.smus
06a67edc6b9ea29e8fd2563623a9ca54	0	136018	player	uade	Sonix Music Driver	0	2890	712891b9	e0a87fbf	Music/Classical Music/Desktop_Music_Workshop/Pictures_at_Exhibition/SCORES/Kiev2.smus
0813dcab2e93243a332bc25f869d22d4	0	61106	player	uade	Sonix Music Driver	0	1172	02091bb3	b373df71	Music/Misc_Music/BeatleMania/Scores/Andyourbirdcansing.smus
082c9410d798d31fdb53fc9669833f68	1	0	nosound	uade	OctaMED MMD1	0	11226	7893bf7e	838bece4	Music/Music_Programs/Music_Tutorials/OctaMedPro_&_Midi.Tutor/OctaMED_MIDI_Modules/ThinkingOfHer.MED
084bdaaca468d509b44d4c2153065a13	0	108408	player	uade	Sonix Music Driver	0	2350	736f6759	7b059d12	Music/Church_Music/Scores/CM-9.Smus
08e2d2e2788572156781dafd5868ac61	0	154123	player	uade	Sonix Music Driver	0	6384	8164a38b	3fd8e995	Music/Misc_Music/Desktop_Music_Workshop/Rhapsody_in_Blue/SCORES/1-96.smus
0911b648862b57f3cb3f209b9fd046db	0	5104	player+silence	uade	Amos Music Bank	0	17714	9f1f2e5d	e0d3d577	Jnr_Education/Educational_Games/Memory_Games/Match_with_Humpty/humrimus
0a3e826365a16d9df3081152d6311b23	0	32452	player	uade	Sonix Music Driver	0	1840	16fdc523	2781bc72	Music/Misc_Music/Desktop_Music_Workshop/Rhapsody_in_Blue/SCORES/574-594.smus
0acab3aee80cf047afe6245564af428a	1	271011	player	uade	Protracker compatible	0	129790	9ec26a3f	f1e0786c	Music/Pop_Profiles/Queen_files/music/Was It All Worth It.mod
0acfbc31f7168084ed83e46ed60090c7	0	176789	player	uade	Sonix Music Driver	0	7566	51d84259	bda871c7	Music/Misc_Music/Desktop_Music_Workshop/Rhapsody_in_Blue/SCORES/187-297.smus
0ad4f5fabe2f944921ef9eda9515702f	0	14831	player+silence	uade	Amos Music Bank	0	17250	96d84319	577327c8	Jnr_Education/Educational_Games/Memory_Games/Match_with_Humpty/hummus
0af8d31641b3fdd1526646f52ccd59b9	1	9082	player	uade	Soundtracker II (31 instr.)	0	33892	13a85950	28489157	Hobbies/Xmas Labels/Music/Bsoft
0b1528de75c5b59db96978eab2bffe27	0	321689	player	uade	Sonix Music Driver	0	4280	b3f9a66f	a08e5761	Music/Classical Music/Desktop_Music_Workshop/Classical_Vol.Two/SCORES/Brandenburg5_2.smus
0c25277fcd6d7642b24910a86f94fe07	0	209804	player	uade	Sonix Music Driver	0	9626	28608e79	e080a7e9	Music/Classical Music/Desktop_Music_Workshop/Brandenburg/Scores/Brandenburg1_3.smus
0c2ab855ec62b457789c0d4001e643b7	1	268921	player	uade	Protracker compatible	0	103844	c459d8df	672f4153	Music/Pop_Profiles/nirvana_files/music/Smells like teen spirit.mod
0c38f10f1ac9aef4b5dfb91ec5aaba33	1	62895	player	uade	OctaMED MMD0	0	31556	adf1eb0c	edd69b31	Music/Classical Music/Classical_Modules/Capriccos/Capricciopostilioncomes.mod
0c55d498ed36bdb39f25fb9aaed36044	1	209865	player+silence	uade	Protracker	0	559112	444b5007	ad074bff	Music/Music_Programs/OctaMed_V4/MODS/To_the_havens.mod
0c9b7d182af5600cd4476fa98798f68c	1	15472	player	uade	Protracker	0	6656	ae5538c3	b9e5d2a1	DeskTop_Utils/Extra_Utils/TinyPlayer/MOD.Lilly_Chip_8
0d36fc8bacf4ac61937f11327b53bc1c	0	60162	player	uade	Sonix Music Driver	0	1778	9560d2e6	1c0edf26	Music/Xmas_Music/Scores/dingdong.smus
0dc410e9a95125fe7775c342e89b8e1a	0	152407	player+volume	uade	Sonix Music Driver	0	2818	60072cc0	a7a3b706	Music/Misc_Music/BeatleMania/Scores/ShesAWoman.smus
0dcd8a29f3b39d6b77121c5a2d2de5ec	0	161397	player	uade	Amos Music Bank	0	37614	0338cbf2	660d8268	PHOTO-BOOK/PORTRAIT/mod3.abk
0dee161cc267ae6d8a3939c49fec8959	1	120726	player	uade	OctaMED MMD0	0	49606	914c5566	6fbce809	Jnr_Education/Educational_Games/Misc_Games/Megaball3/Mb_music/Highscore.tune
0edd90b951dc400c7a6611fae58f59a4	1	200225	player+silence	uade	Protracker	0	216890	084ce6d4	db7372bc	Music/Classical Music/Classical_Modules/Keyboard_Modules/mod.boesendo
0f70eb157d517e143f255b53fda88cf1	0	515598	player	uade	Sonix Music Driver	0	10722	9f1c0c9c	9ab49e36	Music/Classical Music/Piano Classics/Tchaikovsky/Flowers.smus
0f9f29cd337f2d9c0d52c7f9d02abbe6	1	417609	player+silence	uade	OctaMED MMD1	0	105498	ce114944	d77ecba0	Music/Music_Programs/OctaMed_V4/MODS/memories_of_anna
110906b222cdff082b3977a7bdadf107	1	28915	player	uade	Noisetracker 1.x	0	47810	86e24f58	ff43101c	Music/Classical Music/Classical_Modules/Keyboard_Modules/Bagatell.mod
116490291f36383fc6d5f4a63a2919bf	1	30824	player	uade	Protracker	0	6400	d5e474a4	ff966ee2	DeskTop_Utils/Extra_Utils/TinyPlayer/mod.SoWhat
11a354eca66eefaaba9db16b9940511b	0	175224	silence	uade	MusiclineEditor	0	12922	990827e6	f7399618	Music/Music_Programs/Install to HardDrive/Mline/Modules/Ml.NakedChip
136501812cf3a46342f6fc814a51eb12	0	190272	player	uade	Amos Music Bank	0	105822	531f4e38	7628125c	PHOTO-BOOK/HOLIDAY/mod1.abk
13732f154a072d341b7829a925d4b616	1	101877	player	uade	Protracker	0	185728	008c8422	4e1957a6	Jnr_Education/Educational_Games/Misc_Games/Tetrispro/Data tetris2
15d47cad06762a30eff3dee6a5ba6ba2	0	169093	player	uade	Amos Music Bank	0	24742	79d69139	97efca53	Jnr_Education/Junior Spelling/Pictures_Letters/ewok.abk
16ab23f2b3eefbc1fa4d25b2d33c4ce1	1	0	nosound	uade	OctaMED MMD1	0	23564	1c4053e9	13542941	Music/Music_Programs/Music_Tutorials/OctaMedPro_&_Midi.Tutor/OctaMED_MIDI_Modules/FunkingMusic.MED
1763d238e2cce71289556de5dd187a14	0	139333	player	uade	Amos Music Bank	0	42804	ee73b1e0	7587555c	Jnr_Education/Junior Spelling/Pictures_Letters/yaz.abk
1779130d7749dbffb7d8c12d17487638	0	576022	player	uade	Sonix Music Driver	0	23240	e4ee6a33	df0c1c07	Music/Classical Music/Desktop_Music_Workshop/Brandenburg/Scores/Brandenburg5_1.smus
17e2b2c99987e6da2fefa1de78486740	0	59016	player	uade	Sonix Music Driver	0	1846	a5ebeab4	bf2fed92	Music/Xmas_Music/Scores/JingleBells.smus
187f417f53da0526173655f712b4183b	0	132742	player	uade	Sonix Music Driver	0	3562	db1dd129	c8b77f1f	Music/Classical Music/Piano Classics/Scores/Marche.smus
18f234bb9058d1ecca16b1c2a466b32c	1	225256	player	uade	OctaMED MMD1	0	26690	83c8c6b3	a23bd2ee	Music/Music_Programs/OctaMed_V4/SAMPLES/Covertune
1a4d10614c6f8637878f26f8b41ec2b7	0	67637	player	uade	Sonix Music Driver	0	1606	ee36e718	db85d9f8	Music/Classical Music/Piano Classics/Scores/Waltz.smus
1ac1a7024b96d316b55dcf969277ab77	0	76940	player	uade	Amos Music Bank	0	10286	7fc74eeb	bd18fafc	Jnr_Education/Junior Maths/Pumping_Dude/kkkba.abk
1b09461bb0e67448254c78c88742cbae	0	207533	player	uade	Sonix Music Driver	0	6874	0db42b21	03251761	Music/Classical Music/Piano Classics/Liszt/Aubord.smus
1b95f669ec7d13b57ca39f1052c59511	0	130673	player	uade	Amos Music Bank	0	50650	d5ca973e	2022e8b0	Jnr_Education/Educational_Games/Lateral_Quizs/Cool_breeze.abk
1b95f669ec7d13b57ca39f1052c59511	0	130673	player	uade	Amos Music Bank	0	50650	d5ca973e	2022e8b0	Jnr_Education/Junior Maths/Imps_Maths/Cool_breeze.abk
1c94261a66650453c4215698b4262234	0	98401	player	uade	Sonix Music Driver	0	4656	b8cc630a	26282930	Music/Classical Music/Sonix_Classics/Scores/Prelude_#6_J.S.Bach.smus
1dcbdec760f4e77350781dfb741bc7ae	1	121885	player+silence	uade	Protracker	0	140736	c6c1c17e	dcaaaeda	Music/Classical Music/Classical_Modules/Keyboard_Modules/te_deum_organ.mod
1e5daa032801be1b6ea4142bcb548ef6	0	76518	player	uade	Sonix Music Driver	0	1548	8773339a	f8a7aae3	Music/Classical Music/Piano Classics/Scores/Tango.smus
1e64e29c55ee5beca69a65ca0175b265	0	78267	player	uade	Sonix Music Driver	0	3068	53d673fe	1a089bde	Music/Classical Music/Desktop_Music_Workshop/The_Four_Seasons/Scores/Summer2.smus
1f28dccea5f0e1df353c6f23a30e9293	1	220166	player+silence	uade	Protracker	0	77612	f0c1e1e4	20f8ac9a	Music/Misc_Music/Movie_Tunes/modules/The_persuaders
1f75fe0515e48f45316cdded192b6307	1	264360	player	uade	Protracker	0	99638	38d3ba35	10e7e144	Music/Pop_Profiles/Help/Out Of Phase.MOD
1f7a9fac658f4b5dd671d044b8025f8c	0	304990	player	uade	Sonix Music Driver	0	14142	b7fdc5d4	92f0b464	Music/Classical Music/Desktop_Music_Workshop/Classical_Vol.One/scores/Brandenburg3_3.smus
1fcde9741dda9cff7795490e9960a647	0	1275664	player	uade	Sonix Music Driver	0	23582	b314ed9f	ab854e3b	Music/Classical Music/Piano Classics/Scores/Danube.smus
1fd6766affee20bd25dd307c9e5d8166	0	90544	player	uade	Sonix Music Driver	0	2202	0b891e88	ab160938	Music/Misc_Music/BeatleMania/Scores/AllMyloving(2).smus
20e13bcfe0281398e6ae77e0a7331b68	0	163969	player	uade	Sonix Music Driver	0	7462	4418948a	c943d83b	Music/Classical Music/Desktop_Music_Workshop/Debussy/Scores/Cakewalk.smus
213cd172e5d9437b7e5b1c574e0983c1	0	296390	player	uade	Sonix Music Driver	0	11328	eced717f	3d849273	Music/Classical Music/Desktop_Music_Workshop/Brandenburg/Scores/Brandenburg6_3.smus
2199d2c53a512b04257a14d5964e13ba	1	234258	player	uade	OctaMED MMD1	0	109138	83887d67	15b239b4	Music/Music_Programs/Music_Tutorials/OctaMed_Tutor/Modules/TELSTAR
223ba99d10e853394069bda8c81f3221	0	203293	player	uade	Sonix Music Driver	0	9234	952043ac	7d20f65d	Music/Classical Music/Desktop_Music_Workshop/The_Four_Seasons/Scores/Autumn3.smus
22710429edd017cc7b9603f514fbef45	0	102360	player	uade	Sonix Music Driver	0	2676	b788e8e6	fcaf9616	Music/Classical Music/Piano Classics/Chopin/Mazurka.smus
22a7aa77170b935f1238352b6f5fbec8	1	234054	player+silence	st3play	Scream Tracker 3.01 (SB)	12	413596	7073f9e9	9d58a568	Music/Music_Programs/SoundStudio/Screamtracker/tales01.s3m
2328e529a37b0c1cc85925fee9f02161	1	150377	player+silence	uade	Protracker	0	108472	527e9457	6d65d319	Music/Misc_Music/Movie_Tunes/modules/Doctor_Who
2336f6b46ed97f3db5c13ec1d7d9f988	0	111643	player	uade	Sonix Music Driver	0	1716	f17a4f3a	d0bc463c	Music/Misc_Music/BeatleMania/Scores/YouWontSeeMe.smus
2369619d095d3963b28e2077f9fb7dd8	0	112769	player	uade	Sonix Music Driver	0	1792	f0415602	832ab22d	Music/Church_Music/Scores/CM-4.Smus
244a7508b995f67057c9996a382988e2	0	95367	player	uade	Sonix Music Driver	0	1862	eb192ffc	efc071c1	Music/Misc_Music/BeatleMania/Scores/AnotherGirl.smus
244d600ef6443e838e0b0ec8850a4d26	0	2036453	player	uade	Sonix Music Driver	0	52398	94aca7c3	3bd2d6d6	Music/Classical Music/Piano Classics/Beethoven/Symphony4.smus
246727ad8ba2d49cc4dcbe7f9d606d31	0	268037	player	uade	Sonix Music Driver	0	13538	6238298e	33400d78	Music/Classical Music/Desktop_Music_Workshop/The_Four_Seasons/Scores/Summer1.smus
250904ae6b8e9bf67809a593084f911c	1	173766	player+silence	uade	Protracker compatible	0	34688	418b4714	da679eb6	Jnr_Education/Educational_Games/JigSaws/Picture_puzzle/Modules/mod.emptyspace
26760f76ea29202cbc0d31b1cec3152e	1	205843	player+silence	uade	Protracker	0	326926	b6212952	b0348d3b	Music/Misc_Music/Movie_Tunes/modules/The_Prisoner
26d12c69bc25bed40e509526a3c0c63d	0	78126	player	uade	Sonix Music Driver	0	2056	cd415978	14717ce8	Music/Xmas_Music/Scores/GoodKingWnsls.smus
2746c3aab2dc80bffa0e78e35c832669	0	107210	player+volume	uade	Sonix Music Driver	0	1202	7682f869	f519fc3f	Music/Classical Music/Desktop_Music_Workshop/The_Four_Seasons/Scores/Autumn2.smus
27821175929f08f2fda3cf6638267b01	1	69161	player+silence	uade	Protracker	0	62368	7179f30f	0f4b1068	Music/Classical Music/Classical_Modules/Classical_Modules/mod.rideofvalkyries
27d1c7916c66515e66b0b1193449be38	0	145709	loop	uade	MusiclineEditor	0	27138	bbae12d8	a1334264	Music/Music_Programs/Install to HardDrive/Mline/Modules/Ml.OctaGroove
27d1c7916c66515e66b0b1193449be38	1	145707	loop
287fe8d86beaf4339a24b58c472779bf	0	108529	player	uade	Sonix Music Driver	0	1218	a21a3d2a	76445ad9	Music/Church_Music/Scores/CM-2.Smus
2880c0f3230f8701a9621651346f0b01	1	165509	player+silence	uade	OctaMED MMD1	0	113914	87f20e27	ed0ba257	Music/Music_Programs/Music_Tutorials/OctaMed_Tutor/Modules/Gollywog
289ae7498d333c4b4da86850f903c0a8	0	340698	player	uade	Sonix Music Driver	0	11068	bd57e3c2	87a8d1b9	Music/Classical Music/Desktop_Music_Workshop/Brandenburg/Scores/Brandenburg1_4.smus
289dfef2735590a8be5aa0b74dd17745	1	77282	player	uade	OctaMED MMD2	0	175618	7ef18714	a7647077	Music/Classical Music/Classical_Modules/Capriccos/SWW45
28bf8a34313b0d31dfba9d984e55cd2d	0	179883	player	uade	Sonix Music Driver	0	4712	6ee26cbe	af60bf9d	Music/Classical Music/Desktop_Music_Workshop/Pictures_at_Exhibition/SCORES/Catacomb-Mortuis.smus
2924848e542d60ac852055c87b6bb8c0	1	68742	player	uade	Protracker	0	21862	43ae8ca7	8594f54c	Music/Classical Music/Classical_Modules/Keyboard_Modules/L'amour.mod
2a0cb34cc2e164fb350108c4757ee314	0	261466	player	uade	Sonix Music Driver	0	9818	d2f7a3c8	712b4d1a	Music/Classical Music/Desktop_Music_Workshop/Brandenburg/Scores/Brandenburg4_3.smus
2c20589236d46b8ce562dca5f29ebaa2	1	127050	player+silence	uade	Protracker	0	77464	e833326e	94fa6256	Music/Classical Music/Classical_Modules/Classical_Modules/mod.danceofreedpipes
2c5649907893db7e8852b21f61e923ef	0	225276	player	uade	Sonix Music Driver	0	6858	f2b730ce	ed31da92	Music/Classical Music/Desktop_Music_Workshop/Debussy/Scores/Clair.smus
2ca6a4f278003a05b73027b7b546b1a5	1	211331	player	uade	Protracker	0	10240	1988c471	d37c1558	DeskTop_Utils/Extra_Utils/TinyPlayer/MOD.pco
301cac7d2a1497adc75a0245900f72e8	0	224272	player	uade	Sonix Music Driver	0	11314	12628146	997fdae0	Music/Classical Music/Desktop_Music_Workshop/Debussy/Scores/Arabesque.smus
3035b874ebb47d91a36ba9dc5b4c3ff0	1	57730	player	uade	Protracker compatible	0	83248	a52d5dac	4c8869f5	Music/Classical Music/Classical_Modules/Keyboard_Modules/mod.Movement77
33791f445a201dd54ce39ad2d012b37b	0	853283	player	uade	Sonix Music Driver	0	15574	b697c6fb	85fc7c5a	Music/Classical Music/Piano Classics/Liszt/Benediction.smus
3381185849ca43501148b254be64e288	0	84596	player	uade	Amos Music Bank	0	41200	e5b517eb	f6ac7d1e	History/Titanic_II/Music/Sleep
33fd9cadf66963a137421499987726ec	1	147921	player+silence	uade	Protracker	0	114988	9dcc63cb	fc00efcc	Music/Misc_Music/Movie_Tunes/modules/Tripods
344c887648dc9e4befc9fa27345e903d	1	176060	player+silence	uade	Protracker compatible	0	62732	3f7bdba1	e24d2eea	Music/Classical Music/Classical_Modules/Classical_Modules/mod.canon
35c3edde6484c621d8380318b1a62c61	0	271614	player	uade	Sonix Music Driver	0	16048	c58bef1d	e2c48d10	Music/Classical Music/Desktop_Music_Workshop/Brandenburg/Scores/Brandenburg5_3.smus
386c1eee1bc72e6fb9f6c39a1b4a3826	1	230541	player	uade	Protracker compatible	0	86326	26df3998	b1315f4d	Mythology/Tome_of_Myths/Music
3a8120e21f4f03e37bf07efc745c5b1f	0	30824	player	uade	Amos Music Bank	0	13650	ee09f3d8	565a3fa7	Languages/Spelling Programs/Key_Quick.II/quickintro.abk
3aa50a2f1b40746ca5d9611b0eb06364	0	217721	player	uade	Sonix Music Driver	0	4326	fd384b5d	1592bcc6	Music/Classical Music/Piano Classics/Scores/Fuga.smus
3b1ffa3a1caf76c0652c0a4a4ad55d4b	0	50597	player	uade	Sonix Music Driver	0	1168	ae389a4c	680e690e	Music/Classical Music/Piano Classics/Tchaikovsky/Organe.smus
3bc2865c41a830a923939bdb549cea80	1	345549	player+silence	uade	Soundtracker II (31 instr.)	0	115988	b38ec995	292ddb9b	Music/Classical Music/Classical_Modules/Classical_Modules/mod.BACH-AIR
3c7b33ea8c535dc0f0ff7f674358bc71	0	293542	loop	uade	MusiclineEditor	0	46111	26a42b8f	d4bcea5c	Music/Music_Programs/Install to HardDrive/Mline/Modules/Ml.Teresta
3ff63b8f047736c9a79a62237d5d2618	1	123135	player+silence	ft2play	Fasttracker	6	202500	ab69d773	eeff990c	Music/Classical Music/Classical_Modules/Classical_Modules/FurElise.mod
42dc443af03ac4c126fff7351e6fe1a6	0	63538	player	uade	Sonix Music Driver	0	3512	cb6426a9	62c935db	Music/Misc_Music/Desktop_Music_Workshop/Rhapsody_in_Blue/SCORES/298-337.smus
4407c052c5baf38e431488b4c995837b	0	351850	player	uade	Sonix Music Driver	0	5972	2ca25003	eed573c3	Music/Classical Music/Piano Classics/Scores/Rondo.smus
442f2093f439f6c7a4c1ef9f35a53310	0	161397	player	uade	Amos Music Bank	0	40754	049e1ef9	0c7bd8f4	History/Titanic_II/Music/Mellow
44dafdf0cabac968b461a0bf276cb90c	0	77905	player	uade	Sonix Music Driver	0	1658	c8916276	00607a88	Music/Classical Music/Piano Classics/Scores/Serenade.smus
4588a4bc171cdf73a6d26e58c73507c8	0	3388697	player	uade	Sonix Music Driver	0	67798	ffd44b8d	16603267	Music/Classical Music/Piano Classics/Beethoven/Symphony3.smus
45a77b34a18b1eaee8aa4d4cb77a1dd6	0	75855	player	uade	Sonix Music Driver	0	1058	f140303e	1a096674	Music/Misc_Music/BeatleMania/Scores/Flying.smus
483406a2cbbd42607ce8b0c6373a9e22	1	84616	player	uade	Protracker	0	105468	e2403ca5	59bfaeca	Music/Music_Programs/OctaMed_V4/MODS/MOD.Sincerely Yours
49199af8c39eb1042237fc40ca4bce12	1	84616	player	uade	Noisetracker 1.x	0	22248	e2b2019b	0f67c1e6	Music/Music_Programs/OctaMed_V4/MODS/Mod.prelude
493f86278c5bc7621034b96f567b323d	0	314455	player	uade	Sonix Music Driver	0	5098	211ede4c	2ddc2015	Music/Classical Music/Piano Classics/Liszt/Nott1.smus
495bb9d4a0616226a53ccbc2cc02e273	1	167103	player	uade	OctaMED MMD1	0	114846	d00c6e03	62bae63e	Music/Music_Programs/Music_Tutorials/OctaMed_Tutor/Modules/Mama Mia
4b93b79002d85d032bbe38ec877df16e	0	22184	player	uade	Sonix Music Driver	0	1854	1b537fec	bd4b1cc9	Music/Misc_Music/Desktop_Music_Workshop/Rhapsody_in_Blue/SCORES/559-573.smus
4bbef7e6fbf3d0b66da52ab208c9dfbe	0	88776	player	uade	Sonix Music Driver	0	2334	f76738a6	468814c6	Music/Xmas_Music/Scores/goodChrstnMen.smus
4e2a34fba762fd0990b7c14b46153380	0	232832	player	uade	Sonix Music Driver	0	3300	4f86677c	3e6b30bc	Music/Classical Music/Piano Classics/Chopin/Nocturne.smus
4e719a2e190f561add8d38615d3b1965	0	250615	player	uade	Sonix Music Driver	0	11588	eb8d564d	08ee0b2d	Music/Classical Music/Desktop_Music_Workshop/Brandenburg/Scores/Brandenburg2_1.smus
4eb00ff38353eb0cdd5e57eb91059e56	0	95005	player	uade	Sonix Music Driver	0	2440	f726f4fc	1c7cad75	Music/Classical Music/Piano Classics/Tchaikovsky/Waltz.smus
4f83c709a9d3142026d8f0a4dc4f8e78	0	85340	player	uade	Sonix Music Driver	0	1630	712e5793	aa2ad36a	Music/Church_Music/Scores/CM-7.Smus
5138532203140f4bdafd9b23485b2d61	0	198631	player	uade	Sonix Music Driver	0	11338	6b7c82c2	29e0b1a0	Music/Classical Music/Desktop_Music_Workshop/Debussy/Scores/Passepied.smus
5298c80dcd751a663ea0688b5201edbb	1	126835	player	uade	Protracker compatible	0	64330	c0a1b182	c37804fe	Music/Pop_Profiles/Beatles_files/music/Beatles Medley.mod
52cefdc031fd440f974b2ed3823e9a7a	1	238820	player	uade	Protracker compatible	0	128298	2d12b136	f1136edb	Music/Pop_Profiles/Queen_files/music/Breakthru.mod
52fc9aef25da3bc0acaebe472d6a4de0	1	21520	player	uade	OctaMED MMD0	0	18592	66e83aed	76896699	Music/Classical Music/Classical_Modules/Capriccos/Capricciofarewell.mod
5449abf498027fc980bf3cccdb29ad76	1	220187	player+silence	uade	Protracker	0	160812	43e64c51	46eafa22	Music/Misc_Music/Movie_Tunes/modules/UFO
55b5534caf7a9d934d6edc7bf65accc9	0	368991	player	uade	Sonix Music Driver	0	6950	34e2bdf5	69fd4d4e	Music/Classical Music/Desktop_Music_Workshop/Classical_Vol.Two/SCORES/Badinerie_&_Air.smus
56eeac501de971f40bc8749b37ab9e42	0	181973	player	uade	Sonix Music Driver	0	3534	7fa9b493	0d46cb82	Music/Misc_Music/BeatleMania/Scores/Maxwell.smus
573a865b580691ee95c6135498f8a438	0	274969	player	uade	Sonix Music Driver	0	5424	bda407b2	8c8debcb	Music/Classical Music/Desktop_Music_Workshop/Pictures_at_Exhibition/SCORES/Prom-Tuil-Bydlo.smus
582a33ccd3e0aad486d084cc4f4b10bb	1	43901	player+silence	uade	Protracker compatible	0	159606	a0f0ed4b	d0efcbef	Music/Classical Music/Classical_Modules/Keyboard_Modules/Gymnoped.mod
58cc39b14066216a9bbb3ca4d6932248	1	102762	player	uade	OctaMED MMD0	0	53178	9f018439	20d0bc26	Jnr_Education/Educational_Games/Misc_Games/Megaball3/Mb_music/Gameover.tune
593970ebdec7901f77bcfe88f8120933	1	228934	player	uade	Protracker	0	59334	ac7fd933	a1aee115	Electronics/Basic_Electrics/SLOWELEC.MOD
59dae36eb2ed040f7cafeb6b662671d7	0	214727	player	uade	Sonix Music Driver	0	6264	9a8af8af	ec60087f	Music/Classical Music/Desktop_Music_Workshop/Classical_Vol.Two/SCORES/Gavotte.smus
5bf571529f9d1baf7355d23d634827eb	0	98562	player	uade	Sonix Music Driver	0	1636	88c3df1a	bb728614	Music/Church_Music/Scores/CM-3.Smus
5dd08d69c7e439dc18b5e5077bf508e9	1	46216	player	uade	Protracker	0	24576	5f8472cc	bf7be929	Music/Classical Music/Classical_Modules/Keyboard_Modules/knight
5ddf10d9ed7016627c75dce02bd04102	0	400318	player	uade	Sonix Music Driver	0	7692	59d2941d	280f8b37	Music/Classical Music/Desktop_Music_Workshop/Classical_Vol.Two/SCORES/Canon_&_Gigue.smus
5dede913c0b23d432e40d269b85fc16d	1	176769	player	uade	Startrekker (4ch)	0	89524	8987f647	fd962248	Jnr_Education/Educational_Games/JigSaws/Picture_puzzle/Modules/mod.estra
5e725e2e7c39e37d4f53f67a11b1a3ff	0	254313	player	uade	Sonix Music Driver	0	4492	5a64f406	7656b061	Music/Classical Music/Desktop_Music_Workshop/Brandenburg/Scores/Brandenburg6_2.smus
5eebe462fdbeac975065139fdf00df39	0	242778	player	uade	Sonix Music Driver	0	7038	71597726	b451ab01	Music/Classical Music/Desktop_Music_Workshop/Classical_Vol.Two/SCORES/Water_Music.smus
5f7981cc42a4df66635d7156e214b66a	1	135125	player+silence	uade	Protracker	0	81840	f277c18d	3ced86e8	Music/Misc_Music/Movie_Tunes/modules/protectors
60299fc90633022d1b8a285612f457f2	1	211532	player	uade	OctaMED MMD1	0	61992	7302ed82	c3a468cd	Music/Music_Programs/Music_Tutorials/OctaMed_Tutor/Modules/Eine Kleine
60537d46bd35e557fda71da761075f74	0	216495	player	uade	Sonix Music Driver	0	3080	34dd653c	2964f26f	Music/Classical Music/Desktop_Music_Workshop/Brandenburg/Scores/Brandenburg1_2.smus
620071521bf9a3e268bf7c86c9738eae	0	91513	player+silence	uade	Sonix Music Driver	0	1584	42f28eaa	98fd5432	Music/Church_Music/Scores/CM-5.Smus
62246509febf100af2f988100bef376b	0	101978	player	uade	Sonix Music Driver	0	5122	876fc70c	c75be8f8	Music/Misc_Music/Desktop_Music_Workshop/Rhapsody_in_Blue/SCORES/338-402.smus
62f510c226029657f43e03d80bc6a03c	0	181049	player	uade	Sonix Music Driver	0	10350	bb0ab483	bbf3cb20	Music/Classical Music/Desktop_Music_Workshop/Pictures_at_Exhibition/SCORES/Baba-Yaga.smus
63abb6cda7e3c5304eb7384410a74540	0	107464	player	uade	Sonix Music Driver	0	1332	4aa01992	515c80c2	Music/Church_Music/Scores/CM-1.Smus
63c1c0d190d5a885d2311b410449ce79	0	116225	player	uade	Sonix Music Driver	0	2284	8bb10ea6	4f7cf107	Music/Classical Music/Piano Classics/Tchaikovsky/Swan.smus
6422373e0b2484e16318a4e82b0be49f	0	125046	player	uade	Sonix Music Driver	0	4234	9798e503	f8a82cab	Music/Classical Music/Desktop_Music_Workshop/Pictures_at_Exhibition/SCORES/Two-Jews.smus
65532e775565eaca7759cecbba94823e	0	193688	player	uade	Sonix Music Driver	0	5712	71b0d643	90cbb6d5	Music/Classical Music/Desktop_Music_Workshop/Pictures_at_Exhibition/SCORES/Kiev1.smus
65b33a30e05d3d15d93ce550518054ac	0	308668	player	uade	Sonix Music Driver	0	5204	729facab	45036379	Music/Classical Music/Piano Classics/Liszt/Nott3.smus
6779afbb3f266eb3853c8a2313b0bf1c	0	112608	player	uade	Sonix Music Driver	0	3062	5843fb8d	dd07bebb	Music/Misc_Music/BeatleMania/Scores/HereThereandEverywhere.smus
68b99f9a3b79a79aac74fc069b4bed58	1	235645	player	uade	Protracker	0	90014	70ae5453	a1af63ed	Art/Creative_Art/3D Programs/3D_SlideShow/mod1
694bd12ef226550084e89979b95aaf77	1	7796	player	uade	Protracker compatible	0	6352	92be778a	d8a63697	DeskTop_Utils/Extra_Utils/TinyPlayer/BALLERIN.MOD
69b22693e3e49d8603bc818a512277c7	1	208457	player	uade	Protracker compatible	0	60492	55b4a6da	76884cc6	Science/Biology/Dinosaurs/Dinosaur_Slides/MOD.1
6ad29bd717a059f6a7c782f468ccac81	0	148114	player	uade	Amos Music Bank	0	58614	75d28b74	d5335e2d	Jnr_Education/Junior Maths/Picture_Maths/music/MPics.abk
6bc46ab6a469886839297feead389e2f	1	71655	player+silence	uade	Protracker	0	50000	7f79ca01	94e94d48	Music/Classical Music/Classical_Modules/Keyboard_Modules/mod.BloodontheRoof-top
6c48cc94d5fae7dcfe4a35813ca9002c	0	229898	player	uade	Sonix Music Driver	0	4846	6da9b643	d8b2c293	Music/Classical Music/Piano Classics/Scores/Anitra.smus
6d8f34a9887aa91811c05fafdc9f696d	1	247641	player	uade	OctaMED MMD1	0	103876	bad7c8d7	9a10e723	Jnr_Education/Educational_Games/Misc_Games/Megaball3/Mb_music/Title.tune
6d90ea8dc9df2e8facd074440dc05b7a	0	150485	player	uade	Sonix Music Driver	0	3890	13c5ca10	a24c6b83	Music/Classical Music/Piano Classics/Beethoven/FurElise.smus
6e869f1218304cc23575acfd5f61fc72	0	136721	player	uade	Sonix Music Driver	0	8636	c6f42fed	da6e0f6e	Music/Classical Music/Sonix_Classics/Scores/Hall_Of_The_Mountain_King.smus
6eb0e6c4ad8abddc6e4867d6d630de05	0	58494	player	uade	Sonix Music Driver	0	2734	341a870d	868fb93f	Music/Classical Music/Sonix_Classics/Scores/Prelude_#5_J.S.Bach.smus
6f0184429e63cc34690904ce9511a39a	0	92172	player	uade	Sonix Music Driver	0	2632	dbf3b2c3	355206bc	Music/Classical Music/Piano Classics/Tchaikovsky/Candy.smus
6f8c9d1b22f5a0a65e19a2befb3ff14a	0	73303	player	uade	Sonix Music Driver	0	1448	783048bb	2488c527	Music/Church_Music/Scores/CM-11.smus
70fe3a3ee3ba2771f328162a17f0ee26	0	97477	player	uade	Sonix Music Driver	0	1306	79632293	2d9ebc79	Music/Misc_Music/BeatleMania/Scores/YourMotherShouldKnow.smus
71b8533bd7bac10723dcb4ad1e376712	0	108207	player	uade	Sonix Music Driver	0	1718	139d236e	47fdaaf6	Music/Misc_Music/BeatleMania/Scores/AllYouNeedIsLove.smus
72410c8c5e4d64da4441f53b76622357	1	251720	player	uade	OctaMED MMD0	0	59330	96096771	508c3a51	Jnr_Education/Educational_Games/Misc_Games/Megaball3/Mb_music/Mbmus09
7311de6168c458ff8b028cefc4f1eb8a	1	181732	player	uade	Protracker compatible	0	66064	a65204ce	5db2bf96	Music/Classical Music/Classical_Modules/Keyboard_Modules/fugue_in_g-moll.mod
7339c59836943e305b4b435e74ab1a57	1	229019	player+silence	ft2play	Fasttracker (M.K.)	4	74674	a98f7aa1	6ab5b92a	Music/Pop_Profiles/Queen_files/music/I Want It All.mod
735c05e3cdbad0b12c085e8100536067	0	103405	player	uade	Sonix Music Driver	0	2236	2e122c08	94194925	Music/Classical Music/Piano Classics/Scores/Barcarolle.smus
73fdf750e3acae80a77f3b16d39156e8	0	162000	player	uade	Sonix Music Driver	0	2200	2f845cc4	d14dbc9b	Music/Misc_Music/BeatleMania/Scores/Woman.smus
73fdff2ccd1f407479d77cc4ae9805f2	0	112769	player	uade	Sonix Music Driver	0	1128	c6636cf6	f9b41359	Music/Classical Music/Piano Classics/Satie/Grave.smus
768e3be7610781f3a357a9562aedbbbd	0	240729	player	uade	Amos Music Bank	0	109596	e781417b	498299d4	History/World_Wars/Battle_of_Britain/bofb/mod2.abk
777aa8e8fbddc18e0a527bb6ffdcbc25	0	145502	player	uade	Sonix Music Driver	0	3846	4f1cb501	eadf9ed3	Music/Classical Music/Desktop_Music_Workshop/The_Four_Seasons/Scores/Spring2.smus
7967c58d1221aab96eeb0ffcffbb5b4f	0	153037	player	uade	Sonix Music Driver	0	2442	6ac767ae	a1d41a22	Music/Misc_Music/BeatleMania/Scores/cometogether.smus
7a3cece8891acfc9b67f02da0e4c7d1c	0	164230	player	uade	Sonix Music Driver	0	2276	29a8de96	a019c522	Music/Misc_Music/BeatleMania/Scores/Eleanor.smus
7acd3615355ead9fe8d32bb113b197db	0	357195	player	uade	Sonix Music Driver	0	13204	ba77c24f	88ac590b	Music/Classical Music/Desktop_Music_Workshop/Brandenburg/Scores/Brandenburg6_1.smus
7af8d530fc9560e4875ffd631e9a0d90	1	135395	player	uade	Protracker	0	67718	2166d3b4	40358afb	Music/Misc_Music/Movie_Tunes/modules/The_Quatermass_Experiment
7cef4fae0be3cbe62fe03eaa1efd4d35	0	89399	player	uade	Sonix Music Driver	0	1320	3a64ecf2	08d9f418	Music/Misc_Music/BeatleMania/Scores/YesItIs.smus
7d5257fabb1dffb7e761549c01c7127e	0	106941	player	uade	Sonix Music Driver	0	1524	47e4c6c8	e7febfc4	Music/Misc_Music/BeatleMania/Scores/InmyLife.smus
7d5fccb5a27242682a0214c82f64c674	0	143533	player	uade	Sonix Music Driver	0	2260	744ac794	f3552d00	Music/Xmas_Music/Scores/OComeAllYeFthfl.smus
7e61f26c4fd96dcb252139836e0c8808	0	81703	player	uade	Sonix Music Driver	0	5014	9f0d4496	6648014d	Music/Misc_Music/Desktop_Music_Workshop/Rhapsody_in_Blue/SCORES/479-530.smus
7e673a32022782cabb5f6b5232fb1cc9	1	30824	player	uade	Protracker	0	62654	9664012c	b58422a3	Jnr_Education/Educational_Games/Misc_Games/Deluxe_Galaga_2.6/GALAGA.JINGLE1
7f02c03535759cef5578381ed8f76861	1	146792	player+silence	uade	Protracker	0	91996	3ee099b3	b78bc461	Music/Misc_Music/Movie_Tunes/modules/Quantum_Leap
7f6dcfa4c2ced2bd696fc74c75cd69ab	0	31105	player	uade	Sonix Music Driver	0	1304	604b65c9	4b754e3c	Music/Misc_Music/Desktop_Music_Workshop/Rhapsody_in_Blue/SCORES/595-fin.smus
817b9aa6460714524845ded7e8ddc341	0	574073	player	uade	Sonix Music Driver	0	22592	3073034b	01d62753	Music/Classical Music/Desktop_Music_Workshop/Classical_Vol.Two/SCORES/Brandenburg5_1.smus
8200a45ef6d20a1865b91f88e92d5067	0	60925	player	uade	Sonix Music Driver	0	1950	f2e3ad0c	b6f73b87	Music/Xmas_Music/Scores/HollyAndIvy.smus
8207571c8009ef4e7ab68b709043f795	0	7097	player+silence	uade	Amos Music Bank	0	16282	e681676f	e9422355	Jnr_Education/Educational_Games/Memory_Games/Match_with_Humpty/humwrmus
84890ab5df94b96c7292ffebcb6c5277	1	28634	player	uade	Protracker compatible	0	13164	9788c192	1a66f4de	Hobbies/Xmas Labels/Music/Jbells
84a6c7bbc8a8836b52f2026d9a263f6c	0	113432	player	uade	Sonix Music Driver	0	4034	75da37d1	2f5935a4	Music/Classical Music/Sonix_Classics/Scores/Prelude_#2_J.S.Bach.smus
84a72e5f6a866b00d86d168ef2cc6ff7	0	69003	player	uade	Sonix Music Driver	0	1494	3fcc0f63	d3abc913	Music/Classical Music/Piano Classics/Scores/Londonderry.smus
854e26c6ab5da8ba2674b38a20f6ef4c	0	56906	player	uade	Sonix Music Driver	0	1124	2f824241	526c593b	Music/Church_Music/Scores/CM-8.Smus
8554962a440b877f99985d1f50de413f	0	310215	player	uade	Sonix Music Driver	0	4312	79aa9b80	9c66ffa8	Music/Classical Music/Piano Classics/Tchaikovsky/1812.smus
86c62eca11b03320ad78c8339b367bf4	0	321689	player	uade	Sonix Music Driver	0	4602	4bf0822a	2d1136d5	Music/Classical Music/Desktop_Music_Workshop/Brandenburg/Scores/Brandenburg5_2.smus
86ff37dcb60b4cc552d95bba67381ed1	0	174076	player	uade	Sonix Music Driver	0	4912	fa2bfe03	0e54e0dc	Music/Classical Music/Desktop_Music_Workshop/Debussy/Scores/Fille.smus
87a3ef84811bd0580e2eee4fac5e6dc8	1	319679	player+silence	uade	Protracker	0	48006	ee9017b5	a14c4f09	Music/Classical Music/Classical_Modules/Classical_Modules/mod.Classicmix
87c3e9de720e201a4dcc790890b64cba	0	58152	player	uade	Sonix Music Driver	0	3806	b341afdd	e83d9877	Music/Misc_Music/Desktop_Music_Workshop/Rhapsody_in_Blue/SCORES/97-132.smus
87f17ade87c3ad64c95b8b543fe57af9	0	66451	player	uade	Sonix Music Driver	0	2372	67a94ef2	1ae0e6c7	Music/Xmas_Music/Scores/ISawThreeShips.smus
8806a93c69f5b066f7183e190ed9a99e	1	127317	player	uade	Protracker	0	138374	f96a5584	b7310a5c	Music/Classical Music/Classical_Modules/Classical_Modules/mod.golliwogg
886ad2b2241e0bdd31e52f689cb131d9	0	73458	player+silence	uade	Amos Music Bank	0	35828	e91f7072	30d6dc5a	History/Titanic_II/Music/PianoSong
89a2cdb8f25c3911ea3a532b3343cf4d	0	404356	player	uade	Sonix Music Driver	0	16512	0954ac94	99ba4979	Music/Classical Music/Desktop_Music_Workshop/Brandenburg/Scores/Brandenburg4_1.smus
8a1902fe9aa253bfd95494654841a254	1	38520	player	uade	Protracker	0	45814	0df7ab65	bf1aac64	Jnr_Education/Educational_Games/Misc_Games/Vic_Blitz/sounds/BGame.snd
8bbc599fd5abccd20ae6b5c7388a3cee	0	41072	player	uade	Amos Music Bank	0	19224	0367bb15	ce197f67	Music/Music_Programs/Guitar_Programs/Tune_Your_Guitar/Music.Abk
8c99570c25cd10f6a30479fdd2dde68e	0	304428	player	uade	Sonix Music Driver	0	3458	21f7300b	12d18729	Music/Classical Music/Piano Classics/Liszt/Nott2.smus
8ed8c1673451f67863985127f87efe08	1	163798	player+silence	uade	Protracker compatible	0	82552	7f3057bd	9a4eaf20	Music/Classical Music/Classical_Modules/Keyboard_Modules/Balladep.mod
8ff46d461fe3345207c8024a688ccd92	0	194793	player	uade	Sonix Music Driver	0	3558	f2f7f296	f620a0e5	Music/Classical Music/Desktop_Music_Workshop/Brandenburg/Scores/Brandenburg4_2.smus
9017c4c5edc8935c1480819f500f08d3	0	192121	player	uade	Amos Music Bank	0	60690	052b3f2c	4de16f64	Jnr_Education/Junior Spelling/Pictures_Letters/lucky.abk
9025e6149dd2b23f7e317def6f18d053	1	113030	player	uade	OctaMED MMD0	0	30314	0784f1fd	dd65377c	Music/Classical Music/Classical_Modules/Capriccos/Capricciopleasantjourney.mod
9083141b3ee0fcecb6d9b32bca7f2343	0	97718	player	uade	Sonix Music Driver	0	1184	a613203a	5ae65698	Music/Classical Music/Piano Classics/Chopin/Prelude6.smus
90f5de42f5317a5e2498750b1151b15a	0	87450	player	uade	Sonix Music Driver	0	1814	5deff80c	19b88cf3	Music/Xmas_Music/Scores/WhiteXmasSYNTH.smus
921a56348d2a2585b090ba44cf80f5bb	1	298133	player+silence	uade	Protracker	0	124740	c58d864c	bfdb88a9	Music/Misc_Music/Movie_Tunes/modules/Danger_Man
923104ffbf18da7e68cf097c6d7b046d	0	122173	player	uade	Sonix Music Driver	0	1220	2abf5f3d	a229c3f6	Music/Classical Music/Piano Classics/Satie/Triste.smus
92ce83a8a3c899449b725ceb1748cf8b	0	60122	player	uade	Amos Music Bank	0	31062	3db720c0	0eec1502	Jnr_Education/Junior Maths/Care_Bears_Sums/mus
930bc96b90d7add6146708503cf8a47a	0	61548	player	uade	Amos Music Bank	0	14626	75dbf760	63ccb28d	Jnr_Education/Educational_Games/Memory_Games/Style/Style/Music.Abk
9465cfeae0f744eabf05df114763297c	0	7816	player	uade	Amos Music Bank	0	15394	dba624d4	c582448f	Jnr_Education/Junior Spelling/Word_Factory/music/wrong.abk
94b23215c5f9f18120e3f8de69d6394f	0	204861	player	uade	Sonix Music Driver	0	8864	f62b4674	0e07fbda	Music/Classical Music/Desktop_Music_Workshop/Brandenburg/Scores/Brandenburg1_1.smus
95c04bd56fc52c19a3b1ebb8559fb31d	0	2791556	player	uade	Sonix Music Driver	0	53406	dea8aefe	d86dd20d	Music/Classical Music/Piano Classics/Beethoven/Symphony2.smus
97fe230b81e6a4c2d98475488bcfc372	0	498257	player	uade	Sonix Music Driver	0	12520	e617348e	381298e8	Music/Classical Music/Desktop_Music_Workshop/Classical_Vol.One/scores/Toccata&Fugue_in_D.smus
9898d2e7008e74b42b2d8cb554a55207	0	63799	player	uade	Sonix Music Driver	0	798	cf5cedc4	59c582d2	Music/Xmas_Music/Scores/SilentNight.smus
98c946679d9e3229b6e704a7ab23848c	0	75875	player	uade	Sonix Music Driver	0	2850	576012cf	d405e8a5	Music/Classical Music/Sonix_Classics/Scores/Prelude_in_E_Minor_Bach.smus
98e0a04bc40e336603c5d4d7bd29c215	1	75268	player+silence	uade	Protracker	0	78630	7074b04a	eb70b309	Music/Classical Music/Classical_Modules/Classical_Modules/mod.danceofswans
9a6fdbe37724d02d99b8f7e9539fde86	1	390347	player+silence	uade	Protracker	0	232526	7f7d05d8	101b9a08	Hobbies/Misc/AliensAhead/Tune/rectum_analysis.mod
9acc66bba3c2d630313a127f996be94d	0	7796	player	uade	Amos Music Bank	0	36556	5684c779	ce5ddebb	Jnr_Education/Junior Spelling/Word_Factory/music/truckmusic.abk
9b9fa2951e65e0785c89e7b289b7cc26	0	85943	player	uade	Sonix Music Driver	0	4194	59cfa8b9	3e35ba2d	Music/Misc_Music/Desktop_Music_Workshop/Rhapsody_in_Blue/SCORES/133-186.smus
9bbfa08f6f560cd3dd2a6c829186899e	0	200942	player	uade	Sonix Music Driver	0	2860	94c18b92	39a8287a	Music/Misc_Music/BeatleMania/Scores/AnotherDay.smus
9c06911c78368918a302794dc3b85378	0	34863	player	uade	Sonix Music Driver	0	662	fe28eb2e	7cb296f9	Music/Classical Music/Piano Classics/Chopin/Prelude7.smus
9cb86b5e681b9e57558319bfe6e9f57b	0	148556	player	uade	Sonix Music Driver	0	6862	80c6a764	f586733b	Music/Classical Music/Desktop_Music_Workshop/Brandenburg/Scores/Brandenburg2_3.smus
9dc9a0ae1658c459b6eb43f227daec5d	0	103786	player	uade	Sonix Music Driver	0	2074	af7b3c4b	d5d0bbcd	Music/Classical Music/Piano Classics/Beethoven/Minuet.smus
a0087a358cb2db07d0e3ba3b59782492	0	143473	player	uade	Amos Music Bank	0	34702	ba75fe05	37eaaba9	History/World_Wars/Battle_of_Britain/bofb/Mod1.abk
a0955a0008c204a95f09a9f3f62d12ad	0	143091	player	uade	Sonix Music Driver	0	2564	b5a042b4	d26f070c	Music/Xmas_Music/Scores/OLittleTown.smus
a1dbd5effc5457e511fe940712d3970d	0	217299	player	uade	Sonix Music Driver	0	7432	921120ab	427862ad	Music/Classical Music/Desktop_Music_Workshop/The_Four_Seasons/Scores/Spring3.smus
a22679ba505c0deccf06899dff99f55c	0	277602	player	uade	Sonix Music Driver	0	11274	36d8753f	4a9f9b94	Music/Classical Music/Desktop_Music_Workshop/The_Four_Seasons/Scores/Autumn1.smus
a252dae8608aca74b95ff6bb232f2224	0	95367	player	uade	Sonix Music Driver	0	1812	7b20921a	34838a4a	Music/Xmas_Music/Scores/WhiteXmas.smus
a28af4c53a08b08f56644fcc7bd0dadc	0	66270	player	uade	Sonix Music Driver	0	1718	46519c74	5e461b9c	Music/Xmas_Music/Scores/MerryXmas.smus
a2b6dca60b6d3b17efbb17b551319ef2	0	90846	player	uade	Sonix Music Driver	0	1402	947669e8	b306cc97	Music/Misc_Music/BeatleMania/Scores/AllMyLoving.smus
a2e0335216f1ea0736273fb441022f25	0	80457	player	uade	Sonix Music Driver	0	2058	de0fde1e	1a096601	Music/Misc_Music/BeatleMania/Scores/ifeelfine.smus
a2e81c0eda7d122f911e5d2e6999f14a	0	78146	player	uade	Sonix Music Driver	0	1628	bfb967e6	2e9c71f8	Music/Church_Music/Scores/CM-13.Smus
a392f4af027282d26cc04808df85a149	0	67456	player	uade	Sonix Music Driver	0	2114	b8535096	3da0045d	Music/Classical Music/Piano Classics/Tchaikovsky/Chinese.smus
a49b7c7e8c955e91ce5e43a09945f8c7	0	152877	player	uade	Sonix Music Driver	0	4420	f259c8c6	fb975818	Music/Classical Music/Piano Classics/Beethoven/Ecossaises.smus
a63fbcae532774c63847a18a51f2426e	0	160894	player	uade	Sonix Music Driver	0	12588	afc5cf39	a582d0c0	Music/Classical Music/Desktop_Music_Workshop/The_Four_Seasons/Scores/Summer3.smus
a66cd24362cb60f493de86ae21ae1210	1	9082	player	uade	Protracker	0	2218	a89dba57	e16e6491	DeskTop_Utils/Extra_Utils/TinyPlayer/LITTLESA.MOD
a77054cf8bf92bceff11601999d5e2c6	0	227507	player	uade	Sonix Music Driver	0	3982	f548c75b	0aeea53f	Music/Classical Music/Desktop_Music_Workshop/Brandenburg/Scores/Brandenburg2_2.smus
a82844736991e90ce4482b2264f21660	0	133526	player	uade	Sonix Music Driver	0	2006	175f8db3	e171ac02	Music/Misc_Music/BeatleMania/Scores/StrawberryFields.smus
a88d6347cff1b7ea622f447f4b8a39ce	1	245893	player	uade	Noisetracker 1.x	0	69424	2abce765	3287afef	Art/Creative_Art/3D Programs/Sird_Creator/mod.crystalhammer
a9a0b0c5caea5cf8fcb35200b14bdc98	0	96492	player	uade	Sonix Music Driver	0	3524	065b3730	a36598da	Music/Classical Music/Piano Classics/Tchaikovsky/Reed.smus
aa5d78ee4a103c13228f16d7331143ee	0	1877186	player	uade	Sonix Music Driver	0	40746	7615ab6d	81b3e3c7	Music/Classical Music/Piano Classics/Beethoven/Symphony1.smus
ab675a34fa0fbbb18e9d15d547492c51	0	184445	player	uade	Amos Music Bank	0	47936	755a98aa	fbf75095	History/Titanic_II/Music/Village
ac161766d5a313caf330820b2690b778	0	87751	player	uade	Sonix Music Driver	0	1500	f280c47e	5fa172d0	Music/Misc_Music/BeatleMania/Scores/AndILoveHer.smus
ac40ba61078e36f0fb44c336d8098c30	0	210105	player	uade	Sonix Music Driver	0	3230	cfc0fd26	c86f5c5d	Music/Misc_Music/BeatleMania/Scores/Lucy.smus
ad2062874412b0c72acdb169f1e5271a	1	119992	player+silence	uade	Protracker	0	46648	007c3326	07711bdd	Jnr_Education/Educational_Games/Misc_Games/deluxe_pacman_aga/PacMan.MUSIC_HALL
ad2062874412b0c72acdb169f1e5271a	1	119992	player+silence	uade	Protracker	0	46648	007c3326	07711bdd	Jnr_Education/Educational_Games/Misc_Games/deluxe_pacman_ecs/PacMan.MUSIC_HALL
ae467e5bfe72c0c578203352df8634ba	0	74569	player	uade	Sonix Music Driver	0	1228	985bfbc4	c75afec0	Music/Misc_Music/BeatleMania/Scores/NorwegianWood.smus
aecc252eb2c5e87280e2817bec7cbe7d	0	194050	player	uade	Sonix Music Driver	0	9124	4755a7ec	f27780ae	Music/Classical Music/Sonix_Classics/Scores/Anitra's_Dance.smus
b1361525bc30cffec71eb40ffb69e52c	0	359012	loop	uade	MusiclineEditor	0	50003	e227ee10	a1aebd36	Music/Music_Programs/Install to HardDrive/Mline/Modules/Ml.Monty On The Run
b1361525bc30cffec71eb40ffb69e52c	1	15148	silence
b1361525bc30cffec71eb40ffb69e52c	2	238363	loop
b14d18ce3c808a50bb3a4983af182d4d	0	128020	player	uade	Sonix Music Driver	0	2588	691b2e26	22dc5a88	Music/Misc_Music/BeatleMania/Scores/IfIFell.smus
b27b3009d52421cdb8a1dbbcea48bbdb	0	118013	player	uade	Sonix Music Driver	0	2392	3fd5c4e2	b7d34861	Music/Classical Music/Piano Classics/Scores/Humoresque.smus
b2aaa85b97ec76d808bded1db8e6ceec	1	0	nosound	uade	OctaMED MMD1	0	20468	9077c99a	e47101b8	Music/Music_Programs/Music_Tutorials/OctaMedPro_&_Midi.Tutor/OctaMED_MIDI_Modules/ThinkingOfHer2.MED
b2bda7933337fca3348ba258ca7aff30	1	22204	player	uade	OctaMED MMD1	0	121212	0a62365a	1218b316	Hobbies/TV_Shows/movieGuide/MED.MOVIEGUIDE
b3978e1ed11169c2bdd5809a89024db5	0	7816	player	uade	Amos Music Bank	0	13694	0b7f08bf	a00965d2	Jnr_Education/Junior Spelling/Word_Factory/music/correct.abk
b3e3d0f0c130445f706c12faf8fd3fed	0	160854	player	uade	Sonix Music Driver	0	3850	3b546372	8e53199c	Music/Classical Music/Piano Classics/Liszt/Aulac.smus
b5cd73f7c938ad6cae2c002584737139	0	187539	player	uade	Sonix Music Driver	0	7062	f60bf5a6	dca11f19	Music/Classical Music/Desktop_Music_Workshop/Classical_Vol.Two/SCORES/Sheba.smus
b6d6308ccc2c89d88420f44f1f8ae34f	0	212416	player	uade	Sonix Music Driver	0	3480	c40054bb	dd48fb6e	Music/Classical Music/Desktop_Music_Workshop/Classical_Vol.One/scores/Brandenburg4_2.smus
b7bf35a235e13c5a592e3f0735c28b7c	1	38440	player	uade	OctaMED MMD0	0	20332	c0c032cb	941b9d39	Music/Classical Music/Classical_Modules/Capriccos/Capricciodangers.mod
b7c29ac34471d3bd55e75a15bdf40e02	1	76659	player	st3play	Scream Tracker 3.00 (SB)	16	141956	15e9b37f	ddfd7a56	Music/Music_Programs/SoundStudio/Screamtracker/Near_dark.s3m
b7c8b826bc8df6e16bfe3ba58afbdde1	1	161397	player	uade	Soundtracker II (31 instr.)	0	44410	f313c1ce	abbc3811	Jnr_Education/Educational_Games/JigSaws/Picture_puzzle/Modules/Mod.echoing
b7e1d8bbec342e2e59d25569df308386	0	207975	player	uade	Sonix Music Driver	0	5068	eeb7eb39	d84c1439	Music/Classical Music/Piano Classics/Tchaikovsky/Carnival.smus
b8bb344a03f8c867b0cb84fe1de6948d	1	69646	player	uade	OctaMED MMD1	0	77600	8c5125e7	fac8343f	Jnr_Education/Educational_Games/Misc_Games/Megaball3/Mb_music/Extralife.tune
b929d57a664d4ed3fd473f4a93fa7ff1	0	76760	player	uade	Sonix Music Driver	0	1356	1942022a	dcf4608e	Music/Church_Music/Scores/CM-10.Smus
ba5bf72560288142fe78f1c35a1672e3	0	60785	player	uade	Sonix Music Driver	0	1432	7c176ea7	8a7e0c26	Music/Classical Music/Sonix_Classics/Scores/Prelude_#10_J.S.Bach.smus
ba94f452346b4ea437d0980f014228b6	1	169575	player	uade	OctaMED MMD1	0	61658	7a5c5c01	d2d98415	Jnr_Education/Educational_Games/Misc_Games/Megaball3/Mb_music/Mbmus06
baa6ef39b74d0e09c1e32c5c2470a193	0	82547	player	uade	Sonix Music Driver	0	3826	a3988c9c	6f997a6c	Music/Classical Music/Sonix_Classics/Scores/Prelude_#3_J.S.Bach.smus
bcc0667b64fe10bdb579a59538098722	0	210547	player	uade	Sonix Music Driver	0	11056	e7a6b442	61be194e	Music/Classical Music/Desktop_Music_Workshop/The_Four_Seasons/Scores/Spring1.smus
bd392bb6da1aa4b3aa14c0f26836d821	0	296129	player	uade	Sonix Music Driver	0	16008	2fad860f	3b3f4556	Music/Classical Music/Desktop_Music_Workshop/Classical_Vol.Two/SCORES/Brandenburg5_3.smus
bd6e4e60959873d0dbf0e6f9be5e8cd3	0	86566	player	uade	Sonix Music Driver	0	2726	b9c911b6	f5f22674	Music/Classical Music/Desktop_Music_Workshop/The_Four_Seasons/Scores/Winter2.smus
bd6edfefe2739724a704106c5a382542	0	282706	player	uade	Sonix Music Driver	0	4416	ce54a5c2	ddbc2988	Music/Classical Music/Desktop_Music_Workshop/Pictures_at_Exhibition/SCORES/Castello.smus
bdaa16ad7582480ab6808c05ca80f797	1	38520	player	uade	Protracker	0	16064	1ff63bc1	2acb1deb	PHOTO-BOOK/SELL/song.abk
bdc201c714e7bc83737e956968d5894f	1	344998	player	uade	Protracker	0	227146	adeea043	ce0fe212	Music/Misc_Music/Movie_Tunes/modules/Captain_Scarlet
be2d4d55865774978cbdfc3d7bd4bf4a	0	126935	player	uade	Amos Music Bank	0	73990	8a9931b6	92093ba3	Jnr_Education/Junior Spelling/Pictures_Letters/black.abk
be7f8f03291e0ef924800337c05b58a3	1	194926	player+silence	uade	OctaMED MMD1	0	129324	d1ef2816	d6a6920b	Music/Music_Programs/Music_Tutorials/OctaMed_Tutor/Modules/Happy_talk
bfa8b0bbd5f6ef5e7bc1806d54320853	0	155107	player	uade	Sonix Music Driver	0	3596	8a92a4f2	3d700b2c	Music/Misc_Music/BeatleMania/Scores/NobodyToldMe.smus
c46b6e6cc531ca237b742350140cc92b	0	146607	player	uade	Sonix Music Driver	0	1412	6626a5d6	64c59ed3	Music/Classical Music/Piano Classics/Satie/Douloureux.smus
c4bfa6e233aa1f336d81d5f3d2382479	1	46216	player	uade	Protracker	0	72450	dd86cb55	86912c40	Jnr_Education/Junior Painting/Artistix/mod.titlepop
c5d96f2ae97205cd34e099301b6e8dc4	0	107645	player	uade	Amos Music Bank	0	43836	06b936bd	78f2a771	PHOTO-BOOK/PORTRAIT/mod2.abk
c6cc6370264f54f2e4b76d0eacad14f4	0	456119	player	uade	Sonix Music Driver	0	14236	3aff3f47	be8695ce	Music/Classical Music/Desktop_Music_Workshop/Classical_Vol.One/scores/Brandenburg3_1.smus
c7baa8190da25f364357a3dab70d7a6a	0	158443	player	uade	Sonix Music Driver	0	2390	b13cbd79	c90acf77	Music/Misc_Music/BeatleMania/Scores/SixtyFour.smus
c7e66c1835cdf0d023cbdafcefbf0e8e	1	154123	player	uade	MED4 (4ch)	0	103771	09024f7c	41850858	Jnr_Education/Stories_And_Nursery_Rhyme/Old_Mac.Donald/OldMac
c84b8fb31f75037b51d0f5507c8fcdfe	0	251178	player	uade	Sonix Music Driver	0	6224	66c45390	2d9fe3c4	Music/Classical Music/Sonix_Classics/Scores/Morning.smus
c8c625b7ef61cb057ef990e88af2797c	0	112769	player	uade	Sonix Music Driver	0	1480	c0a6bdfb	c5042dae	Music/Misc_Music/BeatleMania/Scores/Because.smus
cb429bb29b35bd7cc27ca844c5150a08	0	238380	silence	uade	MusiclineEditor	0	257114	67c3bfcd	c1c28e24	Music/Music_Programs/Install to HardDrive/Mline/Modules/ML.Straight On
cb429bb29b35bd7cc27ca844c5150a08	1	0	nosound
cb429bb29b35bd7cc27ca844c5150a08	2	0	nosound
cb429bb29b35bd7cc27ca844c5150a08	3	0	nosound
cb429bb29b35bd7cc27ca844c5150a08	4	0	nosound
cb429bb29b35bd7cc27ca844c5150a08	5	0	nosound
cbcce923c9396f9447ef0f5601b6b1c8	1	122534	player	uade	Protracker compatible	0	37928	098dd85d	caa30eb7	Jnr_Education/Educational_Games/JigSaws/Picture_puzzle/Modules/mod.spring in leningrad
cbd6fe0ac896bccbf8b00c75fb8cc024	0	65225	player	uade	Sonix Music Driver	0	2682	0c6712f4	89c7fe6a	Music/Classical Music/Desktop_Music_Workshop/Brandenburg/Scores/Brandenburg3_2.smus
cc29ac40cd17f2b44293fe4ccca729b7	0	55178	player	uade	Sonix Music Driver	0	1274	c963c8cc	6a306e8a	Music/Misc_Music/BeatleMania/Scores/CarryThatWeight.smus
cf8045ff646ffe5c9a673bd23707f7c6	1	53631	player	uade	OctaMED MMD1	0	6552	35b118b0	20177035	Music/Music_Programs/Music_Tutorials/OctaMedPro_&_Midi.Tutor/OctaMED_MIDI_Modules/Basic_MIDI_Drums.MED
cfaaa91187768dbffed3934298806299	0	341964	player	uade	Sonix Music Driver	0	13036	a543367d	c0df732b	Music/Classical Music/Desktop_Music_Workshop/Brandenburg/Scores/Brandenburg3_1.smus
d0e61283309c5d72a050d14fcb2e6704	1	299993	player+silence	uade	Protracker	0	347582	a5cbd2fd	8b8ac39f	Music/Music_Programs/OctaMed_V4/MODS/space_debris.mod
d15727b5f42da033e5c147e58c050c51	0	53872	player	uade	Amos Music Bank	0	43986	0d13964f	aa595af3	PHOTO-BOOK/PORTRAIT/mod1.abk
d18e8c87e5dfcf57eb77f20b4c8f878f	0	163969	player	uade	Amos Music Bank	0	47216	7fa4cdac	fe8772aa	History/Titanic_II/Music/Laidback
d2f9cc176d0cd4b783762dce5c9f69a8	1	70731	player	uade	OctaMED MMD0	0	26204	bb9beab6	e5d6e52a	Music/Classical Music/Classical_Modules/Capriccos/Capricciosorrow&regret.mod
d307fe00bb0029221b47e0bd027513bc	0	185409	player	uade	Sonix Music Driver	0	5482	31e2ec87	29ff4788	Music/Classical Music/Piano Classics/Tchaikovsky/March.smus
d364354cf1035c10e81f93e9157c812f	0	150727	player	uade	Sonix Music Driver	0	8248	770acdcd	a160d9d7	Music/Classical Music/Desktop_Music_Workshop/Pictures_at_Exhibition/SCORES/Prom-Limoges.smus
d42d2b53c113ba8ea00b6ff255728f66	0	315017	player	uade	Amos Music Bank	0	53844	e2016c5b	636680fd	Jnr_Education/Educational_Games/Quiz_Games/Shapes/Music.abk
d45cdf34f48e0f2e674cb7159ab4d07c	0	42680	player	uade	Sonix Music Driver	0	3208	b20c0fff	1dd00e8b	Music/Misc_Music/Desktop_Music_Workshop/Rhapsody_in_Blue/SCORES/531-558.smus
d460b793624279c8c17f30c7e940f9f4	1	169365	player+volume	uade	Protracker	0	295408	67c03c98	0db71276	Music/Classical Music/Classical_Modules/Keyboard_Modules/wanderlust.mod
d4acf1b012174fa33838d4cb019ab300	0	122434	player	uade	Sonix Music Driver	0	3704	5d31c6a6	0e6d4a39	Music/Misc_Music/Desktop_Music_Workshop/Rhapsody_in_Blue/SCORES/403-478.smus
d50291adbfced549e0ef339f88cd500e	0	114899	player	uade	Sonix Music Driver	0	4350	a694a8e3	a1ad8887	Music/Classical Music/Sonix_Classics/Scores/Prelude_#4_J.S.Bach.smus
d7128761247fba9107449a179f004060	0	440968	player	uade	Sonix Music Driver	0	16322	5a0cdde1	cb8947aa	Music/Classical Music/Desktop_Music_Workshop/Classical_Vol.One/scores/Brandenburg4_1.smus
d79cbd7389b154beec98033c1e9f3a76	1	360167	player+silence	uade	Protracker	0	141738	18a5a7c8	12e86afa	Music/Classical Music/Classical_Modules/Keyboard_Modules/mod.Back_From_Blue
d83d80974ab3d17aad6f201b97b2b55a	1	246375	player	uade	Protracker	0	201236	d158e389	0b219c88	Jnr_Education/Educational_Games/Misc_Games/Tetrispro/Data tetris
d94042746e27e0f7755f9f580f555310	1	48085	player	uade	OctaMED MMD0	0	58610	85257150	e8577e7e	Jnr_Education/Junior Painting/Kids_Paint/bog
dccf67e482a7c37a2d7486dcca460e15	0	110377	player	uade	Sonix Music Driver	0	4588	b5c966e0	8acad491	Music/Classical Music/Desktop_Music_Workshop/Pictures_at_Exhibition/SCORES/Prom-Poussins.smus
dd5921c48bcfb92bd2a22f73e410df32	0	124142	player	uade	Sonix Music Driver	0	2370	66559787	3895de41	Music/Misc_Music/BeatleMania/Scores/Yelsub.smus
ddba592519b2c03febfb8f4e4ef0d51d	1	7796	player	uade	Protracker	0	2218	e37e0ee7	19758456	DeskTop_Utils/Extra_Utils/TinyPlayer/HMMCANTT.MOD
ddba6606404f75e62947ca355ecb1d69	1	253480	player+silence	uade	Protracker compatible	0	123264	b84af2e3	c16378a1	Music/Classical Music/Classical_Modules/Classical_Modules/mod.andante
dde9b838b3bcce79b11ee766fb95d3f5	1	48125	player	uade	Protracker compatible	0	7546	fe1f4d51	f2e18d90	DeskTop_Utils/Extra_Utils/TinyPlayer/MOD.BubbleTune
dece6c292a36c30ee3e3fd4d2ea0987d	1	322053	player+silence	ft2play	Fasttracker (M.K.)	4	182691	3eda178f	0adc9f86	Music/Classical Music/Classical_Modules/Classical_Modules/mod.Chopin
dedbcee6f2f7fb4f56f7ecc228e1a341	1	253730	player	uade	Protracker compatible	0	108182	abb17cfc	14ce0364	Music/Classical Music/Classical_Modules/Keyboard_Modules/Bach.mod
dfc514c2897de8d33dc5589797dc9dcb	1	169093	player	uade	Protracker	0	63534	c3f7e389	48e7a5a5	Music/Misc_Music/Movie_Tunes/modules/The_Man_From_Uncle
e0881ee289343f6047991e3218ca6488	0	98381	player	uade	Sonix Music Driver	0	820	20d91155	45f9ed8f	Music/Classical Music/Piano Classics/Tchaikovsky/Morning.smus
e0fc9cd11fe4993a736441cf1bf9e56c	1	122997	player	uade	Protracker	0	179620	f3d23da2	c2ff6efa	Music/Music_Programs/OctaMed_V4/MODS/kraftwerk.mod
e189d0e3bb9eea085bd44cc267679265	0	364992	player	uade	Sonix Music Driver	0	2986	8065cae3	dfbed052	Music/Classical Music/Piano Classics/Beethoven/Moonlight.smus
e37c0118eb144af49ddbce12698a5fea	1	276034	player	st3play	Scream Tracker 3.01 (GUS)	16	149794	57fc00ea	3dc997e2	Music/Music_Programs/SoundStudio/Screamtracker/The_stationary_ark.s3m
e3c5fcc394c21dd79538c410a6361fc3	0	212858	player	uade	Sonix Music Driver	0	13604	6efd3b1b	1bb1cc7d	Music/Classical Music/Desktop_Music_Workshop/The_Four_Seasons/Scores/Winter1.smus
e3f21fddb0f22766b3b0cd3852a2346c	0	123197	player	uade	Sonix Music Driver	0	7214	99fd4d45	2c650de9	Music/Classical Music/Desktop_Music_Workshop/Debussy/Scores/Snowflakes.smus
e47970b373e50d0715af0afb679e5790	0	989924	player	uade	Sonix Music Driver	0	41514	0d97ce10	44973b99	Music/Misc_Music/Desktop_Music_Workshop/Rhapsody_in_Blue/SCORES/Rhapsody.smus
e4ea91104a6669ac2368fd397423c4a6	1	38440	player	uade	OctaMED MMD1	0	50568	0e7f575e	2bdd613a	Science/Biology/Dinosaurs/Beginning_of_Earth/song
e647bd745264623216ea2a49675e37e8	0	99968	player	uade	Sonix Music Driver	0	1748	80a97cd5	49ec1a35	Music/Misc_Music/BeatleMania/Scores/YouNeverGiveMeYourMoney.smus
e75b91bac752389c7c10a5c10ea03fa9	1	190111	player	uade	OctaMED MMD0	0	128292	d8c182e4	f7104867	Jnr_Education/Educational_Games/Quiz_Games/Spelltris/Music/Magic_Potion?
e96e11fa98dfb55ed19d0623ed7ef60c	1	0	nosound	uade	OctaMED MMD1	0	3396	1c1a2604	7166d855	Music/Music_Programs/Music_Tutorials/OctaMedPro_&_Midi.Tutor/OctaMED_MIDI_Modules/Basic_DrumsWithBass.MED
e9f7cfb9e4cc71c919429892f717ead0	0	0	nosound	uade	Sonix Music Driver	0	14336	8b65a617	e7c69443	Music/Classical Music/Desktop_Music_Workshop/Brandenburg/Scores/Brandenburg3_3.smus
ea410c151e92c2dc9acd41004cb3093c	0	206810	player	uade	Sonix Music Driver	0	3100	f19b5299	7722c151	Music/Classical Music/Sonix_Classics/Scores/Ase's_Death.smus
ea4e74df0a4fb2a6bce26d8b0b3ccea1	0	69546	player	uade	Sonix Music Driver	0	1672	a99ebea8	d309704e	Music/Classical Music/Piano Classics/Scores/Menuetto.smus
ed27de554a9d1bd3e83bc9d19f12a3be	0	77523	player	uade	Sonix Music Driver	0	1498	37e72a44	a029ce55	Music/Misc_Music/BeatleMania/Scores/Rain.smus
ed324af3be8f6b8f47f8dc77f73f8a92	1	192462	player	uade	Protracker compatible	0	115306	ac4e68e2	a91624ec	Music/Pop_Profiles/Queen_files/music/Another One Bites The Dust.mod
eda151f6c0e44ed0a6a645960569142e	1	94242	player	uade	Protracker	0	188866	4597d2b5	06a277a1	Music/Classical Music/Classical_Modules/Keyboard_Modules/mod.laudamus te
ee10d04af36b7764e87e33aae91e5785	0	128121	player	uade	Amos Music Bank	0	84304	8066e4cb	544c0cf6	Hobbies/Astrology/Rune_Master/RM_DELOS1.ABK
ee330e18c5fea067e5c8ecdf95c613e2	0	113412	player	uade	Sonix Music Driver	0	2308	093c9d8d	d65edbec	Music/Classical Music/Piano Classics/Tchaikovsky/Starlight.smus
ee8fd8c8b4c4637e51d4cdd26fee29f6	0	35767	player	uade	Sonix Music Driver	0	784	9f074eab	385e71f2	Music/Classical Music/Sonix_Classics/Scores/Sarabande_J.S.Bach.smus
ef6b94212d09837c2be34bdd719f87ad	1	173976	player	st3play	Scream Tracker 3.01 (SB)	16	196052	2a503d5d	23e9637b	Music/Music_Programs/SoundStudio/Mod.x-files
f107e2510fbf89dd27f7fb890c002a38	1	91210	player+silence	uade	Protracker	0	10198	9aa178aa	fb303425	DeskTop_Utils/Extra_Utils/TinyPlayer/1987TUNE.MOD
f16549d88d053e28ed015910fccf6a60	0	430379	player	uade	Sonix Music Driver	0	8342	1ca2d113	2d4d0801	Music/Classical Music/Desktop_Music_Workshop/Classical_Vol.One/scores/Prelude&Fugue_No7.smus
f1a8fe19a4944b9b2020705b54db99d8	0	70530	player	uade	Sonix Music Driver	0	1234	66c8495c	8ec3b727	Music/Xmas_Music/Scores/AwayInAManger.smus
f1f87b6c95bf73e61ce9f1b5021ac48d	0	307804	player	uade	Sonix Music Driver	0	7848	f1a1b0a5	afa6a16b	Music/Classical Music/Desktop_Music_Workshop/Pictures_at_Exhibition/SCORES/Prom-Gnomus.smus
f1fe33d09cfc044ebb5f552542ead82d	0	73545	player	uade	Sonix Music Driver	0	1478	d2d9b801	8dd79d92	Music/Classical Music/Piano Classics/Scores/melody.smus
f23c20bddf975364cd40b292856c4f0f	0	98823	player	uade	Sonix Music Driver	0	2142	5409961b	4d10c8b5	Music/Misc_Music/BeatleMania/Scores/AllTogetherNow.smus
f24ee82f0d96322d052c91013afefef9	1	65869	player	uade	OctaMED MMD0	0	19822	69ac8cb9	a9853579	Music/Classical Music/Classical_Modules/Capriccos/Capricciodeparture.mod
f2b4ab9166db5dba66458cdb8ed96934	0	241352	player	uade	Sonix Music Driver	0	3588	3cc284ed	cd36f207	Music/Classical Music/Piano Classics/Scores/Clair.smus
f2f4666bba7f89b2b3166461bed228ec	0	313947	loop	uade	MusiclineEditor	0	83214	93a85db0	2da61242	Music/Music_Programs/Install to HardDrive/Mline/Modules/Ml.Sweet'n'Sour
f2f4666bba7f89b2b3166461bed228ec	1	321414	loop
f3cb0b577724cccc196f2b77e450c926	0	261486	player	uade	Sonix Music Driver	0	9428	759c84c3	2db6d8e4	Music/Classical Music/Desktop_Music_Workshop/Classical_Vol.One/scores/Brandenburg4_3.smus
f431e75fe7b150aea804b4411ebf6afc	1	76920	player	uade	Protracker	0	22002	0dcc85f7	c1e53e9d	Jnr_Education/Educational_Games/Misc_Games/Deluxe_Galaga_2.6/GALAGA.MUSIC1
f58dae26161253c9aabae5b7e910b741	0	122374	player	uade	Sonix Music Driver	0	4092	fc2d3339	3267c470	Music/Classical Music/Piano Classics/Chopin/Waltz.smus
f5d26e656b097c780dcabe839607f5af	0	55319	player	uade	Sonix Music Driver	0	1672	c94bb1af	2a513f19	Music/Xmas_Music/Scores/WeThreeKings.smus
f69c35b94a246c57d17380981de5283b	1	83330	player	uade	Protracker	0	15202	7b9a8c9f	0051d7f9	Geography/The_Weather_Guide/HeatBeat
f6c10d0ec0362d853bee44c3e529b450	1	206047	player+silence	uade	Protracker	0	293600	586f79f3	8b31b4d5	Music/Misc_Music/Movie_Tunes/modules/Space_1999
f6dc72f545a142bc1d81d75818cf5098	0	180108	player+volume	uade	Sonix Music Driver	0	3152	700d7c6b	6eed6087	Music/Misc_Music/BeatleMania/Scores/AcrossUniverse.smus
f804a50ca8b258ba86fca8b2c96ddbaf	1	282424	player	uade	Protracker compatible	0	57138	192ee78c	8002b278	Music/Classical Music/Classical_Modules/Classical_Modules/mod.SonataWAMozart
f8261da3e1c928428e0a4b28073a3daa	1	150316	player+volume	uade	Protracker compatible	0	65436	abd5ea3e	a0681514	Music/Pop_Profiles/Beatles_files/music/A Day in the Life.mod
fa40ba1899e49f3cccea4a03a11b51a1	0	167988	player	uade	Sonix Music Driver	0	10228	067222ea	4ac09171	Music/Classical Music/Desktop_Music_Workshop/The_Four_Seasons/Scores/Winter3.smus
fbd784fd7d32f7b8dbc6d19c2b370996	0	205163	silence	uade	MusiclineEditor	0	29103	ff5dd1c5	74e924bf	Music/Music_Programs/Install to HardDrive/Mline/Modules/Ml.Neutron
fbec55bf10cef7c42e023d71b1799492	1	269410	player+silence	uade	Protracker	0	151698	d54717b7	434a588d	Jnr_Education/Educational_Games/Misc_Games/deluxe_pacman_aga/PacMan.MUSIC_MAIN
fbec55bf10cef7c42e023d71b1799492	1	269410	player+silence	uade	Protracker	0	151698	d54717b7	434a588d	Jnr_Education/Educational_Games/Misc_Games/deluxe_pacman_ecs/PacMan.MUSIC_MAIN
ff7ca8aee91db3ec76a043b8cae45337	1	220775	player	uade	OctaMED MMD0	0	21070	94d94c4e	ae4c3efa	Jnr_Education/Educational_Games/Misc_Games/Megaball3/Mb_music/Mbmus04
