122dddb826f7f6cdc5c769e189207140	0	190393	player	libdigibooster3	DigiBooster Pro 2.18	26	893149	a96f33d5	b460ec3f	Scena/AstroSyn2/Music_multi/entry12/ValleyOfTheScreamingRocks8bit
17666911e45f56e8f05ffe77d5edb132	1	302044	player+volume	ft2play	FastTracker v2.00	4	153489	87f45259	5eed0256	Scena/AstroSyn2/Music_multi/entry28/3D_PARTY.XM
1d37007bc79ec35e08ca24ea4d70b9cb	1	726062	player+silence	ft2play	DigiBooster Pro 2.20	4	1850218	d299ec60	abb112cc	Scena/AstroSyn2/Music_multi/entry17/XM.Aliens invasion
1dda6a6773bee7598ad782ab557f531a	1	204772	player+silence	ft2play	FastTracker v2.00	16	313468	d078df98	f6eebf3f	Scena/AstroSyn2/Music_multi/entry32/HORAL10.XM
22accdd755d2308ee1369879a211883a	1	249162	player+silence	uade	Protracker	0	702808	6d20dfdb	7bdfb43a	Scena/AstroSyn2/Music_4chnn/09/mod.alpha_centauri
25e0ccb449058c73e091dd94ac0828db	1	230224	player+silence	ft2play	FastTracker v2.00	30	855839	c3c05cd6	1a2c71cc	Scena/AstroSyn2/Music_multi/entry29/HANKER.XM
265d6a26cbde68385609e3c6e14ac168	1	176494	player+silence	uade	Protracker	0	674540	c0c0b29b	3a4659f3	Scena/AstroSyn2/Music_4chnn/entry01/REALITY.MOD
2b7155515b094373e29fa655b9298a9e	1	221108	player+silence	ft2play	FastTracker v2.00	20	938624	6851822d	0f8fdfe4	Scena/AstroSyn2/Music_multi/entry18/EOFWORLD.XM
2fd8785709d97f4587a179da18e9f17b	0	269866	player	libdigibooster3	DigiBooster Pro 2.20	4	610013	0f68a9ce	01b115f1	Scena/AstroSyn2/Music_multi/entry03/gem.dbm
30058bc92dc95fe32950b3407d93e582	1	204365	player+silence	uade	Protracker	0	521568	43447a70	4583ac0d	Scena/AstroSyn2/Music_4chnn/03/mod.Trance-probe 2009
3eb8b3986c9c55ae19d24be69cff422a	1	69224	player	uade	Protracker	0	64442	cf6d762c	89baaae8	Rozrywka/FaYoh/snowy/mod
3f03426402e1ca09838d851274c89b60	1	301551	player+silence	uade	OctaMED MMD1	0	190868	09b53046	aab83648	Varia/Cascade_1.0e/module/WhiteNight
3fc7315515b765a682d10aaff73a931e	1	63678	player	uade	Protracker compatible	0	175358	c8bf9afb	16e6ce5d	Scena/AstroSyn2/Wild_comp/entry11/tokyo/025.ls
422677e1779bba6ae50579b3578690f4	1	108357	player+silence	uade	Protracker compatible	0	295358	cc83cd53	3e03abe2	Scena/AstroSyn2/Wild_comp/entry11/tokyo/032.ls
423d6c3c623e7bdaf48ef50ad85495cf	1	207670	player	ft2play	Fasttracker (M.K.)	4	322244	0bc64d4f	e78a87b8	Scena/AstroSyn2/Music_4chnn/entry04/badluck.mod
42f116a3768a3230e15300fdf48045ea	1	2994	player	uade	Protracker	0	17956	9f06c708	bac5a3ae	Rozrywka/FaYoh/Sound/mod.during
4c6c08b0b2d0c82919c5b37bf3a3d40e	1	76920	player	uade	Protracker	0	41394	1514ae07	32f864e2	Rozrywka/FaYoh/title/mod
4dc85d817cbe5bbea370d27eec796054	1	191694	player	ft2play	FastTracker v2.00	16	443068	0d109ef9	b401b7de	Scena/AstroSyn2/Music_multi/entry14/OUT_OF.XM
4ef86e9c5cbdfb22daf8985b4b76ac02	1	80758	player	uade	Protracker compatible	0	42804	32e8c4d3	2e39fc95	Rozrywka/SpodRacer/mod.ingame3
4fe23004b3749687bb5866627c015816	1	40593	player+silence	uade	Protracker compatible	0	97772	b37589da	1e5541da	Scena/AstroSyn2/Wild_comp/entry11/tokyo/000.ls
518e2d74d619f9721438ab5d3a72cd8d	1	46216	player	uade	Protracker	0	44860	9654c884	77bc2db0	Klub_MACD/Inni/Przemyslaw_Radziszewski/MP1
579dcfd954e7fb5b68838fdd528e099f	1	505368	player+silence	ft2play	FastTracker v2.00	20	1265354	69e3682e	889509d6	Scena/AstroSyn2/Music_multi/entry08/hallucin.xm
5a5580c81354a12f72ef23076118bdd9	1	162812	player+silence	uade	Protracker	0	95326	77c714dc	f639c7b5	Uzyteczne/XModule_V3.4/BonusModules/FBYWinning2.mod
5a7348ada5bd7cc625e5189eb7f685c2	1	30824	player	uade	Protracker	0	23364	d1d43a0d	6e51cae1	Rozrywka/FaYoh/castle/mod
5b6fdd983d22796f9ac0ebc223d74dad	1	95327	player	uade	Protracker	0	135270	ad40cbbd	291342e2	Rozrywka/SpodRacer/mod.ingame1
5d8bcb092163e198b7f561740cdfb213	1	119179	player	uade	Protracker compatible	0	55912	222270d2	1e656a12	Rozrywka/SpodRacer/mod.ingame2
5eb82409c8d5d78b53cbff8c02811724	1	181449	player+silence	ft2play	Fasttracker (M.K.)	4	279664	82465242	520f29e7	Scena/AstroSyn2/Music_4chnn/entry02/DISCLAIM.MOD
607042895132a1e597332724e2f7741c	1	13078	player+silence	uade	Protracker	0	47510	4a16a871	a4343750	Scena/AstroSyn2/Wild_comp/entry11/tokyo/047.ls
64fd90f6e2027a47cd435e3ed65eb0aa	0	194512	player	libdigibooster3	DigiBooster Pro 2.17	14	823554	da469d42	ea3397ae	Scena/AstroSyn2/Music_multi/09/lostfoundApproachingAriden.DBM
673e7c3fa669c1da00b3f879bbeb0097	1	175705	player+silence	ft2play	FastTracker v2.00	16	847737	7a58414e	860af0fe	Scena/AstroSyn2/Music_multi/entry04/OTHERLM.XM
6cb3deebf077cb0b2d60bb2bb43abdcc	1	30824	player	uade	Protracker	0	10872	a8e5d47c	cf06514f	Scena/AstroSyn2/Wild_comp/entry08/data/mod.mod.mod
6ec6e0bd45ebe7f30cdfd8c5652a15e5	1	177231	player	uade	OctaMED MMD0	0	116586	eea44ac6	186ac4d0	Varia/Cascade_1.0e/module/BartmanFunk
74e9257237c5fbbf65442be7466fae47	1	37234	player	uade	Protracker compatible	0	113058	84467c94	0d08d526	Scena/AstroSyn2/Wild_comp/entry11/tokyo/038.ls
77294a70d382b6c1d93d86ac9578684d	1	312757	player+volume	ft2play	FastTracker v2.00	24	740636	cfdc8050	48deba5c	Scena/AstroSyn2/Music_multi/entry02/depart.xm
774699a9c6d832075573280212081af8	1	180318	player+silence	ft2play	FastTracker v2.00	26	583971	e3d0bcd3	199858c6	Scena/AstroSyn2/Music_multi/entry15/CCT---BL.XM
78bf44838057a38cf00b63e6fbfe0a7c	0	94537	player+silence	libdigibooster3	DigiBooster Pro 2.20	20	208758	8fc2085e	f17528db	Scena/AstroSyn2/Music_multi/04/nude party.DBM
7c4333ec3b114f2c2965739da6144262	1	247899	player+silence	ft2play	FastTracker v2.00	16	271873	08d7c189	7491ee27	Scena/AstroSyn2/Music_multi/01/SPACE16.XM
7c5b40fd8821f975b194635038f14cf0	1	197843	player	ft2play	FastTracker v2.00	16	639680	c27d6aaa	28bcf17a	Scena/AstroSyn2/Music_multi/10/FDK_SHPV.XM
7c90ac81205e335a3ec092cc324bad9d	1	138237	player+silence	uade	Protracker compatible	0	611670	de5c61cd	b32015ff	Scena/AstroSyn2/Music_4chnn/entry06/R_WEST.MOD
7e8b6cfe033f20f1da7e4e69f0ff8373	1	176955	player+silence	ft2play	FastTracker v2.00	16	595881	28d1b915	4469f270	Scena/AstroSyn2/Music_multi/02/LAST_DAY.XM
80a469ac289b7ff7d2172e6b0623a036	1	196664	player+volume	ft2play	FastTracker v2.00	14	436072	6b811e44	89cf7cd4	Scena/AstroSyn2/Music_multi/entry05/DIE.XM
8343f2adfe78cee571539f2edca87fbc	1	146829	player+silence	ft2play	FastTracker v2.00	8	527076	611ec380	ea4b24d4	Scena/AstroSyn2/Music_multi/entry21/aliensr.xm
852f59971a217635fd8560c60cfaabb4	1	65153	player+volume	uade	Protracker	0	603102	eefb02bb	284300e5	Scena/AstroSyn2/Wild_comp/entry11/tokyo/075.ls
853fe2eccb1c2607c8e63838d36ddde0	1	0	nosound	uade	Protracker	0	159644	66f089e9	815e96f6	Scena/AstroSyn2/Wild_comp/entry11/tokyo/050.ls
87beac1a0c960d7a5d218285ceb2324d	1	128483	player+silence	uade	Protracker compatible	0	487696	85d3395b	6829e524	Klub_MACD/Inni/Michal_Szuster/mod.LeonMIX
8919c467d19413d2500ac05ab6278b14	1	46216	player	uade	Protracker	0	39614	addf6562	b38edc39	Rozrywka/FaYoh/temple/mod
8b91e4529e539bd71875d58e87cadff7	1	242578	player	uade	Protracker	0	160238	b2892d0d	737c8cbe	Klub_MACD/Rafal_Kulik/mod.acid fool
8ce3218295e01981e9d6250a01eee2d8	0	255901	player+silence	libdigibooster3	DigiBooster Pro 2.20	20	828265	f44b9a7b	9af3161a	Scena/AstroSyn2/Music_multi/entry01/dbm.iNsPiRaTiOn_sOuRcE
8d29819a15fec205a0905edc0e248adf	1	225386	player+volume	ft2play	FastTracker v2.00	20	699258	2fd83d76	e453adda	Scena/AstroSyn2/Music_multi/entry31/ADDREAM.XM
8f07d74ffc39996d9744e3e81caa2bbe	1	26913	player+volume	uade	Protracker	0	139696	dba717c2	4cceb4ad	Scena/AstroSyn2/Wild_comp/entry11/tokyo/093.ls
8f157037dfe3b8bcba4ad18d0d633955	1	105545	player+silence	ft2play	FastTracker v2.00	14	1304619	04732748	25cc2c14	Scena/AstroSyn2/Music_multi/entry27/VIBE.XM
8f403784141670283c1311a40438d29d	1	396781	player	uade	Protracker compatible	0	191754	051ae6a2	dbef3f6b	Rozrywka/SpodRacer/wins.MOD
99eda72b5c5940ccf786e03b76242632	1	245471	player	uade	Protracker	0	118684	a0d4645a	5fc7df02	Klub_MACD/Rafal_Kulik/mod.overdrive
9b88e4868eaa49bda26e096eb2342ab2	1	233374	player	uade	Protracker	0	110828	31d1b11a	0e85c7c8	Rozrywka/SpodRacer/mod.ingame0
9eb77ad4e7ef42b384fe21a886687a24	1	66672	player	uade	Protracker	0	82578	7fe3cb82	889b3cb6	Klub_MACD/Inni/Przemyslaw_Radziszewski/POW-Mod2
a3cfd85c19512f82781982f7f5c5f738	1	105271	player+silence	uade	Protracker	0	320274	c6db9292	9aba83c1	Scena/AstroSyn2/Music_4chnn/entry16/mod.Muravka, Lead Me on
a696f5d76de42c33c022180add8bfebd	1	253569	player	uade	Protracker	0	154552	5ee71992	5ad20a73	Klub_MACD/Inni/Przemyslaw_Radziszewski/POW-Mod1
a7795cbef811e3173874eb9a7d89befe	1	251278	player	uade	Protracker	0	73456	9381a5d9	b5c17421	Klub_MACD/Rafal_Kulik/mod.trancesor
a9b90bfd6e2e3630c2405ce299932ea3	1	166521	player	uade	Protracker	0	103648	2a4c4ea0	ea90de07	Scena/AstroSyn2/Music_4chnn/08/mod.Sunshine
aa554f420dcd9f8badb938f4edade6a3	1	157974	player+silence	ft2play	FastTracker v2.00	32	854872	307bdaeb	67d49ae1	Scena/AstroSyn2/Music_multi/entry23/torpor.xm
ab5252b88f0f9d834a043cc4b86d2af5	1	110277	player	uade	Protracker	0	54084	24c11ff4	1634cd8f	Rozrywka/FaYoh/lower/mod
b611eb23dd31acfaba543f3e03fea1c1	1	204137	player	uade	Protracker	0	405012	545b9c96	2ee990af	Scena/AstroSyn2/Music_4chnn/04/mod.Last_binder
b644065be81619c1ea9fe2803a2f7d43	1	49090	player	uade	Protracker	0	37184	67d5e7ec	41250afb	Rozrywka/FaYoh/Bonus1/mod
ba3cdd7b8f66d25a5aca5cc860b9e241	1	88676	player	uade	Protracker compatible	0	84046	663e18f4	0a3de0b2	Scena/AstroSyn2/Music_4chnn/entry19/SKATPLTA.MOD
bce086d31cc4553bb15686cb496c676f	1	267630	player+silence	uade	Protracker	0	509502	6d8ad48f	e1bfd327	Scena/AstroSyn2/Music_4chnn/01/mod.paradise-part1
bcf03dde51683e75c79c4d2f08229645	1	254453	player+silence	uade	Protracker	0	410890	fbaad6eb	7e8c41a4	Scena/AstroSyn2/Music_4chnn/06/mod.automa gravity
bedb8ad216c8090261b9d4cacf78aa63	1	178733	player+volume	uade	Protracker	0	60266	375be984	e4845eea	Klub_MACD/Rafal_Kulik/mod.jirak 9 muff
c2311c3f59753e2ff2df3f7c19742336	1	206751	player	ft2play	FastTracker v2.00	4	505647	1ed028d0	9b2282af	Scena/AstroSyn2/Music_4chnn/entry13/TOTAL.XM
c2b5ce7d9dc46c2cee998a836dfbeb8f	1	329244	player	uade	Protracker	0	357708	2fd62e97	904e0803	Klub_MACD/Rafal_Kulik/mod.moje przedszkole
ca9e318b1023a3ffb91a423f92baa8a8	1	297893	player+silence	ft2play	DigiBooster Pro 2.18	10	581547	93fb6a5a	df1fdbd2	Scena/AstroSyn2/Music_multi/07/xm.TripToChilli
cbb338c1222a1961a25a84a121ab3ce1	1	152210	player+silence	ft2play	FastTracker v2.00	18	315994	afec6496	16aa9210	Scena/AstroSyn2/Music_multi/entry09/n'o.xm
cbdbcbfa4b888894248963fa59f4f94b	0	298419	player	libdigibooster3	DigiBooster Pro 2.17	8	3969184	cbdd9d02	cd83a214	Scena/AstroSyn2/AmigaDemo/entry06/data/module.dbm
ce7cc79e46760fa2dd61e82bc3cf63b2	1	184790	player+silence	ft2play	DigiBooster Pro 2.18	20	874474	1317cefe	d08bd050	Scena/AstroSyn2/Music_multi/03/h-deenay.xm
d09579e4e7af7fa6fd84599b1dab3ced	1	61568	player	uade	Protracker	0	24136	37780ef3	b29ffdd6	Rozrywka/FaYoh/candy/mod
d1ae10e97eae7fec98bee93092cd7e2d	1	10368	player	uade	Protracker	0	52526	a015d1de	dc647cc4	Rozrywka/FaYoh/Sound/mod.owteno
d597b049fd3949d62b4a50c340816158	1	11252	player	uade	Protracker	0	38958	88e344d5	cdfe24e7	Scena/AstroSyn2/Wild_comp/entry11/tokyo/074.ls
da6a662110381cf9e765578a3e6969db	1	92915	player	uade	Protracker compatible	0	210522	66bcb096	5af51dba	Scena/AstroSyn2/Wild_comp/entry11/tokyo/039.ls
ddbc731da5dc2e30b8efe2dced257c3f	1	269656	player+silence	uade	Protracker	0	791460	b6b6385e	46be920e	Scena/AstroSyn2/Music_4chnn/entry08/mod.An-aphexal-drugg
e0050248e9910a96262fd6f680cc0974	1	122997	player	uade	Protracker	0	22060	7008f6b4	29d66070	Rozrywka/FaYoh/upper/mod
e12257b07254bf842b69951c94b99050	1	203337	silence	uade	Protracker	0	102302	b5cc2b05	b0a6e64b	Klub_MACD/Rafal_Kulik/mod.jirak 8 elefant
e27a0c121bd6ed3cb3d84e251a2309b1	1	89898	player+silence	uade	Protracker	0	265114	069ddbda	26b25694	Scena/AstroSyn2/Wild_comp/entry11/tokyo/088.ls
e442355d2228d3d11f3a0539d9bcc8ae	0	150085	player+silence	libdigibooster3	DigiBooster Pro 2.18	4	26958	169ff541	d42fe238	Scena/AstroSyn2/Music_4chnn/entry07/air support.DBM
e449c9d640b24da8c87078fe75e5d674	1	63477	player	uade	Protracker	0	38892	02d131cc	fb3809eb	Klub_MACD/Inni/Przemyslaw_Radziszewski/POW-Mod3
e5345750fe7bf21017323ef7c1423935	0	211030	player	libdigibooster3	DigiBooster Pro 2.18	10	313563	9877523a	147e7116	Scena/AstroSyn2/Music_multi/08/Entry_is_near.DBM
e716655c842bd03da0795142c43116e6	1	181571	player	uade	Protracker	0	446486	f58b3cc6	dcec7241	Scena/AstroSyn2/Music_4chnn/entry11/mod.chaos_day
e84169cb06b7236adeb0ed807bc1b839	1	233214	player	uade	Protracker	0	787706	e21c0815	92e350a3	Scena/AstroSyn2/Music_4chnn/07/mod.Quebracho
eac0d26c56c7a45d77c56e8de06020b0	1	135294	player	uade	Protracker	0	329396	5f5c08a7	23e73979	Klub_MACD/Inni/Tomasz_Zolnierczyk/siedem/fy
eb7fd4120f81040a8d9a4bf6bc891272	1	61568	player	uade	Protracker	0	22832	cdcbd6b0	de0c8ec5	Rozrywka/FaYoh/desert/mod
ef00f3fd87bb02b486364d1d9fc38d2e	1	193726	player+silence	uade	Protracker	0	886764	15c0df2f	059571f7	Scena/AstroSyn2/Music_4chnn/02/mod.ultrasonix
f0c12ef7dc1017d468a943256867b6e6	1	249665	player+silence	ft2play	FastTracker v2.00	18	1330945	587c06d1	b66c28e9	Scena/AstroSyn2/Music_multi/entry10/EGOGRAM.XM
f0dac75e500ddbf45f9df7c7556a86be	0	210030	player+silence	libdigibooster3	DigiBooster Pro 2.20	8	676503	cc6fef37	7ab0d0fd	Scena/AstroSyn2/Music_multi/entry19/my spring in autumn.dbm
f431e75fe7b150aea804b4411ebf6afc	1	76920	player	uade	Protracker	0	22002	0dcc85f7	c1e53e9d	Uzyteczne/SysPic-4.00/Demos/SoundFiles/mod.Jack The Ripper
f5bb256d7e98456a4dfd645d181608c2	1	198611	player	uade	Protracker	0	306994	75fd635d	1fd4c905	Scena/AstroSyn2/Music_4chnn/05/Old Bulls.mod
f6e4a6f960880f4b6f97541546ee012b	1	182864	player+silence	ft2play	FastTracker v2.00	16	683808	e1db7542	0a5f5b9c	Scena/AstroSyn2/Music_multi/05/HORNS_OF.XM
fa1f494a2cd359f465d9253468bfc918	1	180439	player+silence	ft2play	FastTracker v2.00	16	712771	5dd2502b	744d3301	Scena/AstroSyn2/Music_multi/entry22/WAYLIGPV.XM
fa5f26495545265f7defb79076fd6856	1	276597	player	uade	Protracker	0	117450	8e5138d5	6f97a7e2	Rozrywka/SpodRacer/Title.MOD
fa6d483117b05dfdf928f5de5506c729	1	202831	player	uade	Protracker	0	446198	8364e71e	05c43b1b	Rozrywka/SpodRacer/RiverHorse.MOD
fc0d73809b3f0fe8b799d191730b59c7	1	146896	player+silence	ft2play	FastTracker v2.00	16	831454	5ae6927e	2a866818	Scena/AstroSyn2/Music_multi/06/ATMSFER.XM
