03855f47388214913e4a9b2cc9342436	1	61568	player	uade	Protracker compatible	0	53491	d9e18411	c778adc6	ZIPPED/COMM/LOD400F.ZIP/CPU.MOD
05387748d345ee776b7881f4159767f6	1	234023	player+silence	uade	Protracker	0	290552	ebef5cd0	4080c1ec	MODULES/CLAIRVOY.MOD
054c40a6bf0e97eb4ba8dd046fbda699	1	181169	player	uade	Protracker	0	142276	4bbedbb5	e594ff39	MODULES/CYCLINGT.MOD
0761be616f5a1542ca81212c566c6a5a	1	150158	player+silence	uade	Protracker	0	249180	24258274	ccf28ce6	MODULES/CANNONFO.MOD
0773c524cafa3a48b36fe52b067f9e9e	1	256141	player	uade	Protracker compatible	0	59395	8b77f89f	8dd093d1	ZIPPED/COMM/LOD400F.ZIP/MYSTERY2.MOD
077749b1699e0ad56830e2b43cf6be1f	1	234359	player	uade	Noisetracker 1.x	0	159444	b38eaf85	d9b8eb9e	MODULES/CATCHMEL.MOD
09fafeb109828f9578c3615c4a7bb3fc	1	280455	player	uade	Protracker	0	137124	c621c833	91f2dcb9	MODULES/DIGITALI.MOD
0a67beaeb76f62839fbdbed9aeabafaa	1	265206	player+silence	uade	Protracker	0	399278	2f422384	fcadfd0a	MODULES/2UNLIMIT.MOD
1092715ebac1222f1316870b76e93041	1	92272	player	uade	Noisetracker 1.x	0	36024	0a381c6c	ddd3143f	MODULES/ALFA.MOD
10e0877e279c7b4f4ae6a4821eff42b2	1	286966	player	uade	Protracker	0	251784	72f12634	bb76513c	MODULES/TRIPTOTH.MOD
111619c7760ec7a1a010ef131be8d69e	1	184445	player	uade	Protracker compatible	0	73518	09107e9c	cc99731f	MODULES/ALICIA.MOD
11b4e0f7dfa8232e98c5afece7684e1d	1	257909	player	uade	Protracker	0	256302	b5b365cf	e447047a	MODULES/ELIPTICA.MOD
12fc92cd3f4b3f3807198113e8d962cb	1	133044	player	uade	Protracker	0	305624	3b3e5e52	d088915c	MODULES/SLAVETOM.MOD
14812ce6157df654a3cb6ac08e8add6e	1	30824	player	uade	Protracker	0	35088	f6d8e9ad	51c87d97	MODULES/SPIRIT.MOD
19a16dfd496cb23423551881b1417da3	1	219128	player	uade	Protracker compatible	0	95280	34180620	32521345	MODULES/ANDSOON.MOD
1a78d8cabed87a46ab1870c52efcb6db	1	294122	player+silence	uade	Protracker compatible	0	159113	6bdd128e	50d62ae6	ZIPPED/COMM/LOD400F.ZIP/ACCURSED.MOD
1bbe672128d4b3c892c1de09505e6474	1	319358	player	uade	Protracker	0	139702	8a14ab65	c13609ec	MODULES/SLOWENCI.MOD
1c3dcf47696d12111019ba2eac41488e	1	209005	player+silence	uade	Protracker	0	167580	4ebc390e	6bfd6597	MODULES/SOS2.MOD
1c59c4cca8cc73a21c037b0f556df7d0	1	73545	player	uade	Protracker	0	144454	55a857e7	1dd7027a	MODULES/MONTYPYT.MOD
1d08b8f15516a20605a7210e90871171	1	242055	player	uade	Soundtracker II (31 instr.)	0	130278	4c0652c3	6c1dff2a	MODULES/CREAMOFT.MOD
1d3299fec760a101789b6b22e6ff77a3	1	105444	player+volume	uade	Protracker	0	158158	3ef75ab1	ea917f8c	MODULES/ADINFINI.MOD
20858b3cb1f0dd79736fc13b22ae3699	1	172449	player	uade	Protracker	0	373774	307c069b	8821fc78	MODULES/CRITICAL.MOD
21462a9bf4e2a7751b7ad62499acbeb1	1	199797	player	uade	Protracker compatible	0	99989	2a899514	b64f89b6	ZIPPED/COMM/LOD400F.ZIP/COLDWIND.MOD
21f0c84adc9f9d370a5c9fe273fdb325	1	192563	player	uade	Protracker	0	213176	4b400df8	f9625d2c	MODULES/RAZZMATA.MOD
2ff3f80ac600de86f06ce7165b90e478	1	322490	player+silence	uade	Protracker compatible	0	315418	d3a4e6d4	17b8d59d	MODULES/TRANSATL.MOD
310761e5e500f5f8f7cbdf28b4f6522d	1	289847	player+silence	uade	Protracker	0	406354	9c93ee19	b82f129e	MODULES/GUITARSL.MOD
348e5f194c765529ea4c72e6f7318d6f	1	46216	player	uade	Noisetracker 1.x	0	62790	38a70aee	5d20e147	MODULES/JAMESBRO.MOD
3548c0ae1efe78c3ba1070cda4320a67	1	340617	player	uade	Protracker compatible	0	187574	bba695db	3a4b7359	MODULES/AUDIOKRA.MOD
356d60078c917083b54b399ed31d7f62	1	84134	player	uade	Protracker	0	89900	3fc0a19f	e666742e	MODULES/AILING.MOD
370aa8f14962f7a00b33b3cb1bfd8f95	1	308639	player+silence	uade	Noisetracker 1.x	0	364498	05f85b61	b299ff16	MODULES/MODDOMIN.MOD
370d3ff75e031938146450e5015732fe	1	403050	player	uade	Protracker compatible	0	84578	d2adb7d4	e7f329eb	MODULES/GETTINGH.MOD
3e53322b7e6e47e3df7eb62a2f356fe4	1	182536	player	uade	Protracker	0	196268	df5b1aba	0caef668	MODULES/ARKHAMAS.MOD
3f4f1135940b7a8541dc74aef31a1802	1	224915	player	uade	Protracker	0	231382	bdebc2ca	6acb3753	MODULES/ALADDIN.MOD
406d9215ae36afce876376f963282deb	1	125388	player	uade	Protracker	0	192942	76a0de83	a25acee6	MODULES/M0ONB0OT.MOD
43b6560cc8f8a7c3e5883f0abc28f4bf	1	363826	player	uade	Startrekker (4ch)	0	156512	f18202d8	baab9593	MODULES/MINDDIST.MOD
45e4bc4fadd8262f26cecfad7e28e710	1	245893	player	uade	Protracker compatible	0	110233	89f15be7	56ee2ac1	ZIPPED/COMM/LOD400F.ZIP/FIRE.MOD
464e1c89a829c53e1ff0a1e6d37cde49	1	186695	player	uade	Protracker	0	224342	9eeedaa5	38cfef0c	MODULES/ELEKTRIK.MOD
468e42be4f418d95dd7747918b2854df	1	293818	player	uade	Protracker	0	275900	7a8f80f3	57d5e08d	MODULES/GAMESCOR.MOD
4c42655a445e8ffbead9cac6c3acc8cd	1	128689	player+silence	uade	Protracker compatible	0	63200	68564abd	a3e43560	MODULES/GIMMEGIM.MOD
4ee1760f498c6582c01ceb1c7cb08e7d	1	430218	player	uade	Protracker	0	100368	6aae4db8	dd4479ec	MODULES/THEMESFR.MOD
503efea5bdc092cd4550238b1260972b	1	207493	player	uade	Protracker compatible	0	93166	c0f2988c	895305e8	MODULES/TARZANMA.MOD
51c8c8c988ec7587c05a9891ccc598da	1	169093	player	uade	Noisetracker 1.x	0	87152	7c214f0e	4e706e10	MODULES/BEATLESM.MOD
52f83c1eb8f8070379980bd7ce3ac8aa	1	111006	player+silence	uade	Noisetracker 1.x	0	24304	090b74d2	74c4274c	MODULES/ZOOLOOKO.MOD
535978eca61cb263bf63676be82af5fb	1	69224	player	uade	Noisetracker 1.x	0	49660	3f1eaca0	32a3c549	ZIPPED/TOOLS/VGACP600.ZIP/VGADEMO.MOD
54686b59e53ccf79532859ae47c33401	1	338045	player	uade	Protracker compatible	0	152957	c56ad420	93681302	ZIPPED/COMM/LOD400F.ZIP/ETERNAL.MOD
56a67e13c7226a8d5f761e04020eaa95	1	261245	player	uade	Noisetracker 1.x	0	92218	8c774983	22a84a36	MODULES/MEGA91.MOD
6260ad4df3ea4792f90e7397c5aefecb	1	197737	player+silence	uade	Protracker	0	268222	dd965c83	de6151bc	MODULES/NOLIMIT.MOD
63a9ddfe0d35139a3195883b348ee925	1	134571	player	uade	Protracker	0	266218	21a7c15a	f33398b6	MODULES/VAULTOFH.MOD
64bbdd8f9d6bbab682c627076625e5e3	1	236017	player+silence	uade	Protracker	0	290802	99dc3449	eab1b36d	MODULES/JURASSIC.MOD
64c0d0d947c29136133872fe4824c2af	1	159114	player+silence	uade	Soundtracker II (31 instr.)	0	96446	d500ffea	7f0e301f	MODULES/BENNYHIL.MOD
65db4ec92b58aabc6261aa9b6eb839cf	1	208920	player	uade	Protracker	0	319242	52e8364a	bbc52584	MODULES/PLANETGR.MOD
670a385364b2cb58daedb60759c42a4d	1	147974	player	uade	Protracker	0	190342	c27b2127	cf50809d	MODULES/ITSMYLIF.MOD
6a42284b007de7a142863474546564f4	1	155650	player	uade	Protracker	0	68410	75f456ad	fbbc1899	MODULES/MASSERAF.MOD
6aeb963a7b2f7f69faaa0e2a2549d603	1	276597	player	uade	Protracker	0	138602	99cc0594	c9c9add3	MODULES/DUDE.MOD
6ed0fbf3ffaf90b59ddd13636739946d	1	174960	player	uade	Protracker compatible	0	41684	02e0bf63	6c9f9272	MODULES/MUZAK1.MOD
6f32f1c71045f6cb72138aafadbb06ea	1	414807	player+silence	uade	Protracker compatible	0	165182	39b17d5d	2f77a5cf	MODULES/VCCGIGIC.MOD
6f6cdf4d68f7a23ac2114e41f01a282f	1	155187	player+silence	uade	Protracker	0	201968	cb348b79	aae9e17c	MODULES/JUSTFORB.MOD
6f91c05b8c58937dc84810a78086e4fa	1	200400	player	uade	Protracker	0	180188	8b813933	0532ab1a	MODULES/WORLDSWA.MOD
703caa1ef0b334686ca3b40d1058e090	1	162728	player+silence	uade	Protracker	0	99768	a710ca0b	f496dca3	MODULES/DONTYOUW.MOD
70ac99069d737e92ced3d8e462d78092	1	323035	player	uade	Protracker	0	153500	c4aea1be	9362d6c3	MODULES/HELMETSH.MOD
71b8972f903ee6b8dd3ee3fc2ab03bef	1	115803	player	uade	Protracker	0	180252	856202c9	747c0d12	MODULES/ACOMMONT.MOD
731f8a3be716e40707dce4898f149161	1	316792	player+silence	ft2play	Fasttracker (M.K.)	4	101622	0539b33c	b43f9a14	MODULES/SANDMANP.MOD
742afc81578ddb1fc3ec5f8eb9f11d52	1	170057	player	uade	Protracker compatible	0	260064	4a3a5dd8	f3f3761c	MODULES/DESERTDA.MOD
7742e97bec84f02e6d00ca924386bfc6	1	80758	player	uade	Protracker	0	130890	4a18e927	b992e473	MODULES/CAVERN.MOD
77729e6be27213f5c48a8a698882cd8a	1	205564	player	uade	Protracker compatible	0	93586	478d3add	7f63f7de	MODULES/CALYPSO.MOD
782fba4eb3ba356a8a089712a89ddfa8	1	324375	player+silence	uade	Protracker	0	580062	5f655f2b	012819d5	MODULES/POWEROFA.MOD
794a8d7d652deb882b907b55c44aeef0	1	215552	player+silence	uade	Protracker	0	112036	b287b80c	4a9ab7f0	MODULES/CRYSTALR.MOD
7a3e8154f75df8188faf4ac16941a646	1	189444	player+silence	uade	Protracker	0	142346	4598e612	89a5c240	MODULES/LIVININS.MOD
7a53e1f879a65be8f651d13375cbc195	1	160131	player	uade	Protracker	0	74060	5a87461a	dfe0082c	MODULES/CYBERTRO.MOD
7ce68c053b3d940fb9adcec6075bc40b	1	130693	player	uade	Protracker	0	16728	d95f73df	ec90a312	MODULES/DIGITALB.MOD
809131207c2a042154298bf4bf8e9f6e	1	82044	player	uade	Protracker compatible	0	79815	32f08604	01474aad	ZIPPED/COMM/LOD400F.ZIP/DEATH.MOD
820b7c9824d2c1ff40c77c6f6d327363	1	165878	player	uade	Protracker	0	93602	756ac568	172494e8	MODULES/CRACKTHE.MOD
82658c38f303e54791bae45d2654a539	1	199797	player	uade	Noisetracker 1.x	0	111462	1ea6c032	53333b46	MODULES/NEVEREND.MOD
82658c38f303e54791bae45d2654a539	2	184445	player
82b0be936ec646bd2f8681d19176936e	1	310016	player+silence	uade	Soundtracker II (31 instr.)	0	78742	53c7718c	52cf2bb8	MODULES/MAGNETIC.MOD
857096ec40bcd023599ac21c4a0e8476	1	333966	player	uade	Protracker compatible	0	187012	9d3b10a9	78b1a261	MODULES/PHENOMEN.MOD
8b4bde0c5fce964902e7279338e2df79	1	107645	player	uade	Protracker compatible	0	109034	d8be392b	5a3ed1a3	MODULES/MUSAK6.MOD
8c97cc79b3041aaa43d701a39c09f3e9	1	192141	player	uade	Noisetracker 1.x	0	47040	ad7b4ffb	d14b824c	MODULES/AMIGAGOE.MOD
8e7f722776861c69a84d4365976474ea	1	104631	player+silence	uade	Noisetracker 1.x	0	86947	723a27c9	372c4913	MODULES/ARISE.MOD
9258cd840442bcf8eaa4676dc3162451	1	322693	player	uade	Protracker	0	351546	0516e8a3	b5c68434	MODULES/DASBOOTT.MOD
933dab40861099db42df5fe594deb597	1	161397	player	uade	Soundtracker II (31 instr.)	0	85452	773d3c7e	0d8fe920	MODULES/SYMPHONY.MOD
941fb9acc81b50ae4e8bd129b05c195c	1	228290	player	uade	Protracker	0	165640	d37fc628	410bcf84	MODULES/NIGHTWAL.MOD
956af30fea2e581c742bec42eb9e5973	1	126071	player	uade	Protracker	0	162094	b8045b5d	622b218e	MODULES/LEMONETR.MOD
96732f0181229deca607d00f5dffddba	1	158041	player	uade	Protracker compatible	0	99024	395c66c7	bd3cb81e	MODULES/AHIT.MOD
9b70686dea085d60a70f58f5ebe89340	1	363731	player+silence	uade	Protracker compatible	0	89213	af08d916	4a6bf997	ZIPPED/COMM/LOD400F.ZIP/TALAMASC.MOD
a30b33447e2cada27899cafe75dfeab1	1	183902	player	uade	Protracker	0	180584	f6438a14	4493dde1	MODULES/RMF.MOD
a63979d6ffd244d2c44c943777d23280	1	345721	player	uade	Protracker compatible	0	376352	83d82c33	2169a5ab	MODULES/DJBOBOV1.MOD
a79565bfbaf09f0512da3b57d4bcc884	1	268921	player	uade	Noisetracker 1.x	0	65492	6c81543c	b62d3675	MODULES/FLETCH.MOD
ab1a01cf0649b817b19191bd72da463c	1	606867	player	uade	Protracker	0	301254	e455c497	fd5be39b	MODULES/HOLOCAUS.MOD
add17fbe418a62269ac6c8e856f4d267	1	241527	player+silence	uade	Protracker compatible	0	205097	81ce33da	a796e300	MODULES/ACIDROCK.MOD
ae416dc06600bb71026235bce2b68a3e	1	169093	player	uade	Protracker compatible	0	53699	f9f0b683	bd2eb376	ZIPPED/COMM/LOD400F.ZIP/EEEE.MOD
b0e327b360c36c9537d12fcbacbfb42d	1	320764	player	uade	Noisetracker 1.x	0	232410	3556b170	f2a2b511	MODULES/BETTERDA.MOD
b18595fde9e274d715d57e489188628f	1	126654	player	uade	Protracker	0	128724	86180669	26df22fe	MODULES/NUTOPIAB.MOD
b4d2ae4e9e49cad4205f81d749e01726	1	280103	player+silence	uade	Protracker	0	199118	3238d65f	a44e3b03	MODULES/EXTENSIO.MOD
b560f7346a7b03ca8a4bdcae734de302	1	139082	player+silence	uade	Protracker compatible	0	224802	c9d28752	1ecafb85	MODULES/CREAMLEM.MOD
b79f6f8b2371723702d980211849e167	1	303503	player	uade	Protracker	0	215440	6febe89c	5fcd07ff	MODULES/ADRENOCH.MOD
b870621e4bd750bcfe199758266efe0d	1	195778	player	uade	Protracker	0	107282	2789a518	7ad763b7	MODULES/ACEOFBAS.MOD
bac1e49efcbec0071ef2b7c664047932	1	141197	silence	uade	Protracker	0	780506	8346e797	569848d4	MODULES/PANDORAT.MOD
bd55ef2f09497eef88939f9309377a41	1	159488	player	uade	Protracker	0	196702	c5990263	0c7f6d8c	MODULES/KVINDEMI.MOD
bdd2b82733464513d8878c72b9328d02	1	146045	player	uade	Noisetracker 1.x	0	98338	0168189f	37e5d4e3	MODULES/STUDIOSO.MOD
bf070b8731fb9aa9a53d962d37ba1fad	1	215149	player	uade	Protracker compatible	0	76530	b45edba6	9c0a6c04	MODULES/THEMODEL.MOD
c1271283fd0128e1870e841e153df650	1	126311	player+silence	uade	Protracker	0	310022	f7414f57	43f8b581	MODULES/DEFINEDA.MOD
c229f4aa4945541584f7d1233938da99	1	131456	player	uade	Protracker	0	170576	597845e8	5c4da3ac	MODULES/JAZZBAND.MOD
c35f321eecc837e1b37226beb30eb0d9	1	122997	player	uade	Protracker compatible	0	43583	511eff7a	258c1cf9	ZIPPED/COMM/LOD400F.ZIP/KILL-INC.MOD
c46578c0be0f20cc3b97a137f59860d3	1	73082	player	uade	Protracker	0	55970	08bba02c	3b764f9e	MODULES/BLUESGUN.MOD
ca667f6fc69fe58d4f45d23e6ece7bc4	1	103666	player	uade	Protracker	0	93830	57368275	2d9d4275	MODULES/ACIDRAP.MOD
cb3efc270127e717b39b20db91e682a9	1	233736	player	uade	Protracker	0	129910	4a873608	3ac6191c	ZIPPED/PROGS/ACP10.ZIP/ACP/CAVETRAN.MOD
ce708ebefcb265312dfe72ced89e4b69	1	133245	player	uade	Protracker	0	264068	afccecee	3d6a41c3	MODULES/DYINGRAI.MOD
d0e42089b95539a62ea222fa2ab6da68	1	259376	player	uade	Protracker compatible	0	103798	800a045a	bad205a1	MODULES/FLOYD2.MOD
d0e61283309c5d72a050d14fcb2e6704	1	299993	player+silence	uade	Protracker	0	347582	a5cbd2fd	8b8ac39f	MODULES/SPACEDEB.MOD
d176bd2c4b24949c05b88d2f45904a95	1	317891	player	uade	Protracker	0	154468	fa5920c6	42d5ca4a	MODULES/EXTRACTI.MOD
d4d8d856a7ffb2dce803936a4d30a98a	1	338789	player	uade	Noisetracker 1.x	0	414864	df8ddba0	15e8e6ba	MODULES/ETHNOMAG.MOD
d60ecbeea2e9c742887f908d23d7e1f3	1	111483	player	uade	Protracker compatible	0	212225	e920748c	b0207389	MODULES/CLINTONO.MOD
d6e8e811a51601cc8a156d2fe388acb0	1	213308	player+volume	uade	Protracker	0	211278	d6e4f20f	05edb652	MODULES/FULLMOON.MOD
d76286404811c4d13748423ee6917ad3	1	233133	player	uade	OctaMED MMD1	0	410962	be50535e	5824aeeb	MODULES/UG.MOD
d79cbd7389b154beec98033c1e9f3a76	1	360167	player+silence	uade	Protracker	0	141738	18a5a7c8	12e86afa	MODULES/BACKFROM.MOD
d80e0005602741a40df5b1dcaea329a7	1	331093	player	uade	Noisetracker 1.x	0	188344	8edfb3c2	e18753ce	MODULES/ANYTHING.MOD
dad978972f3d268f853e90aa9f97cf96	1	214526	player	uade	Protracker compatible	0	143422	8bd7a722	ae553fe6	MODULES/ICEICEFX.MOD
de7ccfbea8fbe9f0feba06d49ea9ee87	1	438035	player+volume	uade	Protracker	0	417010	b0a7b94b	da3d2630	MODULES/RHYTHMIS.MOD
df0e95cd66f99b01eff3c04c0a593d8d	1	391733	player+silence	ft2play	Fasttracker (M.K.)	4	293837	95e8495a	b30748c1	MODULES/THEJOURN.MOD
dfa42376c919f71ff0a5d9d2afdd8fb3	1	270288	player	uade	Protracker	0	194726	69ff70eb	d0705e80	MODULES/ANARCHYF.MOD
e030e245af1f699815a1c6f6277d8816	1	128605	player+silence	uade	Protracker	0	314122	8c0085fd	c1a42c4c	MODULES/SERENITY.MOD
e138931b4ff0543d2425ce788955076b	1	205624	player	uade	Protracker	0	408034	b6a5cf3a	ce7d85c7	MODULES/DEFLORAT.MOD
e1d4ec3cfe49a1657de6a56d83681449	1	175483	player	uade	Protracker compatible	0	70838	bebeb486	fe15b5dc	MODULES/MUTHAFUC.MOD
e25ac28ec3960e491f7bd09067e07ab2	1	391929	player+silence	uade	Startrekker (4ch)	0	101667	f3805eff	290a2512	ZIPPED/COMM/LOD400F.ZIP/WITCHING.MOD
e6f81d91213bd4037f2912e91e799e48	1	228311	player	uade	Protracker	0	256840	f66ba289	04107175	MODULES/REVEALED.MOD
e70a533bf612334caa967d183535b778	1	154297	player+volume	uade	Soundtracker II (15 instr.)	0	85674	a824e10d	3775bbf4	MODULES/ALFTHEME.MOD
ea1aa147ddd9747f27f35d12f675cdc4	1	208056	player	uade	Protracker	0	68882	12cdad26	d16cd978	MODULES/MANDELFO.MOD
ea8c4677808464334e92a82e844938c7	1	187886	player+silence	uade	Protracker compatible	0	145733	f17e5d28	35300df3	ZIPPED/COMM/LOD400F.ZIP/FATE.MOD
ed3a3dfca2d8108403f5734a7485f239	1	265103	player	uade	Protracker compatible	0	96146	fcaea593	ee9d51d8	MODULES/ACTOFIMP.MOD
ee0b4b0a8d7bd12d4aa8e14851403bbf	1	268564	player+volume	uade	Protracker	0	402166	b02688d3	da0d3f83	MODULES/BEYONDMU.MOD
f0804cf27b4cde42f0348771ed8597f8	1	306618	player	uade	Protracker	0	135752	9ed37f2f	7c647104	MODULES/FOUNDATI.MOD
f0f7992cfdcb80f758e54beba214cbe5	1	253569	player	uade	Protracker compatible	0	106902	6b9383b5	976ef375	MODULES/BADMOTHE.MOD
f21a6cefe7deaa014a8782d535d24765	1	44910	player	uade	Noisetracker 1.x	0	51320	41fcb360	7a7a5877	MODULES/FAIRLIGH.MOD
f4e1fabc80d42f304d89840bef4222bd	1	110282	player+silence	uade	Protracker compatible	0	160080	50db6ce8	e8bdad58	MODULES/MODADDAM.MOD
f52691502b66f31c45006b3026c50073	1	449227	player	uade	Protracker	0	275428	3de7106b	84cf0c30	MODULES/DEEPTRAN.MOD
f6cdf5da9df4ea9c5db14fac0f2c9c18	1	256965	player	uade	Protracker	0	276592	139353cb	869fd30e	MODULES/MANICMIN.MOD
f986e40f4214f62ea24b67a3e9822d79	1	287287	player	uade	Protracker	0	279444	a0ed2463	308ffe06	MODULES/SPACEHEA.MOD
fb5044be84e3816a07473df4f25effb6	1	147912	player+silence	uade	Protracker	0	308468	ea03cd43	f63663fb	MODULES/BASSOFBA.MOD
fba8b8fe3806cc224c26ca975cbdf92b	1	57494	player	ft2play	Fasttracker (M.K.)	4	28297	8fda0b52	89f57524	MODULES/ALLIWANT.MOD
