00dcb5c616156781df539dd1a597c4a4	1	138369	player	uade	Noisetracker 1.x	0	62464	bd01b439	fcae0f3c	GERMAN/GERMAN/GERM_091_120/GERM_091/NoisePlayer+Modules/MOD.4
00dcb5c616156781df539dd1a597c4a4	1	138369	player	uade	Noisetracker 1.x	0	62464	bd01b439	fcae0f3c	GERMAN/GERMAN/German_DMS/GERM076_100/Germ091.DMS/NoisePlayer+Modules/MOD.4
02c8b1497684cbd725b2c642880e1894	1	130974	player	uade	OctaMED MMD0	0	74410	71fded05	f1cfe25d	FOM/FOM/FOM061_080/FOM072.DMS/Tools/BootPic/DemoSong.mod
0576976d529ede8c61c2450c8e733c1c	1	118013	player	uade	OctaMED MMD0	0	81758	cf448f3c	ae1df9f0	GERMAN/GERMAN/GERM151_180/GERM_164/intruder/Kresreb
0576976d529ede8c61c2450c8e733c1c	1	118013	player	uade	OctaMED MMD0	0	81758	cf448f3c	ae1df9f0	GERMAN/GERMAN/German_DMS/GERM151_175/Germ164.DMS/intruder/Kresreb
079e3a3440110eb6414c413712d95329	1	153160	player+silence	uade	Noisetracker 1.x	0	71522	cdf9313c	4f8193b5	GERMAN/GERMAN/GERM_091_120/GERM_091/NoisePlayer+Modules/MOD.7
079e3a3440110eb6414c413712d95329	1	153160	player+silence	uade	Noisetracker 1.x	0	71522	cdf9313c	4f8193b5	GERMAN/GERMAN/German_DMS/GERM076_100/Germ091.DMS/NoisePlayer+Modules/MOD.7
08728598a494dba8614696ff4b371113	1	71977	player	uade	OctaMED MMD1	0	62208	39325c57	36c2f926	GERMAN/GERMAN/GERM211_240/GERM_236/ExitMusic
08728598a494dba8614696ff4b371113	1	71977	player	uade	OctaMED MMD1	0	62208	39325c57	36c2f926	GERMAN/GERMAN/German_DMS/GERM226_250/Germ236.DMS/ExitMusic
09d2d8c93857f4a94a4a59208ab98628	1	130693	player	uade	Protracker compatible	0	40164	40ec7ebe	7ba87112	GERMAN/GERMAN/GERM181_210/GERM_207/Mods/bladerun.mod
09d2d8c93857f4a94a4a59208ab98628	1	130693	player	uade	Protracker compatible	0	40164	40ec7ebe	7ba87112	GERMAN/GERMAN/German_DMS/GERM201_225/Germ207.DMS/Mods/bladerun.mod
1699ed0566d2ca3a6680b8318b8a01a4	1	92272	player	uade	Protracker	0	121402	3878f422	cbd63d96	FOM/FOM/FOM061_080/FOM068.DMS/mod.lost warriors.125
17b6f624bf7024a84f1ba2aedf30e518	1	253569	player	uade	Protracker	0	162346	790bea6e	9973ee02	FOM/FOM/FOM061_080/FOM068.DMS/mod.fighter 1.135
17db49cfb2b12b01a91b6f39e9d76b00	1	99968	player	uade	Soundtracker II (31 instr.)	0	88036	8ab1f824	80411123	GERMAN/GERMAN/GERM_091_120/GERM_108/Modules/mod.china
17db49cfb2b12b01a91b6f39e9d76b00	1	99968	player	uade	Soundtracker II (31 instr.)	0	88036	8ab1f824	80411123	GERMAN/GERMAN/German_DMS/GERM101_125/Germ108.DMS/Modules/mod.china
1a3d9341d8da55651f686f618ebcbba2	1	146045	player	uade	Noisetracker 1.x	0	55862	808c9793	af6dc66f	GERMAN/GERMAN/GERM181_210/GERM_188/MODULES/mod.tennis_by_scoopex
1a3d9341d8da55651f686f618ebcbba2	1	146045	player	uade	Noisetracker 1.x	0	55862	808c9793	af6dc66f	GERMAN/GERMAN/German_DMS/GERM176_200/Germ188.DMS/MODULES/mod.tennis_by_scoopex
1b26cd78c8554d0b0211bf4198a700a0	1	200400	player	uade	Protracker compatible	0	107622	b6f3b812	5fe537fd	GERMAN/GERMAN/GERM181_210/GERM_188/MODULES/mod.layla.pp
1b26cd78c8554d0b0211bf4198a700a0	1	200400	player	uade	Protracker compatible	0	107622	b6f3b812	5fe537fd	GERMAN/GERMAN/German_DMS/GERM176_200/Germ188.DMS/MODULES/mod.layla.pp
1b48ea19b5f6e2c09ec0efd8d3ea248e	1	595754	player	uade	Protracker compatible	0	186524	7d7875b6	4c56933a	GERMAN/GERMAN/GERM181_210/GERM_188/MODULES/mod.grapevine10
1b48ea19b5f6e2c09ec0efd8d3ea248e	1	595754	player	uade	Protracker compatible	0	186524	7d7875b6	4c56933a	GERMAN/GERMAN/German_DMS/GERM176_200/Germ188.DMS/MODULES/mod.grapevine10
1f323f0e3fb3459aab13f24452b9b10e	1	122997	player	uade	Soundtracker II (15 instr.)	0	72064	0c6679a1	84e671a8	GERMAN/GERMAN/GERM_061_090/GERM_76/PipeLine/data/Pipesong.MUS
1f323f0e3fb3459aab13f24452b9b10e	1	122997	player	uade	Soundtracker II (15 instr.)	0	72064	0c6679a1	84e671a8	GERMAN/GERMAN/German_DMS/GERM076_100/Germ076.DMS/PipeLine/data/Pipesong.MUS
1f79305a4d3bb8e8fa956ed982edb2ec	1	169093	player	uade	Protracker	0	46120	5479150d	fba40f50	GERMAN/GERMAN/GERM181_210/GERM_202/EaglePlayer/Mods/mod.Thom_Test
1f79305a4d3bb8e8fa956ed982edb2ec	1	169093	player	uade	Protracker	0	46120	5479150d	fba40f50	GERMAN/GERMAN/German_DMS/GERM201_225/Germ202.DMS/EaglePlayer/Mods/mod.Thom_Test
205205b45c2b35022881c30ab2684f9f	1	92272	player	uade	Protracker	0	165478	bb6d244c	a9d80b81	FOM/FOM/FOM061_080/FOM068.DMS/mod.dark city.110
24753344182d3d80e476507ecaf78d50	1	223325	player+silence	uade	Protracker	0	187964	7e5e04aa	35769df4	Amiga Magazin/Amiga Magazin/11_93_4/Gewinner-Songs/mod.revelation part 2
278cbfe5d309e9ddfdf26da8a8c6e4da	1	266857	player+silence	uade	Protracker	0	111586	27693d7b	b4c783d1	FOM/FOM/FOM021_040/FOM033.DMS/mod.das system
287ea6b623a9e18dcfdf792fb5b04853	1	184445	player	uade	Soundtracker II (15 instr.)	0	56964	d11d8bdd	6aef7856	GERMAN/GERMAN/GERM_061_090/GERM_67/MUSIC1
287ea6b623a9e18dcfdf792fb5b04853	1	184445	player	uade	Soundtracker II (15 instr.)	0	56964	d11d8bdd	6aef7856	GERMAN/GERMAN/German_DMS/GERM051_075/Germ067.DMS/MUSIC1
2f1a276978bb487e057c133dbded92d5	1	107645	player	uade	Protracker compatible	0	179298	e36a10a2	99dbd0d5	GERMAN/GERMAN/GERM_091_120/GERM_091/NoisePlayer+Modules/MOD.3
2f1a276978bb487e057c133dbded92d5	1	107645	player	uade	Protracker compatible	0	179298	e36a10a2	99dbd0d5	GERMAN/GERMAN/German_DMS/GERM076_100/Germ091.DMS/NoisePlayer+Modules/MOD.3
3aba91643224c02855c0eaa379b9eb87	1	122997	player	uade	Protracker	0	28614	6e213d60	22d8ce5e	Saar/SAAR_gepackt/Saar_666_700/Saar670.DMS/Ztiny/ztiny.mod
3aba91643224c02855c0eaa379b9eb87	1	122997	player	uade	Protracker	0	28614	6e213d60	22d8ce5e	Saar/SAAR/Saar661_670/SAAR_670/Ztiny/ztiny.mod
3cd27b9549989f5cf6644515dfa1b01a	0	222388	player	libopenmpt	SoundTracker 2.0 / D.O.C. SoundTracker II	4	364928	69354bd1	87dcb9ae	GERMAN/GERMAN/GERM_001_030/GERM_22/HoeHoe
3cd27b9549989f5cf6644515dfa1b01a	0	222388	player	libopenmpt	SoundTracker 2.0 / D.O.C. SoundTracker II	4	364928	69354bd1	87dcb9ae	GERMAN/GERMAN/German_DMS/GERM001_025/Germ022.DMS/HoeHoe
3f05506c685076862c2681cfa359ed71	1	7796	player	uade	Protracker	0	35214	bf3b67b4	a85e2d51	FOM/FOM/FOM041_060/FOM044.DMS/mod.forever in a dream
3f05506c685076862c2681cfa359ed71	1	7796	player	uade	Protracker	0	35214	bf3b67b4	a85e2d51	FOM/FOM/FOM041_060/FOM045.DMS/mod.forever in a dream
3f05506c685076862c2681cfa359ed71	1	7796	player	uade	Protracker	0	35214	bf3b67b4	a85e2d51	FOM/FOM/FOM041_060/FOM058.DMS/mod.forever in a dream
4373f3d75792f529dbcf3f92768d5b0d	1	61568	player	uade	Protracker compatible	0	27862	28f123fc	56889dac	GERMAN/GERMAN/GERM_091_120/GERM_091/NoisePlayer+Modules/mod.9
4373f3d75792f529dbcf3f92768d5b0d	1	61568	player	uade	Protracker compatible	0	27862	28f123fc	56889dac	GERMAN/GERMAN/German_DMS/GERM076_100/Germ091.DMS/NoisePlayer+Modules/mod.9
4568c50310768779c3fed19447af2f9b	1	162683	player	uade	Noisetracker 1.x	0	61040	009f72ad	728249d1	GERMAN/GERMAN/GERM_091_120/GERM_108/Modules/mod.silverparttwo
4568c50310768779c3fed19447af2f9b	1	162683	player	uade	Noisetracker 1.x	0	61040	009f72ad	728249d1	GERMAN/GERMAN/German_DMS/GERM101_125/Germ108.DMS/Modules/mod.silverparttwo
4ab71db7e9168bd3d9d4a424f1e173ca	0	5710	player+silence	uade	Amos Music Bank	0	5098	9cffee07	0d355c52	GERMAN/GERMAN/GERM211_240/GERM_216/Data20
4ab71db7e9168bd3d9d4a424f1e173ca	0	5710	player+silence	uade	Amos Music Bank	0	5098	9cffee07	0d355c52	GERMAN/GERMAN/German_DMS/GERM201_225/Germ216.DMS/Data20
4b987add3445c6311ab48241c0d3c1d2	1	298842	player+silence	uade	Protracker	0	138270	4ba1e2e0	325508cd	FOM/FOM/FOM021_040/FOM033.DMS/mod.mars chronicle
4c13981e3e361639453f0ac9de42239e	0	143111	player	uade	FaceTheMusic	0	172640	465e241d	9175f8e3	GERMAN/GERMAN/GERM181_210/GERM_210/ftm-songs/Innocence
4c13981e3e361639453f0ac9de42239e	0	143111	player	uade	FaceTheMusic	0	172640	465e241d	9175f8e3	GERMAN/GERMAN/German_DMS/GERM201_225/Germ210.DMS/ftm-songs/Innocence
52fe9129b3323c20dd92fce4d036445b	1	121088	player	uade	Soundtracker II (31 instr.)	0	59850	7e9503d6	8cf7078c	GERMAN/GERMAN/GERM211_240/GERM_238/Modules/mod.musik
52fe9129b3323c20dd92fce4d036445b	1	121088	player	uade	Soundtracker II (31 instr.)	0	59850	7e9503d6	8cf7078c	GERMAN/GERMAN/German_DMS/GERM226_250/Germ238.DMS/Modules/mod.musik
5543ad12f82d820591751ce43f070542	0	149601	player	uade	Sonix Music Driver	0	1140	0dfa3ec1	162c4a61	GERMAN/GERMAN/GERM_001_030/GERM_19/Scores/PumpEm'Up.smus
5543ad12f82d820591751ce43f070542	0	149601	player	uade	Sonix Music Driver	0	1140	0dfa3ec1	162c4a61	GERMAN/GERMAN/German_DMS/GERM001_025/Germ019.DMS/Scores/PumpEm'Up.smus
5571c2c6665657e19704b8c9c185ead1	1	71917	player	uade	OctaMED MMD1	0	52768	581d93c5	53becb7a	GERMAN/GERMAN/GERM211_240/GERM_236/TitelMusic
5571c2c6665657e19704b8c9c185ead1	1	71917	player	uade	OctaMED MMD1	0	52768	581d93c5	53becb7a	GERMAN/GERMAN/German_DMS/GERM226_250/Germ236.DMS/TitelMusic
565871fe42c1edb6f0e6fef944e0874c	1	238197	player	uade	Noisetracker 1.x	0	102346	e679cfd4	ca026dc8	GERMAN/GERMAN/GERM_091_120/GERM_091/NoisePlayer+Modules/MOD.6
565871fe42c1edb6f0e6fef944e0874c	1	238197	player	uade	Noisetracker 1.x	0	102346	e679cfd4	ca026dc8	GERMAN/GERMAN/German_DMS/GERM076_100/Germ091.DMS/NoisePlayer+Modules/MOD.6
5d38a4d4bdb55c8f8b396b7f9073d7e1	0	14407	player	uade	Amos Music Bank	0	6596	9a617f3d	40e695ef	GERMAN/GERMAN/GERM211_240/GERM_216/Data8
5d38a4d4bdb55c8f8b396b7f9073d7e1	0	14407	player	uade	Amos Music Bank	0	6596	9a617f3d	40e695ef	GERMAN/GERMAN/German_DMS/GERM201_225/Germ216.DMS/Data8
5dfd4058a784e4fe4cfd3dbf9c031586	0	46076	player	libxmp	Startrekker 1.2 FLT4	4	89266	1d7dc98f	f6dd99da	FOM/FOM/FOM021_040/FOM025.DMS/mod.the dark side
625cb8f07b38e35c03cc3e2043eb5d3d	0	7796	player	uade	Amos Music Bank	0	21420	319f2ca3	d3816e2f	GERMAN/GERMAN/GERM_091_120/GERM_115/music/snakesound.abk
625cb8f07b38e35c03cc3e2043eb5d3d	0	7796	player	uade	Amos Music Bank	0	21420	319f2ca3	d3816e2f	GERMAN/GERMAN/German_DMS/GERM101_125/Germ115.DMS/music/snakesound.abk
6e290b4f4c3d07b09caa6e34ad45aa28	0	654229	player	uade	Amos Music Bank	0	62744	de3c3a82	862870c2	GERMAN/GERMAN/GERM181_210/GERM_185/AMOS_Sound/Kinderspiel.abk
6e290b4f4c3d07b09caa6e34ad45aa28	0	654229	player	uade	Amos Music Bank	0	62744	de3c3a82	862870c2	GERMAN/GERMAN/German_DMS/GERM176_200/Germ185.DMS/AMOS_Sound/Kinderspiel.abk
6e67481cba3d44398dfea9752b8c4466	1	298842	player+silence	uade	Protracker	0	138270	4a703e8f	9bfb91a5	FOM/FOM/FOM081_100/FOM100.DMS/Songs/mod.mars chronicle.130
6f988cfdb859a8317ae06a8dfd44b3b8	0	253282	player+silence	uade	Amos Music Bank	0	30142	2734ec14	18472dc6	GERMAN/GERMAN/GERM_121_150/GERM_131/lade_musik.Abk
6f988cfdb859a8317ae06a8dfd44b3b8	0	253282	player+silence	uade	Amos Music Bank	0	30142	2734ec14	18472dc6	GERMAN/GERMAN/German_DMS/GERM126_150/Germ131.DMS/lade_musik.Abk
70998caad558b62f3afc8cbc0d7699e9	1	99325	player	uade	Protracker compatible	0	131368	ee6787d9	916e3259	GERMAN/GERMAN/GERM_121_150/GERM_126/IntuiTracker/mod.Breeze-Diablo
70998caad558b62f3afc8cbc0d7699e9	1	99325	player	uade	Protracker compatible	0	131368	ee6787d9	916e3259	GERMAN/GERMAN/German_DMS/GERM126_150/Germ126.DMS/IntuiTracker/mod.Breeze-Diablo
71569f40fa3b97b11b70e6f1cfdd072f	0	123097	player	libxmp	MED 2.00 MED3	4	124164	b3a922c9	dd2b9d82	Saar/SAAR/Saar691_700/Saar_695/Käsejagd/m2
735d51a453809ee8c23ea76b92cc33cb	1	53872	player	uade	OctaMED MMD0	0	11698	0a4452f2	19ba5838	FOM/FOM/FOM021_040/FOM023.DMS/Q-Bert/Snd/mod.judy
7477ad161e78915383d147b4949d50e6	1	295542	player+silence	uade	Protracker	0	152896	de4ef9a5	6b4283d3	FOM/FOM/FOM021_040/FOM033.DMS/mod.future arts
748f3eddbff37a1c1b7c98466f46d577	1	169093	player	uade	Soundtracker II (15 instr.)	0	47060	3563f522	011e8a91	GERMAN/GERMAN/GERM181_210/GERM_207/Mods/mod.Ghostbusters
748f3eddbff37a1c1b7c98466f46d577	1	169093	player	uade	Soundtracker II (15 instr.)	0	47060	3563f522	011e8a91	GERMAN/GERMAN/German_DMS/GERM201_225/Germ207.DMS/Mods/mod.Ghostbusters
750fb0fa0cdf4c9242bba22ffe408cd6	1	376330	player+silence	uade	OctaMED MMD1	0	246510	e4478dc7	b1b0b46c	GERMAN/GERMAN/GERM181_210/GERM_207/Mods/Money
750fb0fa0cdf4c9242bba22ffe408cd6	1	376330	player+silence	uade	OctaMED MMD1	0	246510	e4478dc7	b1b0b46c	GERMAN/GERMAN/German_DMS/GERM201_225/Germ207.DMS/Mods/Money
777917ceadca6ded36e74b57278d609d	1	245893	player	uade	Protracker	0	60002	d8425bde	f5845032	Kataloge/Katalog1.DMS/mod.zoolrave
777917ceadca6ded36e74b57278d609d	1	245893	player	uade	Protracker	0	60002	d8425bde	f5845032	Kataloge/Katalog2.DMS/mod.zoolrave
777917ceadca6ded36e74b57278d609d	1	245893	player	uade	Protracker	0	60002	d8425bde	f5845032	Kataloge/Katalog3.DMS/mod.zoolrave
78a937440adac71e17e715ec6c3ba60e	1	7796	player	uade	Protracker	0	34750	0bb57fd6	751e3382	FOM/FOM/FOM061_080/FOM068.DMS/mod.trance.130
7c6bd68d755cc9bb261330dd4b2c25d4	1	115321	player	uade	Startrekker (4ch)	0	24620	980e681f	dfe6f74f	GERMAN/GERMAN/GERM_091_120/GERM_108/Modules/mod.i.c-tune2
7c6bd68d755cc9bb261330dd4b2c25d4	1	115321	player	uade	Startrekker (4ch)	0	24620	980e681f	dfe6f74f	GERMAN/GERMAN/German_DMS/GERM101_125/Germ108.DMS/Modules/mod.i.c-tune2
7e55878903175ab7c0a0d126c4386bbf	1	105916	player	uade	OctaMED MMD0	0	40154	710b6f02	7a64675a	GERMAN/GERMAN/GERM_121_150/GERM_132/Peter's_Quest/Sounds/game_play.song
7e55878903175ab7c0a0d126c4386bbf	1	105916	player	uade	OctaMED MMD0	0	40154	710b6f02	7a64675a	GERMAN/GERMAN/German_DMS/GERM126_150/Germ132.DMS/Peter's_Quest/Sounds/game_play.song
7ee77a3de810e8de5b38987e3f6dfbee	0	168771	player	uade	FaceTheMusic	0	218956	e08015e0	aad30d42	GERMAN/GERMAN/GERM181_210/GERM_210/ftm-songs/Englishman In New York
7ee77a3de810e8de5b38987e3f6dfbee	0	168771	player	uade	FaceTheMusic	0	218956	e08015e0	aad30d42	GERMAN/GERMAN/German_DMS/GERM201_225/Germ210.DMS/ftm-songs/Englishman In New York
7efcd793f3bf650308c387a7d035a972	0	11534	player	uade	Amos Music Bank	0	6162	72771b6d	aa382aea	GERMAN/GERMAN/GERM211_240/GERM_216/Data4
7efcd793f3bf650308c387a7d035a972	0	11534	player	uade	Amos Music Bank	0	6162	72771b6d	aa382aea	GERMAN/GERMAN/German_DMS/GERM201_225/Germ216.DMS/Data4
7f1510f24996cf990fa93e1dafda96dc	0	184445	player	uade	SIDMon 1.0	0	53324	1df8af63	54aacc29	GERMAN/GERMAN/GERM_091_120/GERM_092/PublicIntro/PIntro.SNG
7f1510f24996cf990fa93e1dafda96dc	0	184445	player	uade	SIDMon 1.0	0	53324	1df8af63	54aacc29	GERMAN/GERMAN/German_DMS/GERM076_100/Germ092.DMS/PublicIntro/PIntro.SNG
8086b979e76ba30bd9dbc3aa4b67b4eb	1	176769	player	uade	Protracker compatible	0	75712	14944153	286ca9ca	GERMAN/GERMAN/GERM_091_120/GERM_108/Modules/MOD.TAR-SUNRISE
8086b979e76ba30bd9dbc3aa4b67b4eb	1	176769	player	uade	Protracker compatible	0	75712	14944153	286ca9ca	GERMAN/GERMAN/German_DMS/GERM101_125/Germ108.DMS/Modules/MOD.TAR-SUNRISE
82d96e55271db61a6d7cc757e40cf0d3	1	242055	player	uade	Protracker compatible	0	130382	c4649b8f	c0ac8a62	GERMAN/GERMAN/GERM181_210/GERM_189/Modules/mod.cream_of_the_earth.pp
82d96e55271db61a6d7cc757e40cf0d3	1	242055	player	uade	Protracker compatible	0	130382	c4649b8f	c0ac8a62	GERMAN/GERMAN/German_DMS/GERM176_200/Germ189.DMS/Modules/mod.cream_of_the_earth.pp
836003c2cd95a9b761fcde17dd47ef5d	1	97557	player	uade	Noisetracker 1.x	0	8466	84266aef	f089e4fe	FOM/FOM/FOM041_060/FOM058.DMS/SuperDark/Sources/SDark_12_sources.lha/blankers/mod.wizardy
836ad33ab3844703c8d5e1b61671a6b4	1	122997	player	uade	Protracker compatible	0	39064	101618ff	f1155120	GERMAN/GERMAN/GERM_091_120/GERM_091/NoisePlayer+Modules/MOD.5
836ad33ab3844703c8d5e1b61671a6b4	1	122997	player	uade	Protracker compatible	0	39064	101618ff	f1155120	GERMAN/GERMAN/GERM_091_120/GERM_108/Modules/MOD.illumination
836ad33ab3844703c8d5e1b61671a6b4	1	122997	player	uade	Protracker compatible	0	39064	101618ff	f1155120	GERMAN/GERMAN/German_DMS/GERM076_100/Germ091.DMS/NoisePlayer+Modules/MOD.5
836ad33ab3844703c8d5e1b61671a6b4	1	122997	player	uade	Protracker compatible	0	39064	101618ff	f1155120	GERMAN/GERMAN/German_DMS/GERM101_125/Germ108.DMS/Modules/MOD.illumination
836d221d720c05040bf70677af3a54c9	0	222845	player	uade	Amos Music Bank	0	36352	f9a032e4	83a99728	GERMAN/GERMAN/GERM151_180/GERM_152/Build_the_way/4.btw
87264e72b9950cdf2701403e460a1b22	1	7796	player	uade	Protracker	0	28200	4fdbcf01	749df403	FOM/FOM/FOM081_100/FOM100.DMS/Songs/mod.future arts.130
88940ce7e9253e0d79384482d40254cf	1	200225	player+silence	uade	Protracker	0	216890	f9ed499e	d8467392	GERMAN/GERMAN/GERM181_210/GERM_189/Modules/mod.boesendorfer
88940ce7e9253e0d79384482d40254cf	1	200225	player+silence	uade	Protracker	0	216890	f9ed499e	d8467392	GERMAN/GERMAN/German_DMS/GERM176_200/Germ189.DMS/Modules/mod.boesendorfer
894513cc329d2cda9ea87aec7cb79820	0	101656	player	uade	SoundMon 2.0	0	38536	75189b1c	0faf45b6	GERMAN/GERMAN/GERM_091_120/GERM_111/SDM.DoubleDisk
894513cc329d2cda9ea87aec7cb79820	0	101656	player	uade	SoundMon 2.0	0	38536	75189b1c	0faf45b6	GERMAN/GERMAN/German_DMS/GERM101_125/Germ111.DMS/SDM.DoubleDisk
89a8c557f92c0416540cfce1ac94d98e	0	15492	player	uade	Amos Music Bank	0	29736	39907a13	1d3ab1e0	GERMAN/GERMAN/GERM151_180/GERM_166/AMOS-SOURCE/inmus.abk
89a8c557f92c0416540cfce1ac94d98e	0	15492	player	uade	Amos Music Bank	0	29736	39907a13	1d3ab1e0	GERMAN/GERMAN/German_DMS/GERM151_175/Germ166.DMS/AMOS-SOURCE/inmus.abk
8bbfb904b6fc1f408405936d4dfb1389	0	0	nosound	libxmp	MED 2.00 MED3	4	1424	4f91d0d7	12cad931	Saar/SAAR/Saar691_700/Saar_695/Käsejagd/m1
8c75f657f500f255e411d7589b55eba4	0	298747	player+silence	uade	Amos Music Bank	0	81706	de614874	2a7f9477	GERMAN/GERMAN/GERM181_210/GERM_185/AMOS_Sound/Bob`o`Glup-Remix1.abk
8c75f657f500f255e411d7589b55eba4	0	298747	player+silence	uade	Amos Music Bank	0	81706	de614874	2a7f9477	GERMAN/GERMAN/German_DMS/GERM176_200/Germ185.DMS/AMOS_Sound/Bob`o`Glup-Remix1.abk
8cac7f581a77587da05d9c9f732ae89e	1	53872	player	uade	Protracker	0	77000	ea26bfae	c6e22eea	Amiga Magazin/Amiga Magazin/11_93_4/Gewinner-Songs/mod.crazy xmas
8d46f75c27d3e8088be26d3c628d3049	0	435844	player	uade	SIDMon 2.0	0	145636	ed17f9c0	125eaab0	GERMAN/GERMAN/German_DMS/GERM101_125/Germ117.DMS/songs
8d482adc23ab4d1a71f6786e53a71b5f	1	226683	player+volume	uade	Protracker	0	154630	a8ac7f6b	531bd4ab	FOM/FOM/FOM081_100/FOM087.DMS/Songs/mod.history and future
8e3adc2c620bc4ea41787568a1404752	0	53679	player	libopenmpt	Startrekker	4	93738	0b8ba0ed	66479dc7	FOM/FOM/FOM021_040/FOM021.DMS/mod.the neuromancer
92c84bf0e1b2867217b2e18f0dbe4259	1	215149	player	uade	Protracker compatible	0	93012	223970f6	98d56da5	GERMAN/GERMAN/GERM_121_150/GERM_126/IntuiTracker/MOD.Resonance
92c84bf0e1b2867217b2e18f0dbe4259	1	215149	player	uade	Protracker compatible	0	93012	223970f6	98d56da5	GERMAN/GERMAN/German_DMS/GERM126_150/Germ126.DMS/IntuiTracker/MOD.Resonance
9381a392ee7b4ae2a7bb587d9165e2e4	0	222865	player	uade	Amos Music Bank	0	36424	932cffac	733f7a61	GERMAN/GERMAN/German_DMS/GERM151_175/Germ152.DMS/Build_the_way/4.btw
94f689bfaa7bd06ae70630b68bf0b2cc	1	53872	player	uade	Soundtracker II (15 instr.)	0	49938	7b671753	db004b55	GERMAN/GERMAN/GERM_061_090/GERM_67/MUSIC2
94f689bfaa7bd06ae70630b68bf0b2cc	1	53872	player	uade	Soundtracker II (15 instr.)	0	49938	7b671753	db004b55	GERMAN/GERMAN/German_DMS/GERM051_075/Germ067.DMS/MUSIC2
96d139b85a5382266af96a0c7782d8bf	0	61568	player	uade	Amos Music Bank	0	34760	2e05a767	5830f9f3	GERMAN/GERMAN/GERM_091_120/GERM_115/Dynamite_Dick/Music.ABK
96d139b85a5382266af96a0c7782d8bf	0	61568	player	uade	Amos Music Bank	0	34760	2e05a767	5830f9f3	GERMAN/GERMAN/German_DMS/GERM101_125/Germ115.DMS/Dynamite_Dick/Music.ABK
97bc2f741657a25df36584175c5e9666	1	233093	player	uade	Noisetracker 1.x	0	41346	cb7289c9	27db7ebe	Kataloge/Katalog5.DMS/mod.chopsui
97bc2f741657a25df36584175c5e9666	1	233093	player	uade	Noisetracker 1.x	0	41346	cb7289c9	27db7ebe	Kataloge/Katalog6.DMS/mod.chopsui
97bc2f741657a25df36584175c5e9666	1	233093	player	uade	Noisetracker 1.x	0	41346	cb7289c9	27db7ebe	Kataloge/Katalog7.DMS/mod.chopsui
9afa261682cd289960f6665909b9517f	1	8379	player	uade	OctaMED MMD1	0	63892	3dede9b5	02a29edd	GERMAN/GERMAN/GERM211_240/GERM_236/StarMusic
9afa261682cd289960f6665909b9517f	1	8379	player	uade	OctaMED MMD1	0	63892	3dede9b5	02a29edd	GERMAN/GERMAN/German_DMS/GERM226_250/Germ236.DMS/StarMusic
9dbdc81daaf24d98a6919909d10c6801	0	82679	loop	uade	Sonic Arranger	0	83377	6ba2f11b	d05ccf56	GERMAN/GERMAN/GERM211_240/GERM_235/Musik
9dbdc81daaf24d98a6919909d10c6801	0	82679	loop	uade	Sonic Arranger	0	83377	6ba2f11b	d05ccf56	GERMAN/GERMAN/German_DMS/GERM226_250/Germ235.DMS/Musik
9dc09bcece1151b917f8b6eb9bad90ca	1	67315	player	uade	Soundtracker II (15 instr.)	0	37846	f2e6399e	1473c795	GERMAN/GERMAN/GERM181_210/GERM_207/Mods/DONTWORR.MOD
9dc09bcece1151b917f8b6eb9bad90ca	1	67315	player	uade	Soundtracker II (15 instr.)	0	37846	f2e6399e	1473c795	GERMAN/GERMAN/German_DMS/GERM201_225/Germ207.DMS/Mods/DONTWORR.MOD
9e95d6e19304b3b76fce96a9cd5ecace	1	176769	player	uade	Protracker	0	112428	0d41822c	b14114e6	FOM/FOM/FOM081_100/FOM100.DMS/Songs/mod.das system.135
a0888808ad1cba2ca09b994721f49559	0	15552	player	uade	Amos Music Bank	0	5786	ba947c30	5095ae1c	GERMAN/GERMAN/GERM211_240/GERM_216/Data7
a0888808ad1cba2ca09b994721f49559	0	15552	player	uade	Amos Music Bank	0	5786	ba947c30	5095ae1c	GERMAN/GERMAN/German_DMS/GERM201_225/Germ216.DMS/Data7
a1389382a197d038400d80a9b76c525d	0	172830	player	uade	TFMX Pro	0	15196	2a822775	428b288e	GERMAN/GERMAN/GERM181_210/GERM_198/Songs/mdat.Erbe2
a1389382a197d038400d80a9b76c525d	0	172830	player	uade	TFMX Pro	0	15196	2a822775	428b288e	GERMAN/GERMAN/German_DMS/GERM176_200/Germ198.DMS/Songs/mdat.Erbe2
a1389382a197d038400d80a9b76c525d	1	81924	player
a1389382a197d038400d80a9b76c525d	2	61468	player
a1389382a197d038400d80a9b76c525d	3	176668	player
a1a566aa1ba8126caa6d248f73abe3c5	0	13081	player	uade	Amos Music Bank	0	6058	62fa4fa0	8a3d3fe0	GERMAN/GERMAN/GERM211_240/GERM_216/Data10
a1a566aa1ba8126caa6d248f73abe3c5	0	13081	player	uade	Amos Music Bank	0	6058	62fa4fa0	8a3d3fe0	GERMAN/GERMAN/German_DMS/GERM201_225/Germ216.DMS/Data10
a4cc0be15ab2ea557291971c67c8f69c	1	213449	player+silence	uade	Protracker	0	138940	932f618c	3cc27019	FOM/FOM/FOM081_100/FOM087.DMS/Songs/mod.the final frontier
a711ef24c8e9b208b0fda52709abc3aa	1	80839	player	uade	OctaMED MMD0	0	41502	69f1de23	cb29eb37	GERMAN/GERMAN/GERM_121_150/GERM_132/Peter's_Quest/Sounds/menu.song
a711ef24c8e9b208b0fda52709abc3aa	1	80839	player	uade	OctaMED MMD0	0	41502	69f1de23	cb29eb37	GERMAN/GERMAN/German_DMS/GERM126_150/Germ132.DMS/Peter's_Quest/Sounds/menu.song
a955d5a3d72f4b0d541e18585266fb42	1	284293	player	uade	Protracker	0	50688	2cbb002a	d3f97daf	GERMAN/GERMAN/GERM211_240/GERM_214/Modules/mod.panic
a955d5a3d72f4b0d541e18585266fb42	1	284293	player	uade	Protracker	0	50688	2cbb002a	d3f97daf	GERMAN/GERMAN/German_DMS/GERM201_225/Germ214.DMS/Modules/mod.panic
a9684fddd04f2fdafdc35ee6294930c0	0	200159	player	uade	Sonix Music Driver	0	1268	a34d8519	dc0736c1	GERMAN/GERMAN/GERM_001_030/GERM_19/Scores/PumpEm'Up3.smus
a9684fddd04f2fdafdc35ee6294930c0	0	200159	player	uade	Sonix Music Driver	0	1268	a34d8519	dc0736c1	GERMAN/GERMAN/German_DMS/GERM001_025/Germ019.DMS/Scores/PumpEm'Up3.smus
a96af198addb3be1a662261f1de0b998	0	11829	player+silence	uade	Amos Music Bank	0	8688	bdfaa4c5	ebb86b43	GERMAN/GERMAN/GERM151_180/GERM_163/over.snd
a96af198addb3be1a662261f1de0b998	0	11829	player+silence	uade	Amos Music Bank	0	8688	bdfaa4c5	ebb86b43	GERMAN/GERMAN/German_DMS/GERM151_175/Germ163.DMS/over.snd
aadbb2bc594653545838563c64fe67f4	1	298783	player+silence	uade	Protracker	0	131002	da37101e	68b9fe0d	GERMAN/GERMAN/GERM181_210/GERM_188/MODULES/mod.musik
aadbb2bc594653545838563c64fe67f4	1	298783	player+silence	uade	Protracker	0	131002	da37101e	68b9fe0d	GERMAN/GERMAN/German_DMS/GERM176_200/Germ188.DMS/MODULES/mod.musik
ab39fba59218f2bba0c51ff5f2b8654f	1	150599	player+silence	uade	Protracker	0	673262	3e623087	1deef39c	FOM/FOM/FOM061_080/FOM078.DMS/Songs/mod.storyoflife.130
abfdbcedd6cbaf07ec2943e2cd58b175	1	230541	player	uade	Protracker	0	187756	652368bc	0525e5d0	FOM/FOM/FOM081_100/FOM100.DMS/Songs/mod.faces of mars.130
ac97752494cfcda80b61ea602c37a539	1	160013	player+silence	uade	Protracker	0	143252	7004123d	4cc3ac71	Amiga Magazin/Amiga Magazin/11_93_4/Gewinner-Songs/mod.cyberdawn
ad076958e3254154329e527265110fea	0	168952	player	uade	Mark_II	0	117076	55c183a8	917f6169	GERMAN/GERMAN/GERM211_240/GERM_225/AMIOXYD.SMP
ad076958e3254154329e527265110fea	0	168952	player	uade	Mark_II	0	117076	55c183a8	917f6169	GERMAN/GERMAN/German_DMS/GERM201_225/Germ225.DMS/AMIOXYD.SMP
b131caf02f82cd9b41176544ba4a7956	1	194050	player	uade	Noisetracker 1.x	0	112202	3e659545	18a52cf8	GERMAN/GERMAN/GERM181_210/GERM_189/Modules/mod.musik_go
b131caf02f82cd9b41176544ba4a7956	1	194050	player	uade	Noisetracker 1.x	0	112202	3e659545	18a52cf8	GERMAN/GERMAN/German_DMS/GERM176_200/Germ189.DMS/Modules/mod.musik_go
b32223d53e1d58c9aa40ddd99f8d1871	0	81944	player	uade	TFMX Pro	0	3660	6277cb5e	677fa152	GERMAN/GERMAN/GERM181_210/GERM_197/SONGS/mdat.Titel
b32223d53e1d58c9aa40ddd99f8d1871	0	81944	player	uade	TFMX Pro	0	3660	6277cb5e	677fa152	GERMAN/GERMAN/German_DMS/GERM176_200/Germ197.DMS/SONGS/mdat.Titel
b32223d53e1d58c9aa40ddd99f8d1871	1	76820	player
b37d6ddd2d16d1a75549c0ce2dfb8dfd	1	221298	player	uade	Protracker	0	182266	e85b1b39	b9d99dd6	GERMAN/GERMAN/GERM181_210/GERM_189/Modules/mod.musik
b37d6ddd2d16d1a75549c0ce2dfb8dfd	1	221298	player	uade	Protracker	0	182266	e85b1b39	b9d99dd6	GERMAN/GERMAN/German_DMS/GERM176_200/Germ189.DMS/Modules/mod.musik
b45fae3fffa3c163151f2ac5457f9e86	0	123559	player	uade	FaceTheMusic	0	94682	fd583030	602dae51	GERMAN/GERMAN/GERM181_210/GERM_210/ftm-songs/Song Without Name
b45fae3fffa3c163151f2ac5457f9e86	0	123559	player	uade	FaceTheMusic	0	94682	fd583030	602dae51	GERMAN/GERMAN/German_DMS/GERM201_225/Germ210.DMS/ftm-songs/Song Without Name
b4a0903b84d18aaa7770b4644de4be4b	1	169093	player	uade	Protracker compatible	0	30454	d2d1cd5d	2ae4e30c	GERMAN/GERMAN/GERM181_210/GERM_188/MODULES/Mod.ToLittleToIgnore.pp
b4a0903b84d18aaa7770b4644de4be4b	1	169093	player	uade	Protracker compatible	0	30454	d2d1cd5d	2ae4e30c	GERMAN/GERMAN/German_DMS/GERM176_200/Germ188.DMS/MODULES/Mod.ToLittleToIgnore.pp
bb63bbd6da0599f7757024f8485f83a1	1	69285	player	uade	OctaMED MMD0	0	39292	3f8fac95	31735ce6	FOM/FOM/FOM021_040/FOM023.DMS/Q-Bert/Snd/mod.hubert
bb7b31d920c680336b78cc40cc86f5e5	1	268613	player+silence	uade	Protracker	0	110338	57d06000	04bb253f	FOM/FOM/FOM021_040/FOM033.DMS/mod.outer space
be5a20ea1576596846c6b8a90b56a234	1	216435	player	uade	Soundtracker II (31 instr.)	0	60060	f678adcb	1a6b0936	GERMAN/GERMAN/GERM_091_120/GERM_091/NoisePlayer+Modules/mod.1
be5a20ea1576596846c6b8a90b56a234	1	216435	player	uade	Soundtracker II (31 instr.)	0	60060	f678adcb	1a6b0936	GERMAN/GERMAN/German_DMS/GERM076_100/Germ091.DMS/NoisePlayer+Modules/mod.1
bfc9cb0b024f557bc12b653f79b2c748	1	166083	player+silence	uade	Protracker	0	157204	3d944fbf	e4323b54	FOM/FOM/FOM081_100/FOM087.DMS/Songs/mod.shoulderblock.130
c0750a0006e957c32db83afc7c9a475a	1	250193	player	uade	Protracker	0	199574	bb119cbb	3bf29860	Amiga Magazin/Amiga Magazin/11_93_4/Gewinner-Songs/mod.stampede
c145f57928f5b6ec7144d680ac6b7fc3	1	69224	player	uade	Protracker	0	117964	0832b689	f62edeb9	FOM/FOM/FOM061_080/FOM068.DMS/mod.mars.100
c1622c56ca4a64f544b6fcf60b7f9fca	0	23630	player	uade	Amos Music Bank	0	8052	1d8d4812	4b528bd6	GERMAN/GERMAN/GERM211_240/GERM_216/Data21
c1622c56ca4a64f544b6fcf60b7f9fca	0	23630	player	uade	Amos Music Bank	0	8052	1d8d4812	4b528bd6	GERMAN/GERMAN/German_DMS/GERM201_225/Germ216.DMS/Data21
c2ffba0c4bf2b047f4bacf8ff433e623	1	77001	player	uade	OctaMED MMD0	0	87732	ac888fff	08e77a73	FOM/FOM/FOM021_040/FOM023.DMS/Q-Bert/Snd/mod.mft
c3eaf2441956724585c1e0b97d2d056d	1	61568	player	uade	Protracker compatible	0	46804	b818704a	251325cb	GERMAN/GERMAN/GERM_061_090/GERM_78/Jumpy/jumpysong01
c3eaf2441956724585c1e0b97d2d056d	1	61568	player	uade	Protracker compatible	0	46804	b818704a	251325cb	GERMAN/GERMAN/German_DMS/GERM076_100/Germ078.DMS/Jumpy/jumpysong01
c64adf4541aec525e4542b227439b9dd	0	5565	player+silence	uade	Amos Music Bank	0	4946	efc4f5d4	2a769d58	GERMAN/GERMAN/GERM211_240/GERM_216/Data5
c64adf4541aec525e4542b227439b9dd	0	5565	player+silence	uade	Amos Music Bank	0	4946	efc4f5d4	2a769d58	GERMAN/GERMAN/German_DMS/GERM201_225/Germ216.DMS/Data5
cb5936adff63a52b6463f796ccb7dcaf	1	192141	player	uade	Protracker	0	140754	9f14cfbf	602e401d	FOM/FOM/FOM021_040/FOM033.DMS/mod.2157ad
cced7ddaa24f4f3a125ad60dbb610bf7	1	631993	player+silence	uade	Soundtracker II (15 instr.)	0	105692	95ace650	6b76cb1e	GERMAN/GERMAN/GERM_061_090/GERM_72/Space_Writer/AxelF
cced7ddaa24f4f3a125ad60dbb610bf7	1	631993	player+silence	uade	Soundtracker II (15 instr.)	0	105692	95ace650	6b76cb1e	GERMAN/GERMAN/German_DMS/GERM051_075/Germ072.DMS/Space_Writer/AxelF.
cec8630d206b2db0b02e85d3e63fa1e6	0	7113	player	uade	Amos Music Bank	0	3528	b0325b39	b1c49623	GERMAN/GERMAN/GERM211_240/GERM_216/Data9
cec8630d206b2db0b02e85d3e63fa1e6	0	7113	player	uade	Amos Music Bank	0	3528	b0325b39	b1c49623	GERMAN/GERMAN/German_DMS/GERM201_225/Germ216.DMS/Data9
d968fc9c6ebaab6bbe905b7775333d8d	0	67577	player	uade	Sonix Music Driver	0	3618	3bf40df3	0b5c9223	GERMAN/GERMAN/GERM_001_030/GERM_19/Scores/InTheMixPart1.smus
d968fc9c6ebaab6bbe905b7775333d8d	0	67577	player	uade	Sonix Music Driver	0	3618	3bf40df3	0b5c9223	GERMAN/GERMAN/German_DMS/GERM001_025/Germ019.DMS/Scores/InTheMixPart1.smus
db5525af9defa1515f65e129b5cd110f	1	153417	player+silence	uade	Startrekker (4ch)	0	44410	0ef96093	b724f551	GERMAN/GERMAN/GERM_091_120/GERM_108/Modules/mod.echoing
db5525af9defa1515f65e129b5cd110f	1	153417	player+silence	uade	Startrekker (4ch)	0	44410	0ef96093	b724f551	GERMAN/GERMAN/German_DMS/GERM101_125/Germ108.DMS/Modules/mod.echoing
dfe2484621477d716183e7c7d64d32e3	1	84616	player	uade	Protracker	0	78426	a41ba25e	20c28c92	GERMAN/GERMAN/GERM181_210/GERM_189/Modules/mod.flipping_dildo.pp
dfe2484621477d716183e7c7d64d32e3	1	84616	player	uade	Protracker	0	78426	a41ba25e	20c28c92	GERMAN/GERMAN/German_DMS/GERM176_200/Germ189.DMS/Modules/mod.flipping_dildo.pp
e3222ee7252ed044b16a535304349d6d	1	230541	player	uade	Protracker	0	180650	f307650d	320daf2d	FOM/FOM/FOM021_040/FOM033.DMS/mod.faces of mars
e4bf7fbe64e4be2600d154c34c6d494b	0	11895	player+silence	uade	Amos Music Bank	0	16418	3e7e1447	7640f9fb	GERMAN/GERMAN/GERM151_180/GERM_163/compl.snd
e4bf7fbe64e4be2600d154c34c6d494b	0	11895	player+silence	uade	Amos Music Bank	0	16418	3e7e1447	7640f9fb	GERMAN/GERMAN/German_DMS/GERM151_175/Germ163.DMS/compl.snd
e52f7d01a3d5691c6ee9f83eef713569	1	266857	player+silence	uade	Protracker	0	111682	01962b3b	98254b93	FOM/FOM/FOM081_100/FOM087.DMS/Songs/mod.das system.135
e6542450d8a7e7a8f95140fa4c09bf74	1	192141	player	uade	Protracker	0	152884	f0867a20	6a151bc5	FOM/FOM/FOM081_100/FOM100.DMS/Songs/mod.2157ad.130
e7b46a4a4963bf7bc31d66d25b49740c	0	214908	player	uade	Sonix Music Driver	0	1712	bd69e85e	25ddc625	GERMAN/GERMAN/GERM_001_030/GERM_19/Scores/PumpEm'Up2.smus
e7b46a4a4963bf7bc31d66d25b49740c	0	214908	player	uade	Sonix Music Driver	0	1712	bd69e85e	25ddc625	GERMAN/GERMAN/German_DMS/GERM001_025/Germ019.DMS/Scores/PumpEm'Up2.smus
e7bb2e2ff476822ac5f0edcefe776ca6	1	220293	player	uade	Protracker compatible	0	126070	cfb8b4d5	ad5e3f25	GERMAN/GERMAN/GERM_091_120/GERM_091/NoisePlayer+Modules/mod.2
e7bb2e2ff476822ac5f0edcefe776ca6	1	220293	player	uade	Protracker compatible	0	126070	cfb8b4d5	ad5e3f25	GERMAN/GERMAN/German_DMS/GERM076_100/Germ091.DMS/NoisePlayer+Modules/mod.2
e8530d90739105a5a078a00f1adcc3b3	1	65406	player	uade	Protracker compatible	0	37798	d78fd672	d39300f7	GERMAN/GERMAN/GERM_091_120/GERM_091/NoisePlayer+Modules/mod.8
e8530d90739105a5a078a00f1adcc3b3	1	65406	player	uade	Protracker compatible	0	37798	d78fd672	d39300f7	GERMAN/GERMAN/German_DMS/GERM076_100/Germ091.DMS/NoisePlayer+Modules/mod.8
e9220267729b5464a3801dc38df9f9a3	0	180486	player	uade	Amos Music Bank	0	42360	dd01fc63	09749e63	GERMAN/GERMAN/GERM151_180/GERM_152/Build_the_way/6.btw
e9220267729b5464a3801dc38df9f9a3	0	180486	player	uade	Amos Music Bank	0	42360	dd01fc63	09749e63	GERMAN/GERMAN/German_DMS/GERM151_175/Germ152.DMS/Build_the_way/6.btw
ed655fd21117544a4e2f3237162232bb	0	99948	player	uade	Amos Music Bank	0	47196	386334d7	f4a1611c	GERMAN/GERMAN/GERM151_180/GERM_163/title.snd
ed655fd21117544a4e2f3237162232bb	0	99948	player	uade	Amos Music Bank	0	47196	386334d7	f4a1611c	GERMAN/GERMAN/German_DMS/GERM151_175/Germ163.DMS/title.snd
ed7c2a8ad5c5082d02350fa48bc192ee	1	15472	player	uade	Protracker	0	66338	dcc0839f	de871938	FOM/FOM/FOM081_100/FOM087.DMS/Songs/mod.no progress.115
f1d6e71fe5f2acf77f8b2a3f3ad013f8	1	47000	player	uade	OctaMED MMD1	0	123834	04080278	06ccede9	Saar/SAAR_gepackt/Saar_631_665/Saar655.DMS/MasterMind/data
f1d6e71fe5f2acf77f8b2a3f3ad013f8	1	47000	player	uade	OctaMED MMD1	0	123834	04080278	06ccede9	Saar/SAAR/Saar651_660/SAAR_655/MasterMind/data
f1d6e71fe5f2acf77f8b2a3f3ad013f8	2	5525	player
f5b042a20bec1227a03df94b4b7f4c81	0	61568	player	uade	Amos Music Bank	0	151244	72b4fe62	5fba4d1e	FOM/FOM/FOM041_060/FOM057.DMS/music.abk
f5b159f5068b118d5c42dd0b59dd37fc	0	184445	player	uade	Amos Music Bank	0	52790	9b74025b	6f5889a7	GERMAN/GERMAN/GERM_091_120/GERM_115/music.abk
f5b159f5068b118d5c42dd0b59dd37fc	0	184445	player	uade	Amos Music Bank	0	52790	9b74025b	6f5889a7	GERMAN/GERMAN/German_DMS/GERM101_125/Germ115.DMS/music.abk
f76c70842be5e6b8cc601efdfa7abeaa	1	250519	player+silence	uade	Noisetracker 1.x	0	77794	e274f9e8	bf11afc6	GERMAN/GERMAN/GERM181_210/GERM_189/Modules/mod.dark-water
f76c70842be5e6b8cc601efdfa7abeaa	1	250519	player+silence	uade	Noisetracker 1.x	0	77794	e274f9e8	bf11afc6	GERMAN/GERMAN/GERM211_240/GERM_214/Modules/mod.dark-water
f76c70842be5e6b8cc601efdfa7abeaa	1	250519	player+silence	uade	Noisetracker 1.x	0	77794	e274f9e8	bf11afc6	GERMAN/GERMAN/German_DMS/GERM176_200/Germ189.DMS/Modules/mod.dark-water
f76c70842be5e6b8cc601efdfa7abeaa	1	250519	player+silence	uade	Noisetracker 1.x	0	77794	e274f9e8	bf11afc6	GERMAN/GERMAN/German_DMS/GERM201_225/Germ214.DMS/Modules/mod.dark-water
fa295d72725b25f9a328cb7ad2790f24	0	120043	player	libxmp	MED 2.00 MED3	4	84788	15a7c3ae	6ae2df02	GERMAN/GERMAN/GERM_061_090/GERM_74/WQ2
fa295d72725b25f9a328cb7ad2790f24	0	120043	player	libxmp	MED 2.00 MED3	4	84788	15a7c3ae	6ae2df02	GERMAN/GERMAN/German_DMS/GERM051_075/Germ074.DMS/WQ2
fc570f77e440786fe7a14a9f51f6b854	1	161397	player	uade	Soundtracker II (15 instr.)	0	43926	7d5d5201	bc752047	GERMAN/GERMAN/GERM_061_090/GERM_68/Rainbow_Writer/mod.003
fc570f77e440786fe7a14a9f51f6b854	1	161397	player	uade	Soundtracker II (15 instr.)	0	43926	7d5d5201	bc752047	GERMAN/GERMAN/German_DMS/GERM051_075/Germ068.DMS/Rainbow_Writer/mod.003
fcaa74f8c59addfb8fb27757e79d55fc	1	210058	player+silence	uade	Protracker	0	117788	d311844c	e09f65f9	GERMAN/GERMAN/GERM211_240/GERM_214/Modules/mod.whisk
fcaa74f8c59addfb8fb27757e79d55fc	1	210058	player+silence	uade	Protracker	0	117788	d311844c	e09f65f9	GERMAN/GERMAN/German_DMS/GERM201_225/Germ214.DMS/Modules/mod.whisk
