00188c5ecbf32a9d2d029b85a6838dc8	0	176377	player	libopenmpt	Ultimate Soundtracker 1.0-1.21	4	100012	a5daf7ea	a13d055b	MUSIK/MODFILES/IDEA.MOD
006021cd65334396d27419f26fc9b438	0	205426	player+silence	uade	NoiseTracker	0	112416	42310a30	5def18a3	MUSIK/MODFILES/ECHO.MOD
00dcb5c616156781df539dd1a597c4a4	1	138369	player	uade	Noisetracker 1.x	0	62464	bd01b439	fcae0f3c	MUSIK/MODFILES/EXODUS19.MOD
037eaa84ec910b6a24c4089052b63999	0	15337	player	libopenmpt	Ultimate Soundtracker 1.0-1.21	4	15848	21ab92b8	ca5fdf03	MUSIK/MODFILES/DESP.MOD
03d9e82890f6d99fba6282e6d544c880	0	115028	player	libopenmpt	Master Soundtracker 1.0	4	66688	575b2260	e915dbf9	MUSIK/MODFILES/SNOOTLES.MOD
04b23f79c423943e5311c55c1a4d4193	1	519818	player	uade	Soundtracker II (31 instr.)	0	78216	9f5bfb9d	1f051365	MUSIK/MODFILES/EINDE.MOD
052cb09238290407a9135bb6d91cd949	1	208317	player	uade	Noisetracker 1.x	0	84892	e6ed3839	ddd6422b	MUSIK/MODFILES/FLIGHTTO.MOD
06b2bc81cec131a2656feab89d12e303	0	291405	player	libopenmpt	Defjam Soundtracker III / Alpha Flight SoundTracker IV / D.O.C. SoundTracker IV / VI	4	60916	4ae209a5	4e040507	MUSIK/MODFILES/SLEEPW.MOD
06cc173681d5a68a76e915c75da6ee21	0	207197	player+silence	uade	Soundtracker II - V or compatible	0	74688	28624073	f0ddccb0	MUSIK/MODFILES/LOCOMO.MOD
06d229668860a649035a0b7ed40341ce	1	153721	player	uade	Soundtracker II (15 instr.)	0	145494	ac710d77	22d1c718	MUSIK/MODFILES/MAX.MOD
07a08f81bcce4ec48dc8594fab21f94d	1	197507	player+silence	uade	Soundtracker II (15 instr.)	0	60096	53f367dc	67fdab1d	MUSIK/MODFILES/DEADLOCK.MOD
0833e5bcdb7279a88ea8b2ea010a9e9c	1	113391	player	uade	Soundtracker II (15 instr.)	0	69012	19d1ba81	418f88e2	MUSIK/MODFILES/GNG50.MOD
087f90f190e253022b333d55b28f6625	1	184445	player	uade	Noisetracker 1.x	0	131818	e50f8cb8	d6a00ea5	MUSIK/MODFILES/PUGSINSP.MOD
08a67d324c4c284596c921b207e5a453	1	176769	player	uade	Soundtracker II (15 instr.)	0	69124	b900426b	0f74f6cc	MUSIK/MODFILES/THORAX.MOD
0d3f8166a31650fd2348797e064d94d8	0	0	nosound	libopenmpt	SoundTracker 2.0 / 2.1 / 2.2	4	32000	b1f285bd	dd70a0f7	SPIELE/PUSHAGO/STE/06_016.DOO
0df48cd52c6319822cfc0a6aa1c9355a	0	116185	player	uade	Soundtracker II - V or compatible	0	128594	10322943	86e43760	MUSIK/MODFILES/NOPARK.MOD
10ea8c4b38006bc1997aa4304758bc01	0	122697	player	libopenmpt	Ultimate Soundtracker 1.0-1.21	4	131784	8b10d7a4	454f33c8	MUSIK/MODFILES/JWX.MOD
13a1b4324abbf816f90820416c7ab2bf	1	322693	player	uade	Soundtracker II (15 instr.)	0	79102	7303d284	ff7fd0d1	MUSIK/MODFILES/LLL.MOD
146caf3acbf043fa0959c7ba358c3188	0	145587	player+silence	libopenmpt	Master Soundtracker 1.0	4	120492	f54e3de3	3554bdbe	MUSIK/MODFILES/END.MOD
14a5fac191ab535b3a4239c6f71a36d4	1	159729	player	uade	Protracker compatible	0	171930	107199fe	6483503a	FALCON/GAMES/BOOM/PREVIEW2/TITEL.MOD
14dbcc2f05b5793b4a2f52ad066bd085	1	146045	player	uade	Protracker compatible	0	43652	12a16678	d729f588	MUSIK/MODFILES/NSSPEED.MOD
1505e92af634fe0275263128afc8bf69	1	428128	player	uade	Protracker compatible	0	175962	02afe75b	f24860d7	MUSIK/MODFILES/ARMADA.MOD
1505e92af634fe0275263128afc8bf69	2	381570	player
1505e92af634fe0275263128afc8bf69	3	381570	player
167998b4c955f351b63b05971ec7ab37	1	296048	player	uade	Protracker compatible	0	137356	fbb69842	e1d0263c	MUSIK/MODFILES/PHANTASM.MOD
16cee71281feead9ed7d181f99a14838	1	101877	player	uade	Protracker compatible	0	66176	8f7b68c8	b6d0d98f	MUSIK/MODFILES/NONAME7.MOD
17b54dfd4e641a8a7e310396952ba8a7	1	71816	player	uade	Soundtracker II (15 instr.)	0	106964	edffb564	cb1cfbdc	MUSIK/MODFILES/FLIGHTOF.MOD
18f5e45039c18b35f24731bf805a656c	0	53490	player	uade	Ultimate-Soundtracker or compatible	0	75288	1b7e2817	f5df5bab	MUSIK/MODFILES/FOOTBALL.MOD
1bfc2eba2c562741b8b0973de0bb83d5	1	199258	player+silence	uade	Noisetracker 1.x	0	162014	5a496eb3	557bce74	MUSIK/MODFILES/BLACKMOR.MOD
1c02557a7ce886efdd3dc0d24984e028	1	230541	player	uade	Protracker compatible	0	59716	b253d527	a93089bd	MUSIK/MODFILES/NONAME15.MOD
1f1c602e9a29c5dbe8ed5a74bdc79289	1	329447	player+volume	uade	Noisetracker 1.x	0	266846	196fdedd	5f4b88cb	MUSIK/MODFILES/NONAME49.MOD
2603bca7214c0b3dd90d9674cf2a5934	0	501266	player+silence	libopenmpt	Graoumf Tracker v1.06	4	401832	06ed98b3	67560e14	FALCON/GAMES/CAPY/CAPYWRLD/GAME.GT2
2603bca7214c0b3dd90d9674cf2a5934	0	501266	player+silence	libopenmpt	Graoumf Tracker v1.06	4	401832	06ed98b3	67560e14	SPIELE/CAPY/CAPYWRLD/GAME.GT2
274a2cf9879c1732c62c4a3df32d08e3	0	126774	player	uade	Ultimate-Soundtracker or compatible	0	59392	523d64fc	f77feaa4	MUSIK/MODFILES/CASCADE.MOD
27cd3aa2c4dd5b1c2ddf75146c08588a	0	53679	player	libopenmpt	Ultimate Soundtracker 1.0-1.21	4	40372	6e566734	2dbe4bde	MUSIK/MODFILES/SINNERS.MOD
28f3c5a2b73d27be16a4422d9012ffc0	0	360993	player	uade	Soundtracker II - V or compatible	0	196090	10c6aa59	577721fd	MUSIK/MODFILES/STORYIS.MOD
2ab59bff41b92bc05d6a504e4118c417	1	61568	player	uade	Soundtracker II (15 instr.)	0	47168	8738731e	ebee6a4f	MUSIK/MODFILES/DUNCAN1.MOD
2b0ff9cb492330d8f5984d39ffc4e036	0	243559	player+silence	uade	Ultimate-Soundtracker or compatible	0	108560	d5835130	16ae8684	MUSIK/MODFILES/BLUE.MOD
2ba21eea066084a1ce8d12a081e87a80	1	160840	player+silence	uade	Soundtracker II (15 instr.)	0	137546	283a04ac	85e73e1a	MUSIK/MODFILES/VOKOHL.MOD
2c1cdef21cc95eefb6710b38269f0843	0	114229	player+silence	uade	Soundtracker II - V or compatible	0	118554	24c4afb0	68650d2f	MUSIK/MODFILES/RABBIT.MOD
2da007381668b7479c1cb841bc358c7f	1	194050	player	uade	Noisetracker 1.x	0	59060	18d91d5d	6d1b4cd7	MUSIK/MODFILES/NONAME37.MOD
2e730a731023ba6f5585fdd5f7f74623	1	115321	player	uade	Soundtracker II (15 instr.)	0	65478	96e46b4c	93032138	MUSIK/MODFILES/BELIEVEI.MOD
2f43ffd2633d51149154c561d838ba5b	1	30824	player	uade	Protracker compatible	0	52772	899880bb	1640ed03	MUSIK/MODFILES/EVENINGS.MOD
2ff3bf89e9626cf1c37181ea2beeb0c5	0	155783	player+silence	uade	Ultimate-Soundtracker or compatible	0	83216	d4e0656b	cd549669	MUSIK/MODFILES/SLL1.MOD
320dec201801f4db97d675dda896d56e	1	176769	player	uade	Soundtracker II (15 instr.)	0	89040	85d523ea	e1534eaa	MUSIK/MODFILES/NORTH.MOD
32a86163ec78c2983ab096a4b4b9843f	1	215149	player	uade	Soundtracker II (15 instr.)	0	76188	5cc249d2	958907d9	MUSIK/MODFILES/DOC1.MOD
3387e10efac7b1a368ef4f0e58606f9c	1	194291	player	uade	Soundtracker II (15 instr.)	0	91046	2b0a8b37	bd8c78d2	MUSIK/MODFILES/MYDAY.MOD
35df9cf9b5594023653cde01bf91cc9e	1	184445	player	uade	Protracker compatible	0	126518	cd1becfb	e60309c1	MUSIK/MODFILES/FRONT.MOD
35fefb1e354d92df5eb05c05c6197f86	1	188283	player	uade	Soundtracker II (15 instr.)	0	110388	d194e79f	a8c396bb	MUSIK/MODFILES/SMASH2.MOD
361d5dfeccce507fddd119aabcd5be4f	0	126774	player	uade	Ultimate-Soundtracker or compatible	0	42716	e227984a	3290be52	MUSIK/MODFILES/SLL8.MOD
37051c0c8cd4ef59a117c0c912a1f47e	1	134531	player	uade	Noisetracker 1.x	0	90914	e3825fe7	68920d73	MUSIK/MODFILES/COUNTRY.MOD
3b8dc858e7d574ee9e92e38b53c1d3b6	1	223207	player	uade	Soundtracker II (15 instr.)	0	94738	17aa7611	6e180b0b	MUSIK/MODFILES/OXIGIN.MOD
3d9b98a3a32902d90ff3f220c5b10cdf	1	207493	player	uade	Soundtracker II (15 instr.)	0	73240	223da0ff	69aaaf5d	MUSIK/MODFILES/VIRGIN.MOD
3e9823064d21892bb9a1b359480d046c	0	63377	player	uade	Ultimate-Soundtracker or compatible	0	39268	f261fb58	e0cc4682	MUSIK/MODFILES/TNT2.MOD
3f87d7f2f2c8cd9615ec5a3561c1671b	0	122916	player	uade	Soundtracker II - V or compatible	0	95430	ad19e199	cee37425	MUSIK/MODFILES/PIRANHAS.MOD
3fab9718fa116df00f4be9140489ceb6	1	486221	player	uade	Protracker compatible	0	71260	95c80ea4	5cc76cd3	MUSIK/MODFILES/FUTURE.MOD
401527d51ad78cc0240975629dd75e0d	1	197156	player+volume	uade	Soundtracker II (15 instr.)	0	70946	0d6921af	ec3d14b0	MUSIK/MODFILES/LASTCRY.MOD
401f9db44201762b3c2eb18d8aa1f68e	1	169093	player	uade	Soundtracker II (15 instr.)	0	101796	362bff5c	be9a85b0	MUSIK/MODFILES/LARS.MOD
40796022336d87a0a07e7c563b1b396c	0	1318	player	libopenmpt	Graoumf Tracker v0.866	4	66446	fca9e6cc	d952e730	FALCON/GAMES/SUNHSINE/MODS/SILENCE.MOD
40796022336d87a0a07e7c563b1b396c	0	1318	player	libopenmpt	Graoumf Tracker v0.866	4	66446	fca9e6cc	d952e730	SPIELE/SUNSHINE/SUNSHINE/MODS/SILENCE.MOD
41a20d3f5041aa0bb23cd71786edc1f6	1	153196	player+silence	uade	Soundtracker II (15 instr.)	0	155090	4c4174f6	ac4ea9d3	MUSIK/MODFILES/TIE.MOD
42054170b3b71cfef89db48aee49b5aa	1	294665	player+silence	uade	Soundtracker II (15 instr.)	0	99106	e0961799	376524a6	MUSIK/MODFILES/CREATION.MOD
42437e9a303d8c541b73a3f01b937809	1	138369	player	uade	Protracker compatible	0	38384	1e8e8bc3	66ebcd40	MUSIK/MODFILES/BALL_3.MOD
461c5fee018ea3a7fccede5e11e8f402	1	583818	player	uade	Soundtracker II (31 instr.)	0	150832	92ca81e5	eabb565f	MUSIK/MODFILES/NOISEMEG.MOD
480f185a5a414b909c2a06b76ce09bf0	1	222845	player	uade	Protracker compatible	0	94734	299ad8d0	423bb2b2	MUSIK/MODFILES/MASQRADE.MOD
4875f006adccedba7b30de5f8528bc31	1	239764	player	uade	Noisetracker 1.x	0	75104	262497e5	c1bfcaf0	MUSIK/MODFILES/A_AND_O.MOD
4949cf3597275b7801789b4b3291c818	1	161397	player	uade	Soundtracker II (15 instr.)	0	50692	6d64a436	8f872db2	MUSIK/MODFILES/STREF.MOD
4a4beefd41f9c447d7104f7539b9e2de	1	222845	player	uade	Soundtracker II (15 instr.)	0	123384	05a284e5	7e4f02d9	MUSIK/MODFILES/SONDERBA.MOD
4ac38fafb119135bee56c376e20f5fcb	1	192141	player	uade	Noisetracker 1.x	0	82492	f334f3c2	93f89e02	MUSIK/MODFILES/NONAME12.MOD
4b1d08732663a93ed3f70666227b6242	0	151028	player	libxmp	AMOS Music Bank	4	51162	033985f6	9bc1dc4d	SPIELE/TORMENT/TORMENT.ABK
4b841a2280e87826a87376d365ed78ac	1	35968	player	uade	Noisetracker 1.x	0	49274	34f36abd	52c3606c	MUSIK/MODFILES/FUNNY.MOD
4bfa52466a026ea51cf2983930b01d36	1	73082	player	uade	Soundtracker II (31 instr.)	0	88982	fa9aba08	11fa8c59	MUSIK/MODFILES/CABALINT.MOD
4d59201ad1f2e36060fcdbf8daedee43	1	42358	player	uade	Protracker compatible	0	820506	540056ab	5d95c46e	FALCON/GAMES/CROWN_OF/E.COS
4dcbf70f94b32331cce8fe75ac4d0e12	1	176769	player	uade	Noisetracker 1.x	0	101202	92001ba4	b24d85f0	MUSIK/MODFILES/INDIANA.MOD
50323df48b7523aeebccfeea8bba563a	1	284293	player	uade	Soundtracker II (15 instr.)	0	99068	de17ca8b	4b632e98	MUSIK/MODFILES/SETDANCE.MOD
523beb263b7b25cbe60ac0e5d84d585f	0	176231	player+silence	libopenmpt	Master Soundtracker 1.0	4	112150	bd247906	42a6ed61	MUSIK/MODFILES/TRRFISK.MOD
52d06d5bce44299005bd9f055e2a705c	1	153721	player	uade	Soundtracker II (15 instr.)	0	56184	fc0339cf	c08e9e9a	MUSIK/MODFILES/ENOLAMIX.MOD
52da5ac1eb902cea348adbecfa6256c9	1	226557	player+silence	uade	Soundtracker II (15 instr.)	0	109226	f0de39c4	f32baedb	MUSIK/MODFILES/LASTSUN.MOD
5384dc6e6ac1a96fe239f7914d5efcd1	0	30674	player	libopenmpt	Defjam Soundtracker III / Alpha Flight SoundTracker IV / D.O.C. SoundTracker IV / VI	4	39872	094321d6	c2b03978	MUSIK/MODFILES/DEMO2.MOD
545ef764728e3192eea619a88704d599	1	215149	player	uade	Soundtracker II (15 instr.)	0	280978	27a0dd14	4345c3f5	MUSIK/MODFILES/ENTERPRI.MOD
551f04e1169625ff002733a68d670d71	1	108931	player	uade	Soundtracker II (15 instr.)	0	111052	593c9cc9	c0dc151c	MUSIK/MODFILES/AWESOME1.MOD
553e63067f5b72bfbeacbe3c4148bc75	1	69224	player	uade	Soundtracker II (15 instr.)	0	77316	f2037499	582042c9	MUSIK/MODFILES/MYWAY.MOD
5767e2212986ef9ac9f095fe9f31a31b	1	138369	player	uade	Soundtracker II (15 instr.)	0	79112	fcbca0de	803f013a	MUSIK/MODFILES/JMJ.MOD
57adca33054485b37958b25771a9c5ce	0	39605	player	uade	Ultimate-Soundtracker or compatible	0	25220	98bf04d4	a3cc473a	MUSIK/MODFILES/PRETEND.MOD
58a8ac7674160d0ec6340048470c39ff	1	257258	player+silence	uade	Soundtracker II (15 instr.)	0	126756	575260e3	160fcd68	MUSIK/MODFILES/CANT.MOD
5b71fd9676aa4a16063a7aaeda763eeb	1	220233	player	uade	Protracker	0	143832	8957b333	55e74a9d	FALCON/GAMES/SUNHSINE/MODS/MOD.FLY
5b71fd9676aa4a16063a7aaeda763eeb	1	220233	player	uade	Protracker	0	143832	8957b333	55e74a9d	SPIELE/SUNSHINE/SUNSHINE/MODS/MOD.FLY
5bc1679c15544907f476123055b9b77e	0	51123	player	libopenmpt	Defjam Soundtracker III / Alpha Flight SoundTracker IV / D.O.C. SoundTracker IV / VI	4	32444	a46c0e3f	e77518a4	MUSIK/MODFILES/HUNTER.MOD
5c0c924099a2942439a97963d2c947c1	0	174337	player	uade	Ultimate-Soundtracker or compatible	0	66436	a9e25e64	4e873a97	MUSIK/MODFILES/KENT.MOD
5cc96b2b4bfa43322a60572bf3e2c37a	1	200038	player	uade	Protracker compatible	0	65972	be0ffb73	efcbd826	MUSIK/MODFILES/DAIMONDD.MOD
5cd6a65ada2b8476b5b16dd9b37a0856	0	245394	player	libopenmpt	Defjam Soundtracker III / Alpha Flight SoundTracker IV / D.O.C. SoundTracker IV / VI	4	47892	acca16ab	8a3b2611	MUSIK/MODFILES/UPSIDE.MOD
5fe0dc2e21d12c0d69765371b4157772	0	64040	player	uade	Soundtracker II - V or compatible	0	23450	067e0374	1e266970	MUSIK/MODFILES/LOADER.MOD
603a7d9d6fca7c5096500772786feb1c	0	136708	player+silence	uade	Soundtracker II - V or compatible	0	105070	114016a8	ca63afea	MUSIK/MODFILES/JANE.MOD
60d842883c38ecce516eee6d9faed567	1	184445	player	uade	Soundtracker II (15 instr.)	0	53538	c22ba42d	60bcbcfe	MUSIK/MODFILES/GNG8.MOD
63175ab2316d6010507caad79bd95d12	1	216133	player	uade	Protracker compatible	0	189738	47f3fb63	7b6154ea	FALCON/GAMES/PUSCH/SOUNDS/DYNAMIC2.DUO
6394d87bc6986bc2ea2a251b1da42a86	0	39605	player	uade	Ultimate-Soundtracker or compatible	0	33320	afe89843	a62ecc2f	MUSIK/MODFILES/HELLO.MOD
64c8bb39a60dc8fc20e0bc82aade9d29	1	30824	player	uade	Soundtracker II (15 instr.)	0	55472	54374c3b	30a5def7	MUSIK/MODFILES/DATA.MOD
655c45e46214eff96e5bd39f628711a4	1	465503	player	uade	Protracker compatible	0	82634	06977460	acab8bb3	MUSIK/MODFILES/MONKEYDA.MOD
6690997ecba9e029229c97d65c9531eb	0	47522	player	uade	Ultimate-Soundtracker or compatible	0	33896	bb4a0ded	63fa8755	MUSIK/MODFILES/WOW.MOD
66cfbe0f84e84f9f89e59cc1c1d74e9b	0	53679	player	libopenmpt	Ultimate Soundtracker 1.0-1.21	4	29072	2a213f98	7ac8689c	MUSIK/MODFILES/QUIET.MOD
66ea77ced797b2a9d30e893b66e0e580	0	206026	player	uade	Ultimate-Soundtracker or compatible	0	65440	c6a18b4c	e62410e4	MUSIK/MODFILES/FINVIS.MOD
67ee6108f41158f35d44d8071d7b454e	0	30674	player	libopenmpt	Ultimate Soundtracker 1.0-1.21	4	44996	49b4dfeb	93fcef75	MUSIK/MODFILES/SLL4.MOD
696ec05babef8d7091723a21c9f4639b	0	7668	player	libopenmpt	Ultimate Soundtracker 1.0-1.21	4	25624	be6d5571	da41a9bb	MUSIK/MODFILES/DEMO1.MOD
69882c2bc56e2077ea12b5aea15c1b98	1	65406	player	uade	Soundtracker II (15 instr.)	0	189920	49b30dde	5476e823	MUSIK/MODFILES/CRYBAB.MOD
6aadbfcf199cedeb78b9fb1b0d127630	1	266670	player+silence	uade	Soundtracker II (31 instr.)	0	137748	1d845707	4232b928	MUSIK/MODFILES/BLIZZARD.MOD
6c613f2f8f48ea6e0125ecf5f24f711f	0	142629	player	uade	Ultimate-Soundtracker or compatible	0	58412	bb74980f	ebd933fa	MUSIK/MODFILES/EBYT.MOD
6d29983efd455c0d9f2f7100fac4e30f	1	130693	player	uade	Protracker compatible	0	93694	7e912817	8022a167	MUSIK/MODFILES/EINSTEIN.MOD
6f6cd02d078ccfbb7a2afa7a34ad9276	1	161397	player	uade	Soundtracker II (15 instr.)	0	47668	62ef70a5	9f72d284	MUSIK/MODFILES/VIOLENCE.MOD
6f7bf148bcd231b759c2ee5106dca80c	0	107544	player	uade	Soundtracker II - V or compatible	0	72940	9290c068	e677e5d2	MUSIK/MODFILES/SUPER4.MOD
6f99537dbf8b93c1e401e9dd30b464f0	1	130693	player	uade	Noisetracker 1.x	0	69374	699df3a7	aae64890	MUSIK/MODFILES/MUSIX7.MOD
7075c24215e551fd9aef03e562f24be7	0	71314	player	uade	Ultimate-Soundtracker or compatible	0	15820	4850cfdc	e0cb6e26	MUSIK/MODFILES/DRUM01.MOD
715461803e679b60f7e40b4a61c0a5e4	1	399494	player	uade	Soundtracker II (15 instr.)	0	54332	ecb9fb0d	a676ab57	MUSIK/MODFILES/METALWAR.MOD
752af1d32c66f4d0a9f8e42818ccdbba	1	158211	player+volume	uade	Soundtracker II (15 instr.)	0	121904	847606e3	c9867e26	MUSIK/MODFILES/CHOPPER.MOD
758719a7a7a9c22b7cebb1b36a457d24	1	96130	player	uade	Soundtracker II (15 instr.)	0	56592	4640acc6	9976d567	MUSIK/MODFILES/ALIVE.MOD
76bfea0b15aa0a32b385a021a3b49166	1	173200	player+silence	uade	Protracker compatible	0	159072	c4dfbb90	3174e431	MUSIK/MODFILES/ACOUSTIC.MOD
771b3aebd58f1939a2eba4947fcd94c2	1	238197	player	uade	Soundtracker II (15 instr.)	0	69794	f767498d	3f88c053	MUSIK/MODFILES/MAI90.MOD
7756e238f677ec85f9163a28c9acc938	1	161397	player	uade	Soundtracker II (15 instr.)	0	142572	bc499882	ac8c2bc2	MUSIK/MODFILES/DOOM.MOD
77fe4797e1853b01752d3425a2e9536d	1	30824	player	uade	Soundtracker II (15 instr.)	0	33172	cdab7d36	75fb4eeb	MUSIK/MODFILES/GSC10.MOD
7825da0bdc31950982abd5d2a0593efb	1	128121	player	uade	Soundtracker II (15 instr.)	0	64628	1be1423d	5da08af8	MUSIK/MODFILES/AWESOME2.MOD
7949d20e76c2cbdff35013dff8245239	0	107359	player	libopenmpt	Ultimate Soundtracker 1.0-1.21	4	70144	9a44aeb1	a2aed6d4	MUSIK/MODFILES/SINNERS2.MOD
799a66e7ad4cbc2764f073c6d8f8f957	0	253062	player	libopenmpt	Master Soundtracker 1.0	4	171318	1b0ee432	a1c1b643	MUSIK/MODFILES/HYMNTOTH.MOD
7a190290ce41cda3ede1d71b29b6b62c	1	130693	player	uade	Soundtracker II (15 instr.)	0	71544	86ab8b0a	85c71989	MUSIK/MODFILES/DENSITY.MOD
7b907deba2c38ccd78a5f28aad83e8ae	1	247095	player+volume	uade	Protracker compatible	0	163174	63c65425	782d1485	MUSIK/MODFILES/NONAME3.MOD
7cb8859c8d9248862400001962a13af9	1	89278	player	uade	Protracker compatible	0	102626	bce3f091	7f63802a	MUSIK/MODFILES/HARDRIVN.MOD
7d0aa76e4d33393f897ad923454d10de	1	238197	player	uade	Noisetracker 1.x	0	78748	dada2cb0	f5214320	MUSIK/MODFILES/BLUESONG.MOD
7dd73adf393e7edc9e8a0443789f586c	1	229992	player+silence	uade	Noisetracker 1.x	0	312214	93cfde9c	18e01f52	FALCON/GAMES/MOUSETRP/HOUSE.MOD
7e07f2206690d739635b2e9eb1f372e9	0	92022	player	libopenmpt	Ultimate Soundtracker 1.0-1.21	4	82784	c3a5cf69	c25e6345	MUSIK/MODFILES/HEAVYBUT.MOD
7e6b9b95d295d4d9806ea724effd3467	1	297817	player	uade	Protracker compatible	0	344510	fe640511	e5367a0f	FALCON/GAMES/BREAKOUT/PLASTIKK.MOD
7e6b9b95d295d4d9806ea724effd3467	1	297817	player	uade	Protracker compatible	0	344510	fe640511	e5367a0f	SPIELE/BREAKOUT/PLASTIKK.MOD
7e8b6cd6f2f62364182d19831966aa20	1	268921	player	uade	Protracker	0	107514	d513efe1	ad87335f	MUSIK/MODFILES/SNE2.MOD
803ff27007a694ae824b55e4d86ba53c	1	199797	player	uade	Protracker compatible	0	94460	d6f57689	f6830169	FALCON/GAMES/QUENCHER/DIAMOND.MOD
825ec166641945e22a12b2e6a55520bf	1	215149	player	uade	Soundtracker II (15 instr.)	0	55506	2302ca1b	d2737304	MUSIK/MODFILES/FREDDIE.MOD
82b1151734bc650c310b84dcb1ee5990	1	153721	player	uade	Soundtracker II (15 instr.)	0	123982	1a31c35b	e10f5238	MUSIK/MODFILES/QUITTING.MOD
836ad33ab3844703c8d5e1b61671a6b4	1	122997	player	uade	Protracker compatible	0	39064	101618ff	f1155120	MUSIK/MODFILES/ILLUMINA.MOD
84528b399a492d7193b3bbf07df86c31	1	239764	player	uade	Noisetracker 1.x	0	75108	b4f9f812	15f91861	MUSIK/MODFILES/NONAME29.MOD
84a3a207e005ba7892fa3e029c11aee0	0	293215	player	uade	Soundtracker II - V or compatible	0	82480	6cf93d15	252537ee	MUSIK/MODFILES/GURKMIXE.MOD
851adbe2bd8840c21fe23c6b4763316a	1	307321	player	uade	Noisetracker 1.x	0	171098	1deaa85a	8defd250	MUSIK/MODFILES/MCSHYDII.MOD
85fc1f57aaf56302b66c97473156e79e	1	222845	player	uade	Soundtracker II (15 instr.)	0	64434	7aa2ed1e	75b44d9c	MUSIK/MODFILES/FROGBYJP.MOD
863a5c4fc71a571736ea0fcbc99662fb	1	123921	player	uade	Noisetracker 1.x	0	64316	e4867e10	b04e6451	FALCON/GAMES/S_BOMBER/6.MOD
8753660275b685780302c30e8a33e73d	0	34202	silence	uade	Soundtracker II - V or compatible	0	82428	62118379	27cfbbe5	MUSIK/MODFILES/JULKLAP.MOD
87d7f46c87046116ba4150508a17d634	0	326227	player+silence	uade	Soundtracker II - V or compatible	0	124052	9c01cd49	38f35c93	MUSIK/MODFILES/VIS.MOD
87d7f46c87046116ba4150508a17d634	0	326227	player+silence	uade	Soundtracker II - V or compatible	0	124052	9c01cd49	38f35c93	MUSIK/MODFILES/VISITORS.MOD
87efc39ec79cc1d1490fe8cd76aec877	1	222845	player	uade	Soundtracker II (15 instr.)	0	123384	c6c463c5	db4dcd53	MUSIK/MODFILES/DUECO.MOD
8a75bbfbc9416e71f7083fa243c1ec13	1	38520	player	uade	Soundtracker II (15 instr.)	0	20596	5ed05c14	eaf60c8e	MUSIK/MODFILES/DRUM02.MOD
8ad29522efeac6526f93a809456733b5	1	242055	player	uade	Protracker compatible	0	106026	e4ee9063	456aae5c	MUSIK/MODFILES/CHIKAGOS.MOD
8b00260a2f82aef89efc89b5f2db5086	1	307321	player	uade	Soundtracker II (15 instr.)	0	68080	8fcdc9a3	88bff995	MUSIK/MODFILES/TJ.MOD
8b13a1dbdc9235bc4449885fc92409ce	1	152435	player	uade	Soundtracker II (15 instr.)	0	265216	89155aef	5a8524e7	MUSIK/MODFILES/HOOYEAH.MOD
8c01c9333e4f0ebae8a83c4f039a9a45	1	414866	player	uade	Soundtracker II (31 instr.)	0	214704	f36fee30	ff2b84e2	MUSIK/MODFILES/RAINYNIG.MOD
8c6e17e95c3d6c85a68b2e7798c103d9	1	191306	player+volume	uade	Noisetracker 1.x	0	86612	24c48f60	ae4ec568	MUSIK/MODFILES/NONAME5.MOD
902bd29ac8e50b73c695d3f77b9c97db	0	47522	player	uade	Ultimate-Soundtracker or compatible	0	28472	e7319947	20a6ba83	MUSIK/MODFILES/DRUM03.MOD
907e1754b4dec6fb4b8bd908487e0bd3	1	384122	player	uade	Soundtracker II (15 instr.)	0	116528	fb4f31b2	582c1e38	MUSIK/MODFILES/DATAMUS.MOD
915ca9bedfb0dd98e10aa734d46323dc	1	381410	player+silence	uade	Protracker compatible	0	110236	9ee57ab2	295fc42f	MUSIK/MODFILES/WERETHED.MOD
9199c484d4651353896e87a7e464b19b	0	122894	player	libopenmpt	Graoumf Tracker v1.06	10	231698	7538a70e	2cb7b882	FALCON/GAMES/CAPY/CAPYWRLD/HISCORE.GT2
9199c484d4651353896e87a7e464b19b	0	122894	player	libopenmpt	Graoumf Tracker v1.06	10	231698	7538a70e	2cb7b882	SPIELE/CAPY/CAPYWRLD/HISCORE.GT2
923e41bf8036e7026f98b3f8cf7fd2c9	1	215149	player	uade	Soundtracker II (15 instr.)	0	95800	ce5d1acb	dff76584	MUSIK/MODFILES/MVB.MOD
92d442d2f4ef3c34e5d74ff8002bf3d3	0	182255	player	uade	Ultimate-Soundtracker or compatible	0	62216	48986912	59fe3f31	MUSIK/MODFILES/JOHN1.MOD
92d5b08730fb6add100d8c36caccb230	0	47522	player	uade	Ultimate-Soundtracker or compatible	0	33896	625bf4e5	f66a46f3	MUSIK/MODFILES/ENDTHEME.MOD
9420a3c4b116f3627ded85f6d3fabfa9	1	140643	player+volume	uade	Soundtracker II (15 instr.)	0	64618	43ba7c16	c69aa43a	MUSIK/MODFILES/DEMONREV.MOD
9420a3c4b116f3627ded85f6d3fabfa9	1	140643	player+volume	uade	Soundtracker II (15 instr.)	0	64618	43ba7c16	c69aa43a	MUSIK/MODFILES/DEMONSR.MOD
9420a3c4b116f3627ded85f6d3fabfa9	1	140643	player+volume	uade	Soundtracker II (15 instr.)	0	64618	43ba7c16	c69aa43a	MUSIK/MODFILES/DER1.MOD
9602f78648360e4498721e123064f2a1	1	115321	player	uade	Soundtracker II (15 instr.)	0	53792	b63cbeb7	75c710f0	MUSIK/MODFILES/TUERKES.MOD
9611407db37a9608387b5150217add1c	1	84616	player	uade	Soundtracker II (15 instr.)	0	39470	ce89e4f3	c75d0460	MUSIK/MODFILES/TUBELLS.MOD
97441c5f6e445b0e510ab80f67e0dc7f	1	161397	player	uade	Soundtracker II (15 instr.)	0	185044	fb48c0a9	3e5c0cfd	MUSIK/MODFILES/BARSCHEL.MOD
98d975b372836720c936d9ea17c538b0	1	298825	player+silence	uade	Soundtracker II (15 instr.)	0	115008	890094f1	8fd745f4	MUSIK/MODFILES/DRAGNET.MOD
99d9ab25e178711ca4c44b9e0b97a7f5	1	84616	player	uade	Protracker compatible	0	82106	22badac6	1fce7351	MUSIK/MODFILES/047.MOD
9a58a61b42c722df24b9ebf5375efeaf	1	230541	player	uade	Soundtracker II (15 instr.)	0	67152	83cb6fc0	3457788c	MUSIK/MODFILES/DEARROB.MOD
9b7e50f6245078d9d52d3f1b823d5635	1	226557	player+silence	uade	Soundtracker II (31 instr.)	0	109710	831c63b0	76a76658	MUSIK/MODFILES/NONAME31.MOD
9cfe1f694b64df0ea3b8b56e643aadde	0	91128	player+silence	uade	Ultimate-Soundtracker or compatible	0	66044	57069f4d	2c40a1ac	MUSIK/MODFILES/SLL3.MOD
9ee1e96914317374e2d7424d6bee614f	1	274929	player	uade	Soundtracker II (15 instr.)	0	110096	cc759450	0183294d	MUSIK/MODFILES/INGAME1.MOD
9f136d042b5c88d6a5c9ee66b42f26c2	1	81723	player	uade	Soundtracker II (15 instr.)	0	55450	bc510fae	6f3738df	MUSIK/MODFILES/AIRBORNE.MOD
a02f4a0b62de3691461464229be0189b	1	143493	player	uade	Soundtracker II (15 instr.)	0	59844	87040e43	94d5df3f	MUSIK/MODFILES/WOTROCK.MOD
a04b053dd77bcabbc5bea3c666668636	1	176769	player	uade	Soundtracker II (31 instr.)	0	154140	a90e93ee	55be53ed	MUSIK/MODFILES/JARRE.MOD
a2005a95fe0c7bfb0c38649be90f0aa7	1	645267	player	uade	Soundtracker II (15 instr.)	0	37284	3190d465	25cfa0e8	MUSIK/MODFILES/STRANGE.MOD
a3af5c3e1af269e32dfb6677c41c8453	1	238197	player	uade	Protracker	0	62811	6d3c1261	36faa434	MUSIK/MODFILES/IDNTMIND.MOD
a4f1284991cb21bd4b0717c062e1a1f3	1	30824	player	uade	Soundtracker II (15 instr.)	0	47332	6a53417e	8f16c257	MUSIK/MODFILES/KID.MOD
a573d18a14bf875acab6ddcaf8d31cfc	1	130693	player	uade	Noisetracker 1.x	0	103506	9d2a709b	34e945be	MUSIK/MODFILES/WASTELAN.MOD
a5cdafd911cebc243c8847fd0b6a02e9	1	157579	player	uade	Soundtracker II (15 instr.)	0	90550	86214a64	292946a4	MUSIK/MODFILES/SMO.MOD
a714d21feca95aca45442f6993f3ea55	0	31668	player	uade	Ultimate-Soundtracker or compatible	0	32548	c3343e71	681ae653	MUSIK/MODFILES/SLL9.MOD
a80cd7ca73fecfcaece34beb429c0e74	1	307321	player	uade	Soundtracker II (15 instr.)	0	84712	cd54eca7	c87f74fc	MUSIK/MODFILES/RALLEY.MOD
ac24fbf9aef5a29db1bc0ebca50d4f6b	1	161397	player	uade	Protracker compatible	0	137888	660908f2	bef65184	FALCON/GAMES/G_ISLA_D/GAME1.MOD
ad427ded51b8ae786c1c53f4e4685d85	1	262210	player	uade	Protracker compatible	0	69900	2ed063e8	199fcda0	MUSIK/MODFILES/NONAME43.MOD
ada1940111f280d9471f53d546777a40	1	119179	player	uade	Soundtracker II (15 instr.)	0	43710	35fbdb09	ef5601ed	MUSIK/MODFILES/MOTHERFU.MOD
ae0780dae77bedabbbd14ee70cbdc2f6	1	243341	player	uade	Protracker compatible	0	130366	191547ce	ac9855df	FALCON/GAMES/SUNHSINE/MODS/SOLU_MCL.MOD
ae0780dae77bedabbbd14ee70cbdc2f6	1	243341	player	uade	Protracker compatible	0	130366	191547ce	ac9855df	SPIELE/SUNSHINE/SUNSHINE/MODS/SOLU_MCL.MOD
ae9af815a0d75bf73e3f3d7127dae5e6	1	107645	player	uade	Protracker compatible	0	122940	3d666431	13b7e205	MUSIK/MODFILES/NARCO.MOD
aec8d36ae0f205caa77ed1d37885c6b8	1	279069	player	uade	Soundtracker II (15 instr.)	0	148424	cea87acb	f3d4d4f3	MUSIK/MODFILES/BRIDGE.MOD
af5ac30decfdc0de2c275b011cce18fa	1	91308	player	uade	Soundtracker II (15 instr.)	0	44994	e599d39a	be63f302	MUSIK/MODFILES/SUN.MOD
afc08ca311b78cfe5b9d2b6bdcb7cce6	1	251881	player	uade	Soundtracker II (15 instr.)	0	147416	1d5393aa	649e3aa6	MUSIK/MODFILES/GREENSLE.MOD
b244dbf4b422261e5132969ae4d694d5	1	136158	player	uade	Protracker compatible	0	104526	fbccdd25	bbbcf7bb	FALCON/GAMES/WATERSHP/OCEAN.MOD
b347c9111875457d07e57db412f347cf	1	51320	player	uade	Protracker compatible	0	103538	5851ea42	14c9b504	FALCON/GAMES/PONG2000/DATA/00000005.DAT
b5be69fa7433b16e7fbc4822125db6ab	1	254694	player	uade	Protracker	0	138774	fc7915be	ec408fda	SPIELE/ELYSIUM/MOD.DTA
b62da50230e618c08ed8728dc420eff6	1	165878	player	uade	Protracker	0	271976	25347a26	aa122ef5	SPIELE/FCROSS/DATA/GAME.MOD
b6d0aabbc4eeac27631dfbe2606a408f	1	146045	player	uade	Soundtracker II (15 instr.)	0	84202	c24b0204	aa4dc827	MUSIK/MODFILES/AWESOME5.MOD
b712a8f621abd757ebe6decda320a3c6	1	140921	player	uade	Soundtracker II (15 instr.)	0	100766	2d004b3d	ad431f2b	MUSIK/MODFILES/IRO.MOD
b752c07efc9481986cd6b1fa30d087ec	1	80758	player	uade	Soundtracker II (15 instr.)	0	42320	f450aed1	2d20700b	MUSIK/MODFILES/ACB.MOD
b8bca0e3adc0172587da7d96f6e09f0e	0	190257	player+silence	libopenmpt	Master Soundtracker 1.0	4	138702	a9a6db74	a28d66c3	MUSIK/MODFILES/ELE.MOD
b9f0c6ba695dfa069e949ab973561e6b	0	153371	player	libopenmpt	Ultimate Soundtracker 1.0-1.21	4	51344	396a3263	36bae0ea	MUSIK/MODFILES/PUSH.MOD
bb4681383f9184f096a7d74d1037eec3	1	172931	player	uade	Soundtracker II (15 instr.)	0	96936	014376a8	a298916b	MUSIK/MODFILES/PARTYTIM.MOD
bc3b411f8d3fd1b475bc2fd61491b8b6	0	122506	player+silence	uade	Soundtracker II - V or compatible	0	40316	c475a557	1f5452e4	MUSIK/MODFILES/WIZ2.MOD
bc52903bc143a222a150b0973c8d9fc3	1	153196	player+silence	uade	Soundtracker II (15 instr.)	0	155090	4c35d741	ab76281f	MUSIK/MODFILES/TIED_UP.MOD
bdd2b82733464513d8878c72b9328d02	1	146045	player	uade	Noisetracker 1.x	0	98338	0168189f	37e5d4e3	MUSIK/MODFILES/STUDIO.MOD
be21e65754aa4713579b202d3023e954	1	109689	player+volume	uade	Protracker compatible	0	184254	8cbd2cea	833f57c6	FALCON/GAMES/F_TRON/SUBS/3.SUB
bea314599b7d7e4ddf1eefbfb8c290ce	0	71573	player	libopenmpt	Master Soundtracker 1.0	4	296960	51f83c02	8295f6e6	MUSIK/MODFILES/LAAAMER.MOD
c039dc04bfce2205186e8a50c0a90d69	0	230420	player	uade	Soundtracker II - V or compatible	0	74954	6d7e9aef	d12dbfa8	MUSIK/MODFILES/WILDRAP.MOD
c26cb2f46c04afec3aa189ef9a5b64c0	0	40670	player	uade	Ultimate-Soundtracker or compatible	0	28272	de1bb426	209aa640	MUSIK/MODFILES/SONG.MOD
c34fe52a50ec0d76f8d9b732ef17898c	1	275923	player+silence	uade	Protracker compatible	0	131936	2879fc18	6a305826	MUSIK/MODFILES/DRA_GONE.MOD
c3aa3a8229ca4cb498ed2c834c52de05	0	198109	player	uade	Ultimate-Soundtracker or compatible	0	53516	6728e3b2	9dac8b4f	MUSIK/MODFILES/FINAL.MOD
c56b296458885494ab2ae332852cb75a	1	637350	player	uade	Protracker (vblank)	0	224122	ce5a7c1b	c323bc2f	MUSIK/MODFILES/KLISJEPA.MOD
c67cc61ecbcac6b95045c1b8066ce21b	1	42358	player	uade	Protracker	0	63850	551740af	a5c5d245	FALCON/GAMES/UTOP_155/UTOPOS/TPS1.MOD
c6a34ce08fb55650fa087bc9e99243e3	1	211437	silence	uade	Protracker compatible	0	220854	44575827	07c79b6d	FALCON/GAMES/PUSCH/SOUNDS/DYNAMIC1.DUO
ca254787ed63f289f291252d5dc9a99a	1	197507	player+silence	uade	Soundtracker II (31 instr.)	0	60580	9688b68f	dbffcb32	MUSIK/MODFILES/NONAME36.MOD
cb15c2ad7e17d913e2c9d1099b310404	1	169093	player	uade	Soundtracker II (15 instr.)	0	58174	4f5ec702	5396f90e	MUSIK/MODFILES/DAS_OME1.MOD
cd1daa2ff4ebdb299fb28ee760fab22d	1	38520	player	uade	Protracker compatible	0	210568	99ba7d66	6ee11f49	FALCON/GAMES/CROWN_OF/A.COS
d1571f8a8b9fa64eaac71cad9423f32f	1	321873	player+silence	uade	Protracker compatible	0	127223	e580463a	53cc7ffe	MUSIK/MODFILES/DAS_OMEN.MOD
d1ef258531ab85902baa1fd11edd5a94	1	64120	player	uade	Protracker compatible	0	42810	729fa152	e67f4163	MUSIK/MODFILES/ILLGALAL.MOD
d1fc7f56d6cb41f6344a50a663c5c296	1	76920	player	uade	Protracker compatible	0	46318	e321de8e	4eb93f58	MUSIK/MODFILES/BOURBON_.MOD
d584d892a3ed6e511249b8af3f7a09a5	1	24715	player	uade	Protracker compatible	0	101446	be3a7e16	de324b88	MUSIK/MODFILES/BLACKMUS.MOD
d662d20d587b2d591e92a1dc18b6785e	0	245394	player	libopenmpt	Defjam Soundtracker III / Alpha Flight SoundTracker IV / D.O.C. SoundTracker IV / VI	4	68736	b095c85b	c39767de	MUSIK/MODFILES/I.MOD
d9321fd05138e5f08b2666904fe3edb9	1	92272	player	uade	Noisetracker 1.x	0	65676	cd1ab7af	80a73ec6	MUSIK/MODFILES/HEAVY1.MOD
da1d753f7aadde3fc1c777e51edd02c6	1	172931	player	uade	Protracker compatible	0	143674	1ce4deca	ac8a72ff	MUSIK/MODFILES/BACKPOP.MOD
da1e4a9926a1c709bb1462e398360d83	1	92272	player	uade	Soundtracker II (15 instr.)	0	184556	60f32870	fe5163cf	MUSIK/MODFILES/FRENCHKI.MOD
da5ed7b6126483363b7467dc21087348	1	215149	player	uade	Protracker compatible	0	71526	9a662c68	a2d448f5	MUSIK/MODFILES/VOYAGER1.MOD
da987d949f6be8eff5641b44746e6f21	1	146045	player	uade	Soundtracker II (15 instr.)	0	109800	1f780b2d	2a4a7c99	MUSIK/MODFILES/GNG31.MOD
dad3053c6f8114707c9a6df6cef28f6f	0	194318	player+silence	uade	Ultimate-Soundtracker or compatible	0	50440	f3a2af8a	b333932c	MUSIK/MODFILES/V42.MOD
dbed93d88a325377e6a42332adc2168b	1	112769	player	uade	Soundtracker II (15 instr.)	0	25374	23ff64a7	37ff0114	MUSIK/MODFILES/AWESOME4.MOD
dd52c8e02ab6e9e289056ad2286dd358	1	112769	player	uade	Soundtracker II (15 instr.)	0	73722	ee8b06ad	4183f0a8	MUSIK/MODFILES/DLT1.MOD
dd7fe6acc38147bffd89b8390c4e15ef	1	122645	player+silence	uade	Protracker compatible	0	1209260	a93481ed	ad8b7c2b	FALCON/GAMES/CROWN_OF/M.COS
ddc05906adb5c96468fffb0e3934c9f9	1	176875	player+silence	uade	Protracker compatible	0	147818	75f55d0e	5178ab4c	MUSIK/MODFILES/RAG.MOD
ded71bca765f2ee83ebf5de69880ec64	0	268841	player	uade	Soundtracker II - V or compatible	0	150668	bea77c7c	6e03bba9	MUSIK/MODFILES/JOHANSEN.MOD
df136720eec085e4c19de36fad782811	1	261245	player	uade	Soundtracker II (15 instr.)	0	90826	2f6021a3	4a493eb1	MUSIK/MODFILES/MEGAMIX.MOD
df2388a7aa2d1e1f36792d57aa259611	1	61568	player	uade	Soundtracker II (15 instr.)	0	53520	023eb53b	089d09e5	MUSIK/MODFILES/HYMN.MOD
e0622b626697e35fb293b3a09c8a05ec	1	226844	player	uade	Protracker compatible	0	125992	efe90483	ec322f42	MUSIK/MODFILES/MUSICX.MOD
e18d9ce90d1ba94c22128e3f7897703b	1	242055	player	uade	Soundtracker II (15 instr.)	0	97146	b22ba35a	51b66d74	MUSIK/MODFILES/NOMANDSL.MOD
e24306aca2567206a848a6c45b65efe9	1	138369	player	uade	Soundtracker II (15 instr.)	0	67286	a29ca8d5	3b244043	MUSIK/MODFILES/DEATHST.MOD
e2e8a96c8a9eb95158ea7268cf899677	0	123202	player+silence	libopenmpt	Ultimate Soundtracker 1.0-1.21	4	128384	16303260	c218e491	MUSIK/MODFILES/JWS2.MOD
e2f471a834bfcd94c39b68f0314dbacf	0	39605	player	uade	Ultimate-Soundtracker or compatible	0	27472	7c2470fb	0333d97e	MUSIK/MODFILES/TRISTAR.MOD
e3b69ce908580e87a32d6bedf1e136cb	0	69017	player	libopenmpt	Ultimate Soundtracker 1.0-1.21	4	49792	697c300e	3ebbf6ea	MUSIK/MODFILES/GIGA.MOD
e451e9cdf60b5327b0cdaee5d7fa6105	1	65406	player	uade	Soundtracker II (15 instr.)	0	74528	ddaf7171	6ddaf62b	MUSIK/MODFILES/FINALM.MOD
e4fd94366dc7e587e2a619432d056290	0	188893	player+silence	libopenmpt	Ultimate Soundtracker 1.0-1.21	4	76916	2a1ba904	b424f969	MUSIK/MODFILES/SLL2.MOD
e6c382d374cb9d2b156d20741b66abdb	1	194050	player	uade	Noisetracker 1.x	0	78928	874b1094	f9a8fdbd	MUSIK/MODFILES/LETSPRTY.MOD
e714c44a1e0a5d803b3392797db0de74	1	76920	player	uade	Soundtracker II (15 instr.)	0	85320	0297ad1d	88e48735	MUSIK/MODFILES/PAT.MOD
e86433c408375b2728d65a4bb4779538	1	281239	player	uade	Startrekker (4ch)	0	93516	480ffc52	a3629528	MUSIK/MODFILES/BEAST2.MOD
e890ea8ef8b5455414d5089da5e40236	0	188735	player+silence	libopenmpt	Digital Tracker	8	525436	77c909ee	ffb4ebe6	FALCON/GAMES/RUNNING/DATA/MENUDATA/FRUCHTIX.DAT
e9b51af4e30eabfc9f94ce2eddcde4ae	0	160062	player+volume	uade	Soundtracker II - V or compatible	0	95294	d83a7086	c9b339a3	MUSIK/MODFILES/MEGAFCE2.MOD
ea57f182f14b609d096f3d035a2d910d	1	169093	player	uade	Protracker compatible	0	63112	6c8aa679	c92adadb	FALCON/GAMES/MAW/SOUND/2.MOD
ec9f7bd2d8d7ae285173b2d1364f3aec	1	0	nosound	uade	Protracker compatible	0	2108	8efadf7d	57da983e	FALCON/GAMES/MAW/SOUND/STIL.MOD
eca083250da661dca8cee64537d1fbed	1	153419	player+silence	uade	Protracker compatible	0	100076	798549e4	a902e371	MUSIK/MODFILES/POINTSOF.MOD
ed5d6017f723edc3a7b021402505e05c	1	281239	player	uade	Protracker compatible	0	93516	f44fc248	8b32675f	MUSIK/MODFILES/INGMAETW.MOD
ee61d01a2b2bea2b9e01a2a0ae6a16e7	0	198109	player	uade	Ultimate-Soundtracker or compatible	0	82008	dfcc7d78	7b6de4c8	MUSIK/MODFILES/NOTHING.MOD
ef5f613c039ddc1beaf644839f7f9ee1	1	148597	player	uade	Protracker compatible	0	60228	8aff8786	4cd0dd3a	MUSIK/MODFILES/MOVIETHE.MOD
f0260706b862014242968a1cb3e254db	1	30824	player	uade	Protracker	0	26906	b69055c4	75a7dc72	FALCON/GAMES/MAW/SOUND/1.MOD
f21a6cefe7deaa014a8782d535d24765	1	44910	player	uade	Noisetracker 1.x	0	51320	41fcb360	7a7a5877	MUSIK/MODFILES/FAIRLIGH.MOD
f27456d4b308feefe120187a01be8228	0	231974	player	libopenmpt	Graoumf Tracker v1.06	4	89110	3c552f62	18b71b1a	FALCON/GAMES/CAPY/CAPYWRLD/MENU.GT2
f27456d4b308feefe120187a01be8228	0	231974	player	libopenmpt	Graoumf Tracker v1.06	4	89110	3c552f62	18b71b1a	SPIELE/CAPY/CAPYWRLD/MENU.GT2
f49bd9c0a1164e17cdc2c890d240917c	1	253569	player	uade	Soundtracker II (15 instr.)	0	28648	2db62499	9e7c7a30	MUSIK/MODFILES/INGAME.MOD
f6f9997f3b48ff24065906f677f6d49b	1	345561	player	uade	Protracker compatible	0	99798	49de7efb	6272437e	MUSIK/MODFILES/MONTYMOL.MOD
fcba11d4a3e0bccbc2ed69faad053ca4	1	84737	player	uade	Protracker compatible	0	64752	a6aeaa3a	edf0369f	FALCON/GAMES/SUNHSINE/MODS/SOLUTION.MOD
fcba11d4a3e0bccbc2ed69faad053ca4	1	84737	player	uade	Protracker compatible	0	64752	a6aeaa3a	edf0369f	SPIELE/SUNSHINE/SUNSHINE/MODS/SOLUTION.MOD
ff33fc3113ed3eb2e15aa7469901368b	1	587156	player+silence	uade	Soundtracker II (31 instr.)	0	224052	23570ee6	d53b5939	MUSIK/MODFILES/DREAMV_1.MOD
