0000578463ef1f36e4bf42506c418ded	1	256141	player	uade	Protracker	0	74406	4ec7251d	63270def	MOD/GOLDEN.MOD
00188c5ecbf32a9d2d029b85a6838dc8	0	176377	player	libopenmpt	Ultimate Soundtracker 1.0-1.21	4	100012	a5daf7ea	a13d055b	MOD/IDEA.MOD
002858698163a6afad5e97fd98eea2bc	1	149633	player+volume	uade	Noisetracker 1.x	0	163394	b6883ccc	85e70892	MOD/FLASHCON.MOD
00e089003996d269ede1cd573c26fc77	1	225416	player+silence	ft2play	Fasttracker (M.K.)	4	76878	d2f7f3c2	7ee98016	MOD/GAWI.MOD
012651de443339bb99f793158231a00e	1	299645	player	uade	Protracker compatible	0	101026	981084bb	96a01bad	MOD/NIGHTDRE.MOD
01c31d8c707541481526785f4a40c25d	1	214345	player	uade	Protracker compatible	0	140154	39e5aa82	047e4efe	MOD/FLASHDAN.MOD
02472be3b7dedd8ee3ed05b8c400442a	0	107359	player	libopenmpt	Master Soundtracker 1.0	4	113492	8f0002d6	b4545e3c	MOD/HARRY.MOD
025b550c62600af5e03bbe70b4c73ab6	1	164572	player	st3play	Scream Tracker 3.2x (SB)	4	879168	be4f0d3f	4f00f6e7	CLIPS/DEEP/CYPRESS.S3M
0430d768c1e9d7cd31497ad9773d5029	1	241527	player+silence	uade	Protracker compatible	0	205088	f89fa037	12d76e20	MOD/ACIDOFIL.MOD
0456b2495db6b697e6ee5a9fbcc28695	1	249814	player+volume	uade	Protracker	0	124252	c5dbbbb3	7fc5c708	MOD/KNOCKOUT.MOD
048e9714ff0f6f03d811428d144cdd84	1	118857	player	uade	Soundtracker II (31 instr.)	0	100938	f40cc4a4	3c463372	MOD/EVCOUNTS.MOD
04ad90fb72fa4859db819ca75cd6127f	1	234359	player	uade	Protracker compatible	0	72126	0bbdeaba	cc03ea20	MOD/LVTBRAIN.MOD
04d97822bee6d4ddda68ce99d47ed5a7	1	84616	player	uade	Protracker	0	79996	849d65bf	5fa45400	MOD/BLUE_MOO.MOD
04d97822bee6d4ddda68ce99d47ed5a7	1	84616	player	uade	Protracker	0	79996	849d65bf	5fa45400	MOD/BLUEMOOD.MOD
06b530dfe2a479f440bb5376114c7029	1	138730	player	uade	Protracker	0	53690	9e0976c1	1ba8c328	MOD/RJRAM3.MOD
07f6c9c3bf8964c35537f2bd55085146	1	169093	player	uade	Protracker compatible	0	161372	0a4c06da	0c7d1955	MOD/DAWN.MOD
0843c7c7727e7e485a68f4c9c44c2242	1	87892	player	st3play	Scream Tracker 3.01 (SB)	16	50408	ddcdc429	85d9f8b0	CLIPS/CURSOR/BONUS.S3M
084b703a933c1fded923649eff398657	1	251920	player+silence	uade	Protracker	0	161638	a45f9b05	430adbd0	MOD/TAKETIME.MOD
08a67d324c4c284596c921b207e5a453	1	176769	player	uade	Soundtracker II (15 instr.)	0	69124	b900426b	0f74f6cc	MOD/THORAX.MOD
08f52fcbeef41ce37e65eaca8ae6af8a	1	143493	player	uade	Protracker	0	101248	c172d4c3	611c64f0	MOD/PLASTIC.MOD
094ca330c3fe902830adf4789660bac5	1	110196	player	uade	Protracker	0	133692	31e022e2	4b1115ad	MOD/CBNTCPNK.MOD
09b08907c357bfcf8583d6c401381f13	1	158390	player+silence	st3play	Scream Tracker 3.2x (SB)	10	942186	ed268275	50f5e661	CLIPS/DEEP/R-MIX-PH.S3M
0a37c84c8f2486c867a6c87fb3883377	1	291969	player	uade	Protracker compatible	0	86260	1b420b5c	7b95e8a1	MOD/CASTLE.MOD
0a37c84c8f2486c867a6c87fb3883377	2	80758	player
0a3ac0e7b34a38e13e0ad7121abba28e	1	319600	player+silence	uade	Protracker	0	188216	b697408a	fa60ec38	MOD/FREEGUIT.MOD
0bbf1609947835b05eca166081260481	1	138369	player	uade	Noisetracker 1.x	0	55476	510b6141	6902971a	MOD/ROCKING1.MOD
0be91ffe83cf7ddf95f22e079266bd78	1	230541	player	uade	Protracker compatible	0	70388	105b38f9	215de516	MOD/INTHEAIR.MOD
0bf9e6c5e1b4a452e5fb9846d09d1a48	1	230541	player	uade	Protracker compatible	0	149846	8a2825cd	13add0a1	MOD/THUNDERF.MOD
0c1a869bbc424a29942daea4d8d2700c	1	176528	player+silence	st3play	Scream Tracker 3.01 (SB)	16	224754	f222f22a	5c1b963e	CLIPS/CURSOR/LOSING.S3M
0d2d706d8196853bb83401fec2032775	1	138369	player	uade	Noisetracker 1.x	0	263305	90bae647	10c22522	MOD/MANX.MOD
0dd6bc5659f5770ef3e10dd4560dca08	1	227688	player	uade	Protracker compatible	0	223626	c3e58290	bd391b4d	MOD/PLEASURE.MOD
0e43f95ba15924ea44a0a74b788e68e6	1	159809	player	uade	Protracker compatible	0	72322	c5f1bf2a	569c8b92	MOD/SOMEBODY.MOD
0e6ae15d6492a6089adf65d2bfd9f460	0	214719	player	libopenmpt	Ultimate Soundtracker 1.0-1.21	4	51236	3b1ab0ac	1ff28766	MOD/TGM.MOD
0eae7a55da6db047efebc8d1461c12ac	1	136535	player+silence	ft2play	Fasttracker	8	158718	6d7e2313	334fce4d	CLIPS/GRIND/BADBOYS.MOD
0f32d9822a36bee9bf01fe8e4caed4ee	1	111681	player+silence	uade	Protracker compatible	0	171228	8456819f	e310df0e	MOD/DREAMING.MOD
10239d27865466b86b75cc9146375d3e	1	188283	player	uade	Protracker compatible	0	208298	38b36dc6	c84673f7	MOD/XTASE.MOD
10853b0cbb9cafe23fbf294030c642de	1	81723	player	st3play	Scream Tracker 3.01 (SB)	11	111198	d88cf4d3	2531773c	CLIPS/SOLSTICE/DREAMS.S3M
10853b0cbb9cafe23fbf294030c642de	2	100913	player
10b213d1533eee991464bd8495c62b5c	0	108581	player+silence	libopenmpt	DSMI Advanced Music Format v14	6	124261	342504be	b5527c62	CLIPS/ACCIDENT/ENGINE.AMF
11a79ff1cf538a1e6ac247b236b6c30d	1	76920	player	uade	Protracker compatible	0	77168	da1fbf0d	7e1776c2	MOD/SADHISTO.MOD
120037a504b49255eead4f9cb697df5b	1	237170	player+silence	uade	Protracker	0	213270	2d26d4fe	ac9e6ee9	CLIPS/VYNIL/FACTORY.MOD
12543e695004f6a3db797d68ea2ae24e	1	171519	player+silence	ft2play	Fasttracker	8	273576	48cc8efc	0136d014	CLIPS/BYEMUSIC/FARE_END.MOD
126636e21e856c64d5fbe491c3002bd0	1	97150	player	ft2play	FastTracker v2.00	14	382748	e032771f	cfe0ba68	CLIPS/BLUE/HARDTRAS.XM
1311f651fa0f4df4152369706cb8a046	1	235411	player+volume	uade	Noisetracker 1.x	0	222058	4a76122e	83e9e6c7	MOD/AZIEDREV.MOD
1311f651fa0f4df4152369706cb8a046	1	235411	player+volume	uade	Noisetracker 1.x	0	222058	4a76122e	83e9e6c7	MOD/RVLUTION.MOD
1346d694acc08dbdcd35fba0d4e7aa3c	1	315017	player	uade	Protracker	0	69022	43ce6675	cbd54b6e	MOD/GODZILLA.MOD
136e7f4f775a5d40fc9a3273cf6e80fe	1	201726	player	uade	Protracker compatible	0	200556	7300d6e5	8a90d04c	MOD/COLD.MOD
14abc0e453ff29ef52cedfdd154d5213	1	407936	player+silence	uade	Protracker	0	344662	9f6d8ac7	9e762666	CLIPS/VYNIL/A-WALKER.MOD
14e6f149c9e1386cd4a890377c119bd0	1	146045	player	uade	Protracker compatible	0	53138	a459864d	755d57ad	MOD/CHOICE.MOD
1505e92af634fe0275263128afc8bf69	1	428128	player	uade	Protracker compatible	0	175962	02afe75b	f24860d7	MOD/ARMADA.MOD
1505e92af634fe0275263128afc8bf69	2	381570	player
1505e92af634fe0275263128afc8bf69	3	381570	player
157d9e606b77d28fa0f74e7e8ff99c0f	1	190031	player+silence	st3play	Scream Tracker 3.2x (SB)	12	252618	d45ec4ac	1479ac6f	MOD/CAILLEAN.S3M
167998b4c955f351b63b05971ec7ab37	1	296048	player	uade	Protracker compatible	0	137356	fbb69842	e1d0263c	MOD/PHANTASM.MOD
16ab8a65462358067bab95c826c7b756	1	171444	player+silence	st3play	Scream Tracker 3.01 (SB)	16	101644	d1ae398e	aff35d19	CLIPS/CURSOR/WORDUP.S3M
16fa20e4a3a07963bafc668e584c172f	1	135576	player	st3play	Scream Tracker 3.2x (SB)	8	160018	f4f3fe37	651aff00	MOD/SDK.S3M
174119f3f40bd4cd996e62a8bfec0c6f	1	143176	player+silence	uade	Protracker	0	82004	73b759e3	32367481	MOD/RAA.MOD
177650e7abf953f28454b9295813d061	1	180089	player+volume	uade	Protracker compatible	0	123204	03d25a7a	48378fe0	MOD/HLRUNNER.MOD
17d6c5b892253b1253685c7508d443ee	1	76665	player	ft2play	Fasttracker (M.K.)	4	89204	401d2e26	6ee89780	MOD/BUGZDEAL.MOD
17dd120ef98678ef69051aac2020a1d9	1	203635	player	uade	Soundtracker II (31 instr.)	0	79750	1858171e	4acbf2c2	MOD/APC.MOD
17dd120ef98678ef69051aac2020a1d9	1	203635	player	uade	Soundtracker II (31 instr.)	0	79750	1858171e	4acbf2c2	MOD/APROACH.MOD
18b8bdfbd04f465a0f9ac8ff8f20a4c7	1	305381	player+silence	uade	Protracker compatible	0	96488	5ad81243	5d59fb78	MOD/G3.MOD
18dcc2bd3f837df2138bccfd9c2f7e9f	1	210688	player	uade	Protracker	0	136057	ebabb7d8	ea5a45e8	MOD/DRUMRBOY.MOD
18f5e45039c18b35f24731bf805a656c	0	53490	player	uade	Ultimate-Soundtracker or compatible	0	75288	1b7e2817	f5df5bab	MOD/FOOTBALL.MOD
196662c8c8d31050fc56bd6e53a63762	1	248988	player	st3play	Scream Tracker 3.01 (GUS)	16	389480	43941858	0fc2eb9d	CLIPS/OFFSET/AGONY.S3M
1aa83feb24057288883f0188eb22bfbf	1	129045	player	uade	Protracker	0	228016	0bd2c4b3	e55213b7	CLIPS/KAKTOOS/DARKCHOC.MOD
1ad6cebcd89cdd87aa7c84f65f2a2597	1	296129	player	uade	Protracker compatible	0	96956	9ae49a90	79c7f66a	MOD/SLAPPYAN.MOD
1b5ca19bd5ac72e206921a3da6880fba	1	122997	player	uade	Noisetracker 1.x	0	71282	ea746c1b	840a383f	MOD/POPCORN3.MOD
1c4a243e82093944cb05b9661967c4d7	1	228056	player+silence	st3play	Scream Tracker 3.01 (SB)	9	296134	1dfbc4dd	b1230ae9	CLIPS/SOLSTICE/NYNX.S3M
1c4a243e82093944cb05b9661967c4d7	2	38339	player
1c4a243e82093944cb05b9661967c4d7	3	15311	player
1c4a243e82093944cb05b9661967c4d7	4	45995	player
1c4a243e82093944cb05b9661967c4d7	5	21006	player+silence
1c75d8659ab8ded806d80e02d8e792cc	1	138007	player	st3play	Scream Tracker 3.2x (SB)	16	199992	79882d57	eecee0e4	MOD/LAURENCE.S3M
1d210d7394a83f9ade56a5bc499790f2	0	195647	player+silence	libopenmpt	DSMI Advanced Music Format v14	8	107364	775a7348	52301be1	CLIPS/ACCIDENT/HEAT.AMF
1f3a7417f4f7468594f83fa71348f49a	1	222845	player	uade	Protracker compatible	0	94734	b5cea569	c81f355d	MOD/MASQRADE.MOD
1fc54e25bd794678527c3ea04a2f52d9	1	304327	player	st3play	Scream Tracker 3.2x (SB)	14	269300	7dcdca35	be875da1	MOD/XTC.S3M
201e533c96e02134f986beca6c91777c	1	143803	player+silence	uade	Protracker	0	76054	a62a8001	abc1b6e1	MOD/VERTIGO.MOD
216735d7ca06ae078867cbffed180f31	1	206811	player+volume	st3play	Scream Tracker 3.01 (SB)	16	182681	de6592ba	50569f03	MOD/DAWNAGE.S3M
217e5a2da49db504f2672aff4b12f0a5	1	174217	player	uade	Protracker compatible	0	64512	f9019f22	5b2eed5f	MOD/SUBSPC.MOD
220237509cade92bdefa2fb39618cfc6	1	179043	player+silence	uade	Protracker compatible	0	137148	9b89fede	12f67d20	MOD/XENOPHOB.MOD
239adb4923f5885111cb98c62cea7a4e	1	69224	player	uade	Protracker compatible	0	75688	f1083a6b	6cfa640b	MOD/TRAVELLI.MOD
241a6308d19f9ed544046f5afb3da425	1	255498	player	uade	Protracker compatible	0	105104	f670e40b	ff1d5d03	MOD/JAMBOREE.MOD
24b766a6a75ef7c4ded6f332c653aa3e	1	46169	silence	uade	Protracker compatible	0	100228	f7842082	10c7016b	MOD/MYGIRL.MOD
25d02e498e552b7fe3b8669c2102cae1	1	236277	player+silence	uade	Protracker	0	192548	dfd1d4db	f817bf97	CLIPS/KAKTOOS/NINEZINE.MOD
263d4254a6a4918d5f1def7c89a62de6	1	194050	player	uade	Noisetracker 1.x	0	112202	0cec2d65	8d8e2c23	MOD/CALM.MOD
2677e9614ee68910a3dd3370efa0f2b7	1	215149	player	uade	Soundtracker II (31 instr.)	0	99400	a8337dff	4ca4e260	MOD/ROBOTRON.MOD
26a6d51e9c8d8d4118bbd0493509b1a5	1	315017	player	uade	Soundtracker II (31 instr.)	0	78216	d0f5f07a	dd50ba29	MOD/DESERT.MOD
26cda611ea478f823dfe6129423138d1	1	245893	player	uade	Protracker	0	70888	4ec80a6b	ab3d8fa1	MOD/BIZZJAM.MOD
270c6c9164b75b88bebee5f00d72b9b7	1	76237	player	st3play	Scream Tracker 3.01 (SB)	16	246144	07b4ca46	45ae83dc	MOD/AMBIENT.S3M
27bc24d1589170935a99fcdfecc77eb7	0	119457	player+silence	libopenmpt	DSMI Advanced Music Format v14	10	100816	0286c9a7	57ec9fce	CLIPS/ACCIDENT/FUN.AMF
2817718b6fac4cb7ab9caec8aaffd3a8	1	180506	player	st3play	Scream Tracker 3.01 (SB)	8	275050	cfb7d37d	2c4b96cf	MOD/BEAT.S3M
281c959f4c6958d6d9283d7cc92b958b	1	414697	player+silence	st3play	Scream Tracker 3.01 (SB)	10	478088	fd0c9727	b2f72bb5	MOD/FOREVER.S3M
2860e9b8b3d1b175ec59d1e56ba6c045	1	210205	player+silence	uade	Noisetracker 1.x	0	93588	86aef072	71de0ba2	MOD/ARCANE.MOD
28c7ab3cbefb33f0881b4ff0159cabae	1	218947	player	uade	Protracker	0	218526	45ab3eb0	7e12265c	CLIPS/KAKTOOS/FALLING2.MOD
2979e4c48207b262354b0e30cc657b9d	1	152258	player	ft2play	FastTracker v2.00	16	269868	93d1b4e7	b9560ed9	CLIPS/BLUE/DREAMER.XM
29fb51da0a6c08d83aa521329fcfd5cc	1	233093	player	uade	Protracker	0	76694	1108b25d	4a53cc61	MOD/GOODBYE.MOD
2a2178634ac1c609d35b4e820c139a00	1	130693	player	uade	Noisetracker 1.x	0	90637	68ac90d0	8220d396	MOD/WASTLAND.MOD
2a4014e48c91c7eaf5c0fd2270085102	1	180528	player+silence	st3play	Scream Tracker 3.01 (SB)	16	109388	f27b3fe4	da2851e7	CLIPS/CURSOR/INTRO.S3M
2a4bbdf0d7f00584f4ae940fd7ec3c7a	1	400699	player	uade	Protracker compatible	0	93106	7c65c725	de9d366d	MOD/PUSH.MOD
2a985b53e5f3f2519dc01aaae3739d5b	0	162076	player+silence	libopenmpt	MultiTracker 1.0	7	223623	aa8d84d0	94378320	CLIPS/EMOTION/ENDLESSE.MTM
2b0ff9cb492330d8f5984d39ffc4e036	0	243559	player+silence	uade	Ultimate-Soundtracker or compatible	0	108560	d5835130	16ae8684	MOD/BLUE.MOD
2b4eeff56fdc76795681f729645e41b2	1	41072	player	uade	Soundtracker II (31 instr.)	0	51566	72210234	0aa2db03	MOD/RUSTIG.MOD
2b57d073727ce8d3b43229ab6f085a9d	1	177995	player	st3play	Scream Tracker 3.01 (GUS)	8	187272	ae2bcd65	ff6754e5	CLIPS/OFFSET/DARKLUST.S3M
2b696204a8e527a465cfbbee70479d84	1	138369	player	uade	Protracker compatible	0	73320	e9921f73	cfaee6bf	MOD/INDUSTRY.MOD
2ba319b7cfda513cc0bd0ef393b03306	1	38520	player	uade	Protracker	0	64468	8394de8c	54fc8b32	MOD/THEEND.MOD
2ca5a8dc1beb309b6d2735b8407a580e	1	271594	player	uade	Protracker	0	229912	6f91b340	0c7dd7ff	CLIPS/VYNIL/X-AMOUNT.MOD
2ce02b544bb9624b7548875e270fb56e	1	89439	player	st3play	Scream Tracker 3.01 (SB)	8	103466	45f22efa	8a13eeab	CLIPS/EMOTION/JOLLY.S3M
2dc972a23848ee749b60e6f8af783dd4	1	237561	player	ft2play	FastTracker v2.00	12	332048	0cddcdb6	061dbb78	CLIPS/BLUE/THEGRAVE.XM
2ddea1883cf096d99ad7c12e1d3fe8df	1	222845	player	uade	Noisetracker 1.x	0	180818	c1a5bb1e	5fade1a8	MOD/NEWKISS.MOD
2ddf89271e96ecff7fce4d6f2ea20f29	1	26410	player+silence	uade	Protracker compatible	0	120200	8ed6f1c6	32a6c030	MOD/GARDEN22.MOD
2de0387704027492da2e7cfc682b8c70	1	232593	player	ft2play	Fasttracker	8	141974	0e243a7e	69fe64ad	MOD/5DOLLARS.MOD
2e807dc773be531db60b57aaaa02617c	1	92915	player	uade	Protracker compatible	0	104666	d2eb9bf2	81966ebb	MOD/CONSUMMA.MOD
2ed6df705f0559fc6bdd0599b5ce5cf5	1	249829	player+silence	st3play	Scream Tracker 3.01 (SB)	6	287742	e288cbf5	ac0a81eb	CLIPS/EMOTION/STRUCK_.S3M
2eddcbc763015690ac2194a33301a05a	1	242055	player	uade	Protracker	0	97756	172f42b1	1b1df0b3	MOD/SECURE3.MOD
2ef3c4044f18d88115f8aca70dc09cbc	1	230420	player	uade	Protracker compatible	0	91504	d251db83	541fc673	MOD/TRAINBEA.MOD
2f711516f476cf12c996a6e3f6ff6408	1	209008	player+silence	st3play	Scream Tracker 3.2x (GUS)	14	562677	f810a1f3	582a266b	MOD/CLOVERLF.S3M
3049088194087bcffb35139a61242abf	1	138369	player	uade	Protracker	0	63074	e5c2766c	831ecc55	MOD/OTA.MOD
306728c6b59cb13004d1ebf154cbb5fb	1	225075	player	uade	Protracker compatible	0	151434	e87331c7	a42ad3b1	MOD/HEAVYBAL.MOD
308975a50640ecb737a8dd0b616a4634	1	185751	player	uade	Protracker compatible	0	160990	60ad3a55	da4279ed	MOD/HYSTBABY.MOD
30961e5b4fbba69bcba626918513c41e	1	200645	player+silence	uade	Protracker	0	119746	b5298318	0e3e994e	MOD/MANDELDU.MOD
30ac20c3405dca26c776ba7adff92067	1	241533	player	st3play	Scream Tracker 3.01 (GUS)	8	157584	12529665	5b5ce68d	MOD/INSIDE.S3M
31699427a8dd9e8a55b38a0755dc2b5f	1	246717	player+silence	uade	Noisetracker 1.x	0	80792	aab849af	653b8dc8	MOD/ALPHVLLE.MOD
31b3aaa1c72b8928aa51e5d972f51a14	1	4809	silence	uade	Protracker	0	80942	a4a93399	3b0e5131	MOD/THE.MOD
320d92e706b8e23e083c5c5ad935210e	1	134531	player	uade	Protracker	0	210764	8a581d6f	08f7f754	CLIPS/KAKTOOS/ROLLINGD.MOD
3266c59c6f4710bc224a46e1d45f08d1	1	123439	player	st3play	Scream Tracker 3.2x (SB)	16	107974	4f037eb2	c07c2d76	MOD/SUM.S3M
344c887648dc9e4befc9fa27345e903d	1	176060	player+silence	uade	Protracker compatible	0	62732	3f7bdba1	e24d2eea	MOD/CANON.MOD
34b62f7fa46f0240b617e4f2c54a35b7	1	118334	player+silence	uade	Protracker compatible	0	69322	43843a69	baf701c8	MOD/NUMAN2.MOD
36760780c07ebbd3f46676884fd2b969	1	216033	player	uade	Protracker compatible	0	166666	8a4476b5	fdda787f	MOD/VENTURES.MOD
37fe5d0df590b66936cc168f0fdddf91	1	169093	player	uade	Noisetracker 1.x	0	148075	6d56a41f	d94429be	MOD/FALLOUT.MOD
38cda1e791de766931caa99e469e4732	1	85079	player	uade	Protracker compatible	0	105537	fd4478a8	9f1482ea	MOD/ZALKON.MOD
38e1118a59f2c9cf9e7079f40c281c4b	1	76920	player	uade	Soundtracker II (15 instr.)	0	58630	d926f943	72985c31	MOD/HIPHURRA.MOD
39c0b3ba34a230965ce409c80618339c	1	46216	player	uade	Protracker	0	112714	6e05ecef	efb22e1e	MOD/DEFLOVE.MOD
3ad12f148005ac381c9ef39ba77c1aec	1	143126	player	ft2play	Fasttracker (M.K.)	4	123506	9f07e11d	018abf80	MOD/STYLEE.MOD
3b4a64304af638be39305fb2b0312483	1	208216	player	uade	Protracker	0	99148	a58c7283	8c67e83f	MOD/JFY.MOD
3b8b9e74a73aaa871ef4b63333276014	1	215149	player	uade	Soundtracker II (15 instr.)	0	56446	7ed5c6a1	d7ff533e	MOD/NONAME.MOD
3c77fd3dabad516d94bd891a80e8dcd3	1	166581	player	st3play	Scream Tracker 3.03 (GUS)	12	2131899	f84946b4	59ebce89	CLIPS/EPIDEMIC/EPIDEMIC.002
3c8b81ce59264057dc030f17accb7177	1	158845	player	uade	Protracker compatible	0	120558	8238cad4	91d2bd52	MOD/SPECIAL.MOD
3cb72385e2eb564c3baafa5f382fac39	1	104952	player	st3play	Scream Tracker 3.01 (SB)	16	74382	5382409b	29f15d80	CLIPS/DEEP/PHREAKJU.S3M
3d2fa94f84dcbe3350217e1e88e5aa55	1	71553	player	ft2play	Fasttracker	8	222720	b0d832ef	4b50c5d2	CLIPS/BYEMUSIC/MICTRO.MOD
3d9b98a3a32902d90ff3f220c5b10cdf	1	207493	player	uade	Soundtracker II (15 instr.)	0	73240	223da0ff	69aaaf5d	MOD/VIRGIN.MOD
3e5ca40e4cb724559d75e70638ac0a53	1	138485	player+silence	uade	Protracker compatible	0	228156	82e08de3	95649e1e	MOD/EUROVIS.MOD
3e921cb0eac2cab8555b53ce9c5fb55b	1	201083	player	uade	Soundtracker II (31 instr.)	0	62390	21acc345	aac57edc	MOD/FUSION.MOD
3f0fd4a175ff57a932f783feb929530e	1	192141	player	uade	Protracker compatible	0	56558	4577724a	e53302ae	MOD/WERWERU.MOD
3fab9718fa116df00f4be9140489ceb6	1	486221	player	uade	Protracker compatible	0	71260	95c80ea4	5cc76cd3	MOD/FUTURE.MOD
3fcd855ac09db9ca966d319f220ec04b	1	106660	player	st3play	Scream Tracker 3.2x (SB)	16	92756	4f1f67de	859e8048	MOD/E3M1.S3M
4099fe9dcd95113ccfd1f37f0d45e433	1	357497	player	st3play	Scream Tracker 3.01 (SB)	16	215469	16bced29	e47bfea2	MOD/TANIA.S3M
423951c6677138f47bcfbebec1c1e926	1	275461	player+silence	uade	Protracker	0	163738	d2103f5e	4e631db3	MOD/SCRAMBLE.MOD
4264e7778dc92b32eb22f4f214b16be2	1	151618	player+silence	st3play	Scream Tracker 3.01 (GUS)	8	98060	f1e743a2	44d170f8	CLIPS/OFFSET/VORTEX.S3M
42c8155f4f61d7866fd826006dbbe69a	1	207493	player	uade	Protracker compatible	0	105148	bf285315	fe2d70c6	MOD/LIMBO.MOD
42ef41e525902f505281689e2d32de7f	1	308025	player	uade	Protracker	0	114684	3bda8b09	0eeb4946	MOD/XMAS2DX.MOD
430f89f2f40c5b03d0828d44548a167a	1	172931	player	uade	Protracker	0	190876	b4db4dfc	e95369f7	CLIPS/KAKTOOS/PIANO_I.MOD
431bf30fbf21e34a6ee9fe2817ed6b50	1	422240	player	uade	Soundtracker II (31 instr.)	0	129732	370a5c45	617527a3	MOD/EARTHQUA.MOD
43c3979c16e0ba0360bea57b45c2a370	1	134169	player	st3play	Scream Tracker 3.01 (GUS)	12	348160	49f2b526	b349c12a	MOD/CITYSCAP.S3M
43f55ab64e0af8c02f041b4792ece227	1	161397	player	uade	Protracker compatible	0	166369	623faa0a	866da055	MOD/BDBEAT.MOD
44cace85f4b31146add958fb02dbd93c	1	134531	player	uade	Protracker compatible	0	68682	4ec33946	1ea9fe40	MOD/PARTY.MOD
451f2abfb03d7de40ae3b7df3c61a44d	1	246838	player	uade	Noisetracker 1.x	0	78188	ff35ee33	882ddfe0	MOD/LOWALTIT.MOD
460f34f280237ff087d0cd1fca6ebe8b	1	238197	player	uade	Protracker compatible	0	115904	5f89434e	0c33a57b	MOD/NUCONTRO.MOD
47708df03f5c5b548d445b88af23c765	1	157579	player	uade	Noisetracker 1.x	0	91034	e98d9fb1	77ef30f9	MOD/SMOKE.MOD
48b09ba54eec5b38a3c8e6013d1a3424	1	185406	player+silence	uade	Protracker	0	102746	5147616e	dfeb8c29	MOD/VIRUS.MOD
4935a3dd8f5f22f14cf13c659d5718ee	1	146045	player	uade	Protracker compatible	0	63340	b2461373	5ce3f7c3	MOD/HEAVY.MOD
49404b25077cf7cd360b198cba666eb1	1	261511	player+silence	st3play	Scream Tracker 3.01 (GUS)	8	280122	a3e32b6f	deb23f60	CLIPS/EMOTION/COMP2.MOD
497424747e48057094b22a1b5ffccd88	1	266760	player+silence	st3play	Scream Tracker 3.01 (SB)	16	312311	ba07a0b4	479e3e0e	MOD/CUTITOFF.S3M
49aa26bb48671e012ec311917da283ca	1	377310	player	uade	Protracker compatible	0	194244	dcc86a77	4ede5b40	MOD/DEEP.MOD
49aa26bb48671e012ec311917da283ca	1	377310	player	uade	Protracker compatible	0	194244	dcc86a77	4ede5b40	MOD/DEPRESED.MOD
49cb934a65c37416f32c3bca924ff4e7	1	327194	player	uade	Noisetracker 1.x	0	233264	400b221a	992c2814	MOD/STRAZZAN.MOD
49cfd6be87936d8ede059b64397fe308	1	205236	player+silence	uade	Protracker compatible	0	199926	e62e1392	9e927426	MOD/TONIGHT_.MOD
4aa7fcb49a073532db4b41076d1671a1	1	92815	player	uade	Protracker	0	167298	970bb367	5d796244	CLIPS/KAKTOOS/LOST_145.MOD
4b206af0d3808312f2b5ea8d1de5a796	1	159327	player	uade	Protracker	0	122600	faf9eb46	2e453056	MOD/JAZZ_BUB.MOD
4c4a100801f239ea9a0b5367fca65b75	1	305381	player+silence	uade	Protracker compatible	0	96488	8785a72c	5ce5a7cc	MOD/RAPPSTAN.MOD
4c69d609299ff67a642df80dc853d829	1	97137	player+silence	ft2play	Fasttracker	8	286224	14371863	9e416871	MOD/LOST.MOD
4c917cfaa2a08a991ac7778f257bd3a6	1	414866	player	uade	Protracker compatible	0	214670	4e23b822	bf6cc57c	MOD/MCHAMMER.MOD
4ca053941e5bf3e6fe7e4fb78080e1dd	1	307021	player+silence	uade	Protracker	0	99700	8967b94b	36d07adf	MOD/REALIZE.MOD
4ce7387cf12b44ab01c23ef32274eb85	1	182006	player+silence	uade	Noisetracker 1.x	0	91456	949ddd55	4bc78d80	MOD/SAHARA.MOD
4cf200fe0af3b6220c3f95a3ab7c393f	1	214325	player	uade	Protracker compatible	0	114112	aeeba95e	e02ac73c	MOD/FREAKED.MOD
4d2fdfd7bda4a5d65a1979f007dff890	1	69224	player	uade	Protracker compatible	0	60814	ee2d91ae	caeda904	MOD/JINGLE.MOD
4d5e695b6c4388001f77a48002acf083	1	110239	player+volume	st3play	Scream Tracker 3.01 (SB)	16	36958	7d0f8102	177beef3	CLIPS/CURSOR/INTER.S3M
4db2124d407ecfdd45a07c77a2a00803	1	89528	player+volume	st3play	Scream Tracker 3.01 (GUS)	8	167020	3df88b31	47ee6136	CLIPS/EMOTION/SAMBA.S3M
4e27648afa025179638e9cf49d6f0935	1	195336	player	uade	Protracker	0	354549	dd09c203	410fb413	MOD/HTEK95.MOD
4e84e4d7f571fb3c216738d75ef36acc	1	192141	player	uade	Protracker compatible	0	190698	5c9e2079	466142d3	MOD/FREEFROM.MOD
4eb19cab8eb52a6e175ee7a3c57ee49a	1	138369	player	uade	Protracker compatible	0	84210	f027f63b	44628f75	MOD/SALUTE.MOD
4f3451016472260e38ed42e4eacef505	1	293136	player+volume	uade	Protracker	0	128078	f49c8ef6	9a487a4f	MOD/ORBITA1.MOD
508ffda5ba71299221b83866a6bc36a8	1	192141	player	uade	Protracker compatible	0	78420	5aa90ec8	efcd6fec	MOD/BALL_4.MOD
50cadcd1963563097c56f813bffc62fe	1	132360	player	uade	Protracker compatible	0	263744	859800cc	ea0f4d53	MOD/BATDANCE.MOD
5103289bd98d58dafd896f0e28da0e29	1	184445	player	uade	Protracker compatible	0	147026	085f2a3d	39f0ff2a	MOD/WHY.MOD
513bcea52f1bf902bbc703d0e10d102e	1	194471	player+silence	st3play	Scream Tracker 3.01 (GUS)	16	249291	2c1220c2	76a5bc63	CLIPS/OFFSET/SOULJRNY.S3M
513ca49686caf0bf0b99090a72444874	1	147904	player+silence	st3play	Scream Tracker 3.01 (GUS)	12	2103872	8f03f0ff	e828cfe4	CLIPS/EPIDEMIC/EPIDEMIC.003
51eeaa1eac2ef30c508a9459d5ccad52	1	78126	player	uade	Protracker	0	99332	36882e95	522318cd	CLIPS/KAKTOOS/BYTESFUN.MOD
5233c4fe2db349e9cbc89d6547595d8f	1	38520	player	uade	Protracker compatible	0	116086	7a530046	8f52d919	MOD/GETUP.MOD
52a1b6168ca335fe887c0adae9bbb124	0	197093	player+silence	libopenmpt	Master Soundtracker 1.0	4	60316	0d7f2757	59bb2595	MOD/DEADLOCK.MOD
52a855790e434fb7cb81badf2b114a1c	1	53149	player	uade	Protracker compatible	0	160690	bfc30cd0	99964650	MOD/CRIMBO.MOD
52abb0ead7be805190b09be5d20d8ac8	1	138369	player	uade	Protracker compatible	0	71730	372f157f	eeb3bd3e	MOD/MADE.MOD
5393895cc6bef730eff6a476ee3afda6	1	174816	player+silence	uade	Protracker compatible	0	114128	d0fe6d8c	7fa7d6c5	MOD/CCFACTRY.MOD
540a298c3f37b1ef0ceac798dc994549	1	161397	player	uade	Noisetracker 1.x	0	90659	56f663cc	e4aea331	MOD/DRILL.MOD
5455d2da6e3b5422dd04c5c747608879	1	223809	player	uade	Protracker	0	159976	223eb807	c61d00c3	MOD/ENLIGHT.MOD
54ad48bd0016b14360f8972d730115c2	1	192141	player	uade	Protracker compatible	0	56646	1f379399	afb0c2a5	MOD/KTHRSIS.MOD
5504aa02c5d301829040835aac769bd8	1	141709	player+silence	uade	Protracker compatible	0	102562	f2565385	8fc79eb2	MOD/AIRWOLF.MOD
5546c73938c906b2f1e395634c4e8372	0	158285	player+silence	libopenmpt	Ultimate Soundtracker 1.0-1.21	4	101284	1c63d4fa	6568e32c	MOD/RIFF.MOD
5555eecc5ff5ddbfaaf2545390143e96	1	134812	player	uade	Protracker compatible	0	65464	80da390e	e515e897	MOD/HURRICAN.MOD
55d965ccc1529e74a371742187957818	1	193616	player+silence	uade	Protracker compatible	0	68628	ad3b9879	4eb4bf1c	MOD/SCROLL.MOD
55e2de544796b08cc356f41f5891cdc6	1	207493	player	uade	Protracker compatible	0	133732	d1404cce	bdd1e399	MOD/XIPHOS.MOD
562dce350fd7b18853d9d1c36989283e	1	107645	player	uade	Protracker	0	125054	47f8c731	5991a432	MOD/SUNWIND.MOD
565c272b26385efce58290ed02a05243	1	164211	player+silence	st3play	Scream Tracker 3.01 (SB)	4	259822	2c8d551f	d5e216de	CLIPS/EMOTION/SANDDUNE.S3M
57d5c5eca2a9a479e1c9ca416fbfd880	1	122675	player	st3play	Scream Tracker 3.01 (SB)	8	197224	8419f566	96a80c8d	MOD/EXECUTE.S3M
57e1787a82695cc4be598e90d321acea	1	141966	player	st3play	Scream Tracker 3.01 (SB)	6	515832	c1483a52	1ae2aeaf	CLIPS/DEEP/RL.S3M
57f43c052f4117b5e4c645e332388926	1	130693	player	uade	Protracker compatible	0	71054	d1a24fc3	7144cd4d	MOD/COMPLICA.MOD
58a8ac7674160d0ec6340048470c39ff	1	257258	player+silence	uade	Soundtracker II (15 instr.)	0	126756	575260e3	160fcd68	MOD/CANT.MOD
59447a8a6ee5a307935b8309d9b3bf1d	1	138369	player	uade	Protracker compatible	0	68807	80ec27fb	bc080deb	MOD/SDRUM.MOD
5a083f3a61e5ec960f01c7628b16c864	1	161397	player	uade	Soundtracker II (15 instr.)	0	112416	16b4c6e4	8a03c556	MOD/THELOOK.MOD
5a0afb055eec0612511e055a37c004fe	1	114133	player+silence	st3play	Scream Tracker 3.01 (GUS)	8	1570278	0ca0c8fa	a8d001be	CLIPS/EPIDEMIC/EPIDEMIC.001
5a2c41b40120d471e544d821ce56914e	1	202465	player+silence	st3play	Scream Tracker 3.01 (SB)	16	60824	6e86211b	24c3726c	CLIPS/CURSOR/TWOTINS.S3M
5a8a46ad509629ad2cbacc1b4f5e8dbc	1	209402	player	uade	Protracker	0	85848	0b98e4a0	40cf8206	MOD/AUDIOVIS.MOD
5ac158a52bcff356a09fde5573ab2a4c	1	175867	player+silence	st3play	Scream Tracker 3.01 (GUS)	4	272314	98d75758	b99f9c7c	CLIPS/EMOTION/SHIMMI.MOD
5c0c924099a2942439a97963d2c947c1	0	174337	player	uade	Ultimate-Soundtracker or compatible	0	66436	a9e25e64	4e873a97	MOD/KENT.MOD
5ce16ef0d02cee85d70cd657256c6b59	1	181451	player+silence	uade	Protracker compatible	0	116882	94cf0fe2	a3d9550b	MOD/FIRSTSHO.MOD
5d0f631efe24004919922ee63a79c166	1	122997	player	uade	Soundtracker II (15 instr.)	0	61304	2adac879	03900e56	MOD/THERONIT.MOD
5d86af83df591b71df156f1161f9a47a	1	350918	player+silence	uade	Protracker compatible	0	153990	812addc3	be3d7f65	MOD/ROWROWMM.MOD
5dea21b7e8e23bb8bd7435b473b89b25	1	238800	player	uade	Protracker	0	409396	9a67cf00	c2e14c31	MOD/CHRDAYZ2.MOD
5e17d7df4bdf4b3ae15905e15b94d623	1	252122	player	uade	Protracker	0	162994	f6a0976a	6acfcafc	MOD/AMIGAXMS.MOD
5e843403f0015259d1b9d4bcabac1250	1	70711	player	uade	Noisetracker 1.x	0	19712	5ee8ccef	a0f39602	CLIPS/RIVERSOS/RIVERSOS.03H
5eb312f328a24292576af2729af72c5d	1	363987	player	uade	Protracker compatible	0	214418	dfb0fc45	c1ba7c8b	MOD/ELETRIK.MOD
5f466f69ecf4bbf7d54d9b85efd38750	1	206787	player+silence	st3play	Scream Tracker 3.2x (GUS)	8	290134	375915be	e5b09847	MOD/TENCY.S3M
5f80ef5f37fd0598d15628291bc2a772	0	194318	player+silence	uade	Ultimate-Soundtracker or compatible	0	50440	ef57e271	37264520	MOD/VORTEX.MOD
6068ea691a0d81c105d9288668ac1ab1	1	192141	player	uade	Soundtracker II (15 instr.)	0	59320	efa6d216	38586cd6	MOD/CAMBOD.MOD
609d6933bf28d1886ec8fcb76b86dd4e	1	124805	player	uade	Protracker	0	76770	5e314d37	546fc339	MOD/UNDERGRO.MOD
6205ce23216b0cf539d3c1b512f8eab9	1	175663	player+volume	uade	Protracker compatible	0	144772	66288d7a	e4d08e82	MOD/RBI.MOD
621ae24f16641fc100e5af4b0ad3b13c	1	42921	player	st3play	Scream Tracker 3.01 (SB)	16	290826	1c85b7e8	2e93fd73	MOD/CTXCORE.S3M
62e5889862b4060a2e1f5f91639cf6a0	1	152429	player+volume	uade	Protracker compatible	0	144204	8c2227a7	1bedd91f	MOD/ASPHYXD.MOD
62fccce4ca636b8a98089b8972d0ab9c	1	341022	player+silence	st3play	Scream Tracker 3.01 (GUS)	10	777456	dc146026	4cbac355	MOD/NOGOOD.S3M
642e939c381286d85f9c15f5d2f1cca5	1	255498	player	uade	Protracker compatible	0	84090	7fda0b6f	16c8ddf3	MOD/STOR.MOD
642e939c381286d85f9c15f5d2f1cca5	1	255498	player	uade	Protracker compatible	0	84090	7fda0b6f	16c8ddf3	MOD/STORM.MOD
647fd41fe9707b109b309196ca23d816	1	195959	player	uade	Protracker compatible	0	86564	bbe0fb64	660057fc	MOD/FUNK.MOD
648a982963f2f1b413904d7916f2a339	1	341903	player	uade	Protracker compatible	0	113664	25c250e9	3d2ffb40	MOD/SPIRIT.MOD
64b0e785acd75bf18bafb0220390387a	1	378035	player+silence	uade	Protracker	0	264678	c936655d	68e25073	CLIPS/VYNIL/TEHTSTTE.MOD
651fb6da0956f038b10c7ea3cf0dc0a9	1	542193	player+silence	uade	Protracker compatible	0	107346	2bdb22a8	6d923ae0	MOD/NEGLIGEN.MOD
6569844e5536de1c6d20cb208ae6ca35	1	124120	player	ft2play	FastTracker v2.00	14	476720	10c47ef6	90544c6d	CLIPS/BLUE/MESSIAH.XM
659e66da9f71b006617eef1fa72363b0	1	215149	player	uade	Protracker	0	74994	74f8964c	9729cf70	MOD/SEEKERZ.MOD
661041af0dee9c466706f1ea981292bb	1	317991	player+silence	st3play	Scream Tracker 3.01 (GUS)	8	239564	d3e6c3ef	07403eaf	CLIPS/EMOTION/ALTEXIST.S3M
661bf5e1fb6a827d697b6e0c15b44287	1	127920	player	uade	Protracker	0	302974	2a02b3bc	6cab5846	MOD/HOUSEOUT.MOD
67095c262f93c03c3ba703362ba6c356	1	184445	player	uade	Protracker	0	78446	5a270bc4	4dd3d6f0	MOD/HORIZ36.MOD
670d5245f4c62449b5a3b37c983383c2	1	207493	player	uade	Soundtracker II (15 instr.)	0	131448	70ce5a2b	fe345f45	MOD/SAVAGE.MOD
673a60ce666d8a6bf670204cab0874b6	1	161979	player	st3play	Scream Tracker 3.01 (GUS)	8	222208	ebc55c72	135de673	MOD/MURDER_2.S3M
68316e3a30fbdf9849387e028b853209	1	81427	player+silence	uade	Protracker compatible	0	70890	5afeb12f	9a21850a	MOD/AUSTEXCD.MOD
68dd096ec04e470bc742b364950af9d3	1	199797	player	uade	Noisetracker 1.x	0	88404	25abc149	4a81d997	MOD/GHOST.MOD
69389b1aabda2e1e965176f36e905328	1	176769	player	uade	Soundtracker II (31 instr.)	0	78762	4721a4c1	a569eea8	MOD/SHEDRIVE.MOD
69882c2bc56e2077ea12b5aea15c1b98	1	65406	player	uade	Soundtracker II (15 instr.)	0	189920	49b30dde	5476e823	MOD/CRYBAB.MOD
69a25edfd0f34742119ddd05d42f855f	1	159204	player+silence	uade	Noisetracker 1.x	0	146880	ab2f544c	7d587ea5	MOD/ECSTACY.MOD
69a8baf3de110345448f746f5b19c45a	1	165054	player	uade	Protracker	0	118748	175cf55b	e9e2384a	MOD/FUNERAL.MOD
69b7237fe0863c0ac181ea0ee02f9ffa	1	188605	player+silence	uade	Protracker compatible	0	162918	0e1cc520	a959caf8	MOD/MOVE.MOD
6a1a116b1e38f75e4a69028ab8dd9f65	1	335051	player	uade	Protracker compatible	0	95528	428e8721	74aa504b	MOD/TOCCATA.MOD
6b15299dc70348b147bbd125a17db12e	1	162281	player	st3play	Scream Tracker 3.01 (SB)	16	139200	e60610d5	6ad12229	CLIPS/CURSOR/OUTRO.S3M
6ba389896eaf6609b7653db2342ff4d1	1	210068	player+silence	uade	Protracker	0	118812	a220b31b	20bea59d	MOD/WHI.MOD
6bba241300965536305e2d175d97892b	1	122494	player	uade	Protracker compatible	0	66942	879e54c5	c828442c	MOD/BALL_3.MOD
6be79c1ec3d097ec99436262809f3b7e	1	90005	player	ft2play	Fasttracker (M.K.)	4	87120	6490bef3	d75b7546	MOD/BREATH.MOD
6c736fbfcd0336c2a0da9d1b0151cbd7	1	182757	player	uade	Protracker compatible	0	131838	1828678c	f3eab925	MOD/MEANBEAT.MOD
6ce98f7a22a5eef10dedee60bc3cbd7b	1	100390	player	st3play	Scream Tracker 3.01 (SB)	16	393196	29159687	c41501dd	CLIPS/EMOTION/HAM2.S3M
6df3174e8dbb7b93b44db2fe538e0a88	0	154329	player+silence	libopenmpt	SoundTracker 2.0 / 2.1 / 2.2	4	105216	d997bb64	0a4f5414	MOD/ALF.MOD
6e0e43f26c43957798c135d992e216c0	1	379657	player+silence	uade	Soundtracker II (15 instr.)	0	119668	3de3cd7d	071a8c7d	MOD/HUMANOID.MOD
6ec65142760e4f12c1e622d8a22558ba	1	207493	player	uade	Protracker	0	63670	a98a3a2a	bd84cef7	MOD/CMPOSURE.MOD
6f6023a8433b9d4e4b9df45443101642	1	138369	player	uade	Protracker compatible	0	90642	683264b5	a0b934c7	MOD/STEAM.MOD
6fa5dba102dc6681a74577e8175c504e	1	281239	player	uade	Noisetracker 1.x	0	93516	6f2fcb1a	5c65d17b	MOD/BEA.MOD
6fb6acd7df4f0717c92e9d168535c0e8	1	354826	player+silence	uade	Protracker compatible	0	184430	51b9135b	5db4800c	MOD/LIVE_JAM.MOD
701c1c6888fadd6ff3daeeea3fd5586a	1	168671	player	st3play	Scream Tracker 3.01 (SB)	16	63044	35614f70	2c93b868	MOD/PBLISS2.S3M
702cec05c4471ae5e1b1229543b987e9	1	478464	player	uade	Protracker	0	160218	66a02d1e	116f1666	MOD/KNULAKUK.MOD
70e74ed490af089d5ba08e61f9b89b53	1	129045	player	uade	Protracker	0	228016	6516e5c0	66b40d8d	MOD/DARKCHOC.MOD
711b0bfbb108a8cd7bf69bbb60aec5ba	1	51360	player	uade	Protracker compatible	0	75237	27d207ce	b7764ddc	MOD/CHAD.MOD
71c6bde921139e506a5c4f686d38b715	1	99968	player	uade	Soundtracker II (31 instr.)	0	86672	3e374fd3	3ce3c166	MOD/EQUINOXE.MOD
71fce26df507e1e5fd594b972302bbba	1	539290	player	uade	Protracker	0	451856	a31409f8	97ac67ce	MOD/ALPHAWAV.MOD
72c2d9b7817e0642f02372dd24a7b0ec	1	313599	player+silence	uade	Protracker compatible	0	418152	728d535a	e6956967	MOD/SNAPOWER.MOD
73ae606c840e00224a1ae33c68c78a44	1	250997	player	uade	Protracker	0	99304	20d68440	59657c99	MOD/ENDLESS.MOD
74158d467ba8804c13f04d42a41362d7	0	138034	player	libopenmpt	Ultimate Soundtracker 1.0-1.21	4	58568	31fbbccd	150171d2	MOD/ULD.MOD
74704e23f4d648e913906cdfef2a6ace	1	237695	player	st3play	Scream Tracker 3.01 (SB)	16	178130	19f687b0	c36862ca	CLIPS/CURSOR/2NDMOVE.S3M
74788e1680ab83abd304f65c97c26838	1	138369	player	uade	Protracker compatible	0	126436	ba39f9df	0e96894e	MOD/ART.MOD
752af1d32c66f4d0a9f8e42818ccdbba	1	158211	player+volume	uade	Soundtracker II (15 instr.)	0	121904	847606e3	c9867e26	MOD/CHOPPER.MOD
7575ead19df581cd28777bf0acb155f6	1	1159238	player	uade	OctaMED MMD0	0	313380	935e093d	b53b2602	MOD/15INVENT.MOD
758719a7a7a9c22b7cebb1b36a457d24	1	96130	player	uade	Soundtracker II (15 instr.)	0	56592	4640acc6	9976d567	MOD/ALIVE.MOD
7642effd52ab60210a341501ab5685e8	1	297928	player+silence	st3play	Scream Tracker 3.01 (GUS)	16	258750	70f5aa9a	70285789	MOD/MURDER_3.S3M
765314b4b407daae77a1df726b038a58	1	241352	player	uade	Protracker	0	425498	84fe7ce8	ad81bd7e	CLIPS/KAKTOOS/RELEASE.MOD
769211422fa798f706770d32437b9608	1	414866	player	uade	Noisetracker 1.x	0	214704	9a468fed	ffca1006	MOD/RAINYNT.MOD
77341c7094782f5ddb4a92be24f01342	1	76920	player	uade	Protracker compatible	0	16512	1c04dfcd	7662bc90	CLIPS/RIVERSOS/RIVERSOS.02H
77430b8d81bee7e96e31b37ca62395d7	1	225988	player+silence	st3play	Scream Tracker 3.01 (GUS)	16	400946	403e73c2	d3757555	MOD/MURDER_1.S3M
7768ce9fcd0c95635822f0c6a34178ed	1	422240	player	uade	Soundtracker II (31 instr.)	0	129732	05cd900b	78955f02	MOD/EARTH.MOD
784ae2a8f96426f1537c59ac5632d503	1	94222	player	uade	Protracker compatible	0	86876	af74e7f8	d4a68230	MOD/SOUNDMAC.MOD
7893b12eced051f0fb353cf176f98fad	1	132417	player+silence	uade	Protracker	0	213378	0d4ad478	1316b872	MOD/POWER.MOD
7961b27910a9a94b3d568dc214e6e2e7	1	186052	player	uade	Protracker compatible	0	76928	bcdc39b1	a5756498	MOD/UNIVERSE.MOD
7966e988b4d6f1f3a51fdf1ee05efee3	1	200225	player+silence	uade	Protracker	0	216890	7e03fec8	f54b7580	MOD/BOESENDO.MOD
799664f1149044cab78ac19950d8ede9	1	174181	player+volume	st3play	Scream Tracker 3.01 (SB)	8	199988	09cb07ee	11ab8e48	CLIPS/EMOTION/VIOLA.S3M
79be2846711ec0d24fcd1595450e9d2a	1	161397	player	uade	Soundtracker II (15 instr.)	0	127022	3ba3f8df	c6b8754a	MOD/BANANAS.MOD
7a52843f03c01a3d70f505bf5c03b921	1	98682	player	uade	Protracker compatible	0	297812	47685a1c	1d8efbb0	MOD/JAC.MOD
7a699080f9d56f2e22f4a4e856674086	1	153721	player	uade	Soundtracker II (31 instr.)	0	97552	59c848f3	9a28b669	MOD/KAWAIK1.MOD
7a73c485e968a285d31764e8c7c56e3b	1	207493	player	uade	Protracker compatible	0	88490	0fc16b3f	06f39e5b	MOD/FLA.MOD
7ae185398fb42c8a8fab8e9b5da314bf	1	153339	player	st3play	Scream Tracker 3.01 (SB)	16	186864	f2dd1865	e79b71a4	MOD/VICIOUS.S3M
7bbd750e48e738d19f61cd554f6f91be	1	90263	player	st3play	Scream Tracker 3.01 (SB)	9	58074	c4639936	7fb4397e	CLIPS/SOLSTICE/REQUIEM.S3M
7be726dd01ffa142456aa6367cf91293	1	110518	player	uade	Protracker compatible	0	56844	99793748	03557664	MOD/DATSWHAP.MOD
7be726dd01ffa142456aa6367cf91293	2	116586	player
7bf820acd91aefddf8bfa8905cf23437	1	180142	player+silence	uade	Protracker compatible	0	187734	6ba9a7b6	be43c0a7	MOD/HOU.MOD
7c209bfb0ddcc7bd5b7b61bd9aa60116	1	322372	player	st3play	Scream Tracker 3.2x (SB)	8	255223	0dd996a4	e344820b	MOD/HBREAK.S3M
7cfe709f2b494bd44a69921a924933a9	1	326531	player	uade	Protracker compatible	0	165818	c17f8f63	c8b5ac9f	MOD/CRAZYTRN.MOD
7d262f2713c1edf52a8d292c1942c0b4	1	121586	player+silence	uade	Protracker compatible	0	98722	9d345e8d	0792b762	MOD/FIRE.MOD
7e1615bb17b463b18cd6dfa162ae2906	1	161397	player	uade	Protracker compatible	0	204488	55dd8772	a95ba014	MOD/DEFEAT.MOD
7e2a8fcbf7cf6aaa91a31bcbdec9b910	1	263555	player+silence	ft2play	Fasttracker	8	338032	cbc5c9b3	7355ca9d	MOD/HCDG.MOD
7e7d5086e5de7f1751e372ddd07d8124	1	141224	player+silence	st3play	Scream Tracker 3.2x (GUS)	16	360928	86983298	04b9f451	MOD/SOFAW.S3M
7e8b6cd6f2f62364182d19831966aa20	1	268921	player	uade	Protracker	0	107514	d513efe1	ad87335f	MOD/STORIESN.MOD
7e993032bcfe4733a8d63dff5d88d7c7	1	176769	player	uade	Soundtracker II (31 instr.)	0	78762	8aef3a76	eaee5e7c	MOD/FYC.MOD
7ed123d37caa6dd8869185c30a737aea	1	107645	player	uade	Noisetracker 1.x	0	66810	72b1ea86	fd81b0de	MOD/VULCANOS.MOD
7f1b2b9c73f0fd7c12bff0912a00d639	1	246665	player+silence	uade	Protracker	0	118144	82b61fdd	8f7ee36c	MOD/DMTRIP.MOD
7f29c440e0e19d75b8ee14a66799c848	1	70691	player	uade	Protracker compatible	0	192402	47b79197	2e47509f	MOD/FEE.MOD
7f3fc085582f35fcdfbda998f3fffac7	1	413144	player+silence	uade	Protracker	0	395522	749b3391	564cb4ed	MOD/DOUGHNUT.MOD
7fa28e2797e055dfaed0a07ec31fd851	1	307321	player	uade	Protracker	0	162446	cf108a3a	01f1d3cc	MOD/HAMMER.MOD
7fe69ea4e33493796b2267bb005fce26	1	265968	player+silence	uade	Protracker compatible	0	98750	070e7f78	9573f86d	MOD/POORMOUT.MOD
8104fc1baeb03fe18f29b90327a7e5b9	1	335051	player	uade	Soundtracker II (31 instr.)	0	95528	8f198fa6	42596d68	MOD/HUNTER.MOD
81893e91105c902c2a5bef47108ceb03	1	88982	player+silence	st3play	Scream Tracker 3.01 (SB)	4	139422	250b2891	fdf38f5d	CLIPS/EMOTION/IMITATE.S3M
819d24739e977095cd7e974e7a8df05d	1	73082	player	uade	Noisetracker 1.x	0	57128	d94be46b	71566739	MOD/PIANOPLK.MOD
822945524578ff74bc948744e70ab23d	1	237554	player	uade	Protracker compatible	0	146554	14b7bd35	f75490dd	MOD/TUNAFISH.MOD
8293aca24f01d76c9c9974e9542e08c9	1	264213	player+silence	uade	Soundtracker II (15 instr.)	0	112192	ddba383d	0ce21ba8	MOD/WOWST.MOD
82b0be936ec646bd2f8681d19176936e	1	310016	player+silence	uade	Soundtracker II (31 instr.)	0	78742	53c7718c	52cf2bb8	MOD/MAGNETIC.MOD
836ee23902b641c6dc3f263a10894af9	1	538396	player+silence	uade	Protracker	0	218362	1f484df3	2e16c8e9	MOD/NOWHERE.MOD
83efde51db421a7cb0aa93bc85cf1946	1	176909	player	st3play	Scream Tracker 3.01 (GUS)	5	278277	1e72e62a	b0f3a18d	CLIPS/OFFSET/DESTROID.S3M
8416482fc10f95d112b5a9b50d28b897	1	238197	player	uade	Protracker compatible	0	161922	621a760b	43a947f0	MOD/PUMPUPJA.MOD
84347849484d2e54715219faee9017c2	1	153721	player	uade	Soundtracker II (15 instr.)	0	84974	c5f8e3a6	68a61480	MOD/SPREAD.MOD
8500e47f317bce108b72b3e7b8a20b37	1	219007	player	uade	Protracker compatible	0	162772	db983a38	26af9e29	MOD/SCOOPEX.MOD
85e99c4c55c3ec5843518f5dd6b2c173	1	268921	player	uade	Protracker	0	193530	a4ae122f	d795eb3f	MOD/NINJRABB.MOD
86cc912f6fafd25ebf3dca3806b1d38f	1	105724	player+silence	st3play	Scream Tracker 3.2x (SB)	16	294972	66e62060	9f47238b	MOD/FASTCOMP.S3M
872b53273200a6204971d2b9c327d75b	1	353473	player+silence	uade	Protracker	0	353986	c80eaad7	0a367365	MOD/TWILGHT2.MOD
87522791d2b83a48051cb19750235f49	1	178256	player	st3play	Scream Tracker 3.01 (SB)	10	199136	4c2630b9	4b57b7f2	CLIPS/SOLSTICE/DESTRUCT.S3M
877219abffb6ebfd6a9140278e465759	1	430278	player	uade	Protracker compatible	0	163570	44a29add	787d21e3	MOD/IMAGINAR.MOD
87866f915b223287423e38ee954ceab5	1	84616	player	uade	Noisetracker 1.x	0	53576	6c700a08	5f7768d7	MOD/G5.MOD
883a13eb560cd233a65f9cbcd1a5feef	1	161397	player	uade	Protracker	0	75158	01373669	dd928342	MOD/SHADOWS.MOD
885ada6fd18f2ca82436d579cf957cce	1	199258	player+silence	uade	Noisetracker 1.x	0	162014	e4b77e5d	56bef85e	MOD/BLACKMOR.MOD
89819272a8c487b3a253cd1683476f1f	1	84616	player	uade	Noisetracker 1.x	0	133456	8b2e26b9	dab40305	MOD/SPIKEMIX.MOD
8a22bf1e04057ffd158ccde2ba5eda54	1	223252	player+silence	uade	Protracker compatible	0	127582	383005d6	8961db46	MOD/FASTFOOD.MOD
8a4235a8c8289dc547812b225c49d76f	1	71060	player+silence	st3play	Scream Tracker 3.2x (GUS)	8	124072	9a82b6e9	e5f8195e	MOD/GLADIATO.S3M
8a5a27c49eba9a4039c0e8927064eaae	1	143493	player	uade	Protracker compatible	0	92480	c3b70695	626f4fe1	MOD/SHADOWFI.MOD
8ad29522efeac6526f93a809456733b5	1	242055	player	uade	Protracker compatible	0	106026	e4ee9063	456aae5c	MOD/CHICAGO.MOD
8af59b724337bbcc4fc6c1b88083b814	1	154629	player	ft2play	Fasttracker	8	184914	a4e6489b	d4eaed58	CLIPS/BYEMUSIC/5AM_JAZZ.MOD
8b00260a2f82aef89efc89b5f2db5086	1	307321	player	uade	Soundtracker II (15 instr.)	0	68080	8fcdc9a3	88bff995	MOD/TJ.MOD
8b816306ee676b57bda5a758a05373db	1	226556	player+silence	uade	Soundtracker II (31 instr.)	0	109706	dec6b5b4	21935891	MOD/THELASTS.MOD
8cab24255aa0d5169c896a77266cb07f	1	291969	player	uade	Protracker compatible	0	142162	7bc41a55	905c5521	MOD/CAPNPO.MOD
8cb50f1ac19241fd2594e363314f5e3b	1	188562	player+silence	uade	Protracker compatible	0	115272	c8f95924	132517ed	MOD/RHYTHM_M.MOD
8cfaa731f513fe73054f94306f84ec45	1	288195	player+silence	uade	Protracker compatible	0	71714	fc28251b	08033b46	MOD/SONG1.MOD
915ca9bedfb0dd98e10aa734d46323dc	1	381410	player+silence	uade	Protracker compatible	0	110236	9ee57ab2	295fc42f	MOD/WERETHED.MOD
92117c5c4559e3ca34f2ac9d4682afe5	1	176769	player	uade	Protracker compatible	0	56626	384ad9ba	e917268e	MOD/DOTS.MOD
92545a847a2c6ec9e8ae5400ba24dec7	1	457084	player	uade	Soundtracker II (31 instr.)	0	74304	6ee6d74a	e1503919	MOD/CYBER.MOD
928e774571f9e14494c34d2cf9eac9f3	1	128121	player	uade	Protracker compatible	0	86712	c5bfd307	cf74a2c4	MOD/GOFAR.MOD
92b4a57d47d6b204e4faafdfbdcd02e8	1	317856	player+silence	uade	Protracker compatible	0	122580	a729725d	10d4d352	MOD/GRAVEYD.MOD
92d442d2f4ef3c34e5d74ff8002bf3d3	0	182255	player	uade	Ultimate-Soundtracker or compatible	0	62216	48986912	59fe3f31	MOD/JOHN1.MOD
930c89d487d8ab8dc8c035b78a89c8a5	1	299645	player	uade	Protracker compatible	0	140650	4411e6da	fd5c8f59	MOD/G6.MOD
934304a6309388f72f9a8f0fe6a2bbd7	1	184445	player	uade	Noisetracker 1.x	0	81252	26907bde	34630f83	MOD/RSIGSC.MOD
937fda46d8ceb09f69e81ee3883d027d	1	149883	player	uade	Protracker compatible	0	76568	25a78951	431504f3	MOD/TECHNOST.MOD
93b235103485042c3efb84fe5c67edc8	1	350620	player+silence	uade	Soundtracker II (31 instr.)	0	120400	04314538	442129ca	MOD/OUTRUN.MOD
93f40fcd75480a98d247dd45f05bdfb5	1	243356	player+silence	st3play	Scream Tracker 3.2x (SB)	16	321616	1aad8c5d	003e0de4	MOD/GIVEME.S3M
9420a3c4b116f3627ded85f6d3fabfa9	1	140643	player+volume	uade	Soundtracker II (15 instr.)	0	64618	43ba7c16	c69aa43a	MOD/DEMON.MOD
9458a39c8102d804755b6b5cd2290ec5	1	152435	player	uade	Protracker compatible	0	144030	8f74b198	240b10aa	MOD/ASPHYXIA.MOD
9467b8ffad8efb5d178fdd9bfa350714	1	236931	player	uade	Protracker compatible	0	103934	32d871e9	cec86676	MOD/DRAGON3.MOD
95182d87a91a3880e1efffc133d6f25d	1	160131	player	uade	Protracker compatible	0	115114	2f57783c	32db137e	MOD/ANARCHY2.MOD
95449993d0638e398a508d6bea5434d3	1	92005	player	ft2play	FastTracker v2.00	14	285763	9335dc8b	0ca86c2b	CLIPS/BLUE/HELIPAT.XM
95c0c3b1716d3a2e3dd1b7043cf2cbdd	1	289067	player+silence	uade	Soundtracker II (15 instr.)	0	88204	f23a8b12	9aa43b06	MOD/CLOCKWOR.MOD
95ff053a62049b8e9aaf72a8baf15c72	1	238197	player	uade	Protracker compatible	0	120972	a3c7fb63	92468cd6	MOD/RNATION.MOD
9602f78648360e4498721e123064f2a1	1	115321	player	uade	Soundtracker II (15 instr.)	0	53792	b63cbeb7	75c710f0	MOD/TUERKES.MOD
96ff3889c45c1fd67da6044a8195f2b6	1	411269	player	uade	Protracker	0	515467	1fb8dadc	54f39291	MOD/OUTRINT.MOD
97a883634e322fb5cdfb8b19e57fb60d	0	168708	player	libopenmpt	Ultimate Soundtracker 1.0-1.21	4	86120	fe1ac344	ef702d4f	MOD/NIGHT.MOD
97ed5448dfe91da3d04036d1cf89edc1	1	139393	player	uade	Protracker compatible	0	88596	2570671d	507db08f	MOD/TRASH.MOD
98620dd57f4b01c4e91dc54e330664c5	1	394691	player	uade	Protracker compatible	0	142752	9e795aed	a8dba2af	MOD/BLUE3.MOD
98d76f5d67cae973b26f959a255d8d94	1	101757	player+volume	ft2play	Fasttracker (M.K.)	4	57507	eaf4b7e0	fb4c269d	MOD/FLYAWAY.MOD
9ab6803f5365c0c680d133faa86abe30	0	99691	player	libopenmpt	Ultimate Soundtracker 1.0-1.21	4	104740	958e34d7	8a5ffeb0	MOD/JWX1.MOD
9b526491a8cf3582962954104d541e78	1	394127	player+silence	uade	Protracker compatible	0	196596	47f59c56	d65f5c62	MOD/KILLING.MOD
9b7e50f6245078d9d52d3f1b823d5635	1	226557	player+silence	uade	Soundtracker II (31 instr.)	0	109710	831c63b0	76a76658	MOD/G4.MOD
9cfc3cfa75a229e2304ee6ae25422404	1	10368	player	st3play	Scream Tracker 3.2x (SB)	2	62400	49774a93	8b47157a	CLIPS/DEEP/B_BOYZ.S3M
9d363b6166d8e3ad324af92cd47888d3	1	123076	player+silence	uade	Protracker compatible	0	78136	829080b3	9349a3b9	MOD/DIABLO.MOD
9dfdf74581d695644739858d25b4c5d8	1	218712	player+silence	st3play	Scream Tracker 3.01 (GUS)	16	372514	2ab50423	e3a04650	MOD/RIKOLASI.S3M
9e2c10636d3e2a6d3ede36d14e7c6684	1	475189	player	uade	Soundtracker II (31 instr.)	0	114392	c772cc08	9c326638	MOD/AGNESTDF.MOD
9e6418146a766e63779ee06469767191	1	15472	player	uade	Protracker compatible	0	73012	6a4677f5	c958373d	MOD/CHASEHQ.MOD
9e6418146a766e63779ee06469767191	2	7678	player+silence
9e6418146a766e63779ee06469767191	3	20596	player
9e6418146a766e63779ee06469767191	4	55178	player
9e6418146a766e63779ee06469767191	5	28915	player
9e6418146a766e63779ee06469767191	6	56424	player
9e6418146a766e63779ee06469767191	7	41715	player
9e6e126aed82366d81628ee41765bb12	1	59410	player+silence	uade	Protracker compatible	0	154533	231b4dac	9bb5d5c5	MOD/KITTYMIX.MOD
9e902588619a05b6bdb591c16c49a05f	1	168214	player+silence	st3play	Scream Tracker 3.01 (SB)	8	331438	8118b721	68ce8006	CLIPS/EMOTION/STARCONC.S3M
9ec27072f278471877ad66ed04c5ffb7	1	204358	player+silence	st3play	Scream Tracker 3.01 (GUS)	16	40488	ebe2a0f7	d5f71531	CLIPS/OFFSET/NULL.S3M
9ec6def19816cf01f5d04e1a3f29db26	1	146045	player	uade	Protracker	0	210494	2cd57294	a475e710	CLIPS/KAKTOOS/REDCLOUD.MOD
9f136d042b5c88d6a5c9ee66b42f26c2	1	81723	player	uade	Soundtracker II (15 instr.)	0	55450	bc510fae	6f3738df	MOD/AIRBORNE.MOD
9f4efcd0632f4ed2ef231a63e5bdd72d	1	15472	player	uade	Protracker	0	274110	e0920e30	fd56200b	MOD/TERRIFIC.MOD
9f883c59d610bd02d6b02d98ce07165a	1	108318	player	ft2play	Fasttracker (M.K.)	4	56833	f57946ae	b08b1446	MOD/AMAZING.MOD
9fcb569d65f22f8d3fa2ee0080ff9234	1	222847	player	ft2play	Fasttracker (M.K.)	4	73217	0ae7550a	a3f94888	MOD/CROSS.MOD
a005786023a73aed68f4dd5dfa42f5f0	1	67430	player	ft2play	Fasttracker (M.K.)	4	58989	2fd18038	22b13333	MOD/BSSHOES.MOD
a02f4a0b62de3691461464229be0189b	1	143493	player	uade	Soundtracker II (15 instr.)	0	59844	87040e43	94d5df3f	MOD/WOTROCK.MOD
a04b053dd77bcabbc5bea3c666668636	1	176769	player	uade	Soundtracker II (31 instr.)	0	154140	a90e93ee	55be53ed	MOD/JARRE.MOD
a0c3081a8b98bddaa93b368ee0b581aa	1	322182	player+silence	uade	Protracker	0	130360	ee72e0f3	dd820f37	CLIPS/KAKTOOS/QUADCHAN.MOD
a0dfaf42040da9b4cb53b4cc908dfd92	1	262565	player+silence	st3play	Scream Tracker 3.01 (SB)	16	190976	8d75bd07	bbd6eee1	CLIPS/GRIND/8363_MET.S3M
a1427da886e87caff6c882ba858a0850	1	264213	player+silence	uade	Noisetracker 1.x	0	112676	6b99729e	404574c2	MOD/DNS.MOD
a1cca1d0c69fddd0fd1b71c34d6ff9fc	1	138369	player	uade	Protracker	0	119156	5d62d4b7	965536e6	MOD/DARKDANC.MOD
a21bfebdc6d646278044435a5b6ef9f0	1	107645	player	uade	Protracker compatible	0	85766	8319edcf	a96ff1f6	MOD/GHETTO.MOD
a2de123ed7c80bb9eb12dbfc0a492813	1	245893	player	uade	Soundtracker II (15 instr.)	0	68940	d90a3758	e7200592	MOD/CRYSTAL.MOD
a3a6ff303ebb34cf3eb348317d606500	1	91145	player+silence	uade	Noisetracker 1.x	0	110879	3e6ce39b	09aac92d	MOD/NHK.MOD
a3af5c3e1af269e32dfb6677c41c8453	1	238197	player	uade	Protracker	0	62811	6d3c1261	36faa434	MOD/IDNTMIND.MOD
a5295ec44465cad6b3962ac89249eecc	1	84616	player	uade	Protracker compatible	0	181498	9c6f7588	0e3f7a98	MOD/GETTECH.MOD
a5402e64cc1f3ada47d275c816eadbaf	1	122997	player	uade	Protracker compatible	0	136000	bafea637	45c29611	MOD/HOUSEME.MOD
a5a6070baea048d837097baa001dc44b	1	37728	player+volume	uade	Soundtracker II (15 instr.)	0	207492	563b1ba8	2030487f	MOD/BEAST2EN.MOD
a697ff5ed6c0aa30a7d073a185f4e4f5	1	314011	player+silence	uade	Protracker	0	104600	94530bbc	db112338	MOD/MAGRUST.MOD
a7f87a19f814e6fba4432b8593af350d	1	38319	player	st3play	Scream Tracker 3.01 (GUS)	16	101056	3b26726b	0eb7d459	CLIPS/OFFSET/INSANITY.S3M
a80cd7ca73fecfcaece34beb429c0e74	1	307321	player	uade	Soundtracker II (15 instr.)	0	84712	cd54eca7	c87f74fc	MOD/RALLEY.MOD
a923366efa8f61edebdf5b471dd1c992	1	69224	player	uade	Protracker	0	79758	3e5ce544	42b5cdc1	MOD/SHEISCOM.MOD
a99ae5983ab2005b4bd2380989a9e68e	1	192141	player	uade	Protracker compatible	0	155014	93c65c8f	ae2c8313	MOD/BLUEPRNT.MOD
aa184948fe4e139dd827b9c02a6c99ef	1	128121	player	uade	Soundtracker II (15 instr.)	0	64628	e7cc709e	3458b8b3	MOD/AWESOM.MOD
ab9c37ee8cb51d4a1e4c9c1c9abd0640	1	146045	player	uade	Noisetracker 1.x	0	55862	5aed8ccc	71e26dd3	MOD/TENNIS.MOD
ababb2abd36d49bae7112cf2e5700ffc	1	138369	player	uade	Protracker compatible	0	164534	0975a321	ac35ba99	MOD/PSY.MOD
ac5db86e2d0d48fd6d1c41df1ab4b546	1	288392	player	uade	Protracker compatible	0	210714	00fa9d08	da3b7491	MOD/DAISY.MOD
ae3c04d653b7b5e251b3233eb1500771	1	130693	player	uade	Protracker compatible	0	80724	42370b5c	29cefc70	MOD/TAKEOFF.MOD
af472fee4f7a776d314f18354e16f46c	1	309337	player+volume	uade	Noisetracker 1.x	0	111868	f52c7aac	a60a69d1	MOD/FLASH.MOD
afc08ca311b78cfe5b9d2b6bdcb7cce6	1	251881	player	uade	Soundtracker II (15 instr.)	0	147416	1d5393aa	649e3aa6	MOD/GREENSLE.MOD
b15f52fb109d5317efd7c4c9ebacae17	1	167063	player+silence	st3play	Scream Tracker 3.2x (GUS)	8	368400	4cbe995c	0cb76477	MOD/DZI.S3M
b2081c418ca4f16fc1d25f82de7b609a	1	189971	player	st3play	Scream Tracker 3.01 (GUS)	8	279374	f56f2299	ef1156ea	CLIPS/BYEMUSIC/SNOWDOR.S3M
b2e2dd9f1293a56c5ac664b5e0f3b7da	1	95246	player	ft2play	FastTracker v2.00	14	153876	48690bd7	b92cfd90	CLIPS/BLUE/JUNGULAH.XM
b3ba67e44d6fb1d0747b6f68b42a5d65	1	104220	player+silence	st3play	Scream Tracker 3.01 (SB)	8	286432	0da3a711	d8d4a934	CLIPS/EMOTION/LOSTHOPE.S3M
b456b456c56d06e0dfd49b18c7bfb60b	1	268921	player	uade	Noisetracker 1.x	0	65984	fd4dd015	5508b2bc	MOD/FLETCH.MOD
b4b2b823b35512ce239a60242a5f7beb	1	288171	player	uade	Protracker compatible	0	109936	2d684029	b156012c	MOD/DIRT.MOD
b4b8343c408b44c9987cf6e46f27b25b	1	309893	player	uade	Noisetracker 1.x	0	154802	0e44f9f9	cfdd1879	MOD/MESSAGE2.MOD
b508bdc8f9ce9a3f8a7c03964bd890e8	1	314736	player	uade	Protracker compatible	0	129266	f4f87b8e	b5874949	MOD/NIGHTFAL.MOD
b5609d5dcc2406454bd8c9647a72aeca	1	119179	player	uade	Protracker compatible	0	234840	e46f51d0	e16dc7ca	MOD/FUNKY_CO.MOD
b586269b6540d19d6dce5aebfcffc163	1	134651	player	uade	Protracker compatible	0	52968	79325ddc	6abff8b1	MOD/ALBERT.MOD
b5d96d12d0329691a55b9d09e203a0fb	1	170379	player	uade	Protracker compatible	0	54408	e81b2f06	e33f9a29	MOD/PRINCRAZ.MOD
b5e13f1446e34e24ba48aa750ac33b9b	1	163166	player+silence	st3play	Scream Tracker 3.01 (GUS)	16	133763	17ce08c5	f2f008c1	CLIPS/OFFSET/PROJECT.S3M
b6c0db6e8c3cba3acd24e00de197f42a	1	279069	player	uade	Protracker compatible	0	148908	798a9396	7858c366	MOD/BRIDGE.MOD
b7c88aa0ee051bc3fe407ac186c63c3d	1	161296	player	uade	Protracker	0	249256	71c9e69c	67287616	CLIPS/KAKTOOS/SECRET.MOD
b81a2232a02b90757e3bdd577dee51de	1	81458	player	ft2play	Fasttracker	8	297558	010462ae	1e668b09	MOD/BART.MOD
b89494bc71b01aa7f4a06bb62582132c	1	201746	player	uade	Protracker	0	219062	3c571c7a	d557ca35	CLIPS/KAKTOOS/TOUCHSTO.MOD
b8afcd014bc1ce7fb4c1714c5b41aa08	1	69224	player	uade	Protracker compatible	0	60814	031df398	0e479615	MOD/JINBELS.MOD
b8bca0e3adc0172587da7d96f6e09f0e	0	190257	player+silence	libopenmpt	Master Soundtracker 1.0	4	138702	a9a6db74	a28d66c3	MOD/ELECRAMB.MOD
b8dd7b8c2c5f8405b1bbf8353b51fe38	1	191679	player	st3play	Scream Tracker 3.01 (SB)	16	161281	a8252228	cab3dec4	CLIPS/CURSOR/HELLJO.S3M
b9eb3379941b2ee8c84533c5824dbde4	1	161397	player	uade	Protracker compatible	0	56592	7a9d2509	6d274897	MOD/HEMI.MOD
bab81b5afe2058eb5e50ec66846dea15	1	421256	player	uade	Protracker	0	201146	9f1e9782	54dfb88b	MOD/BKTTF.MOD
bacfbce1fcb124502685ad332325f339	1	99325	player	uade	Protracker compatible	0	131368	86ce1866	f2cbb3bc	MOD/BREEZE.MOD
bc52903bc143a222a150b0973c8d9fc3	1	153196	player+silence	uade	Soundtracker II (15 instr.)	0	155090	4c35d741	ab76281f	MOD/TIEDUP.MOD
bcdfe7263f4c28aeb4b19a3e7f05feb0	1	185992	player	uade	Protracker compatible	0	107992	3fa04c44	b246b132	MOD/FUNKEY.MOD
bd34dfd8dad9bd39cb0247a23e381cfc	1	238197	player	uade	Protracker compatible	0	58944	11bdf5bd	16015cb5	MOD/BLUEMOND.MOD
bd94141cf1388b7b76ad793cd4514d05	1	176769	player	uade	Protracker	0	381308	939eddfb	c96c7c94	MOD/FREUDIAN.MOD
bdd2b82733464513d8878c72b9328d02	1	146045	player	uade	Noisetracker 1.x	0	98338	0168189f	37e5d4e3	MOD/STUDIO.MOD
bf67673b0323974bd4f638073b77ce52	1	112126	player	uade	Protracker compatible	0	194002	bd7e317e	18b34c03	MOD/AHROBYN.MOD
c060513f5356f9ccd925f09163967a44	1	298498	player+silence	uade	Noisetracker 1.x	0	70748	51a0e1e2	b67d08de	MOD/BACK.MOD
c086d77794d68e69ca3f2090fe3ea9c0	1	322182	player+silence	uade	Protracker	0	130360	f8d4b191	528b6875	MOD/QUADCHAN.MOD
c1458fc6cfe9cb49672323da504bad24	1	89519	player	uade	Protracker compatible	0	65862	dbe7106c	52cb7e98	MOD/TWIST.MOD
c375cef809be259f3fdbf3bbc2f8bae5	1	220936	player	uade	Protracker compatible	0	105440	8031baca	3e0ee95a	MOD/COMTORS.MOD
c3aa3a8229ca4cb498ed2c834c52de05	0	198109	player	uade	Ultimate-Soundtracker or compatible	0	53516	6728e3b2	9dac8b4f	MOD/FINAL.MOD
c3b356122c41f82ecf15e71dbb6b7e6a	1	291487	player	uade	Protracker	0	139170	c9767657	642eda99	MOD/ABYSS2.MOD
c4b0e357ca4e234bc731ca16edbd62b6	1	92272	player	uade	Protracker	0	111270	085d8a76	5fa7cec7	MOD/DANCEDAY.MOD
c59e57b43044826d842747055ba17bf4	1	153721	player	uade	Protracker compatible	0	320044	0baebda4	ec2237fa	MOD/GODSMOD.MOD
c68a01a4a307abce504f14b9502bfa2e	1	130331	player	st3play	Scream Tracker 3.2x (SB)	8	143154	523cc6a5	7ae4e048	MOD/CHIPIE.MOD
c6b30929719d45ef99a000c0a2af634b	1	433795	player	uade	Protracker	0	318018	32b684b7	57fedc10	CLIPS/VYNIL/SEVEN-PR.MOD
c6edc7d85d603fb498696084b8851a18	1	161397	player	uade	Protracker compatible	0	55552	be5cb236	e3279a72	MOD/BALLMAIN.MOD
c70667f8e5384de49c74bb26c82dcc81	1	207493	player	uade	Protracker compatible	0	130378	68e9200f	910e27e9	MOD/CREAMERT.MOD
c8866684abe136ae1ee8a188cdd6e1ba	1	231176	player+silence	st3play	Scream Tracker 3.01 (SB)	9	284286	54004d15	3f80471d	CLIPS/SOLSTICE/HELLRAVE.S3M
c8cebe8b029958b08564cfb752d8db52	1	304609	player	uade	Protracker compatible	0	230816	9e258957	031d0400	MOD/COD.MOD
c8ef30c92fb657da44354c38ccc33a73	1	300148	player	uade	Protracker	0	137178	59bdd857	63502c5c	CLIPS/VYNIL/SS-01.MOD
c999200f6db50d73a3d048ff7ee69b6b	1	122997	player	uade	Noisetracker 1.x	0	71282	fb29ff70	47be5d45	MOD/POPCORN.MOD
c9bda4cdbf5106db3537c07b7a23446e	1	115321	player	uade	Soundtracker II (15 instr.)	0	79310	a47804b6	d39418d3	MOD/NIGHTMRS.MOD
c9e2d97909118c2103e64522fea8b7ba	0	158141	player+silence	libopenmpt	DSMI Advanced Music Format v14	8	148680	57a43a90	b45aa08d	CLIPS/ACCIDENT/SUPER.AMF
cb2c8001f858f9ebcf26746670361670	1	65768	player	st3play	Scream Tracker 3.01 (SB)	16	194661	cd09206c	fd68b7d8	MOD/KILLEU.S3M
cb61e4614b270155d4200f1c97a981a4	1	237979	player+silence	uade	Protracker	0	104698	4f06b177	0ca62269	CLIPS/VYNIL/A-MICRO.MOD
cc4bf00de00873a8888ae95b9e0c715e	0	261154	player+silence	libopenmpt	MultiTracker 1.0	9	306522	07508c75	544d5c9c	CLIPS/EMOTION/WAROFWND.MTM
ccbf8ba463b3b310d5e98d74c3218583	1	533563	player	uade	Protracker compatible	0	193542	24281617	cce60b5e	MOD/SHOWTUNE.MOD
cd4c88c6144340b26f27389d6deccfc2	1	156614	player	uade	Protracker compatible	0	130924	f9891ec8	6437f717	MOD/MAZZ.MOD
cd820e3cf8af19cd2f044e61b3eadd96	1	259668	player+silence	uade	Protracker compatible	0	51260	139988e7	3fa9cfdb	MOD/BACARDI.MOD
cee1a1f25991488cdcca1c323f93a067	1	242055	player	uade	Noisetracker 1.x	0	410878	d8376cac	97f475fa	MOD/DIEAGAIN.MOD
cf2038eae10b5e37915afa072261da2a	1	164853	player	st3play	Scream Tracker 3.01 (SB)	8	148070	e2bd80ae	c176ba10	MOD/SEX.S3M
cf4cd640e9f83655396ebd3062ad7d10	1	181506	player+silence	uade	Startrekker (4ch)	0	272694	9a69be15	3e2de43c	MOD/STARTREK.MOD
cf7eb94d43e46f50cc7158d02a3a3dd4	1	145882	player	ft2play	Fasttracker	8	249100	4ad4c85e	c38de8cf	CLIPS/BYEMUSIC/TRYAGAIN.MOD
cfbf033f7fc0552703c2e686a26c6506	1	234011	player+volume	st3play	Scream Tracker 3.01 (SB)	16	854847	1a1aa1a9	d0d14a9d	MOD/B_VOGTS.S3M
cfd7ed45f2154cd34d7edbec57b41c1e	1	151422	player+silence	ft2play	Fasttracker (M.K.)	4	89739	f2ed8982	af13931d	MOD/STILNITE.MOD
d07a8906071245d909b01a0b03608ce4	1	152039	player+silence	uade	Noisetracker 1.x	0	64794	d4f7a151	ae2c4cb2	MOD/EDELWEIS.MOD
d0e61283309c5d72a050d14fcb2e6704	1	299993	player+silence	uade	Protracker	0	347582	a5cbd2fd	8b8ac39f	MOD/SPCDEBRS.MOD
d2404f6b7b2fe8611ebb112fdc668e99	1	199797	player	uade	Soundtracker II (31 instr.)	0	307562	ed0ae9f5	02dc547d	MOD/MYWY2HLL.MOD
d26a7ae88207f45384eec7c79f2ded40	1	261081	player+silence	uade	Protracker compatible	0	114730	2011a2c1	421d30ae	MOD/STRESS.MOD
d2d55958aa45a1288d5679a3dd987fe8	1	184445	player	uade	Soundtracker II (31 instr.)	0	117050	529abb25	b54bf82d	MOD/EPI.MOD
d3fe4866b80b2bcb233f58fdf981c3d1	1	92272	player	uade	Soundtracker II (31 instr.)	0	61880	fb1ebb36	03e8ccf7	MOD/DELTA2.MOD
d43d8bbbcf517e5d24736a6b6c54812b	0	169347	player	libopenmpt	DSMI Advanced Music Format v14	6	102627	fbd11d71	d8d55c60	CLIPS/ACCIDENT/MAZE.AMF
d4597c86822c65cfd4fdc74e1e9731cc	1	130693	player	uade	Noisetracker 1.x	0	82106	9b357c9b	c03ded80	MOD/MASTSVNT.MOD
d4ed2b099b86f4c44b2ebdfcde83abf2	1	207493	player	uade	Noisetracker 1.x	0	105968	d7c29ae5	2a8585f2	MOD/TOOBAD.MOD
d517426b8719cdd76c101730df043962	1	245893	player	uade	Protracker compatible	0	460096	4de7c7f5	041112b5	MOD/DIGITAL.MOD
d64ee7b21cd1ece3f23b5b387a143384	1	255579	player	st3play	Scream Tracker 3.01 (SB)	16	139442	fcdf7f93	1e8af3b2	CLIPS/CURSOR/FOTW.S3M
d66ecb45bbf0a72bcc4788aae00255a2	1	492852	player	uade	Startrekker (4ch)	0	327928	1e38e9f3	e0ee2c75	MOD/RHAPSPRP.MOD
d6b28406ed600cb089a75c5246c18e23	1	94222	player	uade	Protracker compatible	0	86876	261c074f	33b8556e	MOD/DTDMSOUN.MOD
d9092dbde1eceb1b8565728d9839b888	1	230541	player	uade	Protracker compatible	0	66236	4e9aa100	724c0fa1	MOD/DEARROB.MOD
d98a168f85fa7e224db0c489c42d4139	1	702857	player	uade	Protracker compatible	0	141118	735619cc	060c92ef	MOD/PROGRESS.MOD
d9af186159f0df898a8d9ae5bb7ba157	1	122755	player	uade	Protracker compatible	0	201834	5c3b459a	c22dc9f1	MOD/FALLEN.MOD
da19193ab374c8225f7c6e20ef5e317e	1	224131	player	uade	Noisetracker 1.x	0	123304	59692ab9	7d31d827	MOD/GALAC.MOD
da19193ab374c8225f7c6e20ef5e317e	1	224131	player	uade	Noisetracker 1.x	0	123304	59692ab9	7d31d827	MOD/GALACTIC.MOD
da1d753f7aadde3fc1c777e51edd02c6	1	172931	player	uade	Protracker compatible	0	143674	1ce4deca	ac8a72ff	MOD/BACKPOP.MOD
da5ed7b6126483363b7467dc21087348	1	215149	player	uade	Protracker compatible	0	71526	9a662c68	a2d448f5	MOD/VOYAGER.MOD
db2bcca4bd115c65045131a566096b59	1	98682	player	uade	Protracker compatible	0	61956	f75c2386	43d74438	MOD/TUNE1.MOD
db64e76edc3e306d7851ec0f45b09b8e	1	107645	player	uade	Soundtracker II (31 instr.)	0	65676	9ca9474c	895440db	MOD/HEVYCOOL.MOD
db769dfdb9a95061258c27ba9c4e9bb0	1	93633	player	ft2play	Fasttracker	8	162170	c6c322a8	cce39ebc	CLIPS/BYEMUSIC/_1DAND.MOD
dd0588d3c0208afe7ec7f988cecb542a	1	305037	player+silence	uade	Soundtracker II (15 instr.)	0	152684	62415f66	9e551a8f	MOD/PETSHOP.MOD
ddba6606404f75e62947ca355ecb1d69	1	253480	player+silence	uade	Protracker compatible	0	123264	b84af2e3	c16378a1	MOD/ANDANTE.MOD
ddc05906adb5c96468fffb0e3934c9f9	1	176875	player+silence	uade	Protracker compatible	0	147818	75f55d0e	5178ab4c	MOD/RAGTIME.MOD
de49b324fc2319bf7e9f5a3bd6183f5b	1	198103	player+silence	st3play	Scream Tracker 3.01 (SB)	16	192811	03d31f79	08cf2861	MOD/WIGGLE.S3M
df2388a7aa2d1e1f36792d57aa259611	1	61568	player	uade	Soundtracker II (15 instr.)	0	53520	023eb53b	089d09e5	MOD/HYMN.MOD
df6f3fa16627660429a20ecfb27b27e7	1	92915	player	uade	Protracker compatible	0	104666	aa8a7727	ba73a784	MOD/CONCERT.MOD
e10ae72c17bf03b1fe8f6bc6a82572a8	0	149456	player+silence	libopenmpt	DSMI Advanced Music Format v14	6	126332	e785e458	497faf9b	CLIPS/ACCIDENT/PATH.AMF
e1e2a18ce7d94c73364eb6bc90a37da3	1	128563	player	uade	Protracker	0	110702	a8dc838f	e928008f	MOD/TOMSDINE.MOD
e27203cbbd495df011557b8e9e2d01c3	0	107359	player	libopenmpt	DSMI Advanced Music Format v14	6	141054	0621c5aa	d81325f7	CLIPS/ACCIDENT/CARELESS.AMF
e285e84eb5ee22597b09d2af6216c518	1	134531	player	uade	Protracker	0	210764	dba9f8cb	78c8dda8	MOD/ROLLINGD.MOD
e2b82a4641a104e42158ea4ce734a20c	0	158483	player	uade	Ultimate-Soundtracker or compatible	0	67236	fbd5b3a6	aa6fa18c	MOD/AFL.MOD
e3638dee926dfba76adcaf9083bc3bf9	1	122997	player	uade	Noisetracker 1.x	0	56596	1f59b0ba	221bf21e	MOD/BIGNJAP.MOD
e3f64b92f67b197a8398d187219d62bb	1	99968	player	uade	Soundtracker II (31 instr.)	0	52028	b0db5d62	0ed7f622	MOD/ZETA.MOD
e45faab5027b41996284d6e991b28b29	1	172931	player	uade	Protracker compatible	0	133108	68b7bd95	06402695	MOD/FIELDGOL.MOD
e4efbd9ea773649150ef2b21382024f4	1	242176	player	st3play	Scream Tracker 3.2x (SB)	16	340912	78b21bdf	38df3be9	MOD/SHADE.S3M
e5b23dd662432c686b9dd13aa6ec682a	1	179321	player	uade	Protracker compatible	0	93828	475f00df	17bd21a9	MOD/1STBOATR.MOD
e5b2b4fe77e7dd11925efaa6da7fef29	1	136440	player	uade	Protracker compatible	0	172176	50bc6544	902f7d7b	MOD/KEEPBUST.MOD
e5f5d5186db61322e611c09bf240307b	1	217774	player+silence	uade	Protracker	0	126374	6786176b	87fc8138	MOD/GHOULS.MOD
e6b08eaf1113c927f629048bfdbf6150	1	80135	player	uade	Protracker	0	104814	210b7619	19098dbe	MOD/TEDDYB.MOD
e6c382d374cb9d2b156d20741b66abdb	1	194050	player	uade	Noisetracker 1.x	0	78928	874b1094	f9a8fdbd	MOD/LETSPRTY.MOD
e714c44a1e0a5d803b3392797db0de74	1	76920	player	uade	Soundtracker II (15 instr.)	0	85320	0297ad1d	88e48735	MOD/PAT.MOD
e7ade0cf177bdd3f1d0842d01c65de28	1	306790	player+volume	uade	Protracker compatible	0	124840	e6a73b8c	2d593304	MOD/MIG.MOD
e84de33227c1184e2c562b8d62f571b6	1	181169	player+silence	st3play	Scream Tracker 3.01 (SB)	11	333439	c3e96114	f28c66c9	CLIPS/SOLSTICE/TINKER.S3M
e84de33227c1184e2c562b8d62f571b6	2	22987	player
e84de33227c1184e2c562b8d62f571b6	3	61327	player
e84de33227c1184e2c562b8d62f571b6	4	23973	player+silence
e84de33227c1184e2c562b8d62f571b6	5	33818	player
e8820ae8d807ddde4fd7600676bbf736	1	128221	player	uade	Noisetracker 1.x	0	79292	0ce00d02	8f0eb44d	MOD/DIGTHIS.MOD
ea1aa147ddd9747f27f35d12f675cdc4	1	208056	player	uade	Protracker	0	68882	12cdad26	d16cd978	MOD/MANDELFO.MOD
ea2142f7f4fe6b8cc711e9a0349b0130	1	138369	player	uade	Protracker	0	119156	762743a2	a6f3c81c	MOD/DARKDAN.MOD
ea5f1b72b17a7b4fcb1006c87cf845ad	1	159166	player	uade	Protracker compatible	0	118130	7a669230	54897907	MOD/HITFIDO.MOD
eabdbe389dcb1e7978c2ec7cf70fc9ad	1	183670	player+silence	uade	Soundtracker II (15 instr.)	0	111536	2976f65c	a393087c	MOD/SPACETRA.MOD
eaea551009b5edf2a82cae336ec5512f	1	366780	player	st3play	Scream Tracker 3.2x (SB)	16	521376	0ab1b8ce	01cf0d4c	MOD/WILD.S3M
eb5f36b4f10aa1f91a2e657a3f8875f7	1	276116	silence	uade	Protracker compatible	0	176900	c8a8edde	fc16d531	MOD/DEMOCOMP.MOD
eb6b41da3b5dde253f342cb73c4cbff1	1	109574	player	uade	Protracker	0	232670	e8612011	b9e940d6	CLIPS/KAKTOOS/LOWFUCKO.MOD
eb7eea3e60de9fd65b5b911aded5a7ed	1	147974	player	uade	Protracker compatible	0	162168	803c0a66	25b7f7d2	MOD/OUTZIDE.MOD
eb810fab4e5e299308fcb46b3718cb36	1	188605	player+silence	uade	Protracker compatible	0	161044	6375acd7	a5840c60	MOD/MAKEMOVE.MOD
eba7b98c292a4a62b3dc32ed1470dd18	1	394310	player+silence	uade	Protracker compatible	0	161320	b0dcf2b7	8e568ec5	MOD/LUNAWAVE.MOD
eba7cc922a4258deadd31a59b75df774	1	133361	player+silence	st3play	Scream Tracker 3.01 (SB)	16	167614	d62a6232	6b3db4ba	CLIPS/CURSOR/BREAKME.S3M
ebf81e1aad5e80764eedacc903a3dc55	1	632023	player+silence	uade	Soundtracker II (15 instr.)	0	113192	1ce6690e	e0092a1a	MOD/AXELF.MOD
ecbcbbbf7311ac8e65a62982ab7008a7	1	261245	player	uade	Soundtracker II (31 instr.)	0	69348	6181e4c5	8fb6da03	MOD/AMEGAS.MOD
ed2d7ef7cb5fd2058792905af94b1361	1	270936	player	ft2play	Fasttracker	8	290604	b9dba30f	e6ef2044	MOD/YOU15.MOD
ed41f3c3a402962e938429c4c5e50c41	1	184233	player+silence	uade	Protracker	0	94240	14ffaa1f	acfd029e	MOD/BIGTHING.MOD
ee4b651691839c6e0b459f0c9a873301	1	199023	player+silence	uade	Protracker	0	79948	c3e4f06c	66faaca2	MOD/ACOUSTIC.MOD
ee86fc9b00fa98fbf619383618e6c622	1	138369	player	uade	Protracker compatible	0	59062	6cc6d660	3506de56	MOD/HITSQUAD.MOD
ee93d387eefa7d837dea0c68ef767c45	1	84616	player	uade	Noisetracker 1.x	0	57892	97c1cdee	68bc1389	MOD/TONALEC.MOD
ef8e30c2a421c1eba94ddb415f83a96c	0	210416	player+silence	libopenmpt	Master Soundtracker 1.0	4	144383	17b736bf	e1243465	MOD/EAGLE.MOD
efd7cd2d410944df199751cdfcd69499	1	226738	player+silence	st3play	Scream Tracker 3.01 (GUS)	16	311630	3df0ec63	04a11c5f	CLIPS/OFFSET/ARMADEDT.S3M
f04e19322d8136d95857a95e4b21c1b3	1	236996	player+silence	uade	Noisetracker 1.x	0	86016	b08fe2c7	38722155	MOD/TRILOGY.MOD
f058bb803c92c02c6b738ae995fecda5	1	133245	player	uade	Soundtracker II (31 instr.)	0	97676	4d15a903	d0c65162	MOD/MON.MOD
f13b2211273717991cad63f913631c85	1	84315	player	st3play	Scream Tracker 3.01 (SB)	8	169768	7037bed1	2248f6f0	CLIPS/EMOTION/VOODOO.S3M
f1ca1f109aab952e38530e3350c3149d	1	44910	player	uade	Soundtracker II (31 instr.)	0	60672	1841cf24	0deb9589	MOD/WIZARD2.MOD
f21a6cefe7deaa014a8782d535d24765	1	44910	player	uade	Noisetracker 1.x	0	51320	41fcb360	7a7a5877	MOD/FAIRLIGH.MOD
f21a6cefe7deaa014a8782d535d24765	1	44910	player	uade	Noisetracker 1.x	0	51320	41fcb360	7a7a5877	MOD/FAIRLITE.MOD
f2d31ab5c257a22e51089eb70ec834e1	1	322693	player	uade	Protracker compatible	0	148440	be628180	84e9481a	MOD/OMEN.MOD
f33c7960c00bbd78c2ba926042f16a94	1	7796	player	uade	Protracker compatible	0	88734	2480a443	fd1182a7	MOD/UNNAMED.MOD
f448dd16f5c07b394dbde926335850c4	1	400633	player+silence	uade	Protracker compatible	0	222976	83ab88bb	0b5af3a6	CLIPS/RIVERSOS/RIVERSOS.01H
f4acde78e5e414e8b97568f5e15779a8	1	192764	player	uade	Soundtracker II (15 instr.)	0	103068	37c9b8ce	6e50fa57	MOD/RATTRASH.MOD
f4b900ca9356de1318a9c9dce5394596	1	82044	player	uade	Protracker compatible	0	85956	808ab65c	18f96a45	MOD/BALAD.MOD
f5203b67ef111abb32cc3c043d78c4dc	1	179924	player	uade	Protracker	0	253252	dcd90238	0a129c8f	CLIPS/KAKTOOS/KREATION.MOD
f52a8f680de27a2911e97cea6509eba4	1	135937	player	ft2play	Fasttracker (M.K.)	4	156118	df2653a0	0faa4bdc	CLIPS/BYEMUSIC/V_SANDS.MOD
f6fbb3644b08731b0b7540e18bf10c47	1	76920	player	uade	Soundtracker II (15 instr.)	0	89502	8613a53e	0d73ce54	MOD/MIX1.MOD
f834a2d1b94047c1f8d4f58744860c18	1	144136	player	uade	Protracker compatible	0	68350	e7b23549	5cf6baf7	MOD/SAVANNAH.MOD
f9246c7e118651dbade5bf66c8c99de4	1	247433	player+silence	uade	Protracker	0	190482	fb74f5f4	b4ed91d9	CLIPS/KAKTOOS/UNDERGRO.MOD
f942f6db82aa76769428aedc361e2101	1	126511	player	ft2play	Fasttracker	8	251708	03c8559a	36ebee2d	CLIPS/BYEMUSIC/ESCAPE.MOD
fa5d9ea2e1f48f5740da9cef31157f89	1	178462	player+silence	uade	Protracker	0	196534	57f55ebe	f2732f51	CLIPS/VYNIL/SS-02.MOD
fba5f42461ddafc5ce74541a9281c8cc	1	76920	player	uade	Protracker compatible	0	176152	1a8a42ef	2d4ed069	MOD/INSANITY.MOD
fbfe1f3ab0399b2fc5779c7923d4702e	1	210849	player	st3play	Scream Tracker 3.01 (SB)	16	194298	31bcf721	345c54d7	CLIPS/CURSOR/FREAK.S3M
fd397ecbfb1d3521b9320a4fe48170f6	1	199692	player+silence	st3play	Scream Tracker 3.01 (SB)	12	109490	d3940f7a	4af0afe9	CLIPS/EMOTION/WNTRWIND.S3M
fd67a5c09a34eef1ab9f62edd357e026	1	144836	player+silence	st3play	Scream Tracker 3.2x (GUS)	10	266426	6c2034a8	a7580c1e	MOD/ARABIAN.S3M
fe9d50ea6d3c40e87b226e35fd54ff3e	1	375481	player	st3play	Scream Tracker 3.01 (SB)	7	210188	7216e6e4	978b862f	MOD/CLOSER.S3M
fee62484187180ac9bc758fa9a27db4a	1	252652	player+silence	uade	Protracker compatible	0	123688	a93ec6ed	e69a7d6c	MOD/STARSCRL.MOD
fef1547359a02ddd93c87e3f3c150743	1	232502	player+silence	st3play	Scream Tracker 3.01 (GUS)	8	233365	14ecfb5a	b3a22436	CLIPS/OFFSET/ALEX.S3M
ff2be2493f82149b4cabc2d7730934ec	1	169093	player	uade	Protracker	0	140514	72064cfa	42a8b3d4	MOD/WAIT4U.MOD
ff6f08bc19d6886590d4a41fb9a643d2	1	128121	player	uade	Protracker compatible	0	123742	be9524ae	69a8bfe4	MOD/FREEZING.MOD
ff78e74a73c3eeedd2a4f7b19bdcf2a2	1	144216	player	uade	Protracker compatible	0	303946	5e8665aa	7d0d881a	MOD/PUBLIC.MOD
