028782f18f1b6ca37f8e9f11350b8933	1	196556	player+silence	uade	Noisetracker 1.x	0	47272	58d787f3	9f8bc3f6	SOUNDS/MOD/MOR.MOD
02b8627ecc53e86067b86c1d917e4a52	1	301607	player+silence	uade	Protracker compatible	0	178230	7ff566f0	d315ae68	SOUNDS/MOD/BLUESTAR.MOD
030ec07f5e8a963ae4d1457ff7260784	1	99968	player	uade	Soundtracker II (31 instr.)	0	88036	f945dea8	479e5ca5	SOUNDS/MOD/CHINA.MOD
0430d768c1e9d7cd31497ad9773d5029	1	241527	player+silence	uade	Protracker compatible	0	205088	f89fa037	12d76e20	SOUNDS/MOD/ACIDOFIL.MOD
04ad90fb72fa4859db819ca75cd6127f	1	234359	player	uade	Protracker compatible	0	72126	0bbdeaba	cc03ea20	SOUNDS/MOD/LVTBRAIN.MOD
06cc173681d5a68a76e915c75da6ee21	0	207197	player+silence	uade	Soundtracker II - V or compatible	0	74688	28624073	f0ddccb0	SOUNDS/MOD/LOCOMO.MOD
06d229668860a649035a0b7ed40341ce	1	153721	player	uade	Soundtracker II (15 instr.)	0	145494	ac710d77	22d1c718	SOUNDS/MOD/MAX.MOD
08c70fc651d900d7cfdcf1089acb06b3	1	281721	player	uade	Soundtracker II (31 instr.)	0	50826	1bc13a8b	6ffa23fb	SOUNDS/MOD/INT.MOD
0963b685afcba2c950b664ebcf184d41	1	105340	player+silence	uade	Protracker compatible	0	125564	b94e00b3	5529cd89	SOUNDS/MOD/DREAMIT.MOD
09b24950f00876d740bd3f61bec8e949	1	291969	player	uade	Soundtracker II (31 instr.)	0	62800	827f1b2b	1ec18884	SOUNDS/MOD/SLEEPWAL.MOD
09d83b2407180c2c44abab767288fa21	1	107645	player	uade	Noisetracker 1.x	0	52664	b3f073c8	39485c99	SOUNDS/MOD/MUZAK2.MOD
0bbf1609947835b05eca166081260481	1	138369	player	uade	Noisetracker 1.x	0	55476	510b6141	6902971a	SOUNDS/MOD/ROCKING1.MOD
0ce8128634cdff47e83f042115b76c88	1	207493	player	uade	Noisetracker 1.x	0	131932	fedacdcb	2278ce01	SOUNDS/MOD/SAVAGE.MOD
0dbcf43e15d3a998389a7b8475ccc79d	1	390009	player	uade	Soundtracker II (31 instr.)	0	136276	4f035667	978cfed2	SOUNDS/MOD/JUSTBEAT.MOD
0df48cd52c6319822cfc0a6aa1c9355a	0	116185	player	uade	Soundtracker II - V or compatible	0	128594	10322943	86e43760	SOUNDS/MOD/NOPARK.MOD
0f04ba88c22009215386441381b1fb22	1	345561	player	uade	Protracker compatible	0	99840	51534134	edfe730a	SOUNDS/MOD/MONTY.MOD
10a95bb9f88e7a4df22aca2e89f1d8ee	1	30824	player	uade	Soundtracker II (15 instr.)	0	31648	4ac27ee3	9b7118c5	SOUNDS/MOD/DREAMSEQ.MOD
11a79ff1cf538a1e6ac247b236b6c30d	1	76920	player	uade	Protracker compatible	0	77168	da1fbf0d	7e1776c2	SOUNDS/MOD/SADHISTO.MOD
12fc484de287313f7c5875a75dcd93ef	1	107645	player	uade	Protracker	0	145732	c19cbd73	112a4b72	SOUNDS/MOD/ACID_PAN.MOD
1311f651fa0f4df4152369706cb8a046	1	235411	player+volume	uade	Noisetracker 1.x	0	222058	4a76122e	83e9e6c7	SOUNDS/MOD/RVLUTION.MOD
1505e92af634fe0275263128afc8bf69	1	428128	player	uade	Protracker compatible	0	175962	02afe75b	f24860d7	SOUNDS/MOD/ARMADA.MOD
1505e92af634fe0275263128afc8bf69	2	381570	player
1505e92af634fe0275263128afc8bf69	3	381570	player
1600947b0edc497bb8790df9785a58ee	1	176769	player	uade	Protracker	0	131276	08befd84	e5ebed61	SOUNDS/MOD/NOT_JUST.MOD
167998b4c955f351b63b05971ec7ab37	1	296048	player	uade	Protracker compatible	0	137356	fbb69842	e1d0263c	SOUNDS/MOD/PHANTASM.MOD
16f991681e96238fb9c298ea745b2d1a	0	30674	player	libopenmpt	Ultimate Soundtracker 1.0-1.21	4	39872	a5b3fd7e	573b62c2	SOUNDS/MOD/DEMO3.MOD
17bec25fada7247d360ca48aa85ef8b3	1	176357	player	ft2play	Fasttracker (M.K.)	4	90425	3e4ae6d1	c3c9eefb	SOUNDS/MOD/QUANTARI.MOD
17dd120ef98678ef69051aac2020a1d9	1	203635	player	uade	Soundtracker II (31 instr.)	0	79750	1858171e	4acbf2c2	SOUNDS/MOD/APC.MOD
17eda6027dfa58a3c86433ab2787bf5f	1	146045	player	uade	Noisetracker 1.x	0	95268	0091128e	4ec8db2a	SOUNDS/MOD/QUANTUM6.MOD
18a5bf94776574edc76d2d9d91a3c8a8	0	47522	player	uade	Ultimate-Soundtracker or compatible	0	57596	9e5ae574	f307e6ad	SOUNDS/MOD/SLL5.MOD
1abbbc0842829d801831dbd83bc9c16b	1	179321	player	uade	Noisetracker 1.x	0	142872	c8c45323	55d71ce6	SOUNDS/MOD/POMO.MOD
1ad6cebcd89cdd87aa7c84f65f2a2597	1	296129	player	uade	Protracker compatible	0	96956	9ae49a90	79c7f66a	SOUNDS/MOD/SLAPPYAN.MOD
1ae6a4a843cee46a8177a05eb609e5d4	1	106700	player	uade	Protracker compatible	0	92908	089e9309	3167c3e3	SOUNDS/MOD/JAR.MOD
1c69b0752644627e35261602d69678d2	1	306055	player	uade	Soundtracker II (15 instr.)	0	204712	5f6905cc	bc51a5fb	SOUNDS/MOD/MET.MOD
1cc6d128d1dae0c82a31419d262fc3e0	1	237381	player+silence	uade	Noisetracker 1.x	0	105716	961bc02f	d84a28e8	SOUNDS/MOD/COMMAND.MOD
1db84ba9228a6d2a0b94fb7450537fe9	1	92272	player	uade	Noisetracker 1.x	0	48352	1793a6be	bb928b5b	SOUNDS/MOD/PIA.MOD
1e4fa9bf625a28210f7ab3f27893c986	1	192141	player	uade	Noisetracker 1.x	0	50924	317bf529	5f21ad2c	SOUNDS/MOD/RIP.MOD
1f3a7417f4f7468594f83fa71348f49a	1	222845	player	uade	Protracker compatible	0	94734	b5cea569	c81f355d	SOUNDS/MOD/MASQRADE.MOD
1fb78e420eb25de2b46006e1e6778723	0	168972	player	uade	Soundtracker II - V or compatible	0	60940	63ba9931	6b21340b	SOUNDS/MOD/RAWSYNTH.MOD
258e80e1bdbebd284dd285b7067371c9	1	255619	player	uade	Protracker compatible	0	159730	8269ac1d	28d4f408	SOUNDS/MOD/CRUSHING.MOD
25fe2191429184d7752741bd8d0d157e	1	76920	player	uade	Noisetracker 1.x	0	69956	791e557c	733368ef	SOUNDS/MOD/ALL.MOD
2677e9614ee68910a3dd3370efa0f2b7	1	215149	player	uade	Soundtracker II (31 instr.)	0	99400	a8337dff	4ca4e260	SOUNDS/MOD/ROBOTRON.MOD
26b3d0a25fca5f1b6eed14ac0bf5a7bd	1	61568	player	uade	Protracker compatible	0	45430	eb2ea87d	a5419e56	SOUNDS/MOD/BALL_1.MOD
26f20a5b715cf77275bf46f8e10a0c65	1	153721	player	uade	Protracker compatible	0	127172	c5247f9a	8d26d083	SOUNDS/MOD/B_WAREXT.MOD
284cfad796b910ac9e98afb220ce1be9	1	153160	player+silence	uade	Noisetracker 1.x	0	71552	bd1dd6b9	cf781384	SOUNDS/MOD/OXYGEN.MOD
2860e9b8b3d1b175ec59d1e56ba6c045	1	210205	player+silence	uade	Noisetracker 1.x	0	93588	86aef072	71de0ba2	SOUNDS/MOD/ARCANE.MOD
2a4bbdf0d7f00584f4ae940fd7ec3c7a	1	400699	player	uade	Protracker compatible	0	93106	7c65c725	de9d366d	SOUNDS/MOD/PUSHMAXI.MOD
2c1cdef21cc95eefb6710b38269f0843	0	114229	player+silence	uade	Soundtracker II - V or compatible	0	118554	24c4afb0	68650d2f	SOUNDS/MOD/RABBIT.MOD
2de3d886f3c4afd899d938047ae71123	1	127478	player	uade	Protracker compatible	0	182188	88e88452	c8c3f260	SOUNDS/MOD/ICEBABY.MOD
2e36be516aed1c6aaf584f79509f244a	1	207493	player	uade	Soundtracker II (15 instr.)	0	104980	66520de5	92e98af5	SOUNDS/MOD/PETERGUN.MOD
2ee1dae96699e099c8c6b9179161b726	1	139198	player+silence	uade	Soundtracker II (31 instr.)	0	87408	d53dd011	93482d0a	SOUNDS/MOD/NIT.MOD
2ff3bf89e9626cf1c37181ea2beeb0c5	0	155783	player+silence	uade	Ultimate-Soundtracker or compatible	0	83216	d4e0656b	cd549669	SOUNDS/MOD/SLL1.MOD
2ff56a10436f426b3029b2c6d0cd1178	0	122697	player	libopenmpt	Ultimate Soundtracker 1.8-2.0	4	16384	d965f96c	ee466527	SOUNDS/MOD/SLL8.MOD
308975a50640ecb737a8dd0b616a4634	1	185751	player	uade	Protracker compatible	0	160990	60ad3a55	da4279ed	SOUNDS/MOD/HYSTBABY.MOD
30961e5b4fbba69bcba626918513c41e	1	200645	player+silence	uade	Protracker	0	119746	b5298318	0e3e994e	SOUNDS/MOD/MANDELDU.MOD
30c2d4976386c356fbcf7c252087b432	1	116586	player	uade	Protracker compatible	0	31734	2fd19ed8	102e2eb0	SOUNDS/MOD/MID.MOD
320dec201801f4db97d675dda896d56e	1	176769	player	uade	Soundtracker II (15 instr.)	0	89040	85d523ea	e1534eaa	SOUNDS/MOD/NORTH.MOD
32f0eb5a4b357b556ebf2b3766782494	1	199200	player+silence	uade	Protracker	0	256276	e8495869	9d646e62	SOUNDS/MOD/MOONGATE.MOD
336c7167b0534c4ee8e1e7f6bc70cc5d	1	238197	player	uade	Noisetracker 1.x	0	109540	bca2a1c0	db5cb1b6	SOUNDS/MOD/ADORE.MOD
344c887648dc9e4befc9fa27345e903d	1	176060	player+silence	uade	Protracker compatible	0	62732	3f7bdba1	e24d2eea	SOUNDS/MOD/CANON.MOD
34b62f7fa46f0240b617e4f2c54a35b7	1	118334	player+silence	uade	Protracker compatible	0	69322	43843a69	baf701c8	SOUNDS/MOD/NUMAN2.MOD
35fefb1e354d92df5eb05c05c6197f86	1	188283	player	uade	Soundtracker II (15 instr.)	0	110388	d194e79f	a8c396bb	SOUNDS/MOD/SMASH2.MOD
3639c692d11c9dbedfcd098145c6eadf	1	107645	player	uade	Soundtracker II (15 instr.)	0	38396	1f8ba76f	2c4fc8ea	SOUNDS/MOD/ATOMIC.MOD
37051c0c8cd4ef59a117c0c912a1f47e	1	134531	player	uade	Noisetracker 1.x	0	90914	e3825fe7	68920d73	SOUNDPRG/VISUAL/COUNTRY.MOD
39e6a1b18b3ba50e5ae05ff48de088cc	1	163969	player	uade	Protracker compatible	0	146166	414f8dde	5ee00338	SOUNDS/MOD/LONG_SLI.MOD
3b8b9e74a73aaa871ef4b63333276014	1	215149	player	uade	Soundtracker II (15 instr.)	0	56446	7ed5c6a1	d7ff533e	SOUNDS/MOD/NONAME.MOD
3b8dc858e7d574ee9e92e38b53c1d3b6	1	223207	player	uade	Soundtracker II (15 instr.)	0	94738	17aa7611	6e180b0b	SOUNDS/MOD/OXIGIN.MOD
3be9d35475af11ca6cea2d3a61f83e13	1	176769	player	uade	Noisetracker 1.x	0	102396	a3798a15	abc0c763	SOUNDS/MOD/IDE.MOD
3bf5b9648e069e328336cc1d9d3efb8f	1	199797	player	uade	Noisetracker 1.x	0	65924	422f7470	a98ddc84	SOUNDS/MOD/MAG.MOD
3c1b78e2fdfa7f69d53d581ecde57571	1	115321	player	uade	Noisetracker 1.x	0	100236	c12426a3	63b24daa	SOUNDS/MOD/JAMMYF.MOD
3c3e4421d3533d64bd3d2721cf912246	1	48125	player	uade	Protracker compatible	0	53064	884e6512	f2c7c3f8	SOUNDS/MOD/INTRO_TU.MOD
3f87d7f2f2c8cd9615ec5a3561c1671b	0	122916	player	uade	Soundtracker II - V or compatible	0	95430	ad19e199	cee37425	SOUNDS/MOD/PIRANHAS.MOD
3fae30cb6fbcae582f754dea3ff10dad	1	80758	player	uade	Protracker compatible	0	42804	1ef09514	2de855ba	SOUNDS/MOD/BATMAN.MOD
3fff7902311571efcad8817ca55a192b	1	146045	player	uade	Soundtracker II (15 instr.)	0	204674	60a23661	c74d0a2b	SOUNDS/MOD/BERLIN.MOD
4047b5d0c4238b185ab81ebbdaf3f055	1	117350	player	uade	Noisetracker 1.x	0	71472	43775d66	b5d14b4b	SOUNDS/MOD/3D.MOD
423951c6677138f47bcfbebec1c1e926	1	275461	player+silence	uade	Protracker	0	163738	d2103f5e	4e631db3	SOUNDS/MOD/SCRAMBLE.MOD
44cace85f4b31146add958fb02dbd93c	1	134531	player	uade	Protracker compatible	0	68682	4ec33946	1ea9fe40	SOUNDS/MOD/PARTY.MOD
451f2abfb03d7de40ae3b7df3c61a44d	1	246838	player	uade	Noisetracker 1.x	0	78188	ff35ee33	882ddfe0	SOUNDS/MOD/LOWALTIT.MOD
45ff356c0fe2c9fd8a4f8907f27a8457	1	153721	player	uade	Noisetracker 1.x	0	123576	f44c6939	a62e3a09	SOUNDPRG/VISUAL/HELMUT.MOD
46c3b5fa4ec40c2bb69eb68aeea7c6b9	1	115321	player	uade	Soundtracker II (15 instr.)	0	111890	6f369cd3	b4b078ea	SOUNDS/MOD/MADMONKS.MOD
486d7cada89a52e95fb16fe8900bbf30	1	107645	player	uade	Soundtracker II (31 instr.)	0	45824	5430e756	4aa937e2	SOUNDS/MOD/CEBIT.MOD
49aa26bb48671e012ec311917da283ca	1	377310	player	uade	Protracker compatible	0	194244	dcc86a77	4ede5b40	SOUNDS/MOD/DEEP.MOD
4a23a7621e732580bc3bd6b7f287c93b	1	226603	player	uade	Protracker	0	181882	0ff949a9	f527608e	SOUNDS/MOD/SADNESS.MOD
4a47e4f17d04516b347842f630d72626	1	238197	player	uade	Protracker compatible	0	131668	1f37be41	81cb6c40	SOUNDS/MOD/MINOAN_W.MOD
4a47e4f17d04516b347842f630d72626	1	238197	player	uade	Protracker compatible	0	131668	1f37be41	81cb6c40	SOUNDS/MOD/MINOAN.MOD
4a871f28e06e7c756adfad8235bf4452	1	176769	player	uade	Protracker compatible	0	58960	00109222	c39f1d88	SOUNDS/MOD/ROKNPEBL.MOD
4ce7387cf12b44ab01c23ef32274eb85	1	182006	player+silence	uade	Noisetracker 1.x	0	91456	949ddd55	4bc78d80	SOUNDS/MOD/SAHARA.MOD
4e84e4d7f571fb3c216738d75ef36acc	1	192141	player	uade	Protracker compatible	0	190698	5c9e2079	466142d3	SOUNDS/MOD/GUIFREE.MOD
4eb19cab8eb52a6e175ee7a3c57ee49a	1	138369	player	uade	Protracker compatible	0	84210	f027f63b	44628f75	SOUNDS/MOD/SALUTE.MOD
4f7276312518fcfabb17d4417c2697d8	1	192141	player	uade	Protracker compatible	0	108310	779a391a	6db23704	SOUNDS/MOD/NIGHTLIG.MOD
50323df48b7523aeebccfeea8bba563a	1	284293	player	uade	Soundtracker II (15 instr.)	0	99068	de17ca8b	4b632e98	SOUNDS/MOD/SETDANCE.MOD
508ffda5ba71299221b83866a6bc36a8	1	192141	player	uade	Protracker compatible	0	78420	5aa90ec8	efcd6fec	SOUNDS/MOD/BALL_4.MOD
5109b47393ce2e78433cdeae3c8af7ba	1	283268	player	uade	Noisetracker 1.x	0	166558	79cc9f1e	b5054575	SOUNDS/MOD/ANTARES1.MOD
52abb0ead7be805190b09be5d20d8ac8	1	138369	player	uade	Protracker compatible	0	71730	372f157f	eeb3bd3e	SOUNDS/MOD/MADE.MOD
54a6033af515eb1be2c3d7a1023baa54	1	163969	player	uade	Protracker	0	27598	40f86780	bc7456f4	SOUNDS/MOD/4MA.MOD
5504aa02c5d301829040835aac769bd8	1	141709	player+silence	uade	Protracker compatible	0	102562	f2565385	8fc79eb2	SOUNDS/MOD/AIRWOLF.MOD
551f04e1169625ff002733a68d670d71	1	108931	player	uade	Soundtracker II (15 instr.)	0	111052	593c9cc9	c0dc151c	SOUNDS/MOD/AWESOME1.MOD
5546c73938c906b2f1e395634c4e8372	0	158285	player+silence	libopenmpt	Ultimate Soundtracker 1.0-1.21	4	101284	1c63d4fa	6568e32c	SOUNDS/MOD/RIFF.MOD
56552d53ec5c05fc358d69392d6df8fb	1	276597	player	uade	Soundtracker II (15 instr.)	0	110212	dec1e9c9	bbada2a0	SOUNDS/MOD/ARVIDS.MOD
57acd1de8e49447b8a29e749ecb3a76e	1	153721	player	uade	Protracker compatible	0	74696	0d91b8d9	e1bb1551	SOUNDS/MOD/KILROY5.MOD
58a8ac7674160d0ec6340048470c39ff	1	257258	player+silence	uade	Soundtracker II (15 instr.)	0	126756	575260e3	160fcd68	SOUNDS/MOD/CANT.MOD
5a4860c5f756038c5e7273c90f622b4b	1	238197	player	uade	Protracker compatible	0	115724	3eaf0534	e9c21562	SOUNDS/MOD/IRONTEAR.MOD
5b0e64b8f9b1a5ff4fa36465da94a2f9	1	307321	player	uade	Noisetracker 1.x	0	68564	9a5c3602	7ee21d0f	SOUNDS/MOD/MOK.MOD
5c777365deb1022b38048e672ba005f8	1	153721	player	uade	Soundtracker II (31 instr.)	0	146048	48d4007b	4fda4528	SOUNDS/MOD/COUSINS.MOD
5d7023844d2e3cf014815dc4b6aa5c3c	1	192764	player	uade	Soundtracker II (15 instr.)	0	103068	a368b9d5	46423f9c	SOUNDS/MOD/RATTLE.MOD
5d86af83df591b71df156f1161f9a47a	1	350918	player+silence	uade	Protracker compatible	0	153990	812addc3	be3d7f65	SOUNDS/MOD/ROWROWMO.MOD
5fe0dc2e21d12c0d69765371b4157772	0	64040	player	uade	Soundtracker II - V or compatible	0	23450	067e0374	1e266970	SOUNDS/MOD/LOADER.MOD
603a7d9d6fca7c5096500772786feb1c	0	136708	player+silence	uade	Soundtracker II - V or compatible	0	105070	114016a8	ca63afea	SOUNDS/MOD/JANE.MOD
607ecb58518077ff4b00a8b9915c1bb2	1	134531	player	uade	Soundtracker II (31 instr.)	0	101520	4e1dd574	67e7d3f8	SOUNDS/MOD/ON_.MOD
6205ce23216b0cf539d3c1b512f8eab9	1	175663	player+volume	uade	Protracker compatible	0	144772	66288d7a	e4d08e82	SOUNDS/MOD/RBI.MOD
62e5889862b4060a2e1f5f91639cf6a0	1	152429	player+volume	uade	Protracker compatible	0	144204	8c2227a7	1bedd91f	SOUNDS/MOD/ASPHYXIA.MOD
633bee9ad94e8ff34d74721bd7f947d0	1	21803	silence	uade	Soundtracker II (15 instr.)	0	70438	65a7a284	dc4c1732	SOUNDS/MOD/PEPE.MOD
637d22cd57050ddd176cafad9424807b	0	260731	player	libopenmpt	Defjam Soundtracker III / Alpha Flight SoundTracker IV / D.O.C. SoundTracker IV / VI	4	68464	c50aca71	5106128d	SOUNDS/MOD/AMEGAS.MOD
651fb6da0956f038b10c7ea3cf0dc0a9	1	542193	player+silence	uade	Protracker compatible	0	107346	2bdb22a8	6d923ae0	SOUNDS/MOD/NEGLIGEN.MOD
659503bcdb76a77790edbcd743a7ea62	1	158642	player+silence	uade	Noisetracker 1.x	0	101368	8cf70487	4131ece8	SOUNDS/MOD/RIPP.MOD
663e27704b2fd58f7029c80becb97245	1	299645	player	uade	Protracker compatible	0	96220	c58eaf59	6a3bae7d	SOUNDS/MOD/A2.MOD
66cfbe0f84e84f9f89e59cc1c1d74e9b	0	53679	player	libopenmpt	Ultimate Soundtracker 1.0-1.21	4	29072	2a213f98	7ac8689c	SOUNDS/MOD/QUIET.MOD
66ea77ced797b2a9d30e893b66e0e580	0	206026	player	uade	Ultimate-Soundtracker or compatible	0	65440	c6a18b4c	e62410e4	SOUNDS/MOD/FINVIS.MOD
679ce40c23b9fee14689b285564b1f62	1	161913	player+silence	uade	Protracker compatible	0	116230	6a71f9c3	617146a2	SOUNDS/MOD/RUN_THE_.MOD
67e59ab72fec1aa934b86978e09de2af	1	170580	player	uade	Protracker compatible	0	197674	792c9645	fbdcfd12	SOUNDS/MOD/AFRICA.MOD
67ee6108f41158f35d44d8071d7b454e	0	30674	player	libopenmpt	Ultimate Soundtracker 1.0-1.21	4	44996	49b4dfeb	93fcef75	SOUNDS/MOD/SLL4.MOD
68316e3a30fbdf9849387e028b853209	1	81427	player+silence	uade	Protracker compatible	0	70890	5afeb12f	9a21850a	SOUNDS/MOD/AUSTEXCD.MOD
68cdd504f50a3b2ce408cbc85ad0cbd8	1	309701	player+volume	uade	Protracker compatible	0	252004	93092abe	8e0d98e0	SOUNDS/MOD/FLIP_HOU.MOD
68dd096ec04e470bc742b364950af9d3	1	199797	player	uade	Noisetracker 1.x	0	88404	25abc149	4a81d997	SOUNDS/MOD/GHOST.MOD
69882c2bc56e2077ea12b5aea15c1b98	1	65406	player	uade	Soundtracker II (15 instr.)	0	189920	49b30dde	5476e823	SOUNDS/MOD/CRYBAB.MOD
6ba65801c817435ed584c317de48c616	1	192141	player	uade	Protracker compatible	0	88480	89d1e536	843334ad	SOUNDS/MOD/6BEAT.MOD
6bba241300965536305e2d175d97892b	1	122494	player	uade	Protracker compatible	0	66942	879e54c5	c828442c	SOUNDS/MOD/BALL_3.MOD
6bdf760483f0641036856879e6c428ec	1	194291	player	uade	Soundtracker II (31 instr.)	0	92160	5b5fb0e8	f6647844	SOUNDS/MOD/PSYCOSTA.MOD
6c0e66f6cc8701cc0f1ff48a5191d93e	1	238197	player	uade	Soundtracker II (15 instr.)	0	41364	a00a0d21	ed28d41d	SOUNDS/MOD/BLUESONG.MOD
6c613f2f8f48ea6e0125ecf5f24f711f	0	142629	player	uade	Ultimate-Soundtracker or compatible	0	58412	bb74980f	ebd933fa	SOUNDS/MOD/EBYT.MOD
6e296c6374465c4b6aa3166fc4cea731	1	199797	player	uade	Soundtracker II (15 instr.)	0	78912	86849ff8	51fa0d32	SOUNDS/MOD/LOOLOO.MOD
6f2c3e78c11aff1fe8f965450d2b0260	0	64040	player	uade	Soundtracker II - V or compatible	0	81476	8963b301	15e8812a	SOUNDS/MOD/OST.MOD
6f32f1c71045f6cb72138aafadbb06ea	1	414807	player+silence	uade	Protracker compatible	0	165182	39b17d5d	2f77a5cf	SOUNDS/MOD/2010.MOD
6f8ade8fccd37c95ef7a0bed358816a8	1	237112	player	uade	Protracker compatible	0	65023	ef14a96b	e5f1a276	SOUNDS/MOD/REBELS2.MOD
6fabededd2e0e21d6dc65806b9c8d3c2	1	184445	player	uade	Noisetracker 1.x	0	78724	e4b67f60	b504f5f8	SOUNDS/MOD/MYSONG.MOD
6fb6acd7df4f0717c92e9d168535c0e8	1	354826	player+silence	uade	Protracker compatible	0	184430	51b9135b	5db4800c	SOUNDS/MOD/LIVE_JAM.MOD
724a71f09b98a3f6b014fedd0e5874f9	1	222845	player	uade	Noisetracker 1.x	0	180818	27d4df04	39cffd74	SOUNDS/MOD/NEWKISS.MOD
745096c76c06628257be18482f15989f	1	212874	player+silence	uade	Noisetracker 1.x	0	52096	17ec16f9	a16d9459	SOUNDS/MOD/MUZAK.MOD
7465dd1f47adce60cf4498f12bf6b527	1	169093	player	uade	Protracker compatible	0	91504	db94e586	a6ca11b3	SOUNDS/MOD/NIGHTFLL.MOD
74ac35b4bf41d435e1f04f1dd249e41e	1	115321	player	uade	Soundtracker II (15 instr.)	0	79310	432be897	a26fe5c7	SOUNDS/MOD/S1.MOD
750777dc13bb5edd5f8e75d5d17588bd	1	158211	player+volume	uade	Noisetracker 1.x	0	122388	6f9da3db	fe78191f	SOUNDS/MOD/CHOPPER2.MOD
758e05c9f004006e8beb68fd079751bf	1	238197	player	uade	Soundtracker II (31 instr.)	0	58052	437b348c	cc3a2e03	SOUNDS/MOD/IT.MOD
75f69e36c038479648e4e392cb5821ce	1	30824	player	uade	Noisetracker 1.x	0	39232	5cecd0fa	06bc45bc	SOUNDS/MOD/ACK.MOD
769211422fa798f706770d32437b9608	1	414866	player	uade	Noisetracker 1.x	0	214704	9a468fed	ffca1006	SOUNDS/MOD/RAINY.MOD
772887b4316c08b0634d7002d454b38a	1	66029	player	uade	Protracker compatible	0	68960	efc44e20	8036ca1b	SOUNDS/MOD/OPERATIN.MOD
7784b8a4fce4ecb662506fa2e2f8d40e	1	215149	player	uade	Protracker compatible	0	90112	5a3d91fd	961abe6c	SOUNDS/MOD/SLASH.MOD
77fe4797e1853b01752d3425a2e9536d	1	30824	player	uade	Soundtracker II (15 instr.)	0	33172	cdab7d36	75fb4eeb	SOUNDS/MOD/GSC10.MOD
7825da0bdc31950982abd5d2a0593efb	1	128121	player	uade	Soundtracker II (15 instr.)	0	64628	1be1423d	5da08af8	SOUNDS/MOD/AWESOME2.MOD
7893b12eced051f0fb353cf176f98fad	1	132417	player+silence	uade	Protracker	0	213378	0d4ad478	1316b872	SOUNDS/MOD/POWER.MOD
79836174cfffc09dab65b6e0ae573127	1	115321	player	uade	Noisetracker 1.x	0	39424	c3165028	c1c5e6da	SOUNDS/MOD/ARTELLI.MOD
7b76e1137d83a73488c9c2fd89b260f4	1	245893	player	uade	Noisetracker 1.x	0	46800	4f4097f5	39cf258b	SOUNDS/MOD/PT.MOD
7ba9ee8234aaae01a5e021071a1f4daa	1	207493	player	uade	Noisetracker 1.x	0	99280	76f041d1	61b653ee	SOUNDS/MOD/BA1.MOD
7bf820acd91aefddf8bfa8905cf23437	1	180142	player+silence	uade	Protracker compatible	0	187734	6ba9a7b6	be43c0a7	SOUNDS/MOD/HOU.MOD
7d69a5fed8da813de169bd5cd45732c7	1	381410	player+silence	uade	Protracker compatible	0	110240	417d31ed	37e1ff69	SOUNDS/MOD/DEVILS.MOD
7dd73adf393e7edc9e8a0443789f586c	1	229992	player+silence	uade	Noisetracker 1.x	0	312214	93cfde9c	18e01f52	SOUNDS/MOD/HOUSE.MOD
7f5073fc5a8e5721cd37f59857b74cc4	1	309371	player+silence	uade	Noisetracker 1.x	0	169016	77101a1b	5b4f43ad	SOUNDS/MOD/RETROGRE.MOD
7fa8c7e5ee1c0614ce53005e5dbdfd1e	1	160064	player+silence	uade	Noisetracker 1.x	0	96978	22f4728d	de4e0dc4	SOUNDS/MOD/MEGAFOR.MOD
7fe69ea4e33493796b2267bb005fce26	1	265968	player+silence	uade	Protracker compatible	0	98750	070e7f78	9573f86d	SOUNDS/MOD/POORMOUT.MOD
819d24739e977095cd7e974e7a8df05d	1	73082	player	uade	Noisetracker 1.x	0	57128	d94be46b	71566739	SOUNDS/MOD/PIANO_PL.MOD
822994b247f09d1fd3a43bccee70b6ff	1	16389	player+silence	uade	Protracker compatible	0	29622	defd2d96	3665fa60	SOUNDS/MOD/NO_MORE_.MOD
82b0be936ec646bd2f8681d19176936e	1	310016	player+silence	uade	Soundtracker II (31 instr.)	0	78742	53c7718c	52cf2bb8	SOUNDS/MOD/MAGNETIC.MOD
82b0be936ec646bd2f8681d19176936e	1	310016	player+silence	uade	Soundtracker II (31 instr.)	0	78742	53c7718c	52cf2bb8	SOUNDS/MOD/MGNFLDS4.MOD
82b1151734bc650c310b84dcb1ee5990	1	153721	player	uade	Soundtracker II (15 instr.)	0	123982	1a31c35b	e10f5238	SOUNDS/MOD/QUITTING.MOD
83a75c7b316ce2ab6ecdd73302a9c2fb	1	158041	player	uade	Protracker	0	99328	0c87022b	a2a3bf8a	SOUNDS/MOD/AHIT.MOD
83d908f28ca2a436e7a08f985d872e40	1	157251	player+silence	uade	Noisetracker 1.x	0	96520	f7efb17e	21ffe9b4	SOUNDS/MOD/DEF.MOD
848daa6d59a9976b61569286389329b5	1	453246	player	uade	Protracker compatible	0	143136	40403801	2d62d572	SOUNDS/MOD/MADNESS.MOD
86ae14310d504c6b1ad11b546f3aaf8d	1	291636	player+silence	uade	Protracker compatible	0	274728	47806c5e	149f78e5	SOUNDS/MOD/ELMSTRT.MOD
86e97592d04a0474428cda32c945833d	1	219007	player	uade	Protracker compatible	0	162460	ae808e63	2bf2f082	SOUNDS/MOD/SCOOPEXT.MOD
86eba4190c26331d8fbf837949056eea	1	355616	player+silence	uade	Protracker	0	84158	359d07fd	d1268fb9	SOUNDS/MOD/HYSTERIA.MOD
872a74e16fbba40f78fa0e99eedf31c3	0	631987	player+silence	uade	Soundtracker II - V or compatible	0	115592	d716139f	26f529e0	SOUNDS/MOD/AXEL_F.MOD
877219abffb6ebfd6a9140278e465759	1	430278	player	uade	Protracker compatible	0	163570	44a29add	787d21e3	SOUNDS/MOD/IMAGINAR.MOD
886683397daa7562b961da6b60c152d0	1	306819	player	uade	Noisetracker 1.x	0	138966	8311958e	324284c4	SOUNDS/MOD/RIFFRAFF.MOD
8a2ceb409b92b20775c519b7d3c8f0ce	1	316223	player	uade	Noisetracker 1.x	0	167936	94792f66	b25003f0	SOUNDS/MOD/DESIGN.MOD
8a5a27c49eba9a4039c0e8927064eaae	1	143493	player	uade	Protracker compatible	0	92480	c3b70695	626f4fe1	SOUNDS/MOD/SHADOWFI.MOD
8aa89941e69187ffb647120ebe01f5b7	1	344134	player	uade	Protracker compatible	0	127648	59d36278	9ec7e5a4	SOUNDS/MOD/PLANETS.MOD
8acd25020e5560aad9fccd1575abeb65	1	44910	player	uade	Protracker compatible	0	39210	77003471	4c3a25f4	SOUNDS/MOD/MUNK_JAM.MOD
8ad29522efeac6526f93a809456733b5	1	242055	player	uade	Protracker compatible	0	106026	e4ee9063	456aae5c	SOUNDS/MOD/CHICAGO.MOD
8cb50f1ac19241fd2594e363314f5e3b	1	188562	player+silence	uade	Protracker compatible	0	115272	c8f95924	132517ed	SOUNDS/MOD/RHYTHM_M.MOD
8de3f13913e2c1e7b91ca4eda87bb3b8	1	153686	player+volume	uade	Soundtracker II (31 instr.)	0	43386	4016babd	6497fa6a	SOUNDS/MOD/ECH.MOD
8e570a9cb9c8f03b41819b8f5ad5f38e	1	276597	player	uade	Soundtracker II (31 instr.)	0	76896	f1276699	1bba15d6	SOUNDS/MOD/SARCOPHA.MOD
923e41bf8036e7026f98b3f8cf7fd2c9	1	215149	player	uade	Soundtracker II (15 instr.)	0	95800	ce5d1acb	dff76584	SOUNDS/MOD/MVB.MOD
930c89d487d8ab8dc8c035b78a89c8a5	1	299645	player	uade	Protracker compatible	0	140650	4411e6da	fd5c8f59	SOUNDS/MOD/POSEIDON.MOD
934304a6309388f72f9a8f0fe6a2bbd7	1	184445	player	uade	Noisetracker 1.x	0	81252	26907bde	34630f83	SOUNDS/MOD/RSIGSC.MOD
93cb5877d3e324b609636d67ccedbf76	1	329103	player	uade	Protracker compatible	0	125272	fedceda3	cabc92ab	SOUNDS/MOD/ROOTS.MOD
9512776fc04c01edac4a9723f7b2a943	1	158830	player+silence	uade	Protracker compatible	0	174378	5f3701f1	01084674	SOUNDS/MOD/DLV.MOD
952d9df2b1670281dd3ad740e8db5385	1	137163	player	uade	Noisetracker 1.x	0	75748	775acb47	8a2f6d35	SOUNDS/MOD/HOLLIW.MOD
976f07c55ad655b2ec087ab838c16d20	1	296129	player	uade	Protracker compatible	0	96956	2336f719	d2889fb1	SOUNDS/MOD/BLUE.MOD
97a883634e322fb5cdfb8b19e57fb60d	0	168708	player	libopenmpt	Ultimate Soundtracker 1.0-1.21	4	86120	fe1ac344	ef702d4f	SOUNDS/MOD/NIGHT.MOD
9868b1948e9b7f1bc58a63d3e0cb10c8	1	238197	player	uade	Protracker compatible	0	162048	e590051d	bae10bdf	SOUNDS/MOD/PUMPUP.MOD
9ab6803f5365c0c680d133faa86abe30	0	99691	player	libopenmpt	Ultimate Soundtracker 1.0-1.21	4	104740	958e34d7	8a5ffeb0	SOUNDS/MOD/JWX1.MOD
9bb3b210c8b1e162d07d794674f8ccf6	1	207493	player	uade	Soundtracker II (31 instr.)	0	68018	b11823a3	af688438	SOUNDS/MOD/HEN.MOD
9c06bc85b88cb3e6ff836f08a8f6e5a2	0	87168	player	uade	Ultimate-Soundtracker or compatible	0	58244	67e012eb	45a1a6ef	SOUNDS/MOD/SCHLUCHZ.MOD
9cb934a9f205da7945522fea5294bbaf	1	215149	player	uade	Noisetracker 1.x	0	69644	1082f62c	2e5bbd3a	SOUNDS/MOD/INC.MOD
9cfe1f694b64df0ea3b8b56e643aadde	0	91128	player+silence	uade	Ultimate-Soundtracker or compatible	0	66044	57069f4d	2c40a1ac	SOUNDS/MOD/SLL3.MOD
9d4f0729dc3b6b2b3ca77a8412678ad3	1	176769	player	uade	Noisetracker 1.x	0	88944	81d1980e	e782df12	SOUNDS/MOD/NH.MOD
9e632aef140ecc3f72085d04fa787220	1	55962	player	uade	Noisetracker 1.x	0	51712	14e5a762	cc43ec6a	SOUNDS/MOD/AIR.MOD
9e8741fda45d2e1cbd7c33235a6e3103	1	122997	player	uade	Noisetracker 1.x	0	149166	452421f5	7d5c61c9	SOUNDS/MOD/M1_SONG.MOD
9e9031d52f72c0ba8d26bcf00f02a53d	1	276597	player	uade	Protracker	0	36920	65ba8578	b5a1df98	SOUNDS/MOD/INTROMUS.MOD
9ea6ad97da7c4dc37e6e8fecf304cdb8	1	150787	player+silence	uade	Protracker compatible	0	122104	b7468a6b	54681f80	SOUNDS/MOD/NAMEWASB.MOD
9f136d042b5c88d6a5c9ee66b42f26c2	1	81723	player	uade	Soundtracker II (15 instr.)	0	55450	bc510fae	6f3738df	SOUNDS/MOD/AIRBORNE.MOD
a04b053dd77bcabbc5bea3c666668636	1	176769	player	uade	Soundtracker II (31 instr.)	0	154140	a90e93ee	55be53ed	SOUNDS/MOD/JARRE.MOD
a050e6ce00aa7c794c6662c55f3c9abb	1	161397	player	uade	Noisetracker 1.x	0	41148	28927004	75a541b3	SOUNDS/MOD/GOL.MOD
a0f5b243d2969380dc36205170a7ee0f	1	61568	player	uade	Noisetracker 1.x	0	31562	bf503d0f	3ecffae0	SOUNDS/MOD/PUM.MOD
a1427da886e87caff6c882ba858a0850	1	264213	player+silence	uade	Noisetracker 1.x	0	112676	6b99729e	404574c2	SOUNDS/MOD/DNS.MOD
a27f910db60d605f23ce6dafdb5e7dce	1	151222	player+silence	uade	Noisetracker 1.x	0	106490	7852398f	1d0b9689	SOUNDS/MOD/MADONNA.MOD
a2de123ed7c80bb9eb12dbfc0a492813	1	245893	player	uade	Soundtracker II (15 instr.)	0	68940	d90a3758	e7200592	SOUNDS/MOD/CRYSTAL.MOD
a3af5c3e1af269e32dfb6677c41c8453	1	238197	player	uade	Protracker	0	62811	6d3c1261	36faa434	SOUNDS/MOD/IDNTMIND.MOD
a3e18a6edacf6e9d43acefa272f7ca74	1	236159	player+silence	uade	Noisetracker 1.x	0	109044	d78f0340	946083e5	SOUNDS/MOD/BLU.MOD
a41a93c500c7f4bc75d71262f93dc73c	1	122997	player	uade	Protracker	0	52356	9a12a025	91a2400b	SOUNDS/MOD/PROCES_I.MOD
a4f1284991cb21bd4b0717c062e1a1f3	1	30824	player	uade	Soundtracker II (15 instr.)	0	47332	6a53417e	8f16c257	SOUNDS/MOD/KID.MOD
a64f633fc0d88f7799c74bee6092bd9b	1	330369	player	uade	Protracker compatible	0	251336	c77dbbdc	50f5eb9e	SOUNDS/MOD/PARTISON.MOD
a714d21feca95aca45442f6993f3ea55	0	31668	player	uade	Ultimate-Soundtracker or compatible	0	32548	c3343e71	681ae653	SOUNDS/MOD/SLL9.MOD
a80cd7ca73fecfcaece34beb429c0e74	1	307321	player	uade	Soundtracker II (15 instr.)	0	84712	cd54eca7	c87f74fc	SOUNDS/MOD/RALLEY.MOD
a90d8311e00dccabb548f0fe25efa1f5	1	46216	player	uade	Protracker compatible	0	27924	148b0326	a1d5c057	SOUNDS/MOD/LOONCRED.MOD
a923366efa8f61edebdf5b471dd1c992	1	69224	player	uade	Protracker	0	79758	3e5ce544	42b5cdc1	SOUNDS/MOD/SHEISCOM.MOD
ab268d442dd13b9c50d71c339aeb3f85	1	161397	player	uade	Soundtracker II (15 instr.)	0	101400	ac5b3ae5	30868802	SOUNDS/MOD/METALSYN.MOD
ababb2abd36d49bae7112cf2e5700ffc	1	138369	player	uade	Protracker compatible	0	164534	0975a321	ac35ba99	SOUNDS/MOD/PSY.MOD
b0a8d0fa9232e1c6e71acf53b6339af5	1	224131	player	uade	Noisetracker 1.x	0	138901	6b5be7d7	c436246b	SOUNDS/MOD/NEWGALAC.MOD
b23d7bf62f4de2e06cad760d79380360	1	261245	player	uade	Noisetracker 1.x	0	67978	898d4229	7b63d4c9	SOUNDS/MOD/HNOISE.MOD
b508bdc8f9ce9a3f8a7c03964bd890e8	1	314736	player	uade	Protracker compatible	0	129266	f4f87b8e	b5874949	SOUNDS/MOD/NIGHTFAL.MOD
b5609d5dcc2406454bd8c9647a72aeca	1	119179	player	uade	Protracker compatible	0	234840	e46f51d0	e16dc7ca	SOUNDS/MOD/FUNKY_CO.MOD
b586269b6540d19d6dce5aebfcffc163	1	134651	player	uade	Protracker compatible	0	52968	79325ddc	6abff8b1	SOUNDS/MOD/ALBERT_S.MOD
b61ab688d21d19c7a1ee5392d73298af	0	199382	player	libopenmpt	Ultimate Soundtracker 1.8-2.0	4	91416	b47540b9	e1cb7b85	SOUNDS/MOD/SLL7.MOD
b6d0aabbc4eeac27631dfbe2606a408f	1	146045	player	uade	Soundtracker II (15 instr.)	0	84202	c24b0204	aa4dc827	SOUNDS/MOD/AWESOME5.MOD
b752c07efc9481986cd6b1fa30d087ec	1	80758	player	uade	Soundtracker II (15 instr.)	0	42320	f450aed1	2d20700b	SOUNDS/MOD/ACB.MOD
b9e5c3356418115b030fd31d8fc9b9f4	1	192141	player	uade	Soundtracker II (15 instr.)	0	59320	1f9eaf0d	3bb28cc6	SOUNDS/MOD/CAMBOD.MOD
b9f0c6ba695dfa069e949ab973561e6b	0	153371	player	libopenmpt	Ultimate Soundtracker 1.0-1.21	4	51344	396a3263	36bae0ea	SOUNDS/MOD/PUSH.MOD
bb2432a9c29a57a2115fd755eabbc721	1	219509	player	uade	Protracker compatible	0	162356	feca62d0	63a64971	SOUNDS/MOD/ONEONTWO.MOD
bbca8507ca64518f3742aa6889cc3f88	1	309337	player+volume	uade	Noisetracker 1.x	0	111868	07b10090	b561718b	SOUNDS/MOD/MASTERMI.MOD
bd2594003cb48fb579217b9cbbda9455	1	249490	player	uade	Noisetracker 1.x	0	212870	acd8bc7e	744f8b2c	SOUNDS/MOD/RSI.MOD
bec2e02259a568c542faf494b3a9be5b	0	110920	player	uade	Ultimate-Soundtracker or compatible	0	60344	3b3a35c6	87c8fe2b	SOUNDS/MOD/SLL6.MOD
c005ed82cb5fb5887c7490de2baa2ca4	1	107645	player	uade	Soundtracker II (31 instr.)	0	42776	6bb5f645	1c0e5916	SOUNDS/MOD/NEWFRED.MOD
c025aee1f2b29fd077a62b8ff1e39f1d	1	224754	player	uade	Soundtracker II (15 instr.)	0	45392	b3472354	ee5de18c	SOUNDS/MOD/NECRON.MOD
c2e9d3fb605afcf00018b8f2016a4134	1	143175	player+silence	uade	Protracker compatible	0	82004	9713511e	177965db	SOUNDS/MOD/RAA.MOD
c45dc89c4de7b4ff999571eb664852b7	1	188280	player+silence	uade	Protracker compatible	0	339182	5550e49b	d2215809	SOUNDS/MOD/NEWACID.MOD
c4b0e357ca4e234bc731ca16edbd62b6	1	92272	player	uade	Protracker	0	111270	085d8a76	5fa7cec7	SOUNDS/MOD/DANCEDAY.MOD
c59b47157ffea1940fae23804feb4bc4	1	356141	player+silence	uade	Noisetracker 1.x	0	93972	4802617a	63591b86	SOUNDS/MOD/POPCORN2.MOD
c6cb0970d3d4d7c0cd78ba9295174fa0	1	135797	player	uade	Protracker	0	45440	ebfc6789	9e22d2f5	SOUNDS/MOD/ENTRTAIN.MOD
c736e6aceb56c9e5b714024b4c4d185b	1	196441	player	uade	Soundtracker II (15 instr.)	0	46788	232d9e46	56091c1b	SOUNDS/MOD/ONCEMORE.MOD
c846114e6ee41b5b95622f9dd1a86d32	1	243140	player	uade	Noisetracker 1.x	0	77796	96f8ee54	da9ff098	SOUNDS/MOD/HOLLIW2.MOD
c8c86696a3f82255c9f3d833bee672f9	1	107645	player	uade	Noisetracker 1.x	0	232598	7ee4aed9	99b627d9	SOUNDS/MOD/MAX_HEAD.MOD
c991584f95fe127d260017f136b952ee	1	38520	player	uade	Soundtracker II (31 instr.)	0	25704	e8d21cc3	f3717ad1	SOUNDS/MOD/PRETEND.MOD
c999200f6db50d73a3d048ff7ee69b6b	1	122997	player	uade	Noisetracker 1.x	0	71282	fb29ff70	47be5d45	SOUNDS/MOD/POPCORN.MOD
cd00c3368b17ae9a791473cd51be3c4b	1	38520	player	uade	Soundtracker II (15 instr.)	0	182752	371f6124	355dbd01	SOUNDS/MOD/OUTRUN.MOD
cebf04392dcbc502f396a07cf3eda3a3	1	98682	player	uade	Protracker compatible	0	297856	47685a1c	aa1b6382	SOUNDS/MOD/JACK.MOD
d09125bfba667978fc539784a7d6718f	1	309337	player+volume	uade	Noisetracker 1.x	0	111868	982b3859	8a58d468	SOUNDS/MOD/FAC.MOD
d1659225daac755aefaa346821438b50	1	245893	player	uade	Noisetracker 1.x	0	67448	116c1c00	d101ec68	SOUNDS/MOD/BERRY.MOD
d21d1ddc9943de73412c8c00fe2b60f6	1	276436	player+silence	uade	Protracker compatible	0	232298	3702d5f1	a581ef3e	SOUNDS/MOD/OCC_SAN_.MOD
d2404f6b7b2fe8611ebb112fdc668e99	1	199797	player	uade	Soundtracker II (31 instr.)	0	307562	ed0ae9f5	02dc547d	SOUNDS/MOD/MYWY2HLL.MOD
d2d55958aa45a1288d5679a3dd987fe8	1	184445	player	uade	Soundtracker II (31 instr.)	0	117050	529abb25	b54bf82d	SOUNDS/MOD/EPI.MOD
d6cc47df93508357b1a88ced1de9f56b	1	102520	player	uade	Protracker compatible	0	46308	d370eb84	a1a3fea4	SOUNDS/MOD/PATZGA.MOD
d6df0b1b4b895a79b6cc82688edfa36f	1	340617	player	uade	Protracker compatible	0	183898	44513271	57ce5fd6	SOUNDS/MOD/AUDIOKRA.MOD
d794a41bf4913a3c2956fc741712b090	1	222845	player	uade	Noisetracker 1.x	0	93932	e169e6ae	3e748e23	SOUNDS/MOD/COUNTDWN.MOD
d94975000f44981a5036e5706ab2b222	1	46216	player	uade	Protracker compatible	0	9900	1586fd28	67f361d9	SOUNDS/MOD/INTROGHO.MOD
d98a168f85fa7e224db0c489c42d4139	1	702857	player	uade	Protracker compatible	0	141118	735619cc	060c92ef	SOUNDS/MOD/PROGRESS.MOD
d9b5a918b9b05a2a9f2d57ae0ec87bae	1	398686	player+silence	uade	Noisetracker 1.x	0	289626	04b227a7	9653f8ab	SOUNDS/MOD/PINKPANT.MOD
daed32f53ec77dc638ee120105e0be85	0	145944	player	uade	Soundtracker II - V or compatible	0	72250	3255fe99	98827e91	SOUNDS/MOD/RONKEN.MOD
dbe33830461f69a48256ddcfee3e4189	1	161397	player	uade	Protracker	0	75158	3e73c529	63d0dcfd	SOUNDS/MOD/SHADOWS.MOD
dbed93d88a325377e6a42332adc2168b	1	112769	player	uade	Soundtracker II (15 instr.)	0	25374	23ff64a7	37ff0114	SOUNDS/MOD/AWESOME4.MOD
dd52c8e02ab6e9e289056ad2286dd358	1	112769	player	uade	Soundtracker II (15 instr.)	0	73722	ee8b06ad	4183f0a8	SOUNDS/MOD/DLT1.MOD
ddbe217c19a25070baa4b261d2795582	1	139097	player+silence	uade	Soundtracker II (31 instr.)	0	65752	700b0a7c	569090da	SOUNDS/MOD/PAR.MOD
ddc05906adb5c96468fffb0e3934c9f9	1	176875	player+silence	uade	Protracker compatible	0	147818	75f55d0e	5178ab4c	SOUNDS/MOD/RAGTIME.MOD
de6330bc4835fff829e59fc507f82dbb	1	138369	player	uade	Protracker compatible	0	26534	7ff28b63	7fada3ce	SOUNDS/MOD/SHORT.MOD
df030625d17bd1e5c8b9dfceac0f98bd	1	146045	player	uade	Noisetracker 1.x	0	56772	ec9fd5c2	58fff981	SOUNDS/MOD/QUANTUM.MOD
df136720eec085e4c19de36fad782811	1	261245	player	uade	Soundtracker II (15 instr.)	0	90826	2f6021a3	4a493eb1	SOUNDS/MOD/MEGAMIX.MOD
df2388a7aa2d1e1f36792d57aa259611	1	61568	player	uade	Soundtracker II (15 instr.)	0	53520	023eb53b	089d09e5	SOUNDS/MOD/HYMN.MOD
e0622b626697e35fb293b3a09c8a05ec	1	226844	player	uade	Protracker compatible	0	125992	efe90483	ec322f42	SOUNDS/MOD/MUSICX.MOD
e18ec7aa779844fa87c23e006bb48760	1	15472	player	uade	Startrekker (4ch)	0	32232	eb1d8bb3	48f2f354	SOUNDS/MOD/CHRIST.MOD
e24306aca2567206a848a6c45b65efe9	1	138369	player	uade	Soundtracker II (15 instr.)	0	67286	a29ca8d5	3b244043	SOUNDS/MOD/DEATHST.MOD
e2b82a4641a104e42158ea4ce734a20c	0	158483	player	uade	Ultimate-Soundtracker or compatible	0	67236	fbd5b3a6	aa6fa18c	SOUNDS/MOD/AFL.MOD
e36dbb6544a302d3cfe3dd64b01e3135	1	277903	player	uade	Noisetracker 1.x	0	78086	4ad77aef	144153a4	SOUNDS/MOD/ROC.MOD
e403b6ee4541c96681a53876472945b8	1	370233	player+silence	uade	Soundtracker II (31 instr.)	0	129732	7cfa0f72	42a99de5	SOUNDS/MOD/MEM.MOD
e4174cb9b8c46b40acd4f3c84076273e	1	122677	player	ft2play	Fasttracker (M.K.)	4	111700	74047250	fcf377d1	SOUNDS/MOD/7.MOD
e4de3e7f0f1c7c7ab2a43dc3859a9b1f	1	217741	player	uade	Soundtracker II (15 instr.)	0	77734	22d7e9f7	1c74a549	SOUNDS/MOD/HOT.MOD
e4fd94366dc7e587e2a619432d056290	0	188893	player+silence	libopenmpt	Ultimate Soundtracker 1.0-1.21	4	76916	2a1ba904	b424f969	SOUNDS/MOD/SLL2.MOD
e6a455a5ae6a4d43705125dd6ffbc28f	1	170379	player	uade	Protracker compatible	0	54408	1ff5fb00	1b4608bd	SOUNDS/MOD/PRINCRAZ.MOD
e714c44a1e0a5d803b3392797db0de74	1	76920	player	uade	Soundtracker II (15 instr.)	0	85320	0297ad1d	88e48735	SOUNDS/MOD/PAT.MOD
e9b51af4e30eabfc9f94ce2eddcde4ae	0	160062	player+volume	uade	Soundtracker II - V or compatible	0	95294	d83a7086	c9b339a3	SOUNDS/MOD/MEGAFCE2.MOD
e9f76f9755996e0451d8447babc31794	1	92272	player	uade	Noisetracker 1.x	0	79428	82ccdef9	c9d50c0d	SOUNDS/MOD/INT2.MOD
ea1aa147ddd9747f27f35d12f675cdc4	1	208056	player	uade	Protracker	0	68882	12cdad26	d16cd978	SOUNDS/MOD/MANDELFO.MOD
ea2142f7f4fe6b8cc711e9a0349b0130	1	138369	player	uade	Protracker	0	119156	762743a2	a6f3c81c	SOUNDS/MOD/DARKDAN.MOD
eb5f36b4f10aa1f91a2e657a3f8875f7	1	276116	silence	uade	Protracker compatible	0	176900	c8a8edde	fc16d531	SOUNDS/MOD/DEMOCOMP.MOD
eb65ce85593dc709efd172ecf9883c77	1	303738	player+silence	uade	Noisetracker 1.x	0	70730	712f92a4	caa7522f	SOUNDS/MOD/LOS.MOD
eba7b98c292a4a62b3dc32ed1470dd18	1	394310	player+silence	uade	Protracker compatible	0	161320	b0dcf2b7	8e568ec5	SOUNDS/MOD/LUNAWAVE.MOD
ec2e159d91bff824dde0ac4e5844c564	1	192141	player	uade	Noisetracker 1.x	0	50920	8c79cd82	d8e69d4a	SOUNDS/MOD/BROKEN.MOD
ee61d01a2b2bea2b9e01a2a0ae6a16e7	0	198109	player	uade	Ultimate-Soundtracker or compatible	0	82008	dfcc7d78	7b6de4c8	SOUNDS/MOD/NOTHING.MOD
ee86fc9b00fa98fbf619383618e6c622	1	138369	player	uade	Protracker compatible	0	59062	6cc6d660	3506de56	SOUNDS/MOD/HITSQUAD.MOD
eec0680cc6e07d0a5979da8449edcbb4	1	141162	player	uade	Protracker compatible	0	65112	da61a95c	66013d13	SOUNDS/MOD/AWESOME3.MOD
efe521a580e325bd639dcd929e399f4c	1	335642	player+silence	uade	Protracker	0	139144	e39ff90a	07c53563	SOUNDS/MOD/COLORIS.MOD
f02bccaf6eaae7c478c5432a7135f18b	1	53872	player	uade	Noisetracker 1.x	0	36504	310caf1f	1eaf1c74	SOUNDS/MOD/MIC.MOD
f34fd6960181b95030fe04238d7a5f91	1	180607	player	uade	Protracker compatible	0	80006	5ae4d503	c65618ff	SOUNDS/MOD/PC90.MOD
f4b900ca9356de1318a9c9dce5394596	1	82044	player	uade	Protracker compatible	0	85956	808ab65c	18f96a45	SOUNDS/MOD/BALAD.MOD
f700d19a7e5adee4d6ec5e6a39a45fbe	0	156172	player	uade	Soundtracker II - V or compatible	0	51040	af4ba758	bbeb1b8c	SOUNDS/MOD/BROS.MOD
f7b0f21326a1ec8e74f01ed8176643f6	1	169093	player	uade	Noisetracker 1.x	0	67080	a889e602	ed9f494b	SOUNDS/MOD/DEMO1_RE.MOD
f9dd80f3791f54a4aa13e7678a007bf3	1	222845	player	uade	Protracker	0	130048	ad2a0a24	aa3f8076	SOUNDS/MOD/ELYSIUM.MOD
fa22278a06ebe701649e8e9678a002b0	1	140278	player	uade	Soundtracker II (15 instr.)	0	47630	67655cdc	f8f05905	SOUNDS/MOD/ATO.MOD
fe6d53c19401833665ff3a63d0c68733	1	380284	player	uade	Noisetracker 1.x	0	215298	bc1623f5	7db13a23	SOUNDS/MOD/IVEFALL.MOD
ff6f08bc19d6886590d4a41fb9a643d2	1	128121	player	uade	Protracker compatible	0	123742	be9524ae	69a8bfe4	SOUNDS/MOD/FREEZING.MOD
ff78e74a73c3eeedd2a4f7b19bdcf2a2	1	144216	player	uade	Protracker compatible	0	303946	5e8665aa	7d0d881a	SOUNDS/MOD/PUBLIC.MOD
