0093dff61f88d10b088d61690464efcd	1	96130	player	uade	Protracker compatible	0	53872	7eecdab7	01a691b0	MEDIA/MUSIC/MODS/ABC/BEDON_FR.MOD
00bd16c6c0bdafc8403b9f0551ca628e	1	229296	player+silence	uade	Protracker	0	193088	4ef5f24e	a200bf26	MEDIA/MUSIC/MODS/PROTRACK/DEF/EMPIROR.MOD
01f0dac9e02682d94fbdd953f6e4c697	1	53872	player	uade	Protracker	0	48722	256b33ca	7a6207de	MEDIA/MUSIC/MODS/MNO/MONEY.MOD
02504da9dc9e04249000f51be3a03cca	0	313847	player+silence	uade	Oktalyzer	0	722452	7967f4b4	fff33368	MEDIA/MUSIC/MODS/8VOICE/OCTALYZR/ORBIT.OKT
03095c62ae4be8e67b52f63452e2d7a7	1	606867	player	uade	Protracker	0	159972	94934fef	db6f72d1	MEDIA/MUSIC/MODS/PROTRACK/STU/TSTONE.MOD
0496d0572acc47c114c81194d0ef4ec2	1	187318	player	uade	Protracker	0	163382	51c4de6d	b9c33a97	MEDIA/MUSIC/MODS/JKL/KFMN-THM.MOD
049a6f1cf3befb58ce4d1c30a9b6d612	1	149883	player	uade	Protracker	0	69158	e0fd3fa1	579aef9e	MEDIA/MUSIC/MODS/STU/SHAMRIP.MOD
05a8c0e461f7ccf423c3151453d26889	1	206207	player	uade	Noisetracker 1.x	0	64258	099e599c	daeb9e03	MEDIA/MUSIC/MODS/MNO/MOBFERS.MOD
05e4399e3f86878e649a63cdd56f8302	1	120324	player	uade	Protracker compatible	0	27410	8654c9aa	82b092c1	MEDIA/MUSIC/MODS/DEF/FIREBLLS.MOD
05ffa197b504568dbea79830e7e23e91	1	73725	player	uade	Protracker	0	127662	1d21b7da	9fb0071d	MEDIA/MUSIC/MODS/PROTRACK/VWX/VOMIT.MOD
06d10618f0d27140176867a8441388b7	1	130431	player	uade	Protracker	0	261910	e3bf2bba	b3f40fad	MEDIA/MUSIC/MODS/PROTRACK/ABC/BAROQUE.MOD
07733e26e1451d14ccd0d1b06205cfd0	1	215835	player+silence	uade	Protracker	0	223602	33da1c69	5df9e231	MEDIA/MUSIC/MODS/PROTRACK/DEF/FLUTPLYR.MOD
084a9222ce8ee3c62ddfb1975a08685e	1	258397	player+silence	uade	Protracker	0	222666	3d2d77aa	aef36937	MEDIA/MUSIC/MODS/STU/TRIBALHS.MOD
0897f11bcb08a0d45ef06fea8ba631d5	1	153721	player	uade	Noisetracker 1.x	0	67912	0df1a324	a3b31a02	MEDIA/MUSIC/MODS/ABC/AFL.MOD
0919051005e8f360196089c6b1560253	1	76553	player+silence	uade	Protracker	0	131092	a38b21f7	48eee22e	MEDIA/MUSIC/MODS/STU/SNGSBLVN.MOD
097799876be66dbfd909c20ce9c9c25c	1	172639	player+volume	uade	Protracker	0	222164	dfc9467c	10b7d30f	MEDIA/MUSIC/MODS/PROTRACK/VWX/WHITE.MOD
099880b7db37b4ec51f4a48498b87321	1	817495	player	uade	Protracker (vblank)	0	127844	48335abd	ec71e854	MEDIA/MUSIC/MODS/MNO/NEBULOS.MOD
09fafeb109828f9578c3615c4a7bb3fc	1	280455	player	uade	Protracker	0	137124	c621c833	91f2dcb9	MEDIA/MUSIC/MODS/DEF/DGTLNNV1.MOD
0a4247ff526ac24d3cc30c8041c69afa	1	437894	player	uade	Protracker	0	131028	86cc1d77	67e570b5	MEDIA/MUSIC/MODS/PROTRACK/ABC/ALGRHYTH.MOD
0a67beaeb76f62839fbdbed9aeabafaa	1	265206	player+silence	uade	Protracker	0	399278	2f422384	fcadfd0a	MEDIA/MUSIC/MODS/0_9/2-UNLMTD.MOD
0b778454ae6b01d75f032d13e2c69e70	1	317718	player+silence	uade	Startrekker (4ch)	0	151108	1a88082b	bf131266	MEDIA/MUSIC/MODS/MNO/MK--STRT.MOD
0c2bdb7fa411fb8378a0a6f99a7df37c	1	249731	player	uade	Protracker	0	139286	bce46538	14d6d9b2	MEDIA/MUSIC/MODS/PROTRACK/PQR/REACHTEC.MOD
0c4ca8bd3967495823fa409a6cea905d	1	84616	player	uade	Protracker	0	183760	9fae184c	2c9ca977	MEDIA/MUSIC/MODS/PROTRACK/DEF/FAIRDES.MOD
0c6175c3d0ff8d84f9ef92e8a1c2b146	1	209884	player	uade	Protracker	0	159566	ce4f5114	6e2b540a	MEDIA/MUSIC/MODS/MNO/NATIVE.MOD
0c9fe4c44f72e5a4163ebb398677ff5c	1	146768	player	uade	Protracker	0	104266	42a15ea0	b8684252	MEDIA/MUSIC/MODS/PROTRACK/STU/SPNSHFLY.MOD
0cf226e14e48f73dba8edbce65f48ed5	1	169093	player	uade	Protracker	0	50986	c1f2a5a7	0ef4b199	MEDIA/MUSIC/MODS/STU/STARSALS.MOD
0d760736d1c54e55b2428f59e09c1e8b	1	161397	player	uade	Noisetracker 1.x	0	101884	0e76ddb6	1abf47cc	MEDIA/MUSIC/MODS/MNO/MTLSYNTH.MOD
0e9616e9a0f929d7a1f603601a86c79e	1	169555	player	uade	Protracker	0	279028	81d3d9c8	75cf89b6	MEDIA/MUSIC/MODS/PROTRACK/GHI/HC-RUSH.MOD
0edd90b951dc400c7a6611fae58f59a4	1	200225	player+silence	uade	Protracker	0	216890	084ce6d4	db7372bc	MEDIA/MUSIC/MODS/PROTRACK/ABC/BOESENDO.MOD
0f9421548847daa3edfcce49f1032607	1	195525	player+silence	uade	Noisetracker 1.x	0	110850	664756af	799e15df	MEDIA/MUSIC/MODS/ABC/CNTGTNGH.MOD
0fa192e39b326f740154822eadd40068	1	234359	player	uade	Noisetracker 1.x	0	127400	51b2d7a0	060f4a22	MEDIA/MUSIC/MODS/STU/STARTER.MOD
1071b2a8401b0a6731257944f0515437	1	151326	player+silence	uade	Protracker	0	101188	d4156fdb	42d75a59	MEDIA/MUSIC/MODS/PROTRACK/VWX/WINNER.MOD
10b8f3a57e4fc186a661c1b31378e087	1	128121	player	uade	Protracker	0	117516	4b085224	3e666847	MEDIA/MUSIC/MODS/PROTRACK/STU/TOBLERON.MOD
10d3d6a53000dfe8ce2bc249966dd64c	1	144136	player	uade	Protracker compatible	0	149478	c9a9e7b5	a80cde61	MEDIA/MUSIC/MODS/JKL/LIFE-PHB.MOD
10e0877e279c7b4f4ae6a4821eff42b2	1	286966	player	uade	Protracker	0	251784	72f12634	bb76513c	MEDIA/MUSIC/MODS/PROTRACK/STU/TRP-TTHZ.MOD
11354f8edf4631f34990f5a0761b3e86	1	439263	player+silence	uade	Protracker	0	118234	81728c9a	f530a77d	MEDIA/MUSIC/MODS/STU/THESMPHR.MOD
115f46140241596e375e88f7540bb553	1	256824	player	uade	Protracker compatible	0	198662	278e772c	6078e763	MEDIA/MUSIC/MODS/DEF/EPSONIC.MOD
128f173ab172a5b781afc53bd35e7bc4	1	245893	player	uade	Protracker	0	150310	1f2f5232	bc9b471d	MEDIA/MUSIC/MODS/ABC/BLUEBXNG.MOD
12f313ffb83382ff3c0ae631cd153b7f	1	460942	player	uade	Protracker	0	282838	3efa2953	7b3a441b	MEDIA/MUSIC/MODS/STU/TECHMARU.MOD
1308bf91c145fa438f6d9c5d899cf53e	1	209161	player	uade	Protracker	0	189156	249ecaaf	88dc4db7	MEDIA/MUSIC/MODS/PROTRACK/MNO/OVERFLOW.MOD
133f4048e26fa366763103fd1d869f91	1	201686	player	uade	Protracker	0	151190	6329db40	c4891790	MEDIA/MUSIC/MODS/DEF/EVOLUTIO.MOD
13acff4134a4e61a4a615ac208418b18	1	409320	player	uade	Protracker	0	116148	ece80bb9	f9db9bf6	MEDIA/MUSIC/MODS/STU/SINKINGI.MOD
13b74d86b01cab3ad01433309b822c2f	1	404919	player	uade	Protracker compatible	0	179008	a1798129	e1080e26	MEDIA/MUSIC/MODS/STU/THSSTHRS.MOD
13eb6865b12de2b7b0748d6ade445053	1	168679	player+silence	uade	OctaMED MMD0	0	288456	b08aaf5b	e7106143	MEDIA/MUSIC/MODS/MED/RAINLIGH.MED
140c656c9698cb5a973423edb8ca62a5	1	183974	player	ft2play	Fasttracker (M.K.)	4	198485	d710e145	043efeb1	MEDIA/MUSIC/MODS/ABC/CNTRLSQR.
14664bd338280bb184c3ac7fa99edb61	1	298942	player	uade	Protracker	0	137538	4e178c93	77d9bc20	MEDIA/MUSIC/MODS/PROTRACK/GHI/GALCTSDT.MOD
1480ca27c6778cc0e9407d2828f8f6c6	1	180406	player	uade	Protracker	0	288845	20ac6a5b	7978014b	MEDIA/MUSIC/MODS/ABC/BSTORM3.MOD
14812ce6157df654a3cb6ac08e8add6e	1	30824	player	uade	Protracker	0	35088	f6d8e9ad	51c87d97	MEDIA/MUSIC/MODS/PROTRACK/STU/SPIRITMX.MOD
14c2b6d62b30e1178c62aa9b35e84856	1	188926	player	uade	OctaMED MMD0	0	287698	9728ce41	2d58c091	MEDIA/MUSIC/MODS/STU/TCHNCNCR.MOD
150abdf2b5cece6656efb48870e44e1d	1	221559	player	uade	Protracker	0	89000	d2e55073	267af21c	MEDIA/MUSIC/MODS/STU/SUNNORY.MOD
155420f0c5fdd130a1dc6d408ddc6bae	0	138034	player	libopenmpt	Master Soundtracker 1.0	4	166272	172a8594	98756842	MEDIA/MUSIC/MODS/PQR/PASSION.MOD
155810f8f369881adb75c7b2b35116cb	1	229215	player	uade	MED4 (8ch)	0	117558	f715a481	93fc39d7	MEDIA/MUSIC/MODS/8VOICE/OCTAMED/PAC_XNG8.OCT
161ad88f92317f301cd8814d076ef5f7	1	383188	player+silence	uade	Protracker	0	182976	8c731d99	9a82aa49	MEDIA/MUSIC/MODS/DEF/FIRENHGH.MOD
16f21a5fe3d71966c6036148f7ceb8e0	1	195227	player+silence	uade	Protracker	0	158638	dfaf0adc	2c1de71a	MEDIA/MUSIC/MODS/JKL/JSTLKNYT.MOD
179fe25e8b60261a69ed80fe7a4c37b5	1	76920	player	uade	Protracker	0	93934	b0328d12	32687731	MEDIA/MUSIC/MODS/VWX/WHERENOW.MOD
180ccd46544aa9cbdd4c334475eaf852	1	339331	player	uade	Protracker compatible	0	139336	af673c34	cf1911f3	MEDIA/MUSIC/MODS/MNO/MUSIQUE3.MOD
18687933df5c5c80807b861f627655ac	1	97778	player	uade	MED4 (4ch)	0	165864	4853dd3c	1d6cf4bd	MEDIA/MUSIC/MODS/MED/FREEDOM.MED
18e4e385b5951e1f4dc12a4968c795a2	1	147331	player	uade	Protracker	0	80450	efdd0aeb	80beaa67	MEDIA/MUSIC/MODS/PROTRACK/VWX/VOLTRNNR.MOD
19a49d353b62f697372bcbd5cc6231f0	1	226020	player	uade	Protracker	0	92714	9b36dcf5	339ff400	MEDIA/MUSIC/MODS/GHI/GLDNTMPL.MOD
1a0c5f4749ef5fc1c160deb96df4edff	1	396399	player	uade	OctaMED MMD0	0	144212	12580f19	c74b2fe3	MEDIA/MUSIC/MODS/MED/DRIVEN.MED
1b654e017177e57c857277728bc52e06	1	108971	player	uade	OctaMED MMD1	0	175352	13e567fc	d35e9b9e	MEDIA/MUSIC/MODS/8VOICE/OCTAMED/MEGALO.OCT
1bbe672128d4b3c892c1de09505e6474	1	319358	player	uade	Protracker	0	139702	8a14ab65	c13609ec	MEDIA/MUSIC/MODS/PROTRACK/STU/SLWNCRCL.MOD
1d232c1699e1f1430e1e0ab51331bca1	1	30824	player	uade	Protracker compatible	0	28480	c3c85c2a	9aa63bd6	MEDIA/MUSIC/MODS/PROTRACK/PQR/PRTTYFLW.MOD
1d4a5467e6d855ccf4cd70ab1539b652	1	275555	player+silence	uade	Protracker	0	145000	5849246f	fd50d26a	MEDIA/MUSIC/MODS/PROTRACK/VWX/XTC.MOD
1db3664ae6d7e3fae0497a1f1776cee7	1	269745	player	uade	OctaMED MMD1	0	160238	071c890c	efbd0381	MEDIA/MUSIC/MODS/MED/BLUNT.MED
1db6ca132177303703a401c8af1a7ab4	1	328629	player+silence	uade	Protracker compatible	0	188416	14ddd51d	c6e8eb2c	MEDIA/MUSIC/MODS/DEF/DAISYCHN.MOD
1dffe8a886d2481c972cf416f07ebc66	1	176287	player	uade	Protracker	0	235368	399d684c	7c113f2d	MEDIA/MUSIC/MODS/PROTRACK/JKL/LADY_ROS.MOD
1e081e3be489ad893d9e1786b180fd1d	1	302901	player	uade	Protracker	0	156238	340c07a7	812bf644	MEDIA/MUSIC/MODS/STU/TCHNTRNC.MOD
1e44cbf17a41e57eadd32d53fc4b963b	1	1331446	player	uade	Protracker	0	455094	b9c96fe3	9dccd194	MEDIA/MUSIC/MODS/PROTRACK/DEF/FCNTHRDY.MOD
1eb8ddc317cb76c540648f4c581b10f5	1	164773	player	uade	OctaMED MMD1	0	81150	3b67d102	be4e9079	MEDIA/MUSIC/MODS/8VOICE/OCTAMED/THUNDRDM.OCT
1eb8ddc317cb76c540648f4c581b10f5	1	164773	player	uade	OctaMED MMD1	0	81150	3b67d102	be4e9079	MEDIA/MUSIC/MODS/MED/THUNDERD.MED
1efe8ef0a3514ec810356ce462ab1d7d	1	103565	player	uade	Protracker compatible	0	112152	0b8fbab9	c82e2ea3	MEDIA/MUSIC/MODS/STU/THRWKNGS.MOD
1f79305a4d3bb8e8fa956ed982edb2ec	1	169093	player	uade	Protracker	0	46120	5479150d	fba40f50	MEDIA/MUSIC/MODS/PROTRACK/STU/THOM_TST.MOD
1fbf4c512649ee08e20e6b8dc474bdb3	1	253569	player	uade	Noisetracker 1.x	0	127240	442db0a0	07ec92ee	MEDIA/MUSIC/MODS/ABC/CNTGTNG1.MOD
206e8930d6f0765b9c05c133638b2d38	1	438517	player	uade	OctaMED MMD0	0	186784	41588c0a	31eb67c3	MEDIA/MUSIC/MODS/MED/LISZT_RH.MED
208a78b4ce756dc4d35afe2975d95592	1	187640	player	uade	Protracker	0	207426	96a54f65	b01df5e8	MEDIA/MUSIC/MODS/PROTRACK/DEF/EVOLUTIO.MOD
21a6d684089963d05282e6041fb5afe9	1	90484	player	uade	Protracker	0	50000	df5b0396	421f9b69	MEDIA/MUSIC/MODS/STU/STANDBY.MOD
21ba8748c0db9a3e07517238531f67fb	1	207493	player	uade	Protracker	0	79022	13336580	def93f4d	MEDIA/MUSIC/MODS/ABC/CYCLONE_.MOD
2200886d42fbd8b3e51c3369a375c42e	1	254292	player	uade	Protracker	0	152512	845f796b	3fb3adb6	MEDIA/MUSIC/MODS/STU/UNDERSEA.MOD
221953938a45a8182ed689a0a62ce4e3	1	217317	player+silence	uade	Protracker compatible	0	57642	47ebc2cc	fc76e021	MEDIA/MUSIC/MODS/STU/THREAT.MOD
227223a86b8bf792565430b5fae1cd24	1	235442	player+silence	uade	Noisetracker 1.x	0	166682	0ede3c05	36ec73fa	MEDIA/MUSIC/MODS/MNO/MACROCSM.MOD
23ab940c2ee58164025202ff1c5f774a	1	205242	player	uade	Protracker	0	97160	b87875f3	44f01519	MEDIA/MUSIC/MODS/ABC/BLWFLYSF.MOD
23fd403d9821a7af2ca11339b2e0de0c	1	118061	player+silence	uade	Protracker compatible	0	33374	4fd49b47	e1e52b2f	MEDIA/MUSIC/MODS/MNO/ODTJRNND.MOD
24380fe8ac46101528bcc9379528b8c7	1	230557	player+silence	uade	OctaMED MMD0	0	92296	ab0ad7bb	15a634d3	MEDIA/MUSIC/MODS/MED/OVERDRIV.MED
245ad821e92c94126c52d318e90dbf16	1	273060	player+silence	uade	Protracker	0	235848	476dbe25	20725a69	MEDIA/MUSIC/MODS/PROTRACK/PQR/PRYNGSLD.MOD
24c449eecb3578d057540409712beaba	1	215149	player	uade	Protracker	0	124876	8d1750ea	58af76a3	MEDIA/MUSIC/MODS/GHI/INSPIRAT.MOD
24ce941d066c2b32bc0e74611e9e5f9e	1	192141	player	uade	Protracker	0	109100	b48a1cf4	98d8d03c	MEDIA/MUSIC/MODS/PQR/ROLLY.MOD
25f5ebcc9bf0820ef227d23cf76fb638	1	125348	player	uade	Protracker	0	96868	9ff83b9f	72b057c3	MEDIA/MUSIC/MODS/ABC/CLMBTHWL.MOD
26ed5688b97a7b7bc85de0f2d60a5fe6	1	115321	player	uade	Protracker compatible	0	38692	5d54fce2	b5d38ab1	MEDIA/MUSIC/MODS/ABC/ANDROMED.MOD
26f62ff686496dac6d3e5c8f8c53ba06	1	360511	player	uade	Protracker	0	217178	d36917f6	68922b16	MEDIA/MUSIC/MODS/MNO/MGNTCDRM.MOD
271605a472de419c39184c0fb77521bf	1	259973	player+silence	uade	OctaMED MMD0	0	87632	584a92f9	1b597313	MEDIA/MUSIC/MODS/MED/AFTER_TH.MED
275e9c131b77d91b07e63e4ad6f7eb06	1	336051	player+silence	uade	OctaMED MMD1	0	247404	08a6dc56	012302b8	MEDIA/MUSIC/MODS/8VOICE/OCTAMED/ELOISE.OCT
276ab954cf4b05447ede0c6b73d89e79	1	190513	player	uade	OctaMED MMD0	0	71406	b0241197	03a398cf	MEDIA/MUSIC/MODS/MED/AUTUMN_K.MED
27821175929f08f2fda3cf6638267b01	1	69161	player+silence	uade	Protracker	0	62368	7179f30f	0f4b1068	MEDIA/MUSIC/MODS/PQR/RDFVLKYR.MOD
284fdb3a6009171d87424957076c6256	1	309929	silence	uade	Protracker	0	128876	5696dbd1	816955b4	MEDIA/MUSIC/MODS/MNO/OBERHMPW.MOD
28d6815db955c019c30f0feb662b4ca1	1	233684	player+silence	uade	Protracker compatible	0	170969	9e567c01	f602cf69	MEDIA/MUSIC/MODS/ABC/BEAUGIRL.MOD
29820b6a5737bf00f8a0bf5ef33548ce	1	250032	player	uade	Protracker	0	102070	e15dd3d3	a25495ab	MEDIA/MUSIC/MODS/PROTRACK/DEF/FEELTHBS.MOD
29b24a63b3e50012dc4b533ebadf3d4d	1	176606	player+silence	uade	OctaMED MMD0	0	67296	dfa031e0	3f1f2ef2	MEDIA/MUSIC/MODS/MED/ANAGNORE.MED
29ec6d598af7e0c15831644b614fdbbd	1	92272	player	uade	Noisetracker 1.x	0	59338	96b94c86	1058cd28	MEDIA/MUSIC/MODS/ABC/BRILLINC.MOD
2a40bc103d13c49380b1f214fb7db001	1	353418	player	uade	Protracker compatible	0	81818	dd18d055	15a33369	MEDIA/MUSIC/MODS/PQR/POPCORN.MOD
2a49e794a797f44e1a011cab934204ef	1	273467	player+volume	uade	Protracker	0	102008	ac62707b	6e8f4ea2	MEDIA/MUSIC/MODS/DEF/DISTANCE.MOD
2a87f7e19eac8e8245a8d6f2d5ae44f3	1	121731	player	uade	Protracker	0	151558	8dc8fe17	fef383a2	MEDIA/MUSIC/MODS/STU/TEKNSJCK.MOD
2af82df5889c568439f04e720897538a	1	161799	player	uade	MED4 (4ch)	0	63299	764e53b3	e3e35790	MEDIA/MUSIC/MODS/MED/WORLD_SU.MED
2b3d544e9cb74d89f9ea6917aa9a46c7	1	431825	player+silence	uade	Protracker	0	255412	acbc9be4	0f1d0115	MEDIA/MUSIC/MODS/PROTRACK/DEF/FLORENCE.MOD
2c20589236d46b8ce562dca5f29ebaa2	1	127050	player+silence	uade	Protracker	0	77464	e833326e	94fa6256	MEDIA/MUSIC/MODS/DEF/DNCFRDPP.MOD
2d40e12db70191d8e741fa37ddfebf51	1	374688	player+volume	uade	Protracker	0	407410	1e2c65a3	27dc173c	MEDIA/MUSIC/MODS/MNO/MRRSMRRS.MOD
2d8e174e53e0aa346882c250c0268914	1	153721	player	uade	Protracker	0	124012	002a2cc6	54e28bb6	MEDIA/MUSIC/MODS/PROTRACK/VWX/WHY.MOD
2e47b8726f8901009c7d4d6b0047aaec	1	139574	player+silence	uade	Protracker	0	296694	23f64f27	042684bc	MEDIA/MUSIC/MODS/VWX/VACKO.MOD
2eab4bec31fbf5c48804fb6e09cf7d9a	1	409953	player+silence	uade	OctaMED MMD0	0	278530	c7c36e06	b3a38cdb	MEDIA/MUSIC/MODS/MED/THEDEPTH.MED
2f6d3c7f3dd79decc327e8e7ae5b79a6	1	221934	player+silence	uade	Protracker	0	200382	cd57c810	e2463450	MEDIA/MUSIC/MODS/PROTRACK/STU/SEADOG.MOD
2f97ad8645c4c84dd8e34da3531c08b7	1	219198	player+volume	uade	Protracker	0	95658	4130c257	39f6b6d6	MEDIA/MUSIC/MODS/PROTRACK/JKL/LEKTRPHL.MOD
30172e4036e04a90092ad0a6955842b3	1	142187	player	uade	Protracker	0	72248	936533d8	89317250	MEDIA/MUSIC/MODS/PROTRACK/STU/THMSTLTH.MOD
30b8b5ab7a27df318e910531cd3470ce	1	146605	player+silence	uade	Noisetracker 1.x	0	107252	d5bb8478	d758737d	MEDIA/MUSIC/MODS/ABC/BASSOFWR.MOD
30fcb2dd3ec55e07bf50a441fd2c07dd	1	256201	player	uade	Protracker	0	423290	dc3adcec	5041f78e	MEDIA/MUSIC/MODS/VWX/W_ND_VCM.MOD
310761e5e500f5f8f7cbdf28b4f6522d	1	289847	player+silence	uade	Protracker	0	406354	9c93ee19	b82f129e	MEDIA/MUSIC/MODS/GHI/GSLINGER.MOD
315c246e89f4071c4156ac0d9e2b22e6	1	122997	player	uade	Protracker	0	47668	a12413a9	56524721	MEDIA/MUSIC/MODS/JKL/LOVELTTR.MOD
329cbde551b6bc28bdf45ad1d949fb10	1	242055	player	uade	Protracker compatible	0	130382	16c38cb5	56176056	MEDIA/MUSIC/MODS/ABC/CRMFTHRT.MOD
33522b5ef71a47fe715cede10a467a6d	1	652943	player	uade	Protracker	0	182926	5580cab0	61fb2ba9	MEDIA/MUSIC/MODS/STU/THENSCTS.MOD
33c931b77ee9d1384ef5c3e85441410e	1	191436	player+silence	uade	Protracker	0	117574	36d2c69f	db367b04	MEDIA/MUSIC/MODS/PROTRACK/ABC/CARPE_DM.MOD
33e426b4957f01a8458fefa58a986ead	1	76920	player	uade	Protracker	0	215308	a554e4e9	f47f17eb	MEDIA/MUSIC/MODS/PROTRACK/YZ/YEO.MOD
33f78fdd877899911965d7e37c5181b0	1	322693	player	uade	Soundtracker II (31 instr.)	0	119020	3f58ba99	4eab88fb	MEDIA/MUSIC/MODS/DEF/DEEP_WTR.MOD
344c887648dc9e4befc9fa27345e903d	1	176060	player+silence	uade	Protracker compatible	0	62732	3f7bdba1	e24d2eea	MEDIA/MUSIC/MODS/ABC/CANN-N-D.MOD
34e0d84f47a6733ccbc875421e281c4b	1	108931	player	uade	Protracker	0	45490	019cb113	6407237a	MEDIA/MUSIC/MODS/PROTRACK/PQR/PCP.MOD
350717915ad3e74ebfc6885e80001f93	1	442696	player	uade	Protracker	0	163246	fdbf6602	e57c7599	MEDIA/MUSIC/MODS/GHI/GRDNDRGN.MOD
357b30f87bb0c826ea6c0b9251a32dbb	1	207642	player+volume	uade	Protracker	0	370342	dcdf1a40	13a9cbf1	MEDIA/MUSIC/MODS/PROTRACK/MNO/NOHARMDN.MOD
35ad9851194f8a653ca18819d830e4a0	1	180607	player	uade	Startrekker (4ch)	0	80476	ab13f624	b737fb4b	MEDIA/MUSIC/MODS/0_9/2NDELEGY.MOD
35cfd5ce9a3eb431c89143e285dd23c7	1	153721	player	uade	Protracker	0	178426	89644e17	457ff40b	MEDIA/MUSIC/MODS/PROTRACK/STU/THOM_ORI.MOD
3630432714927127e5058a88cbf92dd6	1	172407	player+silence	uade	Protracker	0	135342	52e3e7bd	bbcd2700	MEDIA/MUSIC/MODS/DEF/DRK_CLDS.MOD
3669822f87927490ef28a5ca41722439	1	43644	player	uade	Protracker compatible	0	52604	12fffde4	ca5b0ab7	MEDIA/MUSIC/MODS/VWX/VXJBYNGH.MOD
37371659c4901d185901ae098edaef9f	1	238641	player+silence	uade	Startrekker (4ch)	0	284528	c75b5b04	855cbb63	MEDIA/MUSIC/MODS/JKL/LAZYNITE.MOD
37b6112469b117a3fcba73e219187151	1	257887	player+volume	uade	Protracker	0	126058	a5e0d555	52e32f31	MEDIA/MUSIC/MODS/DEF/DS-THM-2.MOD
3847a7da8f44cad355afeb60ef63100e	1	149903	player	uade	Protracker	0	102914	62937952	c94b4499	MEDIA/MUSIC/MODS/MNO/ORGNCDRM.MOD
387d3485cd8f0cedd01830bbf8297a57	1	194813	player	uade	Protracker	0	253560	8986511e	889e171d	MEDIA/MUSIC/MODS/ABC/BREATHOF.MOD
38a543c7b74019856e5fab356ff9b643	1	117872	player	uade	Protracker	0	132728	bc0654d1	37a0d7ef	MEDIA/MUSIC/MODS/DEF/DGTLNNV2.MOD
38daff8ab4639cb886611347759b6d59	1	140839	player+silence	uade	Protracker	0	132936	b4304233	2f7f25ae	MEDIA/MUSIC/MODS/GHI/GLUTTURL.MOD
3942169e14e17b23c322378c9a59bcf6	1	280738	player+silence	uade	Protracker	0	139010	a57a2e71	0e64665b	MEDIA/MUSIC/MODS/PROTRACK/STU/THMKTCHP.MOD
3997dc52fe795b47c46bf34409ae4639	1	116201	player+silence	uade	Protracker	0	146516	d8fac868	fb195f52	MEDIA/MUSIC/MODS/PROTRACK/STU/TE_DEUM.MOD
3b06d00e2b9e91824993fccda08f5ffa	1	293316	player	uade	Protracker	0	209048	fb61a656	ae5ebc1b	MEDIA/MUSIC/MODS/PROTRACK/DEF/FTRTRVLL.MOD
3b3d8ff4d190306134a4c78b5f4feace	1	116586	player	uade	Protracker	0	227296	da89cc3c	f4e389d8	MEDIA/MUSIC/MODS/STU/SVRGNSLM.MOD
3be4c521bdecbfd514ae7b0d50a9b891	1	146045	player	uade	Protracker	0	174362	44053dd3	6ab3a199	MEDIA/MUSIC/MODS/MNO/OBVIOSLV.MOD
3c995c8de9a3cd0659eb1a55053a0cd6	1	95166	player	uade	Protracker compatible	0	52742	5640396f	706d2631	MEDIA/MUSIC/MODS/MNO/OLDSMOKE.MOD
3ccef424e3107a96fcc0697ad24a63f1	1	121088	player	uade	Protracker	0	95322	a08d4e54	4400e106	MEDIA/MUSIC/MODS/STU/STYGMA.MOD
3e2ce77ded71d0278de04f67a969a525	0	198551	player	uade	FaceTheMusic	0	320898	f871d499	173cc7c6	MEDIA/MUSIC/MODS/8VOICE/FTM/TEKK-NO.FTM
3eb87229f6a30f047c1881054fa2e341	1	323738	silence	uade	Protracker	0	263872	f10f7d23	b7c034f1	MEDIA/MUSIC/MODS/PROTRACK/MNO/MONSTRO.MOD
3f436602e6afc579d00c0f7e27a024b8	1	146045	player	uade	Protracker compatible	0	85834	62a37fd5	45c221d8	MEDIA/MUSIC/MODS/GHI/HARLEYMU.MOD
3f50d66ae00b2cca938fa42661632961	1	197285	player	uade	Protracker	0	74784	a79b30bc	5b5898c2	MEDIA/MUSIC/MODS/PROTRACK/PQR/REDEMPTN.MOD
40215b2ff0515c5eeb05dbda0d771ad8	1	143091	player	uade	Noisetracker 1.x	0	117442	cb911a67	b4f440bf	MEDIA/MUSIC/MODS/DEF/DS-THM-3.MOD
411b5bc9f80daa0c312d7f4333278155	1	489174	player	uade	Protracker compatible	0	214034	706ad0e9	d3e4142a	MEDIA/MUSIC/MODS/STU/SNDS_FTM.MOD
414998072c5b28165abcd86629cdd775	0	107423	player	uade	SoundMon 2.0	0	13206	9fb6c7d3	f4166d05	MEDIA/MUSIC/MODS/ABC/BP.CRY
414aeb9334366147a60f6cb404059b30	1	96693	player	uade	Protracker compatible	0	55586	cc531df1	7c637d45	MEDIA/MUSIC/MODS/GHI/HYPNAUT.MOD
419a554adfa62536086432c7bd6ca50b	1	146045	player	uade	Protracker	0	171916	61577a44	979536a6	MEDIA/MUSIC/MODS/STU/TECHMANI.MOD
424b0d7bf4ed881b6a1c8b85236c7b33	1	55801	player	uade	Protracker	0	89072	62e1ce98	1170c2a8	MEDIA/MUSIC/MODS/MNO/ORCHOP4.MOD
42d4acefa388c5a671f35db16290f82e	0	269885	player+silence	libopenmpt	Generic ProTracker or compatible	4	57744	6015f214	7434d390	MEDIA/MUSIC/MODS/JKL/KINGDOM.MOD
433fb0cec380b0270f7ad859eab390f2	1	478786	player	uade	OctaMED MMD1	0	46824	6442b450	fdb2fbd3	MEDIA/MUSIC/MODS/8VOICE/OCTAMED/BEAT_BOY.OCT
43421d5be387e75ecfd9f40e665ba8bb	1	473505	player+silence	uade	Protracker compatible	0	189866	f204ae8e	128f96f0	MEDIA/MUSIC/MODS/STU/THSWTSHP.MOD
435b640a5fe62c80be018aed0e8fe813	1	231164	player	uade	Protracker	0	156076	6ee7520f	d021e558	MEDIA/MUSIC/MODS/JKL/JOYRIDE.MOD
43d15f5324d27479af21099fa62cc342	1	138369	player	uade	Noisetracker 1.x	0	135862	e7245dcd	698ac50c	MEDIA/MUSIC/MODS/ABC/AIRWOLF.MOD
44146ca2e4485c93142b0a6a803529f8	1	181732	player	uade	Protracker	0	105168	0ec5867a	5d84032e	MEDIA/MUSIC/MODS/PROTRACK/DEF/DJXMAS.MOD
44a3bd8a00fcf45b9cd135fb40342585	1	244415	player+silence	uade	Protracker compatible	0	169180	a1f0637d	0ef54b4b	MEDIA/MUSIC/MODS/STU/THSRCHFR.MOD
44df708162c515916f2eb802bfb551e4	1	212557	player	uade	Protracker	0	146770	296b7560	b214512b	MEDIA/MUSIC/MODS/PROTRACK/JKL/LRNNGTFL.MOD
451f2abfb03d7de40ae3b7df3c61a44d	1	246838	player	uade	Noisetracker 1.x	0	78188	ff35ee33	882ddfe0	MEDIA/MUSIC/MODS/JKL/LOWALTTD.MOD
4538eb48d1556773604b7613290e6309	1	233202	player+silence	uade	Protracker compatible	0	141284	a5c185cd	c5d3c8e5	MEDIA/MUSIC/MODS/STU/SAD-SONG.MOD
456993fbb5d48387b8e0c84c84c256ad	1	262993	player	uade	Protracker	0	143464	cf1abd73	1644a556	MEDIA/MUSIC/MODS/STU/SPEECY.MOD
456d2a73575d088db2c2bffe9dd3b072	1	374109	player+silence	uade	Protracker	0	124750	103bdedf	0a3ff21f	MEDIA/MUSIC/MODS/PROTRACK/DEF/ENLGHTMN.MOD
45b28656545c3a11e1d30d297f66d825	1	97999	player	uade	Protracker	0	46818	802d72ce	a3590ac1	MEDIA/MUSIC/MODS/STU/SKDRWTHM.MOD
45cc400af4785ef93c7f06bcc0dc85d7	1	152708	player+silence	uade	Noisetracker 1.x	0	57072	b416762b	e1d8ac35	MEDIA/MUSIC/MODS/STU/TRNDSSSS.MOD
464e1c89a829c53e1ff0a1e6d37cde49	1	186695	player	uade	Protracker	0	224342	9eeedaa5	38cfef0c	MEDIA/MUSIC/MODS/PROTRACK/DEF/ELKTRKFN.MOD
4654392a29834fb65a3be463465cc506	1	276597	player	uade	Protracker	0	326860	52df3588	96a9f872	MEDIA/MUSIC/MODS/PROTRACK/PQR/RIPPLING.MOD
4654e25bd41d5c580d03e7c43cf7d827	1	276597	player	uade	Noisetracker 1.x	0	51974	bd3e774f	dc9eb1e2	MEDIA/MUSIC/MODS/STU/SCRMFRHL.MOD
479c4f1432fe64d998291793d4e08fb6	1	305717	player+silence	uade	Protracker	0	333882	1fd71ac2	32ff487b	MEDIA/MUSIC/MODS/PROTRACK/VWX/W_NDFRDM.MOD
47fac3b4f7d5e9c57ba225c939e4ac24	1	410807	player+silence	uade	Startrekker (4ch)	0	166614	396a19c3	b8877855	MEDIA/MUSIC/MODS/MNO/MANDA.MOD
481aff76072c4849c997a705b0a31820	1	169028	player+silence	uade	Protracker	0	199738	e05fbc68	ea77e607	MEDIA/MUSIC/MODS/PROTRACK/DEF/DOEHNITZ.MOD
489fb977fd138f3fa8ee332f9fbfdd76	1	169716	player	uade	Protracker	0	100566	657b9389	b6eff9c5	MEDIA/MUSIC/MODS/DEF/DLRMSHRT.MOD
4a17b11ec33b1fb11b11f28bdca22295	1	153721	player	uade	Protracker	0	74880	67705c52	8d4c0daf	MEDIA/MUSIC/MODS/PROTRACK/MNO/MYSTIQUE.MOD
4a763d900cfb184b564ef376a1a76d6d	1	159809	player	uade	Protracker compatible	0	72322	8ad739d2	0a23eefd	MEDIA/MUSIC/MODS/STU/SOMEBODY.MOD
4b649177aaedd11961c82b20b9142507	1	230541	player	uade	Protracker	0	125556	7584dd71	9c1ef4d4	MEDIA/MUSIC/MODS/PROTRACK/DEF/DJV-THM1.MOD
4b720b4182b52f7a7d7d93282cae7f92	1	424366	player+silence	uade	Protracker	0	327420	a7d64bae	c5d3c37a	MEDIA/MUSIC/MODS/STU/THEABYSS.MOD
4be51039d63b57fa53311920533ae935	0	209502	player	uade	FaceTheMusic	0	46048	955e3dff	31b7395d	MEDIA/MUSIC/MODS/8VOICE/FTM/SCTSMNWL.FTM
4c25cd8f1cf1ec60a3369360943c35e1	1	186876	player	uade	Protracker	0	141322	8d2d2fc3	d38deafa	MEDIA/MUSIC/MODS/PROTRACK/JKL/LVNNSNTY.MOD
4cd04bf71b60a88e0a09509f9cb69f98	1	172027	player	uade	Protracker	0	136876	b4f23e63	9d0f231f	MEDIA/MUSIC/MODS/VWX/VIJA.MOD
4ce0595a3f94189cdea9951db354fe94	1	233555	player	uade	Protracker	0	201008	f1f42545	92a34eb8	MEDIA/MUSIC/MODS/STU/TWRDSMMR.MOD
4ce7387cf12b44ab01c23ef32274eb85	1	182006	player+silence	uade	Noisetracker 1.x	0	91456	949ddd55	4bc78d80	MEDIA/MUSIC/MODS/STU/SAHARA.MOD
4e5709f6ee7bf8a61cba277ff673a2d7	1	315017	player	uade	Protracker	0	68930	f33a7319	5b9c6611	MEDIA/MUSIC/MODS/GHI/GODZILLA.MOD
4e81baa56647f24dade2056c33d61273	1	274728	player	uade	OctaMED MMD1	0	80944	fcae8144	46f32483	MEDIA/MUSIC/MODS/MED/STRIPPED.MED
4ed1a478c2d45f0222bdf3332b0a8ab9	1	247321	player+silence	uade	Protracker compatible	0	81250	30d1ed21	65c5e228	MEDIA/MUSIC/MODS/STU/TAKECHNC.MOD
4ed599bf7c6ffc3771c21c9ad8bd9adc	1	230541	player	uade	Protracker	0	142578	fcb9d796	fd47d86b	MEDIA/MUSIC/MODS/ABC/BOUNCBCK.MOD
4f2e9040af01de268dba4319718b8ad8	1	182025	player+silence	uade	Protracker	0	251326	b296cd19	461bd508	MEDIA/MUSIC/MODS/STU/SRL.MOD
4f6d8849843bbbc60cb7a8b4e05c2d27	1	340894	player+silence	uade	Protracker	0	245382	32ffada2	61f55b43	MEDIA/MUSIC/MODS/PROTRACK/VWX/XENOLOG4.MOD
4f7276312518fcfabb17d4417c2697d8	1	192141	player	uade	Protracker compatible	0	108310	779a391a	6db23704	MEDIA/MUSIC/MODS/MNO/NGHTLGHT.MOD
4ff81ff88c1dfea641a3056dfac44fbd	1	245885	player+silence	uade	Protracker	0	140678	321e3151	e0f0b833	MEDIA/MUSIC/MODS/ABC/CANL_GRN.MOD
5027a9aae34da27dcd55fe5cda679d01	1	119179	player	uade	Protracker	0	236172	0d494f6e	c80a62f0	MEDIA/MUSIC/MODS/PROTRACK/MNO/MNLGHTJM.MOD
502ea495a4dcecc9740be2d40699a861	1	156132	player	uade	Protracker	0	114164	c5379c2b	9c04cb26	MEDIA/MUSIC/MODS/PROTRACK/STU/SHDSFGRY.MOD
502ea495a4dcecc9740be2d40699a861	1	156132	player	uade	Protracker	0	114164	c5379c2b	9c04cb26	MEDIA/MUSIC/MODS/STU/SHDSFGRY.MOD
507886c109c00335214d8012fcba3356	1	103003	player	uade	OctaMED MMD1	0	349112	5e6b0a93	89ad662e	MEDIA/MUSIC/MODS/MED/GOLDBERG.MED
507886c109c00335214d8012fcba3356	10	64281	player
507886c109c00335214d8012fcba3356	11	48507	player
507886c109c00335214d8012fcba3356	12	61729	player
507886c109c00335214d8012fcba3356	13	90665	player
507886c109c00335214d8012fcba3356	14	185289	player
507886c109c00335214d8012fcba3356	15	69767	player
507886c109c00335214d8012fcba3356	16	202932	player
507886c109c00335214d8012fcba3356	17	85923	player
507886c109c00335214d8012fcba3356	18	51300	player
507886c109c00335214d8012fcba3356	19	47040	player
507886c109c00335214d8012fcba3356	2	61448	player
507886c109c00335214d8012fcba3356	20	55580	player
507886c109c00335214d8012fcba3356	21	61327	player
507886c109c00335214d8012fcba3356	22	104228	player
507886c109c00335214d8012fcba3356	23	50738	player
507886c109c00335214d8012fcba3356	24	60544	player
507886c109c00335214d8012fcba3356	25	103706	player
507886c109c00335214d8012fcba3356	26	251841	player
507886c109c00335214d8012fcba3356	27	69365	player
507886c109c00335214d8012fcba3356	28	61307	player
507886c109c00335214d8012fcba3356	29	74730	player
507886c109c00335214d8012fcba3356	3	68159	player
507886c109c00335214d8012fcba3356	30	65647	player
507886c109c00335214d8012fcba3356	31	53430	player
507886c109c00335214d8012fcba3356	4	82527	player
507886c109c00335214d8012fcba3356	5	74047	player
507886c109c00335214d8012fcba3356	6	46397	player
507886c109c00335214d8012fcba3356	7	87510	player
507886c109c00335214d8012fcba3356	8	54073	player
507886c109c00335214d8012fcba3356	9	67175	player
51068c49d274b4404988b72fec44f223	1	321247	player	uade	OctaMED MMD0	0	115812	3478c27b	cfcbf3ac	MEDIA/MUSIC/MODS/MED/FLEE.MED
513ff62c8635151a1b71ff46c95f6373	1	206207	player	uade	Protracker	0	29716	b59f531e	a1bbdd30	MEDIA/MUSIC/MODS/STU/SVN-BNNY.MOD
514a78d88370b94cd9385d1a9edaf04d	1	185289	player	uade	Protracker	0	90202	8e195524	57978b39	MEDIA/MUSIC/MODS/PROTRACK/DEF/FLOW.MOD
518d031ecab63fb1b6b3f504834e2b64	1	53872	player	uade	Protracker	0	5870	ed11d2a4	a3fc5c5e	MEDIA/MUSIC/MODS/JKL/JLGBBRLZ.MOD
5196ac959a2c50befcb88da540edcbf6	1	381564	player+silence	uade	Protracker	0	153868	74f75b2c	00dc6078	MEDIA/MUSIC/MODS/JKL/LZRDKNG'.MOD
52b238778562221ee7dc28a17cd217ff	1	136440	player	uade	Protracker compatible	0	63690	ada1aa11	efda5640	MEDIA/MUSIC/MODS/ABC/BNGSRVNG.MOD
52e80f549818178ef4da5ceecad077b8	1	160770	player+silence	uade	OctaMED MMD1	0	249322	ec918050	72a5d892	MEDIA/MUSIC/MODS/MED/REIGNOFM.MED
530e000ad90e13e2a9779fb32a99f04f	1	143493	player	uade	Protracker compatible	0	67888	d1c8db63	46146870	MEDIA/MUSIC/MODS/STU/STARST1.MOD
5389c06d98b3f1d9e44e35748eeb06a4	1	213832	player+silence	uade	Protracker	0	277762	42b04d44	385a83de	MEDIA/MUSIC/MODS/PQR/RNYDCMBR.MOD
53de1c30062e8255fa8ac0c9cc8f31ba	1	302649	player+silence	uade	Protracker	0	80428	757d3a73	469aa2f6	MEDIA/MUSIC/MODS/STU/UNDRVNLG.MOD
53f834916a325c38568d15bbbd073d20	1	152234	player	uade	Protracker compatible	0	104806	da733579	ba1ccb2f	MEDIA/MUSIC/MODS/DEF/DENIAL.MOD
540e060624f42d75e13ed3f2128b330e	1	84262	player+silence	uade	Protracker	0	81234	7b428500	613ca18a	MEDIA/MUSIC/MODS/STU/TNGLVSNG.MOD
543a1114e7a3c39a7be307441efe5050	1	185932	player	uade	Protracker	0	283396	3684b66b	d5edcd8c	MEDIA/MUSIC/MODS/PROTRACK/ABC/CRAZYMEN.MOD
54458356a659283c6d920a12733abdc1	0	167928	player+silence	uade	SoundMon 2.0	0	122348	cc6a22aa	97cb3861	MEDIA/MUSIC/MODS/ABC/BP.CRC
551bfd0be3214c984e0a5c1a6be6b3cb	1	121088	player	uade	Protracker compatible	0	44536	99b7c2d0	1450f0c0	MEDIA/MUSIC/MODS/ABC/BLUES.MOD
551dd939cbf12d5267ff31f552f28ef7	1	178694	player+silence	uade	Protracker	0	252028	fc23b649	1ff09b29	MEDIA/MUSIC/MODS/PROTRACK/0_9/205SLSTR.MOD
552fe4f457ea4aa79158bce53a4ca9ce	1	387015	player	uade	Protracker	0	175648	cde3f53e	9823057d	MEDIA/MUSIC/MODS/STU/TECHNLGY.MOD
56983b783ed742c4d3b3be7a497484b4	1	298737	player+silence	uade	Protracker	0	233016	83036c62	4e5393a1	MEDIA/MUSIC/MODS/PROTRACK/ABC/ANTHEM.MOD
56bafa2bd9adc79388f0479bc58350bf	1	90136	player+silence	uade	Startrekker (4ch)	0	71016	d27563d4	b9433480	MEDIA/MUSIC/MODS/PQR/PULSE.MOD
56f0a3bf248f53686a307d6da1b1cf33	1	367140	player+volume	uade	Protracker compatible	0	439792	c73a21da	d91a33f5	MEDIA/MUSIC/MODS/GHI/ISLNDFSP.MOD
57253db24480ba5d697222e4a8cd3a29	1	242618	player	uade	Protracker	0	82538	7ad8db4a	3447885e	MEDIA/MUSIC/MODS/STU/THSVNTHS.MOD
575b1d1849c421b38f2011114f04e45a	1	307321	player	uade	Protracker compatible	0	107992	de660412	4f69502c	MEDIA/MUSIC/MODS/ABC/ANOTHERF.MOD
57e069d9cd4d284a03a1b9337dce4ec8	1	30824	player	uade	Protracker	0	9312	d1ea808b	c5d0099b	MEDIA/MUSIC/MODS/PROTRACK/0_9/10KBLUR.MOD
58343e1089733285ba28a14db69f4f78	1	252563	player+silence	uade	Protracker compatible	0	418832	17647ac0	743de315	MEDIA/MUSIC/MODS/ABC/BYNDDRMS.MOD
585ca38071408a6dcd8eb50b21433854	1	113070	player	uade	Protracker compatible	0	110452	87ba995c	05cc8a9e	MEDIA/MUSIC/MODS/PROTRACK/VWX/VIRTINTE.MOD
58766be66e999690db65e0c0fdb40fd6	1	200054	player+silence	uade	Protracker	0	151810	f6750d5e	d05bdcd7	MEDIA/MUSIC/MODS/PROTRACK/STU/SQUARE.MOD
5889a26cd2ee91de9bd699cb55e2c977	1	96130	player	uade	Protracker	0	66168	2280227e	96b4c090	MEDIA/MUSIC/MODS/PQR/PRSMVCT1.MOD
58b79fb8244f636a1ad1abab4d56b8df	1	150244	player	uade	OctaMED MMD0	0	87622	ea8b68b4	e9194b17	MEDIA/MUSIC/MODS/MED/OUTBACK.MED
5a1b9b825fe1d8bc753d6bc1bcfdcca7	0	187018	player+silence	uade	Oktalyzer	0	558988	07b52185	73aefc14	MEDIA/MUSIC/MODS/8VOICE/OCTALYZR/NGHTFLGH.OKT
5a35ee1a0134f8aec467764d22cfd06b	1	223518	player+silence	uade	OctaMED MMD1	0	86902	6506240e	5002e82b	MEDIA/MUSIC/MODS/8VOICE/OCTAMED/TECHNTRY.OCT
5b80aec6823dae319d25d6a7d1eaf2f9	1	84616	player	uade	Protracker	0	42014	a2bece34	cf37ac23	MEDIA/MUSIC/MODS/DEF/FNKYLDRT.MOD
5b8b5c89c376cd70ac6f94c9556cdd0f	1	387558	player	uade	OctaMED MMD1	0	223334	148b3fca	2c4545ab	MEDIA/MUSIC/MODS/MED/UNEARTHL.MED
5c897b1e6278d34e2042bafca730f891	1	345721	player	uade	Protracker compatible	0	145504	403e9e4f	0cf416ee	MEDIA/MUSIC/MODS/STU/SUSPENSE.MOD
5ca8670a51ee990700e2346c200df5a8	1	122997	player	uade	Protracker	0	109152	7e7b548f	f6299925	MEDIA/MUSIC/MODS/STU/SPCTRLNT.MOD
5d328bc7ea74bd484e6fefbe4391f320	1	76880	player	uade	Protracker	0	330870	048b11c7	f366c209	MEDIA/MUSIC/MODS/PROTRACK/STU/SLOWDISC.MOD
5db220abcc9e7b296821886f8007a02d	1	266208	player	uade	Startrekker (4ch)	0	93572	46a7ff36	2b1cca34	MEDIA/MUSIC/MODS/DEF/EBULEHEB.MOD
5e24c90c80d89221eac72eb07fe62f56	0	183850	loop	uade	FaceTheMusic	0	150330	f129b600	731b4fde	MEDIA/MUSIC/MODS/8VOICE/FTM/NO_RETRN.FTM
5f244f16a08cd00d06e2164494827357	1	230234	player+silence	uade	Protracker	0	59584	3364c91a	894fb2c8	MEDIA/MUSIC/MODS/STU/SECRETRI.MOD
5f64c3edbf740d4312dc86947733a0c8	1	228853	player	uade	Protracker	0	243859	5681d687	71bf4b16	MEDIA/MUSIC/MODS/PROTRACK/VWX/VIRTHC.MOD
6086b21bb401959355b1348bf1541038	1	424069	player	uade	Protracker	0	165588	d74f00a0	1424c99e	MEDIA/MUSIC/MODS/DEF/DGTLNNVT.MOD
614a8c9781daae06cfcb3d5248445f32	1	82973	player+silence	uade	Protracker compatible	0	60038	891a0c0b	793e64a8	MEDIA/MUSIC/MODS/GHI/GUITARZ.MOD
61662289f8e69fff1726d979338dd2b1	1	140519	player	uade	Protracker	0	114446	950fc276	50fb6402	MEDIA/MUSIC/MODS/GHI/GOLDRETU.MOD
61891ad2d56530e5ce8842c0422da7bc	1	213860	player+silence	uade	Protracker compatible	0	130066	7005bf2a	3712da32	MEDIA/MUSIC/MODS/GHI/GATEWAY.MOD
621af9dc81881a30dd0199f94e7ba0c9	1	130974	player	uade	OctaMED MMD0	0	70088	3ae7eb4a	8a735263	MEDIA/MUSIC/MODS/MED/INDUSTRY.MED
6260ad4df3ea4792f90e7397c5aefecb	1	197737	player+silence	uade	Protracker	0	268222	dd965c83	de6151bc	MEDIA/MUSIC/MODS/MNO/NOLIMIT.MOD
626faac77a1e96a3cc10becf164e847e	1	475595	player+silence	uade	Protracker	0	240840	ec14b2df	66c983b6	MEDIA/MUSIC/MODS/MNO/MINE.MOD
62b51deb793f4c59ea348250ab1646bd	1	154585	player+silence	uade	Protracker	0	181618	ccebbb2a	811fbf5f	MEDIA/MUSIC/MODS/JKL/JORDANJA.MOD
63fb4808615d0dc79b66955d74b1b7e7	1	225397	player+silence	uade	Protracker	0	229916	6df64b16	2c1dd606	MEDIA/MUSIC/MODS/VWX/WANDRWST.MOD
649705108de4e6c856505b74f6fcd4d2	1	46216	player	uade	Noisetracker 1.x	0	9760	84133b1e	7691194b	MEDIA/MUSIC/MODS/PROTRACK/JKL/LEMON.MOD
653a309a04e7628bd3a9bb3b5b447f7c	1	256509	player+silence	uade	OctaMED MMD0	0	256288	2cae3448	d9a0ff18	MEDIA/MUSIC/MODS/8VOICE/OCTAMED/FU.OCT
658f8086fd67b2fc369eadcfeb056ba5	1	530327	player	uade	Protracker	0	326980	73fe74f2	a1fb6863	MEDIA/MUSIC/MODS/PROTRACK/PQR/PHENOM.MOD
66a3edb2e7abfc32e3e70f75925adb16	1	245893	player	uade	Protracker	0	165733	a654aa98	a439a0a6	MEDIA/MUSIC/MODS/PROTRACK/DEF/DEEPINS.MOD
66a498619a89361bd9e92217c67d6d00	1	99526	player	uade	Protracker	0	190200	9b97e7ed	4bf77dbe	MEDIA/MUSIC/MODS/PROTRACK/DEF/DIGITAL.MOD
66c35f85008f562a0ff216e3551c2ef4	1	391134	player	uade	Protracker	0	139000	17848dcc	455245d6	MEDIA/MUSIC/MODS/PROTRACK/JKL/LK.MOD
6771fa1396f838b8fdd54e0973160c0a	1	130693	player	uade	Noisetracker 1.x	0	53248	21d535e9	1a0ced76	MEDIA/MUSIC/MODS/ABC/ALWYSNMY.MOD
67725b202f82d5b5f2b1677bbf8d4949	1	117229	player	uade	Protracker	0	127238	974e2488	0844b963	MEDIA/MUSIC/MODS/PROTRACK/MNO/ONLYFORY.MOD
67771dedb701511e5176eddc347214d6	1	159890	player	uade	Protracker	0	355818	b34e24d6	1c729fe5	MEDIA/MUSIC/MODS/PROTRACK/ABC/CLSSXNTH.MOD
689c69f0fd367bd132fe3a688c2d3cef	1	283630	player	uade	Protracker	0	132618	973e2642	df086992	MEDIA/MUSIC/MODS/PROTRACK/GHI/INTERFRN.MOD
68e317fa6fe7fd12dc9788c7d830ad2d	1	84616	player	uade	Protracker	0	162808	b13b0181	22fa9a54	MEDIA/MUSIC/MODS/ABC/BLND_NTR.MOD
6903231b27a7f7b9e4ad2965c528ac4f	1	226020	player	uade	OctaMED MMD0	0	66840	e25a7bd1	8a6286d4	MEDIA/MUSIC/MODS/MED/SLOWBEAT.MED
690cfe5ba5ba61f4c8a32bef62603475	1	170900	player+silence	uade	Noisetracker 1.x	0	129144	06fb8469	9f628811	MEDIA/MUSIC/MODS/MNO/MEGAEND.MOD
6ad815eff98854422d5fb479cc1eef9a	1	263331	player+silence	uade	Protracker	0	294226	487f4982	7c79d2dc	MEDIA/MUSIC/MODS/PROTRACK/PQR/RUNMILL.MOD
6ba65801c817435ed584c317de48c616	1	192141	player	uade	Protracker compatible	0	88480	89d1e536	843334ad	MEDIA/MUSIC/MODS/0_9/6THBEAT.MOD
6bf1d985b05ec3f48ec0fba781a623e9	1	216322	player+volume	uade	Protracker	0	65482	6ff191ee	47b0c2bd	MEDIA/MUSIC/MODS/JKL/KRSTMSST.MOD
6e3cef8bba74015c2fdd2df7ddc273e4	1	220484	player+silence	uade	Protracker	0	255854	94355456	5382a45e	MEDIA/MUSIC/MODS/PROTRACK/VWX/VOICES.MOD
6f3691839bb26ea6fc6ea05c28df8970	1	244587	player	uade	Protracker	0	256500	278e0214	c90862ff	MEDIA/MUSIC/MODS/DEF/DEVIATOR.MOD
6f6023a8433b9d4e4b9df45443101642	1	138369	player	uade	Protracker compatible	0	90642	683264b5	a0b934c7	MEDIA/MUSIC/MODS/STU/STEAM.MOD
6fc563319cff7392a39c617ba729286a	1	252283	player	uade	Protracker	0	151170	ebc448bb	3c8c847f	MEDIA/MUSIC/MODS/PROTRACK/JKL/LOUDCLER.MOD
6ff3dca6b532e5adc82b61eb630815ec	1	31306	player	uade	Noisetracker 1.x	0	30632	dd15c663	3dab7392	MEDIA/MUSIC/MODS/STU/SWNGTHPB.MOD
70131c8a74135fc3e870cc87160ca7cb	1	152515	player	uade	Protracker	0	44160	a5087d41	380a7698	MEDIA/MUSIC/MODS/PROTRACK/ABC/CHUCKRCK.MOD
70406bbfd653dc15eaf4a1cae588a326	1	226422	player	uade	Protracker	0	152622	7882cbcb	c7297419	MEDIA/MUSIC/MODS/STU/SBCNSCSN.MOD
7086d05a340114b203098887f0d542f4	1	325989	player+volume	uade	Protracker	0	341298	7284e865	0eb3affa	MEDIA/MUSIC/MODS/PROTRACK/MNO/MORPWRFL.MOD
70da40edd759f92bba326b0e9a85905e	1	225196	player	uade	MED4 (4ch)	0	204797	3348447f	2a526386	MEDIA/MUSIC/MODS/MED/ASSIMILA.MED
70ed239d083bc356df9d2d48eec30d61	1	117410	player	uade	Protracker	0	136890	9c736f46	5810be6f	MEDIA/MUSIC/MODS/ABC/BSVDJNJM.MOD
71e21de39b85676c2a7e92adccc18079	1	276677	player	uade	OctaMED MMD0	0	118362	b80aa4f7	f6c97c22	MEDIA/MUSIC/MODS/MED/ORANGEDA.MED
72285cf932b0b5c226dc70c1130612b3	1	499422	player	uade	OctaMED MMD0	0	247028	8d88338a	f6d362b6	MEDIA/MUSIC/MODS/8VOICE/OCTAMED/THUNDER.OCT
726d156aa7dff9fd41958d2ebc9917d7	1	222001	player	uade	Protracker	0	244044	b3bd3eb2	f75f72f3	MEDIA/MUSIC/MODS/DEF/ELCTRFCT.MOD
727380d66f9424f0cd2632b43833da51	1	261245	player	uade	Protracker	0	75892	aaf059ed	62a0ea41	MEDIA/MUSIC/MODS/ABC/ADAMSKI1.MOD
72edf11dec16e747c3adc94447b9c1e2	1	210374	player+silence	uade	Protracker	0	370804	c82aad74	432da99a	MEDIA/MUSIC/MODS/STU/TRIBEFMN.MOD
732b835a11f269268c9a4d5c8f5668e4	1	53872	player	uade	Protracker	0	84692	e77aabe1	0c9af2b0	MEDIA/MUSIC/MODS/PQR/P_O.MOD
735eee3f239c3b63cb58dad47516c7bc	1	189280	player+silence	uade	Protracker	0	190644	e6d01a8b	e825311b	MEDIA/MUSIC/MODS/JKL/LSTDSTNY.MOD
735eee3f239c3b63cb58dad47516c7bc	1	189280	player+silence	uade	Protracker	0	190644	e6d01a8b	e825311b	MEDIA/MUSIC/MODS/STU/THLSTDST.MOD
738913778ccb9d627c660c6f1dd64c4d	1	146045	player	uade	Protracker	0	229300	3258142b	9c9509e9	MEDIA/MUSIC/MODS/PROTRACK/YZ/ZDUBREY.MOD
742d0f3f43f8622f377649f37972c0f7	1	144136	player	uade	Protracker	0	134368	4f4e68c0	052ccc8e	MEDIA/MUSIC/MODS/PROTRACK/DEF/DREAMSCP.MOD
7465a9dcd4f88d25c7df4824a4ad6b4d	1	371209	player+silence	uade	Protracker	0	101106	919976b6	ef6c39e5	MEDIA/MUSIC/MODS/ABC/BODVEIZR.MOD
7467ca93bc56f25580ca04ebcff121c3	1	92272	player	uade	Protracker	0	124578	cf04a9f0	856152a4	MEDIA/MUSIC/MODS/0_9/16BETBNC.MOD
75bee1eebb5984466fd30d7fddc01ca9	1	147717	player+silence	uade	Protracker	0	100660	c7a378b8	70735413	MEDIA/MUSIC/MODS/PROTRACK/DEF/DIMPLES.MOD
760198003c8c152468fb86e534f87c06	1	106700	player	uade	Protracker	0	154368	f9e67671	1d8d044c	MEDIA/MUSIC/MODS/ABC/BRUISER.MOD
761fad5c5e96138faa63ec2f047876e7	1	448166	player+silence	uade	Protracker	0	198742	b179d347	14dcb302	MEDIA/MUSIC/MODS/VWX/VARIATNS.MOD
769641679984349f02f771d40efa74da	1	330082	player+silence	uade	Protracker	0	299572	b5715ff2	a7fd7d53	MEDIA/MUSIC/MODS/JKL/JNGLTTHC.MOD
76f123c50e5fb56d6cc44c7158cb536a	1	229335	player	uade	Protracker compatible	0	130200	e92a65bb	552b9cc3	MEDIA/MUSIC/MODS/MNO/NWBGNNNG.MOD
7742e97bec84f02e6d00ca924386bfc6	1	80758	player	uade	Protracker	0	130890	4a18e927	b992e473	MEDIA/MUSIC/MODS/PROTRACK/ABC/CAVERN.MOD
775a20c152dc5766ecf762b344c4bbcc	1	119179	player	uade	Protracker compatible	0	276012	066bb9b1	e7f19a90	MEDIA/MUSIC/MODS/DEF/FNKYFLTC.MOD
77fe92b72848f31cfb95e0a0f54fb118	1	130693	player	uade	Protracker	0	65822	1d7e52b3	7eb90da5	MEDIA/MUSIC/MODS/PQR/RE-CALL.MOD
7808b0430e9e49e58714c74719878e9c	1	194472	player	uade	Protracker	0	180340	2015d569	7151c62f	MEDIA/MUSIC/MODS/PROTRACK/ABC/AFTERHRS.MOD
78cbf243fad18029b6cc140cf518437a	1	84717	player	uade	OctaMED MMD0	0	115422	124791be	dc615dba	MEDIA/MUSIC/MODS/MED/SPRINGRA.MED
794a8d7d652deb882b907b55c44aeef0	1	215552	player+silence	uade	Protracker	0	112036	b287b80c	4a9ab7f0	MEDIA/MUSIC/MODS/PROTRACK/ABC/CRYSTLRN.MOD
7997a4a5cd3da261fdf951f414e2da40	1	135254	player	uade	Protracker	0	82634	39561824	34a1af24	MEDIA/MUSIC/MODS/PROTRACK/STU/SEXAPHON.MOD
7a49f578b951bb6c60614bc5712c8113	1	203414	player	uade	Protracker	0	103740	7ffd996e	ff5689dd	MEDIA/MUSIC/MODS/PROTRACK/ABC/CHERRY.MOD
7a53e1f879a65be8f651d13375cbc195	1	160131	player	uade	Protracker	0	74060	5a87461a	dfe0082c	MEDIA/MUSIC/MODS/ABC/CYBRTRNC.MOD
7a712c6e5f77b5c1d641b514990bd8f6	1	189167	player	uade	Protracker	0	130330	757f7cda	2d5b3f42	MEDIA/MUSIC/MODS/ABC/ANIMOTIO.MOD
7aa0409b5ab8ec5428c92190f9f61f3f	1	142825	player+silence	uade	Protracker	0	325736	95cb4c10	9c81d988	MEDIA/MUSIC/MODS/DEF/DSTNYFMS.MOD
7ad15454e48a608cd11b56390ad50e21	1	453346	player+silence	uade	Protracker	0	209400	453af6f9	843159fe	MEDIA/MUSIC/MODS/ABC/CALYPSO.MOD
7c5bcd3436f192ed71de98502c6b3140	1	281007	player+silence	uade	Protracker	0	164326	3e7b56f6	572a2c98	MEDIA/MUSIC/MODS/STU/TECHNSHT.MOD
7c82488dfec9781e522c8f0f0640793f	1	515759	player	uade	Protracker	0	44066	a5fa29cc	12844735	MEDIA/MUSIC/MODS/PROTRACK/ABC/BONER.MOD
7ca6e79be6599e7c42ab8648537d6606	1	182315	player	uade	Protracker	0	604676	ba09b36b	49bbd274	MEDIA/MUSIC/MODS/PROTRACK/VWX/WHATS-UP.MOD
7d9bd6f67e5647e81a5498dee8ecbb59	1	122997	player	uade	Soundtracker II (31 instr.)	0	65374	0315715a	ca84a8bd	MEDIA/MUSIC/MODS/VWX/VOYAGER.MOD
7db3644a9ec512572e5a110362dc05a0	1	131336	player	uade	Protracker	0	103456	7ab27308	ee3fed15	MEDIA/MUSIC/MODS/ABC/CONTSTNS.MOD
7db3644a9ec512572e5a110362dc05a0	2	4199	player
7db3644a9ec512572e5a110362dc05a0	3	25338	player+volume
7dcf3fbf7c9b284cb3454ab7dbe1d1ab	1	34682	player	uade	Protracker	0	211918	5ac6220c	04d18437	MEDIA/MUSIC/MODS/PROTRACK/0_9/70SHAKE.MOD
7df92aadedef4f7ec80e2a57264eb961	1	388342	player+silence	uade	Protracker	0	221724	07cb037f	d484dab2	MEDIA/MUSIC/MODS/GHI/ITSMYCNT.MOD
7ee1f5f8a46441f061de137e39fb70da	1	247660	player+silence	uade	Protracker	0	191134	af1b84dd	fb7779b4	MEDIA/MUSIC/MODS/DEF/DRAGONJV.MOD
7f0ffd714d2555f67ff9cca6dc5a5997	1	307136	player+silence	uade	Protracker	0	199970	4483ae5a	16d6c15a	MEDIA/MUSIC/MODS/PROTRACK/STU/THRGHTHT.MOD
7f3b42084129e1d4a6777fabe1fe33d3	1	209451	player+silence	uade	Protracker	0	242182	83fd16af	d89abafc	MEDIA/MUSIC/MODS/ABC/ACIDJAZ1.MOD
7f4ebfea81d67572eb4f55fb478a9725	1	179211	player+silence	uade	Protracker	0	339236	f326bedb	5ffd0014	MEDIA/MUSIC/MODS/GHI/IRIDIUM.MOD
7f71b403e218126768202851ab79d30d	0	289902	player+silence	uade	FaceTheMusic	0	123138	feb549b6	b33c3910	MEDIA/MUSIC/MODS/8VOICE/FTM/HRBSTMTW.FTM
7f8035cfb41209837b16c1cf83f855c4	1	63477	player	uade	Protracker	0	271498	dc2a09fd	a4e86d53	MEDIA/MUSIC/MODS/ABC/BETTYBOO.MOD
8094c8e8aa97462d95486f09971c45b1	1	153721	player	uade	Protracker compatible	0	152472	1fb31663	b10676dd	MEDIA/MUSIC/MODS/STU/UTTRLYWR.MOD
80a92c78ed03a696e18c2812a2961466	1	270308	player	uade	Protracker	0	130150	1d038088	edd203f0	MEDIA/MUSIC/MODS/ABC/APOCLYPS.MOD
80c07eae6d33ed5eb661a0d9031e5c8f	1	373492	player	uade	Protracker	0	207478	67ebccd3	1bad9790	MEDIA/MUSIC/MODS/ABC/CORTOCHK.MOD
816a3a3ef546ab3001929105c12aaa26	1	192141	player	uade	Startrekker (4ch)	0	116548	e0495975	265a4954	MEDIA/MUSIC/MODS/PQR/RAINING.MOD
817dcbb7970da2c8ae2a5ae50405126f	1	198226	silence	uade	Protracker	0	230678	b104aedf	d34e3c01	MEDIA/MUSIC/MODS/ABC/ATRPTFNK.MOD
819d24739e977095cd7e974e7a8df05d	1	73082	player	uade	Noisetracker 1.x	0	57128	d94be46b	71566739	MEDIA/MUSIC/MODS/PQR/PINPLNKR.MOD
81b897e5c84e2aa4cbb602cf09d445cd	1	183320	player	uade	Protracker	0	270596	d70f2f0b	e81809de	MEDIA/MUSIC/MODS/PROTRACK/MNO/MAXXTRZM.MOD
8213d5f5a439f594ef7df5b1b85762af	1	280500	player+silence	uade	Protracker	0	55212	cac27d79	cfe783ec	MEDIA/MUSIC/MODS/GHI/HITSQUAD.MOD
821f1afd0c2dcc9331d9152d513d471d	1	199797	player	uade	Noisetracker 1.x	0	79536	26b4d2d1	5d47111b	MEDIA/MUSIC/MODS/MNO/MAD_MAZE.MOD
823db1fb5d71446f1ad107f3ce080201	1	153721	player	uade	Protracker compatible	0	56668	3f72e630	8542466f	MEDIA/MUSIC/MODS/DEF/ENOLAGYM.MOD
824c0fb2c4f3206b1aaf04cb7095b4b0	1	227306	player	uade	Protracker	0	280086	30367822	633636cc	MEDIA/MUSIC/MODS/PQR/RUBICON.MOD
834013d8ab6d30c801e1ab64ba88efef	1	192141	player	uade	Noisetracker 1.x	0	233680	d952f05d	e51dec9d	MEDIA/MUSIC/MODS/GHI/HBTVCRDL.MOD
834013d8ab6d30c801e1ab64ba88efef	2	77523	player
838c719609a6133624e1d39b7ed8ee64	1	62856	player+silence	ft2play	Fasttracker (M.K.)	4	21319	79f296fa	58e18741	MEDIA/MUSIC/MODS/ABC/BETHVNGL.MOD
83ae60ac396b36a914be9aa048caed61	1	140047	player+silence	uade	Protracker	0	73522	ded6fa7c	94718371	MEDIA/MUSIC/MODS/JKL/LEDSTORM.MOD
83baa5b47a5ff98f615a3ffc28802f81	1	27951	player	uade	Protracker	0	105592	ce448d59	c861371b	MEDIA/MUSIC/MODS/PROTRACK/DEF/EUPHORIA.MOD
841d76c2cf2133b48bb926f70d9002bd	1	437636	player+silence	uade	Protracker	0	335362	c01760a0	8913a8fa	MEDIA/MUSIC/MODS/PQR/RELIF1_2.MOD
846b949aeaf679591bae1bc6aee9bb99	1	487667	player	uade	Protracker	0	89150	81118fba	5ec988c5	MEDIA/MUSIC/MODS/GHI/HRDFLNGS.MOD
84901593f923e14a8cf1641dc7b33413	1	134407	player+silence	ft2play	Fasttracker (M.K.)	4	127265	177ac66e	37d725bd	MEDIA/MUSIC/MODS/ABC/CONFUSED.MOD
84b56f0693546a5b038352143e135364	1	273402	player	uade	Protracker	0	178046	8f9a686e	5d86531b	MEDIA/MUSIC/MODS/PROTRACK/STU/THM_SHDS.MOD
84e0c36dcb1b3a152544a4038acc151e	1	102520	player	uade	Protracker	0	21420	71523ce7	f636f78f	MEDIA/MUSIC/MODS/JKL/LXSTCYTH.MOD
850fdcfadc73bc5e2341bc950af0f85f	1	997298	player+silence	uade	Protracker	0	270688	571b6403	7fdcb8fa	MEDIA/MUSIC/MODS/VWX/XENOLOG1.MOD
854d1885db9fb957b2a681005a0c45d3	1	211331	player	uade	Protracker	0	164928	25204efd	b54e1fbf	MEDIA/MUSIC/MODS/STU/STRTSPHR.MOD
8552d68fc49ee928c66d68a5f6bbd5c6	1	158845	player	uade	Protracker	0	88814	9e05a100	5bc42efa	MEDIA/MUSIC/MODS/PROTRACK/DEF/DARKFIRE.MOD
855f4d19d4e8c9e41333a1d098e508c8	1	265585	player	uade	Protracker	0	165772	f6b8146b	6f5d3ce7	MEDIA/MUSIC/MODS/PROTRACK/JKL/JAMBOREE.MOD
86b514d42dfaf1803df42568b9a9c9bb	1	52124	player	uade	Protracker	0	7120	6c4d42af	e756a585	MEDIA/MUSIC/MODS/PROTRACK/STU/TOYBOX.MOD
87477984dd8c819b47d12729f834f601	1	138369	player	uade	Protracker	0	109042	362ee7f8	4aac736e	MEDIA/MUSIC/MODS/PROTRACK/STU/THM_CLVS.MOD
877bdf1e2dbfebe3493ce3e4f07e1b01	1	75011	player	uade	Protracker	0	82950	bc6851d4	f20d07bd	MEDIA/MUSIC/MODS/STU/TRABALAS.MOD
8912dbf3dd29d983a7e53a67b1ae832d	1	291969	player	uade	Protracker	0	89572	e4719201	0531ec42	MEDIA/MUSIC/MODS/DEF/FANTASS_.MOD
8979696fb14b13cd68fbddfea36f751f	1	19310	player	uade	Protracker	0	35398	6c384127	955b8455	MEDIA/MUSIC/MODS/STU/STATELDR.MOD
897a9055a4626dd4648e153fde14dd28	1	217502	player+silence	uade	Protracker	0	151060	c379f412	edd4812f	MEDIA/MUSIC/MODS/0_9/1993.MOD
89a23342dc8180e02a14903c57915810	1	341562	player	uade	Protracker	0	420074	88f5198c	47725dbf	MEDIA/MUSIC/MODS/ABC/CRMX-TRM.MOD
8a029ac498d453beb929db9a73c3c6b4	1	459436	player+silence	uade	Protracker	0	375630	6e623164	84f03ed1	MEDIA/MUSIC/MODS/ABC/BEATWAVE.MOD
8a1cae202d60a21ac127205ecb93afdf	1	194693	player	uade	Protracker compatible	0	82110	a596d4c3	9b7f2e05	MEDIA/MUSIC/MODS/PQR/RIFF-RFF.MOD
8a72156238aca7e1009943bc3aecadb2	1	171966	player	uade	Protracker	0	229488	bf3450e1	54496b87	MEDIA/MUSIC/MODS/ABC/ACIDJAZ2.MOD
8ae01bd9d551cf13e169ba686a635e39	1	62834	player	uade	Protracker	0	117672	e51bdcfe	ef92fbf3	MEDIA/MUSIC/MODS/PROTRACK/MNO/MISSING.MOD
8b4fa470fd558c432c4e2a9bdaa4b46f	1	182656	player	uade	Protracker	0	93530	81c52fea	b98e2723	MEDIA/MUSIC/MODS/PROTRACK/YZ/ZFTP.MOD
8c1a9678e77fe444413ce13b4fe4db99	1	461766	player	uade	OctaMED MMD1	0	781588	a7ee894c	7144a1e2	MEDIA/MUSIC/MODS/8VOICE/OCTAMED/GRNGHMX2.OCT
8d24b1d9c785edfd4bdaaef7ab51fd52	1	166159	player	uade	Protracker	0	223986	aa0c80c7	b33b78c6	MEDIA/MUSIC/MODS/PROTRACK/0_9/3D-DMTHM.MOD
8d8e770b8fcdb612555e766725cd6391	1	269745	player	uade	OctaMED MMD0	0	81460	eb23d749	cf73c230	MEDIA/MUSIC/MODS/MED/YOU_DRIV.MED
8e50b945f60e72130535c1f25b87bf5b	1	123981	player	uade	Protracker	0	71614	b5b63281	27a1bd3b	MEDIA/MUSIC/MODS/PROTRACK/STU/SPRTLLGC.MOD
8ed8c1673451f67863985127f87efe08	1	163798	player+silence	uade	Protracker compatible	0	82552	7f3057bd	9a4eaf20	MEDIA/MUSIC/MODS/ABC/BLLDPRDL.MOD
8ef44a1687f960fb2405b4861a7ed41c	1	216194	player	uade	OctaMED MMD0	0	179530	abe3b8c4	83b7f4fa	MEDIA/MUSIC/MODS/MED/4801.MED
8f0b54747466d58613b017f8a9da48d8	1	141262	player	uade	OctaMED MMD0	0	53548	fcf17cf2	0100a727	MEDIA/MUSIC/MODS/MED/SHORTSON.MED
8f4d4d7c570f7aa19793e1a594fce1f3	1	134380	player+silence	uade	Protracker	0	38096	ab99be61	cfbd9160	MEDIA/MUSIC/MODS/PROTRACK/GHI/HPPYLVLS.MOD
8fe79a1f88630d7b2356c72cbf858225	1	325029	player+silence	uade	Protracker compatible	0	108920	453e158c	dc1797ce	MEDIA/MUSIC/MODS/VWX/WE_RULE.MOD
903cfc01c5d84f8392a1d4d3dd675e67	1	152435	player	uade	Protracker compatible	0	42629	2eb71b15	287e6917	MEDIA/MUSIC/MODS/ABC/BCHFGNGM.MOD
9204c41f8bbc4d33f42520bd76a42895	1	57144	player	ft2play	Fasttracker (M.K.)	4	539396	f18064de	bc276bdc	MEDIA/MUSIC/MODS/PROTRACK/PQR/PC_PT315.MOD
92317a48e863c5e8c35ff9335cad55cc	1	277341	player	uade	Protracker	0	128720	f305c34f	276b4cc9	MEDIA/MUSIC/MODS/JKL/LOVEFUNK.MOD
92691358a10afb111fe1fe6c39eb2d29	1	155529	player	uade	Protracker compatible	0	30396	c712ed3c	e9f9f2da	MEDIA/MUSIC/MODS/PROTRACK/MNO/OERKSJAZ.MOD
9285eeabdea0157039ef5e84ecc9a2e4	0	80995	player+volume	uade	Oktalyzer	0	207962	271b12b0	a28a4650	MEDIA/MUSIC/MODS/PQR/PREVIEW_.MOD
92a39e6c9e6b0a3491f6b37ce846a960	1	247271	player+silence	uade	Protracker	0	209828	c4811027	ad0e16e1	MEDIA/MUSIC/MODS/PROTRACK/DEF/DYLGHTLL.MOD
931da64e8fcb45c69e05f971f454826b	1	128082	player+silence	uade	Soundtracker II (31 instr.)	0	297842	d64ba5d2	1a145fff	MEDIA/MUSIC/MODS/ABC/ANETTE.MOD
935dff06dff340077616da2a7e429a1a	1	80758	player	uade	Protracker	0	54328	52d14461	0194093e	MEDIA/MUSIC/MODS/PROTRACK/STU/SHORTIE.MOD
93ad5208cf1afe36cd3d2f47637d2bdd	1	210068	player+silence	uade	Startrekker (4ch)	0	118812	a6900ea7	17379bde	MEDIA/MUSIC/MODS/VWX/WHISKY.MOD
93d6006bab1984e330a71610b2a721c6	1	584441	player	uade	Protracker	0	171648	17c84710	06f6045a	MEDIA/MUSIC/MODS/DEF/DOXMPLTN.MOD
940fe1d626d7ee6adda31b2304c5e02b	1	130693	player	uade	Protracker compatible	0	71050	46030838	03c5fa7c	MEDIA/MUSIC/MODS/ABC/CMPLCTNS.MOD
9503c9757c020f7ca12be06161397ffa	1	194050	player	uade	Protracker	0	233758	f5510926	93c78016	MEDIA/MUSIC/MODS/PROTRACK/STU/SOUNDSV2.MOD
95aea81ebd0baaea6b322213dc62f458	1	262122	player+silence	uade	Protracker compatible	0	89316	b6273998	635764d0	MEDIA/MUSIC/MODS/MNO/MAXIMNMM.MOD
95b6c914384dded28e7db2781121a3d5	1	249285	player+silence	uade	Protracker	0	218778	186e4e09	b0b257a5	MEDIA/MUSIC/MODS/DEF/DARKANGL.MOD
960f14da4298d3d1ae0c563d22a4440f	1	141383	player	uade	Protracker compatible	0	48202	3c0e892a	2818ad5b	MEDIA/MUSIC/MODS/ABC/ADAGCNTB.MOD
96cc04a42d4d527255abf7efa03c5f52	1	193851	player+volume	uade	Protracker	0	370254	bcf9122d	d2e234e5	MEDIA/MUSIC/MODS/GHI/HNTNGSHW.MOD
980efe8248f3471dee1ce9134d82b5c3	1	169917	player	uade	Startrekker (4ch)	0	368130	6820e7f0	4326014a	MEDIA/MUSIC/MODS/PQR/RACKY.MOD
98e0a04bc40e336603c5d4d7bd29c215	1	75268	player+silence	uade	Protracker	0	78630	7074b04a	eb70b309	MEDIA/MUSIC/MODS/DEF/DNCFSWNS.MOD
98e79667f20f395cea6d307f97adf993	1	114356	player	uade	Protracker compatible	0	182819	e1e7f8ec	e744e1bb	MEDIA/MUSIC/MODS/ABC/BSTORM.MOD
99a09366ea67db211002d3c73c263a8a	1	170962	player	uade	Noisetracker 1.x	0	55621	90b1be93	9a37c661	MEDIA/MUSIC/MODS/DEF/ENFRANCE.MOD
99cf97ccbadacece7dccf955438f8cfb	1	160772	player+silence	uade	OctaMED MMD0	0	145750	7f4c6f45	ef5d6ade	MEDIA/MUSIC/MODS/MED/PROPAGAN.MED
9a4acfd8b8676fa4f3f029b6fde2dad9	1	355710	player+silence	uade	Protracker	0	198330	aafda9c3	cf89272e	MEDIA/MUSIC/MODS/ABC/BLNYZQ51.MOD
9a6b95e6746d8ce2a5247ba459cb352e	1	237203	player+silence	uade	Protracker	0	277332	0efb58e6	bfdbc262	MEDIA/MUSIC/MODS/ABC/BLCKCNYN.MOD
9a808b7562ea6b1bfa111d5be202385d	1	308527	player	uade	Protracker	0	125172	c4d0e4bb	dc1945ed	MEDIA/MUSIC/MODS/VWX/XMASMIX.MOD
9b051e43a77f8aced1865427ade713e5	0	218953	loop	uade	FaceTheMusic	0	171622	d9e31cc3	646d6275	MEDIA/MUSIC/MODS/8VOICE/FTM/JONAHARA.FTM
9b237a8d382994c85dd730deedb27213	0	424745	player+volume	uade	FaceTheMusic	0	139830	48ec4ec1	0ca8232f	MEDIA/MUSIC/MODS/8VOICE/FTM/TGDRDSNN.FTM
9b29c2e1f7743bd37199153f5e6b7955	1	316220	player+silence	uade	Protracker	0	84612	9456b515	f83840c5	MEDIA/MUSIC/MODS/PROTRACK/ABC/CRPTMGCK.MOD
9b3fe9eb3136440e005851f237729e5a	1	254935	player	uade	Noisetracker 1.x	0	88296	11dd6356	b37a3e1a	MEDIA/MUSIC/MODS/STU/SPEEDMTR.MOD
9b74037a424b08763f288263036b99ae	1	330369	player	uade	Noisetracker 1.x	0	111134	11ca052a	b8350b61	MEDIA/MUSIC/MODS/ABC/CRYSTLTR.MOD
9be7665a66bcb9058335e1a81cdfc8d7	1	174197	player	uade	Protracker	0	169432	289b52be	1e765a8f	MEDIA/MUSIC/MODS/STU/SCRDTMPL.MOD
9c39795794f70d227528343125253edf	1	206569	player	uade	Protracker	0	235356	490dfc2c	2f19671c	MEDIA/MUSIC/MODS/PROTRACK/DEF/FELTHBS2.MOD
9d475a6659be2b10ad3d50643c731b9a	1	163547	player	uade	Protracker	0	240242	0f7036da	6002ddab	MEDIA/MUSIC/MODS/PROTRACK/STU/TESTLAST.MOD
9edbd539be6b5fd5f01696e8c2e90f33	1	270862	player+volume	uade	Startrekker (4ch)	0	276172	e98bf418	c3437ca6	MEDIA/MUSIC/MODS/GHI/HAMAMSFS.MOD
9f136d042b5c88d6a5c9ee66b42f26c2	1	81723	player	uade	Soundtracker II (15 instr.)	0	55450	bc510fae	6f3738df	MEDIA/MUSIC/MODS/ABC/ARBRNRBB.MOD
9f38af895e7cc67c49f6c15bffe7131b	1	265063	player	uade	OctaMED MMD1	0	15162	9f8cd261	e66d8490	MEDIA/MUSIC/MODS/8VOICE/OCTAMED/FIFTEENK.OCT
9ff3ab8a381cfe91dfc09feaf19a346d	1	207493	player	uade	Protracker compatible	0	138240	8d44777f	4ee2e432	MEDIA/MUSIC/MODS/MNO/MSSFRSTN.MOD
a16ce5b9247397b6c1c7994bb791299a	1	295523	player+silence	uade	Protracker	0	107772	e09211e0	c13c8337	MEDIA/MUSIC/MODS/ABC/CRYSTLDR.MOD
a1ffa79851ad63080c5743c781e94350	1	253569	player	uade	Protracker	0	196980	3bce1482	bc9f80a8	MEDIA/MUSIC/MODS/GHI/GRVYTHNG.MOD
a35428c50c7080d62658dfeef4e1366f	1	157579	player	uade	Protracker	0	265674	540f6926	88e091ba	MEDIA/MUSIC/MODS/PROTRACK/MNO/MINORE.MOD
a365905eaf2104b4416acf6c1f75ab2b	0	88535	player	uade	FaceTheMusic	0	35018	bfc5e90c	905a755d	MEDIA/MUSIC/MODS/8VOICE/FTM/IFTHLFST.FTM
a3c565f17bf567e7efdef777010caec7	1	32110	player	uade	Protracker compatible	0	6372	f649f552	7074bc38	MEDIA/MUSIC/MODS/ABC/ARDYNMSK.MOD
a424ee27858be8564d1a268e4d7d1f85	1	67798	player	uade	OctaMED MMD1	0	152680	49c59465	c4a9c6e5	MEDIA/MUSIC/MODS/8VOICE/OCTAMED/THETHRSD.OCT
a42af41df7ea3517b7dc0186554f3978	1	346092	player	ft2play	Fasttracker (M.K.)	4	196191	bef9ae95	605b19e6	MEDIA/MUSIC/MODS/ABC/CHOPIN.MOD
a42af41df7ea3517b7dc0186554f3978	1	346092	player	ft2play	Fasttracker (M.K.)	4	196191	bef9ae95	605b19e6	MEDIA/MUSIC/MODS/GHI/ILIKECHP.MOD
a43f3d3159934f809a973d90dc32c946	1	299993	player+silence	uade	Protracker	0	347582	35a70395	46e27e7b	MEDIA/MUSIC/MODS/STU/SPC_DBRS.MOD
a66f90c1920e28f8f409353e85f6743a	1	281058	player	uade	Protracker	0	159136	d4883b15	9a2b817d	MEDIA/MUSIC/MODS/DEF/FDBCKDCD.MOD
a797a5a4b33362256e7eea40add93e93	0	113186	loop	uade	FaceTheMusic	0	96934	a77abd16	f7fc7419	MEDIA/MUSIC/MODS/8VOICE/FTM/SLWSNGSL.FTM
a8612d452b56b92f996f4d8aae0eaac0	1	250671	player+volume	uade	Protracker	0	197038	479acfcd	1c3438ea	MEDIA/MUSIC/MODS/DEF/DSRTDRMT.MOD
a8cdafc2f62e10058340a5c6a69ba581	0	279327	player+silence	uade	FaceTheMusic	0	135238	6365431b	19fc8cab	MEDIA/MUSIC/MODS/8VOICE/FTM/RELEX.FTM
a9405964cc276b316bba6976f7539f38	1	374275	player	uade	OctaMED MMD0	0	48406	ddaa2cba	8bba9a69	MEDIA/MUSIC/MODS/MED/SYNTH-A-.MED
a9a8b317f5f3ef7e36f25e98b308b400	1	462449	player	uade	OctaMED MMD0	0	53124	c698e055	d01fdab2	MEDIA/MUSIC/MODS/MED/STARKELS.MED
a9d9ff8306b51ac3c5cde48f814d7c71	0	231483	player+silence	uade	Oktalyzer	0	318474	7ee7834c	58247cc7	MEDIA/MUSIC/MODS/8VOICE/OCTALYZR/5FLCNSND.OKT
ad2062874412b0c72acdb169f1e5271a	1	119992	player+silence	uade	Protracker	0	46648	007c3326	07711bdd	MEDIA/MUSIC/MODS/PROTRACK/GHI/GNTLWNDS.MOD
ae1dc2fc8ad7a5c61d6d5268ab1ffc03	1	188088	player+silence	uade	Soundtracker II (31 instr.)	0	172091	87b9245a	0ef92fe3	MEDIA/MUSIC/MODS/ABC/CHICSOR.MOD
aeb7fb64df496f2b0c82441d687f3a4f	1	117370	player	uade	Protracker compatible	0	119688	ae0e8ea8	2472b11a	MEDIA/MUSIC/MODS/JKL/L_V_STRS.MOD
b013d399418ec4986224f8f79ae4ccc5	1	48889	player	uade	Protracker compatible	0	86638	f3a6c2d7	b52ad627	MEDIA/MUSIC/MODS/ABC/BRIFLXRY.MOD
b10c1d35309d1f3a42b920adeb3bc666	1	61568	player	uade	Protracker	0	84984	37051676	6905ed9a	MEDIA/MUSIC/MODS/DEF/DRAVE.MOD
b1850d8caf73e7624c21e6d4270f6eaf	1	121911	player	uade	Protracker	0	232610	9e36dd08	d2178c45	MEDIA/MUSIC/MODS/PQR/RIVIERA.MOD
b2abbb10522ff30005c2c5b5550761a0	1	219328	player	uade	Protracker	0	78606	e717cd5f	73b079d2	MEDIA/MUSIC/MODS/STU/TWLGHTDR.MOD
b2dc3c9430120e837a2833f8520771ff	1	324100	player	uade	Protracker	0	250156	ca8ecafc	f90f1b60	MEDIA/MUSIC/MODS/PROTRACK/ABC/AEVIAS.MOD
b2e4e04bf3d4fb585ddb64823d71252b	1	353418	player	uade	Soundtracker II (31 instr.)	0	81704	b2b7a454	34f5774f	MEDIA/MUSIC/MODS/ABC/ACES.MOD
b36184574fe2cbccd31640035de65142	1	193548	player	uade	Protracker	0	395470	33e100b5	ff90b0d4	MEDIA/MUSIC/MODS/JKL/JASMINE.MOD
b3c45d12f2339ceaa1c63632475015e3	1	119653	player+silence	uade	OctaMED MMD0	0	171850	edc86fe7	5551caad	MEDIA/MUSIC/MODS/MED/HALLOFDR.MED
b3c9764d779fc5cfead696a7aa8e0d36	1	192141	player	uade	Protracker	0	250432	7a706bcf	43280f75	MEDIA/MUSIC/MODS/ABC/ANNA.MOD
b420eb1ef4932485408a6f21c411786b	1	61732	player+silence	uade	Protracker compatible	0	25461	e8c1832b	945498ee	MEDIA/MUSIC/MODS/JKL/LITANY.MOD
b42f0af9582dcf03a240773e8e5d97b8	1	317387	player+silence	uade	Protracker	0	194304	5cc8f1bb	d9789011	MEDIA/MUSIC/MODS/VWX/VICTORY.MOD
b481e2a6a93a4e9724be81a5bb83666b	1	12138	player+silence	uade	Protracker	0	20622	4b9f74de	73738ed5	MEDIA/MUSIC/MODS/STU/SPOOKY-I.MOD
b4c90876a352676ba0f9ca66c0d5ac96	1	176769	player	uade	Protracker	0	112360	c90a8ba3	71c07878	MEDIA/MUSIC/MODS/PROTRACK/DEF/ENTITY.MOD
b510911324247abccce2e87a65179c88	1	228853	player	uade	Protracker compatible	0	157922	99960117	a552191e	MEDIA/MUSIC/MODS/ABC/BITEDUST.MOD
b57e4522e0801cade063c89deb0dbd27	1	705610	player	uade	Protracker	0	291988	c3d047bc	7bde0345	MEDIA/MUSIC/MODS/PROTRACK/STU/SLOWMOTN.MOD
b585d504dd3a291e7d69b97a37da4b45	1	266298	player+silence	ft2play	Fasttracker (M.K.)	4	241221	10117fb1	e92f0797	MEDIA/MUSIC/MODS/MNO/NUKFLASH.MOD
b5bd64b691f85c61322fe6c15a318c66	1	129025	player	uade	Protracker	0	235720	6b7b6859	56408be6	MEDIA/MUSIC/MODS/PROTRACK/PQR/RAVEX2PR.MOD
b6a5a6fc70f85aead414d75436739cb7	1	140438	player	uade	OctaMED MMD1	0	225326	08999ea8	bc1265c9	MEDIA/MUSIC/MODS/8VOICE/OCTAMED/DIESTIMM.OCT
b6abfda016930dbf8867728cbba2cb38	1	401503	player+volume	uade	Protracker	0	403192	e4fc1eda	a29f2d17	MEDIA/MUSIC/MODS/VWX/WANTMYLV.MOD
b6c9421bd97377862ac3ed422ce8dd41	1	234359	player	uade	Protracker	0	185982	6c2e2bcd	80150c30	MEDIA/MUSIC/MODS/ABC/BEHOSAFE.MOD
b6f19efaf4e162795ea98c4e756848c7	1	310737	player	uade	Protracker	0	131218	ed521d84	8a74b9e9	MEDIA/MUSIC/MODS/MNO/MOONGAZR.MOD
b7531ec82ee274606fdc6032128b346d	1	197014	player+silence	uade	Protracker compatible	0	155714	97ce36b0	8cb92955	MEDIA/MUSIC/MODS/YZ/YUMMYGAP.MOD
b879ed3a6fdc06096404eda0fae6388d	1	285701	silence	uade	Protracker	0	151698	93cdfc9e	af6b2446	MEDIA/MUSIC/MODS/MNO/OVERTURE.MOD
b8c6e7cc272a26b3aa4a572d36fb9441	1	389265	player+silence	uade	Protracker	0	108430	cbe3084d	20ffb644	MEDIA/MUSIC/MODS/VWX/WHSTLMYC.MOD
b99197609b2e7c99b4b00b86ab50e43c	1	215370	player	uade	OctaMED MMD0	0	80106	6d003de6	d548d730	MEDIA/MUSIC/MODS/MED/MEDLEY.MED
b9ed07ca83e24f6ef12599664dd7aac6	1	209755	player+silence	uade	Noisetracker 1.x	0	191246	7da8af63	b5d02a1f	MEDIA/MUSIC/MODS/STU/SMTMSXRT.MOD
ba31708a6dfade7094da1bd8267da908	1	101677	player	uade	OctaMED MMD1	0	93898	f81b68e4	caf568ef	MEDIA/MUSIC/MODS/8VOICE/OCTAMED/MYJOJO.OCT
ba7991c060a9c24b1b431b9cfdc92c3e	0	374034	player	uade	FaceTheMusic	0	221176	09fa1b50	a5edb288	MEDIA/MUSIC/MODS/8VOICE/FTM/SCHLNDRN.FTM
ba7de8f48c255c737b0f10e37f5ffd63	1	115321	player	uade	Protracker	0	93590	8b51df78	08baf575	MEDIA/MUSIC/MODS/STU/THOW-HEP.MOD
ba92024853591f01eea445440ce60435	1	107645	player	uade	Protracker	0	78374	2c8627dc	d50ccb0c	MEDIA/MUSIC/MODS/PROTRACK/STU/THOM_GRM.MOD
ba9cd7ebe9653b44bd1ee9f934459208	1	286865	player	uade	Protracker	0	144876	57cc4228	49acf59b	MEDIA/MUSIC/MODS/DEF/DSRTDRMN.MOD
bacfbce1fcb124502685ad332325f339	1	99325	player	uade	Protracker compatible	0	131368	86ce1866	f2cbb3bc	DOS/PLAYERS/MODMAN17/BREEZE.MOD
bacfbce1fcb124502685ad332325f339	1	99325	player	uade	Protracker compatible	0	131368	86ce1866	f2cbb3bc	MEDIA/MUSIC/MODS/ABC/BREEZE.MOD
bb75f6d710ebba0d1d4e7012e8169672	1	127557	player+silence	uade	Protracker	0	94364	6c1cfb79	ad24c0dd	MEDIA/MUSIC/MODS/ABC/CT_NDDRD.MOD
bdb3b6c818f1305db0491d86bed9e8b1	0	384966	player	uade	FaceTheMusic	0	262188	e10e0dc1	39ccc30c	MEDIA/MUSIC/MODS/8VOICE/FTM/DGFBSKRV.FTM
bde74306c37efd6b18b9a406017e7e68	1	204941	player	uade	Protracker compatible	0	79978	b35dda5f	c5e8a317	MEDIA/MUSIC/MODS/GHI/INTRO.MOD
bea9578789d58c2e1c9f671a198d8ccd	1	108931	player	uade	Protracker compatible	0	53092	8f630b7f	2e4f0ff6	MEDIA/MUSIC/MODS/GHI/GTRMDNSS.MOD
bf082384c89bc34f3071fa0b1cd9bfd9	1	205564	player	uade	Protracker compatible	0	89898	06c54a4b	915d2123	MEDIA/MUSIC/MODS/PQR/REBELS.MOD
bf75ec3c51c7fe0f70c687c4acbad6b7	1	297855	player+silence	uade	Protracker	0	297530	f761b02d	f2cb09e7	MEDIA/MUSIC/MODS/PROTRACK/JKL/LOSTATSE.MOD
c00685e02650f5ad79151bf94522760e	1	168482	player+silence	ft2play	Fasttracker (M.K.)	4	76633	0f544d39	9ba7c0ed	MEDIA/MUSIC/MODS/ABC/ADELINE.MOD
c044f881bd6d8f2dbd26ea1e5b39b5b9	1	290824	player	uade	Protracker	0	179954	066c8335	55318e84	MEDIA/MUSIC/MODS/STU/SNGSBLV1.MOD
c051f666db9ceab3e6b62510f9dd6036	1	236167	player	uade	Protracker	0	148764	f4d3c729	5fa5e0f6	MEDIA/MUSIC/MODS/MNO/MYSTIFID.MOD
c056c439e2b8668858b087a1aa09e097	1	439138	player+silence	uade	Protracker	0	269774	130b0456	4dcffb18	MEDIA/MUSIC/MODS/ABC/CAMELDNC.MOD
c08306ceac4b5bda5067209fb90f13c9	1	179160	player	uade	Protracker	0	234578	0117d668	74cb4509	MEDIA/MUSIC/MODS/ABC/BAGRASTA.MOD
c0c2a51c906da1a66ee3f5054fbc461c	1	151189	player	uade	OctaMED MMD0	0	67888	eee2d5a0	b33add7b	MEDIA/MUSIC/MODS/MED/SLIDE.MED
c0cc6e3456d7638dfcfc47e93a5ab9cf	1	217580	player	uade	OctaMED MMD0	0	104772	5a8255cd	a909881b	MEDIA/MUSIC/MODS/MED/WEASEL_P.MED
c19a8422c265712140299df44fb1e286	1	230541	player	uade	Protracker	0	112672	5b128dd4	b774f279	MEDIA/MUSIC/MODS/PROTRACK/MNO/NEWBEAT.MOD
c26b6d34dc7bc7d5c110fad7e64e22fd	1	102520	player	uade	Protracker	0	115300	3832e77b	711d4d79	MEDIA/MUSIC/MODS/PROTRACK/DEF/DJV-THM2.MOD
c2cf94f841863dc16ce10f3fabf7c91b	1	255317	player	uade	Noisetracker 1.x	0	143030	767d7518	731ac76d	MEDIA/MUSIC/MODS/0_9/12THWRRR.MOD
c2d864e628141c8fcee5e7ee772b1bf1	1	184445	player	uade	Protracker	0	186692	5c59c4f0	ffcea582	MEDIA/MUSIC/MODS/VWX/VISITORS.MOD
c4ad97e8d00096849e01deaa9b165f05	1	422522	player	uade	Protracker compatible	0	211728	d56afba5	9a07413c	MEDIA/MUSIC/MODS/STU/UTOPIA.MOD
c4d7a8ca8f52dc711826d130a39923b5	1	206850	player	uade	Protracker	0	228030	2e078451	73e8f580	MEDIA/MUSIC/MODS/PROTRACK/STU/ST.MOD
c5401a1d1f199c69d92f43c8bb052730	1	219148	player	uade	Protracker	0	186340	dc710915	8fd89a80	MEDIA/MUSIC/MODS/PROTRACK/0_9/100HZ.MOD
c66d0d472e5229af9be1e4744c7d418b	1	177392	player	uade	Soundtracker II (31 instr.)	0	150310	f1474631	0ecb40c2	MEDIA/MUSIC/MODS/PQR/PYTHON1.MOD
c739c9c533a43ba373002e8df5d46115	1	129407	player	uade	OctaMED MMD0	0	76748	b5ff3264	f1adfa33	MEDIA/MUSIC/MODS/MED/RED_QUAR.MED
c795b8abe215656d273334f1ac4406a9	1	138369	player	uade	Protracker	0	195436	8a68d0d1	9439a48b	MEDIA/MUSIC/MODS/MED/THERES_B.MED
c7bff47e6456330ad11e5cb85ddcb3aa	1	359707	player	uade	Protracker	0	124108	a5c180b0	29f93392	MEDIA/MUSIC/MODS/PROTRACK/MNO/MODEMLNC.MOD
c84c58f4bd8eaa2ec89179337fe56735	1	110196	player	uade	Protracker	0	104046	6db81917	2f1b11cc	MEDIA/MUSIC/MODS/GHI/HAPPYHOR.MOD
c91157fa74b8bb2dd3a54485f7049621	1	246826	player+silence	uade	Protracker	0	158614	48bf9fe5	6eb9b0b0	MEDIA/MUSIC/MODS/DEF/DANCEFVR.MOD
c976ca58526df06439f6c4516709bd5e	1	289617	player+silence	uade	Protracker	0	115886	6c29b92b	d298cc74	MEDIA/MUSIC/MODS/GHI/HOMETOWN.MOD
c9824da286346f460c9fe1ea4949c990	1	253569	player	uade	Protracker compatible	0	193530	864ece04	01858852	MEDIA/MUSIC/MODS/ABC/APOCLYP1.MOD
ca9ff7f643432590841fc3d136c9d679	1	152354	player	uade	Protracker	0	92774	b1c9809d	af165d3f	MEDIA/MUSIC/MODS/PROTRACK/PQR/PLNRVLCT.MOD
cb51db3b25fc06b4e522e38a067ae183	1	280047	player+silence	uade	Protracker compatible	0	187410	63f2b114	9f85c427	MEDIA/MUSIC/MODS/STU/THEFUTUR.MOD
cb66c7aec503e1d9a4d66f910a4655ff	1	408737	player	uade	Protracker compatible	0	258402	15f68e1c	57abf214	MEDIA/MUSIC/MODS/PQR/RNYSPTMB.MOD
cb78013f796e9834cfc926dde06b4df2	1	184481	player+silence	uade	Protracker	0	284558	903fb0cc	a31754ef	MEDIA/MUSIC/MODS/PROTRACK/MNO/NGHTNTNS.MOD
cbdedd0d6d21e219649bf6e45e80f8fc	1	82044	player	uade	Protracker	0	159060	98b5f1e4	d66967ba	MEDIA/MUSIC/MODS/PROTRACK/STU/THISHERE.MOD
cbf80d0ee24176a9cafbb214a551b233	1	221501	player+silence	uade	OctaMED MMD0	0	150628	1c46e95f	4d23506c	MEDIA/MUSIC/MODS/MED/WITCH'S_.MED
cc8e8c101bd30486358ef81096b695e2	1	161397	player	uade	Protracker	0	196812	28167706	6b24696b	MEDIA/MUSIC/MODS/ABC/CLOUDJU.MOD
cd2fe0cec237b7f94385ed8cbc10f5fc	1	109172	player	uade	Noisetracker 1.x	0	357620	352323ab	de123a8b	MEDIA/MUSIC/MODS/ABC/BDYCNTNT.MOD
cdac4837effdcecced08ed90e0c3dd7f	1	234700	player+silence	uade	Protracker compatible	0	221854	ceb845e3	1e75fb59	MEDIA/MUSIC/MODS/DEF/DISHRMNY.MOD
ce51615e41252fbece2d460c03766728	1	157740	player	uade	Protracker	0	146886	8485cbef	de2f6e3f	MEDIA/MUSIC/MODS/PROTRACK/MNO/MOBYLE.MOD
ce708ebefcb265312dfe72ced89e4b69	1	133245	player	uade	Protracker	0	264068	afccecee	3d6a41c3	MEDIA/MUSIC/MODS/PROTRACK/DEF/DYNGRNFR.MOD
ce816893236cfd543263f2e843d29825	1	222845	player	uade	Protracker	0	130006	a947d435	f49edaf0	MEDIA/MUSIC/MODS/DEF/ELYSIUM.MOD
cf832e5ca0eb83fe47c4a08c437d753c	1	149039	player	uade	Protracker	0	100696	d190e4b4	1db7d286	MEDIA/MUSIC/MODS/PROTRACK/VWX/WOOD.MOD
cfb496c098f165deb116b00835973809	1	169977	player	uade	Noisetracker 1.x	0	88474	f33dfa6e	0fca4b92	MEDIA/MUSIC/MODS/PQR/PRNCSSFD.MOD
d03f0b6e25974ad64eb30412954c804f	1	336639	player	uade	Protracker	0	113038	116ef3a3	e9d7d936	MEDIA/MUSIC/MODS/STU/SHPSFTHD.MOD
d18c7f795ff2972bb97899c593f9bd12	1	362741	player	uade	Protracker	0	98678	2bb73093	b2dec894	MEDIA/MUSIC/MODS/GHI/GRBGCLLC.MOD
d18c7f795ff2972bb97899c593f9bd12	2	362741	player
d18c7f795ff2972bb97899c593f9bd12	3	366579	player
d25ca8ade1c3f3a44d5c10d594f421d9	1	160901	player+silence	uade	OctaMED MMD0	0	89754	96ab2a0c	cb48beec	MEDIA/MUSIC/MODS/MED/RAINBIRD.MED
d32e8d7609387bc5889caf4f49626979	1	292472	player	uade	Protracker	0	401832	5c5a0207	e07d6926	MEDIA/MUSIC/MODS/VWX/W_NDPRDS.MOD
d34d858070dede4e67acb954a135af4a	1	139414	player	uade	OctaMED MMD0	0	56518	ea5284cf	6323530f	MEDIA/MUSIC/MODS/MED/SHADOWFU.MED
d36e4b10c2790856558166e8023e99e5	1	290663	player	uade	Protracker	0	369840	c255af04	6a8a0d59	MEDIA/MUSIC/MODS/DEF/ELIMINTN.MOD
d3b8aced3656306d8add5510dc50f8ae	1	165235	player	uade	Protracker	0	135618	645403b4	55b61fc2	MEDIA/MUSIC/MODS/DEF/FIREPOWR.MOD
d3e57a2ebad3af2257ac9904ec1bfbf0	1	233415	player	uade	Soundtracker II (31 instr.)	0	241466	e1bf166f	29862a19	MEDIA/MUSIC/MODS/PQR/PANINARO.MOD
d4393ef65caa6975834c663fd998ca02	1	151350	player	uade	Protracker	0	173660	b4984f11	bf61c4bc	MEDIA/MUSIC/MODS/DEF/FLOWRPWR.MOD
d460b793624279c8c17f30c7e940f9f4	1	169365	player+volume	uade	Protracker	0	295408	67c03c98	0db71276	MEDIA/MUSIC/MODS/PROTRACK/VWX/WANDRLST.MOD
d4d8d856a7ffb2dce803936a4d30a98a	1	338789	player	uade	Noisetracker 1.x	0	414864	df8ddba0	15e8e6ba	MEDIA/MUSIC/MODS/DEF/ETHNOMAG.MOD
d50b8090cbcb645052deb86125dde5b7	1	351512	player+silence	uade	Protracker	0	377954	bd91e6f6	2c2037f6	MEDIA/MUSIC/MODS/PROTRACK/DEF/DRIVE.MOD
d5e6c3f36647edcf1bfc2f70294c83f3	1	216455	player	uade	Protracker	0	125170	a6ebeb19	49a7700d	MEDIA/MUSIC/MODS/MNO/NOCORNER.MOD
d61deccf707c2ab67ef74e7fc9d667b6	1	184445	player	uade	Protracker compatible	0	79266	726163f6	de53efc6	MEDIA/MUSIC/MODS/MNO/ODE_TLSK.MOD
d72c8b12634a7df67f5ff09621e9e82d	1	157458	player	uade	Protracker	0	175834	b6a6a16f	0f448874	MEDIA/MUSIC/MODS/STU/STLNCMPV.MOD
d754a0af436cd2b5041c42c6cedd5d3a	1	265103	player	uade	Protracker compatible	0	98334	deccb15f	1f167118	MEDIA/MUSIC/MODS/STU/TOBCNTND.MOD
d7625ef33a6530d40226501fffbb5977	1	76920	player	uade	Protracker	0	30528	49b6028f	51fe2c8f	MEDIA/MUSIC/MODS/MNO/MENUMUS3.MOD
d7c0c3433208e3c36fa4e5b59d93b064	1	46216	player	uade	Protracker	0	25636	4e2a772c	af63ab1e	MEDIA/MUSIC/MODS/MNO/MELODRAM.MOD
d8860466e3b8bf0ec9f769ee876d91c5	1	306919	player	uade	Protracker	0	169008	0cc01aad	c5e070e7	MEDIA/MUSIC/MODS/ABC/BOMBFLCK.MOD
d88c39a27f44f723866af77f49947ce4	1	207169	player+silence	uade	Protracker	0	230652	4d22af21	d3b29503	MEDIA/MUSIC/MODS/ABC/CNDMCRRP.MOD
d8a65f65a01ab1c7d95e4cba2cad55f4	1	409692	player+silence	uade	OctaMED MMD1	0	290488	4d0ecfe1	8a7189cc	MEDIA/MUSIC/MODS/8VOICE/OCTAMED/THDPTHSF.OCT
d957cc32d687678977b39e66f68a4808	1	137372	player+silence	uade	Protracker compatible	0	70728	949a5dbc	74c3f670	MEDIA/MUSIC/MODS/VWX/WLKNGNJD.MOD
d98b9298a31b36c263c2bcf2d014bdd4	1	163184	player+silence	uade	Protracker compatible	0	125894	dbbbcd97	960630d0	MEDIA/MUSIC/MODS/JKL/LIBERATN.MOD
d99fa9b4d562b03f18cb04e47f235faf	1	127437	player	uade	Protracker	0	75446	66d2b389	49c55bd3	MEDIA/MUSIC/MODS/PROTRACK/GHI/ICE_FLOW.MOD
d9b16e227da1228bb24a793b47d61363	1	212697	player	uade	Protracker	0	294016	9e0b1d62	8ce78d5c	MEDIA/MUSIC/MODS/DEF/ELIMINAT.MOD
da75994342ed58b964615f38f0ec0f29	1	215772	player	uade	OctaMED MMD0	0	76118	c704e81a	8a328995	MEDIA/MUSIC/MODS/MED/RETROGRA.MED
da7a9121797f675de7e2cda6acd24697	1	230541	player	uade	Protracker	0	144380	0750741a	27f65cde	MEDIA/MUSIC/MODS/DEF/EXCLBRTR.MOD
da8ad16f76c70a6f007cc2613c655a19	1	107645	player	uade	Protracker	0	96924	6a7e4752	d4e52224	MEDIA/MUSIC/MODS/VWX/WHPTNGCN.MOD
dab16800801913a19001f218d053ab49	1	184445	player	uade	Protracker compatible	0	79928	707478d4	c276a155	MEDIA/MUSIC/MODS/STU/THRDDMNS.MOD
dad64add67a474ffd252d3df50dfad0c	1	169515	player	uade	OctaMED MMD0	0	221484	ae733417	98fa2957	MEDIA/MUSIC/MODS/MED/METALJAM.MED
db06349b9adcc209fc8b69f25b68ef06	1	134531	player	uade	Protracker	0	156234	b421f016	ebe8c30e	MEDIA/MUSIC/MODS/PROTRACK/YZ/ZHALLOW.MOD
db45f0685f102a39854afd967cab3958	1	181069	player	uade	Protracker compatible	0	143362	286bfea9	e8bf8ef5	MEDIA/MUSIC/MODS/STU/TOTENTNZ.MOD
db8e9c05e5a1e07e007cf3c441ffc8d0	1	261452	player+silence	uade	Protracker	0	249972	23215245	b3f0e697	MEDIA/MUSIC/MODS/PROTRACK/JKL/LETYSG.MOD
dc803e24440513f4af2f5c16edc0d383	1	699670	player+silence	uade	Protracker (vblank)	0	291988	92c69481	f7c9d2ae	MEDIA/MUSIC/MODS/STU/SLOWMOTN.MOD
dcae864faeeffa4800adeb97ecebdc08	1	227004	player	uade	Protracker	0	175758	c0c2f623	f5796259	MEDIA/MUSIC/MODS/PROTRACK/GHI/INFECTIO.MOD
dd1c63ba43c993b29fbb203a2cd6ba22	1	174277	player	uade	Protracker compatible	0	136322	c06c0493	71d6ee3c	MEDIA/MUSIC/MODS/GHI/HDDNTRTH.MOD
dd5b874563fa3d3a5fef72955d97fa76	1	309210	player	uade	Noisetracker 1.x	0	236448	4daf6839	b4d4fd5d	MEDIA/MUSIC/MODS/ABC/CRCKFDWN.MOD
dd6d1f6fa9bf4d5f587dd9a54ace1972	1	61568	player	uade	Protracker	0	60738	e717831b	f9f7cb1f	MEDIA/MUSIC/MODS/PROTRACK/YZ/ZBOAB.MOD
de03c5f2d867824deca3e930392b5b98	1	262531	player	uade	Protracker	0	179654	2e914c1f	b9b95ab5	MEDIA/MUSIC/MODS/ABC/AGONYINT.MOD
deaed9c650fe1337c9c9e07413819d69	1	148597	player	uade	Protracker	0	61650	be47929f	9f3ad57d	MEDIA/MUSIC/MODS/STU/SNRSSRPR.MOD
def3337df9f20ef2c821cf8b3ef67960	1	218194	player+silence	uade	Protracker	0	222158	3407c290	d7590cd7	MEDIA/MUSIC/MODS/GHI/HARAKIRI.MOD
dfb7a10cce73a1ae416b88c37e60d000	1	221177	player	uade	Protracker	0	114108	3fd89bea	7dfd486e	MEDIA/MUSIC/MODS/DEF/DS-THM-1.MOD
e138931b4ff0543d2425ce788955076b	1	205624	player	uade	Protracker	0	408034	b6a5cf3a	ce7d85c7	MEDIA/MUSIC/MODS/DEF/DEFLORAT.MOD
e1ac0c742f9fb94510cfbff846ef93d4	1	263315	player	uade	Protracker compatible	0	197011	7011bdae	b1888e83	MEDIA/MUSIC/MODS/ABC/BUYRNNZD.MOD
e2772137c7fe6eb0856fc63ca96946ea	1	204941	player	uade	Protracker	0	100428	bb94c390	0535adaa	MEDIA/MUSIC/MODS/PROTRACK/ABC/CHILDREN.MOD
e423eb612b60b465d12fb781a849ad30	1	166320	player	uade	Protracker	0	189943	bc1e5891	556ec4a4	MEDIA/MUSIC/MODS/PROTRACK/VWX/VAMPBHC.MOD
e4242ef25e89b75cd921cd703e463a5b	1	192141	player	uade	Noisetracker 1.x	0	82492	b13d2bc3	0cf6b198	MEDIA/MUSIC/MODS/MNO/NOTHING.MOD
e5e14b05c6d3fc2bc551304c29270377	1	55962	player	uade	Noisetracker 1.x	0	51712	434172f7	c7ab4388	MEDIA/MUSIC/MODS/ABC/AIRWOLF2.MOD
e63255d6ed0928b4df2454f10d2ed48e	1	209402	player	uade	Noisetracker 1.x	0	104604	d550a516	3f9fa3de	MEDIA/MUSIC/MODS/STU/THRWTHBM.MOD
e68da0e4a2f2f50d6ae3d8a5ab5e57a1	1	248414	player+silence	uade	Protracker	0	137064	23f79df9	dfafc785	MEDIA/MUSIC/MODS/GHI/GUITAROS.MOD
e6d94ff415a999d94660ec1836054a92	1	102299	player	uade	Protracker	0	176031	5cf7579f	54654bca	MEDIA/MUSIC/MODS/ABC/BSTORM2.MOD
e7911605e59431e4cb5b3283b2f44ab8	1	122997	player	uade	Protracker	0	48718	46cdb3ec	fab94d95	MEDIA/MUSIC/MODS/PROTRACK/YZ/ZBEARD.MOD
e7b386e8cbee5f8a97dbd6667a0d7e3c	1	491927	player	uade	Protracker	0	405132	cba01546	f08f1370	MEDIA/MUSIC/MODS/ABC/ALACAZAB.MOD
e807b244fc10da1796a46528d47c1371	1	107645	player	uade	Protracker	0	124258	bf32eea0	137b15d9	MEDIA/MUSIC/MODS/PROTRACK/MNO/NONAM-JL.MOD
e853c818559f0faaac1e4ed8381887a8	1	122997	player	uade	Protracker	0	181196	96694e5c	ac933712	MEDIA/MUSIC/MODS/DEF/EMOTIONS.MOD
e876c401b451a9ba261c38618c2fc2e0	1	163788	player	uade	Protracker	0	94078	9996bb42	7bb12321	MEDIA/MUSIC/MODS/DEF/DDMNSSWM.MOD
e876c401b451a9ba261c38618c2fc2e0	1	163788	player	uade	Protracker	0	94078	9996bb42	7bb12321	MEDIA/MUSIC/MODS/PROTRACK/DEF/DDMNSSWM.MOD
e8dd66ac3fea93ca910f1c1ffce3b3ed	1	311621	player	uade	Protracker compatible	0	151702	56777a19	9ef1906b	MEDIA/MUSIC/MODS/STU/UNVRSPRT.MOD
e8e4218be1dbb3ec6dceef9583086204	1	146045	player	uade	Noisetracker 1.x	0	94848	f055c435	3fbcad83	MEDIA/MUSIC/MODS/ABC/ALINSNRT.MOD
e9ebd5146050a11f1c757e68b489be44	1	224593	player	uade	Protracker	0	155770	d037c0c3	ed8b9af3	MEDIA/MUSIC/MODS/PROTRACK/MNO/MGCMMNTS.MOD
eb0b481c5626d47bee4198015fe00f03	1	166521	player	uade	Protracker	0	102860	8ac5d40a	f38efb5e	MEDIA/MUSIC/MODS/STU/SOLITAIR.MOD
eb7b2da10c3450746c3a75a701b1165c	1	119179	player	uade	Protracker	0	114752	685a02d9	e16fb659	MEDIA/MUSIC/MODS/PROTRACK/MNO/NATURAL.MOD
ec418602145a0faaaec13ad7f151b554	1	399494	player	uade	Protracker	0	186566	44bb716d	1052bbb1	MEDIA/MUSIC/MODS/DEF/DREAMNGS.MOD
ed29423e83d103d75459b160bde093c0	1	175077	player+silence	uade	OctaMED MMD0	0	290778	4e47fba9	8ab78c2f	MEDIA/MUSIC/MODS/MED/SUNDAYMO.MED
ed3a3dfca2d8108403f5734a7485f239	1	265103	player	uade	Protracker compatible	0	96146	fcaea593	ee9d51d8	MEDIA/MUSIC/MODS/ABC/ACTOFMPL.MOD
eda151f6c0e44ed0a6a645960569142e	1	94242	player	uade	Protracker	0	188866	4597d2b5	06a277a1	MEDIA/MUSIC/MODS/PROTRACK/JKL/LAUDAMST.MOD
edfa4d9a9b2fcfef574934346bcc1d3e	1	124799	player+volume	uade	Protracker	0	156256	56fba22c	c1fc38a0	MEDIA/MUSIC/MODS/STU/STRMBRNG.MOD
ee0b4b0a8d7bd12d4aa8e14851403bbf	1	268564	player+volume	uade	Protracker	0	402166	b02688d3	da0d3f83	MEDIA/MUSIC/MODS/ABC/BEYOND.MOD
eeb7b27f84af739a8540d639933c7522	1	261245	player	uade	Protracker compatible	0	87454	9f5cc26d	6265cc90	MEDIA/MUSIC/MODS/STU/STJMKTNT.MOD
efffd973097308d5856169c95e1bafb7	1	112206	player	uade	OctaMED MMD1	0	455828	9f6d1f3b	05c5aa31	MEDIA/MUSIC/MODS/8VOICE/OCTAMED/OVERDOSE.OCT
f07182ff1e7a947fbcc184815c4dfd05	1	46216	player	uade	Protracker	0	16872	ca7159b8	ffe57b78	MEDIA/MUSIC/MODS/PROTRACK/STU/SPUD2.MOD
f0cd18378651e43c1599d366f058981e	1	134531	player	uade	Protracker	0	62810	8897400d	6f89c70c	MEDIA/MUSIC/MODS/VWX/WELCM_HM.MOD
f0d9d10fa8159696fea20ac9c0875a4f	1	225807	player+silence	uade	Protracker	0	198014	7430dae3	c38c1348	MEDIA/MUSIC/MODS/JKL/LIGHTWAY.MOD
f1276c1cd2302bb10cc810dac5122db7	1	184445	player	uade	Protracker compatible	0	138044	154b1b47	fd4eaa8d	MEDIA/MUSIC/MODS/GHI/GDBYBLSK.MOD
f1f5691275fc9b52c74e7196f127257b	1	176769	player	uade	Protracker	0	83850	3d239680	0549d1da	MEDIA/MUSIC/MODS/PROTRACK/JKL/KSSTHBSS.MOD
f1fb92bd0af602d0ac371b777c83e0a5	1	102520	player	uade	Protracker	0	40434	fb92fa21	47a7354a	MEDIA/MUSIC/MODS/JKL/LKSWTDRM.MOD
f2193f6fea232241b83c38b9a69fa4e6	1	306075	player	uade	Protracker	0	186796	ab236ede	1452b5fe	MEDIA/MUSIC/MODS/PQR/POWRGRDN.MOD
f351500753332bc22a6139105e9692c7	1	118897	player	uade	Noisetracker 1.x	0	73868	a25c452f	330d37b7	MEDIA/MUSIC/MODS/ABC/CREATION.MOD
f36182d523fa4119f590fecf8051b95b	1	336189	player+silence	uade	Protracker	0	289264	d8a67226	c3c9f635	MEDIA/MUSIC/MODS/MNO/ORCHOP2.MOD
f3c55081bcfa5762233154adff1d4c84	1	224674	player	uade	Protracker	0	222350	e2272fbf	9cb68f2c	MEDIA/MUSIC/MODS/VWX/VARANEN.MOD
f3ec97b69c0c23edf015df7b0ba4779c	1	148235	player	uade	OctaMED MMD0	0	57486	4512a072	b1f59275	MEDIA/MUSIC/MODS/MED/SLOWMOOD.MED
f42e53859c2bc90de77ff26390200887	1	176769	player	uade	Protracker	0	298648	22915e6d	5e1f3c39	MEDIA/MUSIC/MODS/MNO/ORCHOP3.MOD
f4f46b29df73c55e70ba8bad7e588209	1	222070	player+silence	ft2play	Fasttracker (M.K.)	4	347956	4c22d305	7eff3300	MEDIA/MUSIC/MODS/ABC/AFTERSHC.MOD
f4ff187ef9facb3fbfbf3f7c3be9f026	1	216673	player+silence	uade	Protracker	0	111590	a1e15532	4a08ac27	MEDIA/MUSIC/MODS/ABC/CRYSTLRN.MOD
f63d31d20e54fa625009862e85c8df44	1	161397	player	uade	Protracker	0	85942	3c4b2e5c	a6154082	MEDIA/MUSIC/MODS/ABC/AXK10.MOD
f76c41abd6d13338b4a3bd8df2c9ad05	1	102520	player	uade	Protracker	0	149658	b095688a	f7e6a461	MEDIA/MUSIC/MODS/GHI/HWTSKNCT.MOD
f77b70348662aeb861d87e31c8918527	1	85239	player	uade	Protracker	0	131274	715e7fd0	8ca6729b	MEDIA/MUSIC/MODS/PROTRACK/ABC/ADVENTUR.MOD
f7f9eb66145aef351ba081c1c1d54472	1	32110	player	uade	Protracker compatible	0	36248	b01de4f4	bda00ad0	MEDIA/MUSIC/MODS/ABC/ATHLETIC.MOD
f8764f7d79355da6f1d969c551692ba7	1	257545	player+silence	uade	Protracker	0	400006	eeca5131	0e079f0d	MEDIA/MUSIC/MODS/ABC/BIOMCHND.MOD
f8b53a426476664bc6685680a052958c	1	144497	player	uade	Protracker	0	391124	06462140	645588f4	MEDIA/MUSIC/MODS/STU/TRIBALTS.MOD
f93685d45f3a8e51f90d21f22e367aa0	1	279234	player+silence	uade	Protracker compatible	0	125654	62d024ad	a0e40bf8	MEDIA/MUSIC/MODS/PROTRACK/STU/THOM_BBB.MOD
fa86f8ec96430d4ecd65c43cbe1a68f0	1	132786	player+silence	uade	Protracker	0	55992	3229c4e8	873c8af3	MEDIA/MUSIC/MODS/MNO/OD_TNGRD.MOD
fa939bfe2058a0e5faa8294a50f42128	1	213732	player+silence	uade	Protracker	0	225964	7953f5c4	8efa425a	MEDIA/MUSIC/MODS/PROTRACK/STU/SV.MOD
fac43a9bc968b5d71a245fe9bc1ba81b	1	146045	player	uade	Protracker	0	133928	115a2bcd	e093a462	MEDIA/MUSIC/MODS/PQR/RANDWAVE.MOD
fb1b24d55d1bbbed266fac75d9e1da40	1	219345	player+silence	uade	Noisetracker 1.x	0	62154	b9b4362e	37b4c2e7	MEDIA/MUSIC/MODS/STU/TERRANO.MOD
fbcf9b8acb92ee950c2ce15ab48bfcd3	0	201505	player	uade	SoundMon 2.0	0	85720	b88bb7b0	52d5297b	MEDIA/MUSIC/MODS/ABC/BP.CRS
fbec55bf10cef7c42e023d71b1799492	1	269410	player+silence	uade	Protracker	0	151698	d54717b7	434a588d	MEDIA/MUSIC/MODS/PROTRACK/MNO/OVERTRJL.MOD
fbff6963da0cb9573c8f15b68526be56	1	197059	player+silence	uade	Protracker	0	89070	51160d89	f967ff22	MEDIA/MUSIC/MODS/PROTRACK/STU/TTLBLCKT.MOD
fc5585c09d215d3cda3b1bae2ea101ab	1	83190	player	uade	Protracker	0	26722	fd664291	b9f3fc20	MEDIA/MUSIC/MODS/PROTRACK/MNO/MAMUSHKA.MOD
fc949b5056258649bbc26fdd69dc1c34	1	253569	player	uade	Noisetracker 1.x	0	99928	e4328d68	fec3a1db	MEDIA/MUSIC/MODS/ABC/CRYSTLSM.MOD
fe03b0e822e89ec0c4a294a1b7b68e2a	1	210815	player+silence	uade	Protracker compatible	0	67558	2bb419d5	e42e60da	MEDIA/MUSIC/MODS/MNO/MRVLLSMN.MOD
fe6d09cf4cb47603845691fbb92604f8	1	255948	player+silence	uade	Protracker	0	144190	26ae90ac	af8f0981	MEDIA/MUSIC/MODS/ABC/CHCKNBNK.MOD
fe78ffe5b290b26ba13457442586f0eb	1	199092	player+volume	uade	Protracker	0	310520	611695ef	a2a2ae86	MEDIA/MUSIC/MODS/PROTRACK/MNO/MRCHNGST.MOD
fe940495017c66a9f3bc655796690746	1	83330	player	uade	Protracker	0	72348	c8826b03	ff4d574e	MEDIA/MUSIC/MODS/MNO/METAL.MOD
ff0be026c631b59b948394997e247cdd	1	432681	player+silence	uade	Protracker compatible	0	62932	fa5bb646	5db1c2f2	MEDIA/MUSIC/MODS/ABC/AQUAPOOL.MOD
ff18502e7ce929703da9c908fbc4a71a	0	190172	player	uade	FaceTheMusic	0	66552	9ccb3d64	a2630666	MEDIA/MUSIC/MODS/8VOICE/FTM/ODE_TFRC.FTM
ff425ef5ca6b934d0a66ee9822f857cd	1	220293	player	uade	Protracker	0	78480	670266da	f86f5451	MEDIA/MUSIC/MODS/PQR/PRTY_SVR.MOD
ffa76335f0549b6164fdd69e72122880	1	531011	player	uade	Protracker compatible	0	107616	53c4d49f	dd60a8dd	MEDIA/MUSIC/MODS/DEF/FLDSFGRN.MOD
ffb980fce5b1143dd45e2b145a741f25	1	256322	player	uade	Protracker	0	140248	db2f0ba6	7484db16	MEDIA/MUSIC/MODS/PQR/PHANTASY.MOD
