001645e9153b0a6c1d4fde65b37ac750	1	199797	player	uade	Protracker compatible	0	73726	61c37a9d	9d24d079	VOCTOOLS/SOTRACK/PRIMETUN.MOD
001c87cd03438fc7244ae9c3dc2fabeb	1	172931	player	uade	Startrekker (4ch)	0	102112	72da0c03	f71b839e	SOUND/MOD_1/ROCKME.MOD
028782f18f1b6ca37f8e9f11350b8933	1	196556	player+silence	uade	Noisetracker 1.x	0	47272	58d787f3	9f8bc3f6	SOUND/MOD_1/MOR.MOD
04ad90fb72fa4859db819ca75cd6127f	1	234359	player	uade	Protracker compatible	0	72126	0bbdeaba	cc03ea20	SOUND/MOD_1/LVTBRAIN.MOD
0500cad55aa9902b18859c7aa7f2069d	1	176769	player	uade	Protracker compatible	0	163840	e800e321	7dfb98cd	SOUND/MOD_1/THINK.MOD
05d41d5a7b5ed34da06d3a957cad138b	1	325406	player	uade	Protracker	0	151084	d2307724	ba42e82e	SOUND/MOD_1/TURRICAN.MOD
08c70fc651d900d7cfdcf1089acb06b3	1	281721	player	uade	Soundtracker II (31 instr.)	0	50826	1bc13a8b	6ffa23fb	SOUND/MOD_1/INT.MOD
09b24950f00876d740bd3f61bec8e949	1	291969	player	uade	Soundtracker II (31 instr.)	0	62800	827f1b2b	1ec18884	SOUND/MOD_1/SLEEPWAL.MOD
09d83b2407180c2c44abab767288fa21	1	107645	player	uade	Noisetracker 1.x	0	52664	b3f073c8	39485c99	SOUND/MOD_1/MUZAK2.MOD
09dd80b2a3d90a8fc744602d1c17d9c4	1	192141	player	uade	Protracker compatible	0	56958	5351f303	15f12779	SOUND/MOD_1/V48.MOD
0a775f063fa6a54ebb5ef860a803caa9	1	119179	player	uade	Noisetracker 1.x	0	99948	19f883d3	525b721f	SOUND/MOD_1/LIFE_1.MOD
0abbc5e5bf13ff8481aea0cd159a1072	1	221398	player	uade	Protracker compatible	0	135166	90756ede	8789d327	SOUND/MOD_1/SWIV.MOD
0ad51dad990111bbe18f3e614e374bcd	1	207493	player	uade	Protracker	0	69232	cbf232d3	68ec2537	WIN_SOUN/WINMOD/TECHEAD4.MOD
0bbf1609947835b05eca166081260481	1	138369	player	uade	Noisetracker 1.x	0	55476	510b6141	6902971a	SOUND/MOD_1/ROCKING1.MOD
0bf9e6c5e1b4a452e5fb9846d09d1a48	1	230541	player	uade	Protracker compatible	0	149846	8a2825cd	13add0a1	SOUND/MOD_1/THUNDERF.MOD
0c5463219e5eeeb324747069e548c3a5	1	143935	player	uade	Startrekker (4ch)	0	397452	aed0a121	06a717b6	SOUND/MOD_1/LIFE.MOD
0c9b99e8e53e34dae117512eab84d8e1	0	269464	player	uade	Ultimate-Soundtracker or compatible	0	67364	85fa1eec	7e928577	SOUND/MOD_1/THIEF01.MOD
0ce8128634cdff47e83f042115b76c88	1	207493	player	uade	Noisetracker 1.x	0	131932	fedacdcb	2278ce01	SOUND/MOD_1/SAVAGE.MOD
0d2462d3bdb3f3841afc6ca85a00c218	0	202642	player+silence	libopenmpt	Composer 669	8	272533	72d72e1d	5afde8e3	VOCTOOLS/COMPOSER/ALUMINUM.669
0d48f53e1a9b9f8d941ec73af9427870	1	206207	player	uade	Protracker	0	43958	cdfe051b	8c4d87d4	SOUND/MOD_1/THINGZCH.MOD
0da2cfa55c30a1936ad7f8367c40ad20	1	207493	player	uade	Soundtracker II (15 instr.)	0	50306	71aaba4d	f207e4f1	SOUND/MOD_1/TBL.MOD
0f04ba88c22009215386441381b1fb22	1	345561	player	uade	Protracker compatible	0	99840	51534134	edfe730a	SOUND/MOD_1/MONTY.MOD
0f56b1f0a08829389ae32c682ea83250	1	238197	player	uade	Startrekker (4ch)	0	124816	01c7c01b	ba6e3ea8	SOUND/MOD_1/RECALL.MOD
0f56b1f0a08829389ae32c682ea83250	1	238197	player	uade	Startrekker (4ch)	0	124816	01c7c01b	ba6e3ea8	SOUND/MOD_1/TORE_SLX.MOD
11a79ff1cf538a1e6ac247b236b6c30d	1	76920	player	uade	Protracker compatible	0	77168	da1fbf0d	7e1776c2	SOUND/MOD_1/SADHISTO.MOD
12b80fefc83fe99e8a1eefde5c7fe6cc	1	76920	player	uade	Protracker compatible	0	76296	cbe277ce	0af59a85	SOUND/MOD_1/NIRVANA.MOD
1311f651fa0f4df4152369706cb8a046	1	235411	player+volume	uade	Noisetracker 1.x	0	222058	4a76122e	83e9e6c7	SOUND/MOD_1/RVLUTION.MOD
14d27f4ffc7a8e0e26d38dbea525b8e7	1	217821	player	uade	Noisetracker 1.x	0	145408	dd9a4b94	83c813c0	SOUND/MOD_1/STATIC.MOD
15cc0d540b25eb15b79c20a23c258c6c	1	246536	player	uade	Protracker	0	149170	db3a3f85	fcc24f79	SOUND/MOD_1/THATSALL.MOD
1600947b0edc497bb8790df9785a58ee	1	176769	player	uade	Protracker	0	131276	08befd84	e5ebed61	SOUND/MOD_1/NOT_JUST.MOD
167998b4c955f351b63b05971ec7ab37	1	296048	player	uade	Protracker compatible	0	137356	fbb69842	e1d0263c	SOUND/MOD_1/PHANTAS.MOD
17bec25fada7247d360ca48aa85ef8b3	1	176357	player	ft2play	Fasttracker (M.K.)	4	90425	3e4ae6d1	c3c9eefb	SOUND/MOD_1/QUANTARI.MOD
17eda6027dfa58a3c86433ab2787bf5f	1	146045	player	uade	Noisetracker 1.x	0	95268	0091128e	4ec8db2a	SOUND/MOD_1/QUANTUM6.MOD
18a1aab1b03e8e83750dec64b4773d80	1	179767	player+silence	uade	Noisetracker 1.x	0	112020	fe5ad173	abacaabd	SOUND/MOD_1/SPACETRA.MOD
1abbbc0842829d801831dbd83bc9c16b	1	179321	player	uade	Noisetracker 1.x	0	142872	c8c45323	55d71ce6	SOUND/MOD_1/POMO.MOD
1ad6cebcd89cdd87aa7c84f65f2a2597	1	296129	player	uade	Protracker compatible	0	96956	9ae49a90	79c7f66a	SOUND/MOD_1/SLAPPYAN.MOD
1add31a48adf56ce540e224a18bee63c	1	75011	player	uade	Noisetracker 1.x	0	78634	62e02f66	47fb4a0d	SOUND/MOD_1/HEAVBEAT.MOD
1ae6a4a843cee46a8177a05eb609e5d4	1	106700	player	uade	Protracker compatible	0	92908	089e9309	3167c3e3	SOUND/MOD_1/JAR.MOD
1cbe29b25f7ff8f8f9876e9032220df0	1	265663	player+silence	uade	Startrekker (4ch)	0	142218	d70cf11e	837e241d	SOUND/MOD_1/TEQU_SLY.MOD
1db84ba9228a6d2a0b94fb7450537fe9	1	92272	player	uade	Noisetracker 1.x	0	48352	1793a6be	bb928b5b	SOUND/MOD_1/PIA.MOD
1e4fa9bf625a28210f7ab3f27893c986	1	192141	player	uade	Noisetracker 1.x	0	50924	317bf529	5f21ad2c	SOUND/MOD_1/RIP.MOD
1e8e73816e2a3242f1c238a7bf09cc11	1	88110	player+silence	uade	Startrekker (4ch)	0	69074	26cf8b99	4011a3c9	SOUND/MOD_1/TRUSTME.MOD
1eb1c3538063a517974e5ff73b0b7107	1	53872	player	uade	Noisetracker 1.x	0	36156	76b5bc80	aa971a70	SOUND/MOD_1/LIF.MOD
1f293761615de9e1cd1eb606d2adefc7	1	254132	player	uade	Noisetracker 1.x	0	93602	91c60d60	429abdc3	SOUND/MOD_1/TKG_I.MOD
1f3a7417f4f7468594f83fa71348f49a	1	222845	player	uade	Protracker compatible	0	94734	b5cea569	c81f355d	SOUND/MOD_1/MASQRADE.MOD
200b7a0f347a67224aa47a61c00d5903	1	165235	player	uade	Startrekker (4ch)	0	44760	5db854f0	8e9e4d3e	SOUND/MOD_1/SLX_POPC.MOD
220237509cade92bdefa2fb39618cfc6	1	179043	player+silence	uade	Protracker compatible	0	137148	9b89fede	12f67d20	SOUND/MOD_1/XENOPHOB.MOD
2215ef38254541f268655aa1b781fa7c	1	141631	player+silence	uade	Protracker compatible	0	50908	e3b78470	3fb62d1f	WIN_SOUN/WINMOD/HDPISDEP.MOD
2226ef206a1a36d9d19972e40c21e4b8	1	82044	player	uade	Protracker compatible	0	27044	31f6cb7d	d9a5bc23	SOUND/MOD_1/STREAM.MOD
2280caffbe36d467270b3b6aec1cb742	1	146045	player	uade	Protracker compatible	0	31084	bbe7e231	b07dd9eb	SOUND/MOD_1/TKG_C.MOD
239adb4923f5885111cb98c62cea7a4e	1	69224	player	uade	Protracker compatible	0	75688	f1083a6b	6cfa640b	SOUND/MOD_1/TRAVELLI.MOD
23c4c3d1c0e3737c6faa6d8e4b2feeec	0	0	nosound	libxmp	Scream Tracker 2.21	4	1796	cd5387d4	aab7fbca	VOCTOOLS/SREAMTR/SONG/TECHNO.STS
2677e9614ee68910a3dd3370efa0f2b7	1	215149	player	uade	Soundtracker II (31 instr.)	0	99400	a8337dff	4ca4e260	SOUND/MOD_1/ROBOTRON.MOD
275d8b929dfa25ca7251f6d0d932fa34	1	208056	player	uade	Protracker	0	68882	862844f0	a5b588d3	SOUND/MOD_1/MANDFORC.MOD
284cfad796b910ac9e98afb220ce1be9	1	153160	player+silence	uade	Noisetracker 1.x	0	71552	bd1dd6b9	cf781384	SOUND/MOD_1/OXYGEN.MOD
28590298f9214a7a1e45e67054ed5898	1	146045	player	uade	Protracker compatible	0	85834	d420c0fe	2c5041f7	SOUND/MOD_1/HARLEY.MOD
292116fabe7bf5673629f49e351466e8	1	322693	player	uade	Soundtracker II (31 instr.)	0	112974	a1ba7778	f44410f4	SOUND/MOD_1/ZZZEP.MOD
29e0b73eb45170e2f59f177d764972ea	1	88475	player	uade	Protracker compatible	0	97424	9e186b3b	524075e9	SOUND/MOD_1/LETS_SWI.MOD
2a4bbdf0d7f00584f4ae940fd7ec3c7a	1	400699	player	uade	Protracker compatible	0	93106	7c65c725	de9d366d	SOUND/MOD_1/PUSHMAXI.MOD
2a872f560865f327d2d3882ec912543c	1	506998	player	uade	Protracker	0	137140	07939d2e	0e87b6d3	SOUND/MOD_1/MIMOSAAA.MOD
2ac0bf4bbaf33a96b8ea641c80b0f6da	0	0	nosound	libxmp	Scream Tracker 2.21	4	1538	d08577c8	a9c450a1	VOCTOOLS/SREAMTR/SONG/HARDCORE.STS
2b2d6491bc518d59f3c241f3cb00a55e	1	174631	player+silence	uade	Protracker compatible	0	154710	56bb99b2	550ed844	SOUND/MOD_1/LASER_1.MOD
2ba319b7cfda513cc0bd0ef393b03306	1	38520	player	uade	Protracker	0	64468	8394de8c	54fc8b32	SOUND/MOD_1/THEEND.MOD
2ee1dae96699e099c8c6b9179161b726	1	139198	player+silence	uade	Soundtracker II (31 instr.)	0	87408	d53dd011	93482d0a	SOUND/MOD_1/NIT.MOD
2ee6a23e209efcc5051668d19f0be8ef	0	0	nosound	libxmp	Scream Tracker 2.21	4	1577	4d2f94d7	e2f333a0	VOCTOOLS/SREAMTR/SONG/ROCK.STS
2ef3c4044f18d88115f8aca70dc09cbc	1	230420	player	uade	Protracker compatible	0	91504	d251db83	541fc673	SOUND/MOD_1/TRAINBEA.MOD
30961e5b4fbba69bcba626918513c41e	1	200645	player+silence	uade	Protracker	0	119746	b5298318	0e3e994e	SOUND/MOD_1/MANDELDU.MOD
30c2d4976386c356fbcf7c252087b432	1	116586	player	uade	Protracker compatible	0	31734	2fd19ed8	102e2eb0	SOUND/MOD_1/MID.MOD
31166bbd72a7a0f4246d732a2c87cc50	1	239161	player	uade	Startrekker (4ch)	0	84292	851076d1	68a81959	SOUND/MOD_1/SOS__SLX.MOD
32f0eb5a4b357b556ebf2b3766782494	1	199200	player+silence	uade	Protracker	0	256276	e8495869	9d646e62	SOUND/MOD_1/MOONGATE.MOD
33999aa594393aa0110613e1d7e9ce3e	1	155650	player	uade	Protracker compatible	0	104672	b86f3b05	accb3048	SOUND/MOD_1/SOUNDNOW.MOD
34b62f7fa46f0240b617e4f2c54a35b7	1	118334	player+silence	uade	Protracker compatible	0	69322	43843a69	baf701c8	SOUND/MOD_1/NUMAN2.MOD
36888cc042f6459b277ea159d0820775	1	46216	player	uade	Protracker	0	25874	a14950b4	4b5d8724	SOUND/MOD_1/STAHND.MOD
38bdc72dd0f808ecc909c8bb67a03e78	1	259919	player	uade	Soundtracker II (31 instr.)	0	102162	76efc452	6c5e74c3	SOUND/MOD_1/HEL.MOD
39c97ad1052c5893c82d1cfb3d6c16ed	1	76920	player	uade	Protracker compatible	0	24832	08111d05	d2093cf1	SOUND/MOD_1/LITTLE_C.MOD
39e6a1b18b3ba50e5ae05ff48de088cc	1	163969	player	uade	Protracker compatible	0	146166	414f8dde	5ee00338	SOUND/MOD_1/LONG_SLI.MOD
39f29571c80319243bfb3bfe58348399	1	212629	player+silence	uade	Soundtracker II (31 instr.)	0	95664	45f06fe8	4661db81	SOUND/MOD_1/LESSLOVE.MOD
39fa8e07028b4885fad57c68d2af4702	1	138369	player	uade	Noisetracker 1.x	0	84672	9d3efed6	31a6f64d	SOUND/MOD_1/TROLL.MOD
3a37578fc462532e0d78b96279d355bc	1	233229	player+silence	uade	Protracker compatible	0	310590	e5ce60e7	16007f1d	SOUND/MOD_1/NEW_EXPE.MOD
3ad12f148005ac381c9ef39ba77c1aec	1	143126	player	ft2play	Fasttracker (M.K.)	4	123506	9f07e11d	018abf80	SOUND/MOD_1/STYLEE.MOD
3bf5b9648e069e328336cc1d9d3efb8f	1	199797	player	uade	Noisetracker 1.x	0	65924	422f7470	a98ddc84	SOUND/MOD_1/MAG.MOD
3c1b78e2fdfa7f69d53d581ecde57571	1	115321	player	uade	Noisetracker 1.x	0	100236	c12426a3	63b24daa	SOUND/MOD_1/JAMMYF.MOD
3c8b81ce59264057dc030f17accb7177	1	158845	player	uade	Protracker compatible	0	120558	8238cad4	91d2bd52	SOUND/MOD_1/SPECIAL.MOD
3ce3527f40113a65eddaf58589da66c9	0	0	nosound	libxmp	Scream Tracker 2.21	4	1637	d8389b38	506adec3	VOCTOOLS/SREAMTR/SONG/HOUSE.STS
3f0fd4a175ff57a932f783feb929530e	1	192141	player	uade	Protracker compatible	0	56558	4577724a	e53302ae	SOUND/MOD_1/WERWERU.MOD
40e2a71e4acb7f9a28f6a3e6dd3b7c83	1	169093	player	uade	Noisetracker 1.x	0	58570	c8f98957	7e590b36	SOUND/MOD_1/JACKDANC.MOD
410460fd059a790cb410e88befdda79d	1	107645	player	uade	Noisetracker 1.x	0	28004	282c3dfd	9fbabf7b	SOUND/MOD_1/GUC.MOD
423951c6677138f47bcfbebec1c1e926	1	275461	player+silence	uade	Protracker	0	163738	d2103f5e	4e631db3	SOUND/MOD_1/SCRAMBLE.MOD
42b82a244100832cacda045b2668bb93	1	114034	player	uade	Protracker	0	27410	a45fda09	e73417ed	SOUND/MOD_1/YO_.MOD
43862e86b5ae1795bdfb3cba0fe9368b	1	264119	player	uade	Protracker compatible	0	137260	5ef9badf	2c06f43f	SOUND/MOD_1/TOMORROW.MOD
44220a380322ff6024224b23b59cba52	1	200038	player	uade	Protracker compatible	0	257410	81afc6d5	ca3bfa68	SOUND/MOD_1/THE_END.MOD
451f2abfb03d7de40ae3b7df3c61a44d	1	246838	player	uade	Noisetracker 1.x	0	78188	ff35ee33	882ddfe0	SOUND/MOD_1/LOWALTIT.MOD
489ec5e3eb32bffde32cde1a62c8aec2	1	234359	player	uade	Protracker compatible	0	72126	1686a5cd	620fc127	SOUND/MOD_1/LEA.MOD
48ae718652091859c2db1d16a19178c1	1	161397	player	uade	Noisetracker 1.x	0	176960	b769a647	952f5dbb	SOUND/MOD_1/SPELL.MOD
49cfd6be87936d8ede059b64397fe308	1	205236	player+silence	uade	Protracker compatible	0	199926	e62e1392	9e927426	SOUND/MOD_1/TONIGHT_.MOD
4a23a7621e732580bc3bd6b7f287c93b	1	226603	player	uade	Protracker	0	181882	0ff949a9	f527608e	SOUND/MOD_1/SADNESS.MOD
4a47e4f17d04516b347842f630d72626	1	238197	player	uade	Protracker compatible	0	131668	1f37be41	81cb6c40	SOUND/MOD_1/MINOAN.MOD
4a871f28e06e7c756adfad8235bf4452	1	176769	player	uade	Protracker compatible	0	58960	00109222	c39f1d88	SOUND/MOD_1/ROKNPEBL.MOD
4ce7387cf12b44ab01c23ef32274eb85	1	182006	player+silence	uade	Noisetracker 1.x	0	91456	949ddd55	4bc78d80	SOUND/MOD_1/SAHARA.MOD
4e9868855eda8cf3aaaa489f49901888	1	353418	player	uade	Protracker compatible	0	311959	bdfa72a8	5ce51e29	SOUND/MOD_1/TNCWOLF.MOD
4eb19cab8eb52a6e175ee7a3c57ee49a	1	138369	player	uade	Protracker compatible	0	84210	f027f63b	44628f75	SOUND/MOD_1/SALUTE.MOD
4f7276312518fcfabb17d4417c2697d8	1	192141	player	uade	Protracker compatible	0	108310	779a391a	6db23704	SOUND/MOD_1/NIGHTLIG.MOD
4fb7c24203ef6271eec6e811116dffe5	0	0	nosound	libxmp	Scream Tracker 2.21	4	1529	5cd1a786	5d2cc5d4	VOCTOOLS/SREAMTR/SONG/HARDROCK.STS
51ab5818f809aaa6e55d9021f093e366	1	555646	player	uade	Noisetracker 1.x	0	398848	2899ed6f	8090a6b8	SOUND/MOD_1/OOPS_UP.MOD
51e738f26d36be1fd48d8ad90cdc05d5	1	122997	player	uade	Protracker compatible	0	123814	71380364	e5931659	SOUND/MOD_1/ON_AIR.MOD
5255ed865d0a40bdee74e21dbc41f396	0	0	nosound	libxmp	Scream Tracker 2.21	4	2088	27fa230c	6f8ae0a6	VOCTOOLS/SREAMTR/SONG/TEST.STS
52abb0ead7be805190b09be5d20d8ac8	1	138369	player	uade	Protracker compatible	0	71730	372f157f	eeb3bd3e	SOUND/MOD_1/MADE.MOD
547a1e7dc6fe09f939f5bef6ecfd9e25	1	128040	player	uade	Protracker compatible	0	73426	62a56386	fd6c8650	SOUND/MOD_1/VARA.MOD
5513ce7ddea05b6ea8c5c0bcedf5b462	0	0	nosound	libxmp	Scream Tracker 2.21	4	1850	bf383731	2312b382	VOCTOOLS/SREAMTR/SONG/LONDON.STS
562dce350fd7b18853d9d1c36989283e	1	107645	player	uade	Protracker	0	125054	47f8c731	5991a432	SOUND/MOD_1/SUNWIND.MOD
58d7838dcbf972ee1f6eaabee89fe212	1	69224	player	uade	Noisetracker 1.x	0	69752	427a0f39	9c0ba10a	SOUND/MOD_1/TEC.MOD
5b0e64b8f9b1a5ff4fa36465da94a2f9	1	307321	player	uade	Noisetracker 1.x	0	68564	9a5c3602	7ee21d0f	SOUND/MOD_1/MOK.MOD
5d05da52fa40a9c7db4a5ded80ae3051	0	0	nosound	libxmp	Scream Tracker 2.21	4	1457	d99259e1	7b91ab10	VOCTOOLS/SREAMTR/SONG/MALBARO.STS
5d7023844d2e3cf014815dc4b6aa5c3c	1	192764	player	uade	Soundtracker II (15 instr.)	0	103068	a368b9d5	46423f9c	SOUND/MOD_1/RATTLE.MOD
5d86af83df591b71df156f1161f9a47a	1	350918	player+silence	uade	Protracker compatible	0	153990	812addc3	be3d7f65	SOUND/MOD_1/ROWROWMO.MOD
5f6c0fb95ba9161ccd59e528bc17c32e	1	178135	player	uade	Soundtracker II (31 instr.)	0	129530	de0edf23	9e76864b	SOUND/MOD_1/LIGHTNIN.MOD
5fa9694c3d23513941016629ceed023c	1	143493	player	uade	Startrekker (4ch)	0	48578	b67a12d3	4fc286f5	SOUND/MOD_1/HAPPY.MOD
607ecb58518077ff4b00a8b9915c1bb2	1	134531	player	uade	Soundtracker II (31 instr.)	0	101520	4e1dd574	67e7d3f8	SOUND/MOD_1/ON_.MOD
607ecb58518077ff4b00a8b9915c1bb2	1	134531	player	uade	Soundtracker II (31 instr.)	0	101520	4e1dd574	67e7d3f8	SOUND/MOD_1/ONT.MOD
609d6933bf28d1886ec8fcb76b86dd4e	1	124805	player	uade	Protracker	0	76770	5e314d37	546fc339	SOUND/MOD_1/UNDERGRO.MOD
61c173cf5676c4db149021efecdbbc35	1	146045	player	uade	Protracker compatible	0	150474	20b64fa0	c841bd82	SOUND/MOD_1/KAOSKAOS.MOD
6205ce23216b0cf539d3c1b512f8eab9	1	175663	player+volume	uade	Protracker compatible	0	144772	66288d7a	e4d08e82	SOUND/MOD_1/RBI.MOD
62c352f2637b71312d83094cdc588a39	1	230541	player	uade	Startrekker (4ch)	0	137880	d8565fc5	9e7b5e4f	SOUND/MOD_1/SLX_STER.MOD
62fe5813a24853aa382c0abd97d70390	1	249731	player	uade	Protracker compatible	0	89230	0b972bbb	094666ca	SOUND/MOD_1/SNIPPERS.MOD
63031df72efb64f052ab49830037ea88	1	23168	player	uade	Protracker compatible	0	19798	263e98bd	c6f977ab	SOUND/MOD_1/PHI.MOD
63175ab2316d6010507caad79bd95d12	1	216133	player	uade	Protracker compatible	0	189738	47f3fb63	7b6154ea	SOUND/MOD_1/WE_RE.MOD
6358fbaf2ed1151e0d24b4062cb2e838	1	129485	player+silence	uade	Protracker	0	119730	3161c14c	c9ef58de	SOUND/MOD_1/OH_YEAH.MOD
63fbe655208f0fabd5820154f3daf321	1	51320	player	uade	Noisetracker 1.x	0	40628	9f383c5e	606bbda2	SOUND/MOD_1/HUN.MOD
642e939c381286d85f9c15f5d2f1cca5	1	255498	player	uade	Protracker compatible	0	84090	7fda0b6f	16c8ddf3	SOUND/MOD_1/STOR.MOD
6518a42695822406adbe7be6e5420c37	1	186836	player	uade	Protracker compatible	0	177152	92eb01af	23524cf6	SOUND/MOD_1/LABYRINT.MOD
651fb6da0956f038b10c7ea3cf0dc0a9	1	542193	player+silence	uade	Protracker compatible	0	107346	2bdb22a8	6d923ae0	SOUND/MOD_1/NEGLIGEN.MOD
659503bcdb76a77790edbcd743a7ea62	1	158642	player+silence	uade	Noisetracker 1.x	0	101368	8cf70487	4131ece8	SOUND/MOD_1/RIPP.MOD
679ce40c23b9fee14689b285564b1f62	1	161913	player+silence	uade	Protracker compatible	0	116230	6a71f9c3	617146a2	SOUND/MOD_1/RUN_THE_.MOD
684772c269137302c58a2288ee9d75f8	1	177794	player	uade	Protracker compatible	0	92890	fd35e016	f0ce4259	SOUND/MOD_1/PHONEFR.MOD
69a25edfd0f34742119ddd05d42f855f	1	159204	player+silence	uade	Noisetracker 1.x	0	146880	ab2f544c	7d587ea5	VOCTOOLS/TRAK20/ECSTACY.MOD
6a87dc133f0fca0d2cef3d75ebc7d441	1	193388	player+silence	uade	Startrekker (4ch)	0	238342	883b5ee1	77beaebf	VOCTOOLS/TRAK20/CALLING.MOD
6bdf760483f0641036856879e6c428ec	1	194291	player	uade	Soundtracker II (31 instr.)	0	92160	5b5fb0e8	f6647844	SOUND/MOD_1/PSYCOSTA.MOD
6be77a3b7ea40d917d6af57d79a2c39d	1	344134	player	uade	Protracker compatible	0	127648	fa1f5993	6a2a99c2	SOUND/MOD_1/PLANETS.MOD
6e25085a05cebfc27f10cd6a0d9d03c3	1	372617	player+volume	uade	Protracker compatible	0	172435	032d8316	26af5cb7	SOUND/MOD_1/SPACEDEL.MOD
6ecff70f4d94c2ca56b38446fa63769b	1	276597	player	uade	Startrekker (4ch)	0	73906	686e4c50	4fefbb30	SOUND/MOD_1/HYPNOTIC.MOD
6f6023a8433b9d4e4b9df45443101642	1	138369	player	uade	Protracker compatible	0	90642	683264b5	a0b934c7	SOUND/MOD_1/STEAM.MOD
6f8ade8fccd37c95ef7a0bed358816a8	1	237112	player	uade	Protracker compatible	0	65023	ef14a96b	e5f1a276	SOUND/MOD_1/REBELS2.MOD
6fabededd2e0e21d6dc65806b9c8d3c2	1	184445	player	uade	Noisetracker 1.x	0	78724	e4b67f60	b504f5f8	SOUND/MOD_1/MYSONG.MOD
6fb6acd7df4f0717c92e9d168535c0e8	1	354826	player+silence	uade	Protracker compatible	0	184430	51b9135b	5db4800c	SOUND/MOD_1/LIVE_JAM.MOD
6ffecc27e56fc24ad6be675dda97939b	1	390009	player	uade	Soundtracker II (31 instr.)	0	136276	787eca65	8430c53a	SOUND/MOD_1/JUSTABEA.MOD
724a71f09b98a3f6b014fedd0e5874f9	1	222845	player	uade	Noisetracker 1.x	0	180818	27d4df04	39cffd74	SOUND/MOD_1/NEWKISS.MOD
724c6939297cf75692b26109f6cce050	1	359522	player+silence	uade	Soundtracker II (31 instr.)	0	236277	65b06901	e3b83998	SOUND/MOD_1/KNIGHT.MOD
731f8a3be716e40707dce4898f149161	1	316792	player+silence	ft2play	Fasttracker (M.K.)	4	101622	0539b33c	b43f9a14	SOUND/MOD_1/SANDMA.MOD
745096c76c06628257be18482f15989f	1	212874	player+silence	uade	Noisetracker 1.x	0	52096	17ec16f9	a16d9459	SOUND/MOD_1/MUZAK.MOD
7465dd1f47adce60cf4498f12bf6b527	1	169093	player	uade	Protracker compatible	0	91504	db94e586	a6ca11b3	SOUND/MOD_1/NIGHTFLL.MOD
758e05c9f004006e8beb68fd079751bf	1	238197	player	uade	Soundtracker II (31 instr.)	0	58052	437b348c	cc3a2e03	SOUND/MOD_1/IT.MOD
76322b5f065bfafa2b72830a2661d0b3	1	119179	player	uade	Soundtracker II (31 instr.)	0	44194	47abd721	e34cf1a6	SOUND/MOD_1/GOD.MOD
769211422fa798f706770d32437b9608	1	414866	player	uade	Noisetracker 1.x	0	214704	9a468fed	ffca1006	SOUND/MOD_1/RAINY.MOD
76e8db214d7bf4ebadba772261f2ac38	0	0	nosound	libxmp	Scream Tracker 2.21	4	1934	a2297cd4	e5faaedc	VOCTOOLS/SREAMTR/SONG/ASSEHUNK.STS
76eb325597793b651affaaba776ae144	1	262612	player	uade	Noisetracker 1.x	0	206118	1a3f6475	1aa56437	VOCTOOLS/TRAK20/DUNGEON.MOD
76eb325597793b651affaaba776ae144	2	262531	player
772887b4316c08b0634d7002d454b38a	1	66029	player	uade	Protracker compatible	0	68960	efc44e20	8036ca1b	SOUND/MOD_1/OPERATIN.MOD
7784b8a4fce4ecb662506fa2e2f8d40e	1	215149	player	uade	Protracker compatible	0	90112	5a3d91fd	961abe6c	SOUND/MOD_1/SLASH.MOD
7830ca8ed8f7fbd140a6551fe323d32f	1	245893	player	uade	Noisetracker 1.x	0	70020	5218d62a	dc5da111	SOUND/MOD_1/ICEMASHI.MOD
7893b12eced051f0fb353cf176f98fad	1	132417	player+silence	uade	Protracker	0	213378	0d4ad478	1316b872	SOUND/MOD_1/POWER.MOD
79fd9e234ff41cef7183f5c7936c9825	1	286845	player	uade	Protracker	0	145320	2affca27	fc5724dd	SOUND/MOD_1/ODYSSE3.MOD
7ad313f676375addc8b90147606abe50	1	207493	player	uade	Noisetracker 1.x	0	73724	f83cc24d	87134230	SOUND/MOD_1/VIR.MOD
7b76e1137d83a73488c9c2fd89b260f4	1	245893	player	uade	Noisetracker 1.x	0	46800	4f4097f5	39cf258b	SOUND/MOD_1/PT.MOD
7d77337c7ffb45e541b7c05c5fcd77d3	1	130693	player	uade	Noisetracker 1.x	0	103506	b96b8098	ecb2716a	SOUND/MOD_1/WAS.MOD
7dd73adf393e7edc9e8a0443789f586c	1	229992	player+silence	uade	Noisetracker 1.x	0	312214	93cfde9c	18e01f52	SOUND/MOD_1/HOUSE.MOD
7e70ccd2a700ae9abb0cd59f51dec4d1	1	153962	player	uade	Startrekker (4ch)	0	70968	93399de8	ca565b07	SOUND/MOD_1/KEEPIT.MOD
7e70ccd2a700ae9abb0cd59f51dec4d1	1	153962	player	uade	Startrekker (4ch)	0	70968	93399de8	ca565b07	SOUND/MOD_1/SLX_KEEP.MOD
7f5073fc5a8e5721cd37f59857b74cc4	1	309371	player+silence	uade	Noisetracker 1.x	0	169016	77101a1b	5b4f43ad	SOUND/MOD_1/RETROGRE.MOD
7fa8c7e5ee1c0614ce53005e5dbdfd1e	1	160064	player+silence	uade	Noisetracker 1.x	0	96978	22f4728d	de4e0dc4	SOUND/MOD_1/MEGAFOR.MOD
7fe69ea4e33493796b2267bb005fce26	1	265968	player+silence	uade	Protracker compatible	0	98750	070e7f78	9573f86d	SOUND/MOD_1/POORMOUT.MOD
800222d97971c66494d719c530aa6922	1	90636	player+silence	uade	Protracker	0	53498	53d8d47a	5eb45b47	WIN_SOUN/WINMOD/MENUETM.MOD
8104fc1baeb03fe18f29b90327a7e5b9	1	335051	player	uade	Soundtracker II (31 instr.)	0	95528	8f198fa6	42596d68	SOUND/MOD_1/TOCCATA.MOD
8149ca432785aa8670f0530e12ea2b6a	1	230541	player	uade	Protracker	0	135536	9447127f	53bc9738	SOUND/MOD_1/LAU_DIME.MOD
819d24739e977095cd7e974e7a8df05d	1	73082	player	uade	Noisetracker 1.x	0	57128	d94be46b	71566739	SOUND/MOD_1/PIANO_PL.MOD
822994b247f09d1fd3a43bccee70b6ff	1	16389	player+silence	uade	Protracker compatible	0	29622	defd2d96	3665fa60	SOUND/MOD_1/NO_MORE_.MOD
828e7c6e6027618cbcd83f0e1c904895	0	0	nosound	libxmp	Scream Tracker 2.21	4	2931	a71e1fee	e81c5a51	VOCTOOLS/SREAMTR/SONG/TEST1.STS
82b0be936ec646bd2f8681d19176936e	1	310016	player+silence	uade	Soundtracker II (31 instr.)	0	78742	53c7718c	52cf2bb8	SOUND/MOD_1/MAGNETIC.MOD
82b0be936ec646bd2f8681d19176936e	1	310016	player+silence	uade	Soundtracker II (31 instr.)	0	78742	53c7718c	52cf2bb8	SOUND/MOD_1/MGNFLDS4.MOD
86e97592d04a0474428cda32c945833d	1	219007	player	uade	Protracker compatible	0	162460	ae808e63	2bf2f082	SOUND/MOD_1/SCOOPEXT.MOD
8778cfc48933f80d958c7e022d2c81d7	1	144236	player	uade	Protracker compatible	0	92518	3f5b674e	67b2cc19	SOUND/MOD_1/TROUBLE.MOD
8822484f10c9dffadc4a81bbd9c657f5	1	7796	player	uade	Noisetracker 1.x	0	4668	d50f13a8	50577a00	SOUND/MOD_1/RZT.MOD
886683397daa7562b961da6b60c152d0	1	306819	player	uade	Noisetracker 1.x	0	138966	8311958e	324284c4	SOUND/MOD_1/RIFFRAFF.MOD
89819272a8c487b3a253cd1683476f1f	1	84616	player	uade	Noisetracker 1.x	0	133456	8b2e26b9	dab40305	SOUND/MOD_1/SPIKEMIX.MOD
8a5a27c49eba9a4039c0e8927064eaae	1	143493	player	uade	Protracker compatible	0	92480	c3b70695	626f4fe1	SOUND/MOD_1/SHADOWFI.MOD
8a7aa2e2febf07d4ac2178f10ae251f2	1	127976	player+silence	uade	Protracker compatible	0	40924	a1e26148	a3b7c86f	SOUND/MOD_1/RAVE.MOD
8acd25020e5560aad9fccd1575abeb65	1	44910	player	uade	Protracker compatible	0	39210	77003471	4c3a25f4	SOUND/MOD_1/MUNK_JAM.MOD
8bba2be72d37a3c55398e63cfdb7277c	1	116586	player	uade	Startrekker (4ch)	0	68048	b6e2d59f	89118cca	SOUND/MOD_1/SLX_MO92.MOD
8cb50f1ac19241fd2594e363314f5e3b	1	188562	player+silence	uade	Protracker compatible	0	115272	c8f95924	132517ed	SOUND/MOD_1/RHYTHM_M.MOD
8cfaa731f513fe73054f94306f84ec45	1	288195	player+silence	uade	Protracker compatible	0	71714	fc28251b	08033b46	SOUND/MOD_1/SONG1.MOD
8d761dcdef7f974ed1b5c092e57da863	1	169093	player	uade	Protracker compatible	0	155228	03590a86	cce1bb6b	SOUND/MOD_1/SOUNDMA.MOD
8e0b62d0328b75421cd4c4a6b8600c7b	1	379083	player+silence	uade	Protracker	0	144824	e90042a0	82785282	SOUND/MOD_1/LANDOFCO.MOD
8e3132a50194c6e64c63fa1f038f66fb	1	184445	player	uade	Noisetracker 1.x	0	122568	4ab34b8d	56b5b60f	SOUND/MOD_1/PUGGS4.MOD
8e391ad58439de0aafa4503555a30e3b	1	249490	player	uade	Protracker	0	212992	ae0d28ef	bc778441	SOUND/MOD_1/RISE.MOD
8e570a9cb9c8f03b41819b8f5ad5f38e	1	276597	player	uade	Soundtracker II (31 instr.)	0	76896	f1276699	1bba15d6	SOUND/MOD_1/SARCOPHA.MOD
8eaf470a40705d7048a5754d1a3699a5	1	237333	player	uade	Protracker	0	265170	c8b97658	f85be79e	SOUND/MOD_1/WRLD_WAR.MOD
8f17c0ac16056df538896443a5c36558	1	214638	player+silence	uade	Protracker	0	191488	8f5ba8a4	37c3d0cb	SOUND/MOD_1/RESONANC.MOD
8fa4809f9b7e9e41544522999070b656	1	294521	player	uade	Protracker	0	119058	3731337b	4e9f0164	SOUND/MOD_1/VECTORBA.MOD
8fdf7c0f250c436fe1565372d81ea521	1	652943	player	uade	Noisetracker 1.x	0	135940	283c24c2	db2df681	SOUND/MOD_1/TEL.MOD
912b76de65ae2901e13e95841a77d7b3	1	191789	player+silence	uade	Protracker compatible	0	166654	abab5756	76586029	SOUND/MOD_1/WILDTHNG.MOD
9194b93259a162557e9dec2a2681a17c	1	224189	player+silence	uade	Protracker compatible	0	316134	53794ef9	cc165507	SOUND/MOD_1/NEW_GENE.MOD
9258cd840442bcf8eaa4676dc3162451	1	322693	player	uade	Protracker	0	351546	0516e8a3	b5c68434	SOUND/MOD_1/U96.MOD
930c89d487d8ab8dc8c035b78a89c8a5	1	299645	player	uade	Protracker compatible	0	140650	4411e6da	fd5c8f59	SOUND/MOD_1/POSEIDON.MOD
939c0318214b2fbdcd660f6653c1eb0e	1	184445	player	uade	Soundtracker II (31 instr.)	0	107273	7deefb0c	f4d7dc77	SOUND/MOD_1/SPACE2.MOD
93cb5877d3e324b609636d67ccedbf76	1	329103	player	uade	Protracker compatible	0	125272	fedceda3	cabc92ab	SOUND/MOD_1/ROOTS.MOD
94c05bda6dbd93f77e59abefc06c2877	1	199797	player	uade	Startrekker (4ch)	0	68370	08f234a4	8bb92c45	SOUND/MOD_1/SLX_TRAN.MOD
94ea09e4ceb3008d407d14023ed1b9e9	1	99968	player	uade	Protracker compatible	0	50944	16765c1a	651ebc43	SOUND/MOD_1/YUMMBALL.MOD
97ed5448dfe91da3d04036d1cf89edc1	1	139393	player	uade	Protracker compatible	0	88596	2570671d	507db08f	SOUND/MOD_1/TRASH.MOD
9868b1948e9b7f1bc58a63d3e0cb10c8	1	238197	player	uade	Protracker compatible	0	162048	e590051d	bae10bdf	SOUND/MOD_1/PUMPUP.MOD
9a88d58be4273cee82a57215009b75a5	1	107645	player	uade	Protracker	0	281230	79c8de9e	503fbf30	SOUND/MOD_1/U4IA.MOD
9b224aa43dea721f13fc5b508ff0c18c	1	216133	player	uade	Protracker compatible	0	189738	ba9746ba	0255bd95	SOUND/MOD_1/WIR.MOD
9b52d9f1ba36436ee1cdf25d4b8149e4	1	227224	player+silence	uade	Startrekker (4ch)	0	175098	3d855209	edfa612c	SOUND/MOD_1/SLX_MYHO.MOD
9bb3b210c8b1e162d07d794674f8ccf6	1	207493	player	uade	Soundtracker II (31 instr.)	0	68018	b11823a3	af688438	SOUND/MOD_1/HEN.MOD
9c0cf44215c82d45072eba7d6d1658c0	1	361073	player	uade	Noisetracker 1.x	0	196608	63c006b4	ad137f6e	SOUND/MOD_1/THESTORY.MOD
9c93efb477359fe704b437c404408350	0	191714	player	libopenmpt	Ultimate Soundtracker 1.0-1.21	4	45220	52563a19	74ea7762	SOUND/MOD_1/GSC.MOD
9cb934a9f205da7945522fea5294bbaf	1	215149	player	uade	Noisetracker 1.x	0	69644	1082f62c	2e5bbd3a	SOUND/MOD_1/INC.MOD
9d4f0729dc3b6b2b3ca77a8412678ad3	1	176769	player	uade	Noisetracker 1.x	0	88944	81d1980e	e782df12	SOUND/MOD_1/NH.MOD
9e8741fda45d2e1cbd7c33235a6e3103	1	122997	player	uade	Noisetracker 1.x	0	149166	452421f5	7d5c61c9	SOUND/MOD_1/M1_SONG.MOD
9ea6ad97da7c4dc37e6e8fecf304cdb8	1	150787	player+silence	uade	Protracker compatible	0	122104	b7468a6b	54681f80	SOUND/MOD_1/NAMEWASB.MOD
9ed5d5ab9651373fdd9cb68c62492e7c	1	140921	player	uade	Soundtracker II (15 instr.)	0	100766	35d51ef1	214a282a	VOCTOOLS/CREATOR/HARD.MOD
9f07eb12e6878b080bf4131aa819c122	1	130693	player	uade	Noisetracker 1.x	0	40496	2ab78f1e	1f1a177d	SOUND/MOD_1/WAR.MOD
9f5ba689f969289b304dfd3a33f00c13	1	61568	player	uade	Noisetracker 1.x	0	50680	6247d5be	71638c5d	SOUND/MOD_1/TOD.MOD
9f69fd4e53626be89d62ede6ec6fa533	1	264247	player+silence	uade	Protracker compatible	0	130574	0481a653	00d655f2	SOUND/MOD_1/JUMPING.MOD
9f8b38b8de5f244d04979329d56b798c	1	542593	player+silence	uade	Noisetracker 1.x	0	212268	e9ea2220	ab85f65c	SOUND/MOD_1/NOP.MOD
a050e6ce00aa7c794c6662c55f3c9abb	1	161397	player	uade	Noisetracker 1.x	0	41148	28927004	75a541b3	SOUND/MOD_1/GOLD.MOD
a0bdbf588853fb1c16cba7fadb798b9f	1	285157	player	uade	Protracker	0	139086	a9a75f68	dcda61f3	SOUND/MOD_1/STREET_J.MOD
a0f5b243d2969380dc36205170a7ee0f	1	61568	player	uade	Noisetracker 1.x	0	31562	bf503d0f	3ecffae0	SOUND/MOD_1/PUM.MOD
a1427da886e87caff6c882ba858a0850	1	264213	player+silence	uade	Noisetracker 1.x	0	112676	6b99729e	404574c2	VOCTOOLS/TRAK20/DNS.MOD
a2dfa95d3e1b932aab813815dac7d3c3	1	99968	player	uade	Noisetracker 1.x	0	42252	3ddf3b8b	e2131ae9	SOUND/MOD_1/UNI.MOD
a31b2a6466e5e89957af87695bbe00bb	1	99968	player	uade	Startrekker (4ch)	0	82566	6895d5de	676e7f4a	SOUND/MOD_1/SLX_TER2.MOD
a31b2a6466e5e89957af87695bbe00bb	1	99968	player	uade	Startrekker (4ch)	0	82566	6895d5de	676e7f4a	SOUND/MOD_1/TREMINA.MOD
a33189ef991c248ce88590ed7c3e4509	1	273402	player	uade	Protracker	0	258184	334ac0ef	bd0c1a27	SOUND/MOD_1/ODYSS6.MOD
a41a93c500c7f4bc75d71262f93dc73c	1	122997	player	uade	Protracker	0	52356	9a12a025	91a2400b	SOUND/MOD_1/PROCES_I.MOD
a4e724045d7b7743232322d6327e409c	1	138369	player	uade	Protracker compatible	0	73856	7a870ffa	c894a5e7	SOUND/MOD_1/TTRONIC.MOD
a64f633fc0d88f7799c74bee6092bd9b	1	330369	player	uade	Protracker compatible	0	251336	c77dbbdc	50f5eb9e	SOUND/MOD_1/PARTISON.MOD
a8514a8ba86daaee05040e1178710570	1	184445	player	uade	Soundtracker II (31 instr.)	0	195188	6006d3b9	d6e9a94e	SOUND/MOD_1/THESPACE.MOD
a8c07df963a991e3e54c0d8a28c2efe8	1	184445	player	uade	Protracker	0	122986	31a20f6f	a1019906	SOUND/MOD_1/ODYSSEE2.MOD
a90d8311e00dccabb548f0fe25efa1f5	1	46216	player	uade	Protracker compatible	0	27924	148b0326	a1d5c057	SOUND/MOD_1/LOONCRED.MOD
a923366efa8f61edebdf5b471dd1c992	1	69224	player	uade	Protracker	0	79758	3e5ce544	42b5cdc1	SOUND/MOD_1/SHEISCOM.MOD
a9efab0bd778f5b09cf2858e27db96bd	1	199797	player	uade	Protracker compatible	0	106624	86ba3876	2264747d	SOUND/MOD_1/THENIGHT.MOD
ababb2abd36d49bae7112cf2e5700ffc	1	138369	player	uade	Protracker compatible	0	164534	0975a321	ac35ba99	SOUND/MOD_1/PSY.MOD
af5a6aebec7a573dc0aa77daa38ef1ad	1	130693	player	uade	Noisetracker 1.x	0	106566	bc02cdd5	67633e81	DEMOS/CD_DEMO/DATA.DM
af5a6aebec7a573dc0aa77daa38ef1ad	1	130693	player	uade	Noisetracker 1.x	0	106566	bc02cdd5	67633e81	QUIKMENU/DATA.DM
af5a6aebec7a573dc0aa77daa38ef1ad	1	130693	player	uade	Noisetracker 1.x	0	106566	bc02cdd5	67633e81	SOUND/MOD_1/WASTLAND.MOD
afc08ca311b78cfe5b9d2b6bdcb7cce6	1	251881	player	uade	Soundtracker II (15 instr.)	0	147416	1d5393aa	649e3aa6	WIN_SOUN/WINMOD/GRENSLEV.MOD
b0a8d0fa9232e1c6e71acf53b6339af5	1	224131	player	uade	Noisetracker 1.x	0	138901	6b5be7d7	c436246b	SOUND/MOD_1/NEWGALAC.MOD
b2beca41591026d14bdb30e1d525f9ee	1	253648	player+volume	uade	Startrekker (4ch)	0	79872	92aa60ae	a4f9b111	SOUND/MOD_1/SLX_TEKK.MOD
b3dc4348d8e64cc2e25c805cf7d40288	1	146045	player	uade	Noisetracker 1.x	0	205158	071a338d	4725e97a	SOUND/MOD_1/SNAKE.MOD
b508bdc8f9ce9a3f8a7c03964bd890e8	1	314736	player	uade	Protracker compatible	0	129266	f4f87b8e	b5874949	SOUND/MOD_1/NIGHTFAL.MOD
b51dee1a6b8fe014e2715f2e0625bd96	0	0	nosound	libxmp	Scream Tracker 2.21	4	1814	d6d2085b	f0eed5df	VOCTOOLS/SREAMTR/SONG/GARAGE.STS
b5be69fa7433b16e7fbc4822125db6ab	1	254694	player	uade	Protracker	0	138774	fc7915be	ec408fda	SOUND/MOD_1/ODYSSEE1.MOD
b5ea1407206c167d11b3041dc418d612	1	61568	player	uade	Protracker compatible	0	39572	d40f7dfb	87c41807	SOUND/MOD_1/STAND.MOD
b61b24a075759cb402e53fa500be6f48	1	273585	player+volume	uade	Protracker	0	201884	8202e838	4f361c35	SOUND/MOD_1/LAU_ANTC.MOD
b70679ca528c59437e20a193e3d97065	1	276597	player	uade	Noisetracker 1.x	0	76896	07791127	d40b1798	SOUND/MOD_1/LEP.MOD
b752c07efc9481986cd6b1fa30d087ec	1	80758	player	uade	Soundtracker II (15 instr.)	0	42320	f450aed1	2d20700b	WIN_SOUN/WINMOD/ACB.MOD
b7989afe7d71f47ea1ad0c402aebaf3e	1	220886	player+silence	uade	Protracker compatible	0	191104	1948f5fc	e5961f9d	VOCTOOLS/TRAK20/BARBRIAN.MOD
b8c023032577804626811b2f4a6bef8b	1	288171	player	uade	Protracker compatible	0	109936	ea80e35d	6e5900a8	SOUND/MOD_1/KILLVIKT.MOD
b9fbcbbffca1cff10ffd42f10a9693aa	0	30674	player	libopenmpt	Ultimate Soundtracker 1.0-1.21	4	30072	b02e6a54	74e441b2	SOUND/MOD_1/GSA16.MOD
bb2432a9c29a57a2115fd755eabbc721	1	219509	player	uade	Protracker compatible	0	162356	feca62d0	63a64971	SOUND/MOD_1/ONEONTWO.MOD
bbca8507ca64518f3742aa6889cc3f88	1	309337	player+volume	uade	Noisetracker 1.x	0	111868	07b10090	b561718b	SOUND/MOD_1/MASTERMI.MOD
bc4389dd686a7de9e429b63eba2b9aa7	1	76920	player	uade	Noisetracker 1.x	0	40924	70c6299c	0d9e9ba8	SOUND/MOD_1/MYSONG2.MOD
bd2594003cb48fb579217b9cbbda9455	1	249490	player	uade	Noisetracker 1.x	0	212870	acd8bc7e	744f8b2c	SOUND/MOD_1/RSI.MOD
bd3a78eec67dc519f0f1ee2530ab9611	1	84616	player	uade	Protracker compatible	0	104562	60e113c3	262e28cf	SOUND/MOD_1/PARASONG.MOD
bd3e2ddedfd0220a32072e5e956a1af0	1	199797	player	uade	Protracker	0	117468	dbf14bb7	43b39962	SOUND/MOD_1/SYNOPSIS.MOD
be547cdeb88201cec30e6ae5ad1b88aa	1	138369	player	uade	Noisetracker 1.x	0	63952	c72d1f0e	561d2750	SOUND/MOD_1/ULD1.MOD
bee856e9cef4364473c0a4abaf3c5700	1	297716	player	uade	Protracker compatible	0	171168	c9cee3cc	59562287	SOUND/MOD_1/SKIDS.MOD
befc6b4fccae40eac79dbe63a3b6ad67	1	415489	player	uade	Protracker compatible	0	166215	a5779670	23b3aaa0	SOUND/MOD_1/Q2010.MOD
bf925640f7e5937c3eaa6e861c5d1c3f	0	0	nosound	libxmp	Scream Tracker 2.21	4	1538	1786db26	435002d9	VOCTOOLS/SREAMTR/SONG/POPSONG.STS
c005ed82cb5fb5887c7490de2baa2ca4	1	107645	player	uade	Soundtracker II (31 instr.)	0	42776	6bb5f645	1c0e5916	SOUND/MOD_1/NEWFRED.MOD
c13a01a6eef95e044016b3b080b676ea	1	229577	player	uade	Protracker compatible	0	115260	551fcd57	64bfa13c	SOUND/MOD_1/UNVEILED.MOD
c24a60389b14ecfea13d00b820b160f1	1	159363	player+silence	ft2play	Fasttracker (M.K.)	4	66261	a35d3754	adb9405c	WIN_SOUN/WINMOD/IGD.MOD
c2e9d3fb605afcf00018b8f2016a4134	1	143175	player+silence	uade	Protracker compatible	0	82004	9713511e	177965db	SOUND/MOD_1/RAA.MOD
c45dc89c4de7b4ff999571eb664852b7	1	188280	player+silence	uade	Protracker compatible	0	339182	5550e49b	d2215809	SOUND/MOD_1/NEWACID.MOD
c59b47157ffea1940fae23804feb4bc4	1	356141	player+silence	uade	Noisetracker 1.x	0	93972	4802617a	63591b86	SOUND/MOD_1/POPCORN2.MOD
c7107a0edf1ed439785976b33af349d0	0	92165	player	libopenmpt	Composer 669	8	62040	b1bf56d9	29eb7f51	VOCTOOLS/COMPOSER/HARDWIRE.669
c8c86696a3f82255c9f3d833bee672f9	1	107645	player	uade	Noisetracker 1.x	0	232598	7ee4aed9	99b627d9	SOUND/MOD_1/MAX_HEAD.MOD
cc46a0352507970b49092257a1d556cb	1	161397	player	uade	Noisetracker 1.x	0	51176	cdcaa7f0	4e80921b	SOUND/MOD_1/STR.MOD
ccbcfed0982eb10c7a9f3131dce8a2e2	1	171340	player+volume	uade	Protracker	0	270530	cf825fc0	6f29c331	SOUND/MOD_1/XMAS.MOD
cdfc6f3ddd008ea291baeefc32fc8a36	0	147465	player	libopenmpt	Composer 669	8	51309	a17d76bc	34af61d0	VOCTOOLS/COMPOSER/INTOMAEL.669
cebf04392dcbc502f396a07cf3eda3a3	1	98682	player	uade	Protracker compatible	0	297856	47685a1c	aa1b6382	SOUND/MOD_1/JACK.MOD
ceffef4ebf8e2a5b8855ed576d7df736	1	286937	player+silence	uade	Protracker compatible	0	58752	0f5bb326	7b524cfb	SOUND/MOD_1/PARTY.MOD
d141bd272a7b7183d8be98438cc6abc0	1	107645	player	uade	Protracker compatible	0	139264	25b34841	9e6f99a5	SOUND/MOD_1/SPAFLI.MOD
d21d1ddc9943de73412c8c00fe2b60f6	1	276436	player+silence	uade	Protracker compatible	0	232298	3702d5f1	a581ef3e	SOUND/MOD_1/OCC_SAN_.MOD
d2404f6b7b2fe8611ebb112fdc668e99	1	199797	player	uade	Soundtracker II (31 instr.)	0	307562	ed0ae9f5	02dc547d	SOUND/MOD_1/MYWY2HLL.MOD
d2506a1f55f6cd0cf1367606f44d7fec	1	448142	player	uade	Protracker compatible	0	51196	2300dae7	d9658592	SOUND/MOD_1/VERTMAD.MOD
d26a7ae88207f45384eec7c79f2ded40	1	261081	player+silence	uade	Protracker compatible	0	114730	2011a2c1	421d30ae	SOUND/MOD_1/STRESS.MOD
d3d7763fb8d4990b1c81156743d7241d	1	208136	player	uade	Protracker compatible	0	144026	948b918f	4776241e	SOUND/MOD_1/ZINE_SFX.MOD
d47320346b53d6da3d7a099e08e3c728	1	279250	player	uade	Startrekker (4ch)	0	98524	456da8a8	69d29d0d	SOUND/MOD_1/YOMAN.MOD
d497e67d1064aa2f7e0faf68546bbf71	0	0	nosound	libxmp	Scream Tracker 2.21	4	1832	66bbdadc	0bdfa2cb	VOCTOOLS/SREAMTR/SONG/TAINLOVE.STS
d5562e8303210eeff4c5c85a0b1a4f91	1	268921	player	uade	Noisetracker 1.x	0	83248	7246110c	6cf77429	SOUND/MOD_1/TAN.MOD
d6cc47df93508357b1a88ced1de9f56b	1	102520	player	uade	Protracker compatible	0	46308	d370eb84	a1a3fea4	SOUND/MOD_1/PATZGA.MOD
d719589aab37d3d6b47d05b5febe987c	1	140921	player	uade	Protracker	0	106646	717b943c	2be97d0c	SOUND/MOD_1/THE_LAST.MOD
d8872c31de1e4640127b5d9aa6c46427	1	126835	player	uade	Protracker compatible	0	128839	e38bd3ed	65c391be	SOUND/MOD_1/GUITAR.MOD
d8872c31de1e4640127b5d9aa6c46427	2	98039	player
d8cb10d4bf2f8308ccff2976d2e19c4d	1	207493	player	uade	Protracker	0	100954	ce6317c8	9a1b2406	SOUND/MOD_1/PEE.MOD
d98a168f85fa7e224db0c489c42d4139	1	702857	player	uade	Protracker compatible	0	141118	735619cc	060c92ef	SOUND/MOD_1/PROGRESS.MOD
da5ed7b6126483363b7467dc21087348	1	215149	player	uade	Protracker compatible	0	71526	9a662c68	a2d448f5	SOUND/MOD_1/VOYAGER.MOD
dbce2d2a692c37d519bfa074e16430cb	1	635077	player+silence	uade	Protracker compatible	0	119956	ce6a435c	3241bea7	SOUND/MOD_1/ZINE.MOD
dbe33830461f69a48256ddcfee3e4189	1	161397	player	uade	Protracker	0	75158	3e73c529	63d0dcfd	SOUND/MOD_1/SHADOWS.MOD
dc1fd4b54752e6762b760ad1d34d40cb	1	289739	player	uade	Protracker compatible	0	350706	f6883a25	b25a59fe	SOUND/MOD_1/WHITE.MOD
dcb1fa306c95df2472935001da0e56db	1	276597	player	uade	Protracker compatible	0	122618	58fe1226	56fcd414	SOUND/MOD_1/LASER_2.MOD
dd52c73386b7f77e104e881f0837f6a2	1	92272	player	uade	Startrekker (4ch)	0	22004	47b69c66	49f852ac	SOUND/MOD_1/SLX_AQUA.MOD
ddbe217c19a25070baa4b261d2795582	1	139097	player+silence	uade	Soundtracker II (31 instr.)	0	65752	700b0a7c	569090da	SOUND/MOD_1/PAR.MOD
ddc05906adb5c96468fffb0e3934c9f9	1	176875	player+silence	uade	Protracker compatible	0	147818	75f55d0e	5178ab4c	SOUND/MOD_1/RAGTIME.MOD
de50693a4dbd1c74d10f948acb5e58a7	1	122997	player	uade	Protracker compatible	0	191824	63d257f6	07de1947	SOUND/MOD_1/WHE.MOD
de6330bc4835fff829e59fc507f82dbb	1	138369	player	uade	Protracker compatible	0	26534	7ff28b63	7fada3ce	SOUND/MOD_1/SHORT.MOD
df030625d17bd1e5c8b9dfceac0f98bd	1	146045	player	uade	Noisetracker 1.x	0	56772	ec9fd5c2	58fff981	SOUND/MOD_1/QUANTUM.MOD
df2019707dadc276792a0296d63d8656	1	158642	player+silence	uade	Noisetracker 1.x	0	101368	5b59bd21	379ac292	SOUND/MOD_1/RIFF2.MOD
e27ebea6c98ebb738516a0d06bea3e0c	1	416132	player	uade	Protracker compatible	0	121390	9dcb3f4b	5987deb9	SOUND/MOD_1/LAU_APOC.MOD
e297022e75d0f3ba3b0707d7f94ddd3a	1	235565	player	uade	Protracker compatible	0	127102	86af862a	88d8938d	SOUND/MOD_1/SOFT_SYN.MOD
e36dbb6544a302d3cfe3dd64b01e3135	1	277903	player	uade	Noisetracker 1.x	0	78086	4ad77aef	144153a4	SOUND/MOD_1/ROC.MOD
e36dbb6544a302d3cfe3dd64b01e3135	1	277903	player	uade	Noisetracker 1.x	0	78086	4ad77aef	144153a4	SOUND/MOD_1/ROCK.MOD
e403b6ee4541c96681a53876472945b8	1	370233	player+silence	uade	Soundtracker II (31 instr.)	0	129732	7cfa0f72	42a99de5	SOUND/MOD_1/MEM.MOD
e4407944252bec291b474854cd320980	1	355924	player+silence	uade	Protracker compatible	0	252282	be6533ee	94ddbf66	SOUND/MOD_1/LIGHT2.MOD
e486d77aabc2a3555b947bae80cd24e2	1	234359	player	uade	Protracker compatible	0	72126	dfd1a1cb	2e62bb2d	SOUND/MOD_1/LEAVE_TH.MOD
e5c2d863a6c0fe9cf0555921e5a6b037	1	157559	player+silence	uade	Noisetracker 1.x	0	62000	ba2bf285	877e4879	SOUND/MOD_1/RIFF1.MOD
e6a455a5ae6a4d43705125dd6ffbc28f	1	170379	player	uade	Protracker compatible	0	54408	1ff5fb00	1b4608bd	SOUND/MOD_1/PRINCRAZ.MOD
e6b3031daa9ff83ffcd9bcbe0393d91c	1	161397	player	uade	Startrekker (4ch)	0	112960	8a68dd44	aef340fc	SOUND/MOD_1/NO_COKE.MOD
e74ec63fa08349449296b0fbff9db036	1	175243	player+volume	uade	Protracker compatible	0	73462	51d895d0	5e45809f	SOUND/MOD_1/RHYTHM.MOD
e939b2288454d6fd5b3b4a4ca2b41a83	1	362643	player+silence	uade	Noisetracker 1.x	0	138120	16a6bc2d	e3dd75fb	SOUND/MOD_1/TET.MOD
e9456ada566a15190cc7ab3642cc7586	1	92272	player	uade	Noisetracker 1.x	0	65676	c0354544	5e17f76a	SOUND/MOD_1/HEA.MOD
e95257f354d58bd38cf99467305ce952	1	100744	player+silence	uade	Protracker compatible	0	104588	e68f7677	4f818dd2	SOUND/MOD_1/STEEL.MOD
e9f76f9755996e0451d8447babc31794	1	92272	player	uade	Noisetracker 1.x	0	79428	82ccdef9	c9d50c0d	SOUND/MOD_1/INT1.MOD
ea1aa147ddd9747f27f35d12f675cdc4	1	208056	player	uade	Protracker	0	68882	12cdad26	d16cd978	SOUND/MOD_1/MANDELFO.MOD
eb65ce85593dc709efd172ecf9883c77	1	303738	player+silence	uade	Noisetracker 1.x	0	70730	712f92a4	caa7522f	SOUND/MOD_1/LOS.MOD
eba7b98c292a4a62b3dc32ed1470dd18	1	394310	player+silence	uade	Protracker compatible	0	161320	b0dcf2b7	8e568ec5	SOUND/MOD_1/LUNAWAVE.MOD
ec16872d6aa3020b8fdf1278e618469e	1	146045	player	uade	Noisetracker 1.x	0	80796	bb32bfa9	b2cf0e04	SOUND/MOD_1/UIT.MOD
ee93d387eefa7d837dea0c68ef767c45	1	84616	player	uade	Noisetracker 1.x	0	57892	97c1cdee	68bc1389	SOUND/MOD_1/TONALEC.MOD
efd419d8e64ed0b7ca457c22231fc3dd	1	141423	player	uade	Protracker compatible	0	244580	38404bd6	81d80645	SOUND/MOD_1/T_STRUCK.MOD
efd419d8e64ed0b7ca457c22231fc3dd	1	141423	player	uade	Protracker compatible	0	244580	38404bd6	81d80645	SOUND/MOD_1/THUNDER.MOD
efe54dc1a0d224f3d4a638303a08d684	1	299993	player+silence	uade	Protracker	0	347582	5aa3a0b6	84b1f1ad	SOUND/MOD_1/SPACE_DE.MOD
f02bccaf6eaae7c478c5432a7135f18b	1	53872	player	uade	Noisetracker 1.x	0	36504	310caf1f	1eaf1c74	SOUND/MOD_1/MIC.MOD
f0476c9c93849d9d4b0c20125b729ea3	1	86867	player+silence	uade	Protracker	0	212366	a23cd8a4	071e795d	SOUND/MOD_1/HARDCORE.MOD
f0a7987fbb4690d55de373fa59cda62f	1	77025	player+volume	uade	Protracker compatible	0	44861	c4e95bb9	80178797	SOUND/MOD_1/ILLUMINA.MOD
f11667473074217f1ca52e85d6d49468	1	69224	player	uade	Protracker	0	53376	2496bffa	096fe89a	SOUND/MOD_1/HEAVY.MOD
f18a8a6e39fc966c97d25733950ff8d8	0	134914	player+silence	libopenmpt	Composer 669	8	578229	f7bb28ae	6773eb9c	VOCTOOLS/COMPOSER/MASSACRE.669
f1b887b3f607e02cd6825c319191b9aa	1	120123	player	uade	Protracker	0	136660	77db1344	a240b9b9	SOUND/MOD_1/ODYSSEE3.MOD
f1e149536f0ac7943e7a34ae479d80e5	1	103163	player	uade	Soundtracker II (31 instr.)	0	84998	1e5d7a3a	833f24ec	SOUND/MOD_1/JOE2.MOD
f33c7960c00bbd78c2ba926042f16a94	1	7796	player	uade	Protracker compatible	0	88734	2480a443	fd1182a7	SOUND/MOD_1/UNNAMED.MOD
f34fd6960181b95030fe04238d7a5f91	1	180607	player	uade	Protracker compatible	0	80006	5ae4d503	c65618ff	SOUND/MOD_1/PC90.MOD
f4b2dd331db3fbe3a663f34f0486bec2	1	122997	player	uade	Noisetracker 1.x	0	110660	71d37a72	220f6bae	SOUND/MOD_1/THELEGEN.MOD
f562f2a48d612408857d0601c7786abe	1	220936	player	uade	Startrekker (4ch)	0	153102	c1d3fe2d	0e399cf9	SOUND/MOD_1/SLX_BOOT.MOD
fb794de5b86750c9603d428e2c79da5f	1	15472	player	uade	Soundtracker II (31 instr.)	0	26232	2f0b5a6a	ae19c428	SOUND/MOD_1/TRA.MOD
fe3e2b41fb4db6e1275f60425015362e	1	46216	player	uade	Noisetracker 1.x	0	60876	058bfc37	12fd64cf	SOUND/MOD_1/STO.MOD
fee62484187180ac9bc758fa9a27db4a	1	252652	player+silence	uade	Protracker compatible	0	123688	a93ec6ed	e69a7d6c	SOUND/MOD_1/STARSCRL.MOD
ff2be2493f82149b4cabc2d7730934ec	1	169093	player	uade	Protracker	0	140514	72064cfa	42a8b3d4	SOUND/MOD_1/WAIT4U.MOD
ff78e74a73c3eeedd2a4f7b19bdcf2a2	1	144216	player	uade	Protracker compatible	0	303946	5e8665aa	7d0d881a	SOUND/MOD_1/PUBLIC.MOD
ffd773b627dbbf3713719c5f8eced6d3	1	3898	player	st23play	Scream Tracker 2.x	4	43931	0538fc63	6f824788	VOCTOOLS/SREAMTR/SONG/TEST.STM
