002bcb05b95a8e2e3ee3f6ca4c95c986	1	84616	player	uade	Protracker compatible	0	131561	921ed240	ba9aa4ec	1994/Brudal_Baddle_Registered-PNX.zip/Brudal_Baddle_Registered-PNX/pnx-brb2.zip/RIPKIN.MOD
006f868d3c81e77493dbf827844d57d0	1	96130	player	uade	Protracker	0	72154	7b268f76	a9567f02	1993/Overkill-RAZOR.ZIP/Overkill-RAZOR/overkill.zip/ALMOST.MOD
0244aefd7d1716f09638663ae63022c9	1	30824	player	uade	Protracker compatible	0	33159	02c3fa82	c26147ef	1994/Genesia-RAZOR.zip/Genesia-RAZOR/gen2rzr.zip/SOUNDS/MER.MOD
064c8de1a07d9e29b8a87aa9a9cc570d	1	99687	player	st23play	Scream Tracker 2.x	4	31670	c7a53a2a	df599ed9	1992/Abandoned_Places-RAZOR.zip/Abandoned_Places-RAZOR/abandon1.zip/DATA1.EXE/DATA/SOUND2.STM
06ce69e383c860d12a73c2532f41995d	1	23168	player	uade	Protracker	0	49508	f1a4aa19	31f8e874	1994/Diggers-TRN.zip/Diggers-TYRANNY/trn-dig4.zip/DISK4.ARJ/sound/select.mod
06e827f7023b04caec0f4be007e28042	1	222845	player	uade	Protracker	0	59844	aeacc506	dab73f94	1992/Alcatraz-TRSI.zip/Alcatraz-TRSI/alcatraz.zip/ATZ073.CRM
0762791df5e8831a38cdf6bdd776e38d	1	76920	player	uade	Protracker	0	52513	b0cc82b1	7dc038fc	1993/Sexy_Stax-PE.zip/Sexy_Stax-PE/staxs2pe.zip/H.DAT
0762791df5e8831a38cdf6bdd776e38d	2	111483	player
078f2e704d168837ed09d3b6b7a13d9f	1	61568	player	uade	Protracker	0	19306	7c39096d	7d23ffe6	1993/CyberGames-PTG.ZIP/CyberGames-PTG/cyberptg.zip/A3.MOD
090c9657a7fe9878125375e6755433e7	1	30824	player	uade	Protracker compatible	0	23648	f87a544c	9644ccdf	1994/Genesia-RAZOR.zip/Genesia-RAZOR/gen2rzr.zip/SOUNDS/ORAGE.MOD
0aa5d2c3849d9522c54f24b4900755ca	0	20129	player	libopenmpt	DSMI Advanced Music Format v14	4	33227	c912dce9	66f24d40	1994/Cannon_Fodder_2-HBD.zip/Cannon_Fodder_2-HYBRID/cf2-2hbd.zip/GAMEOVER.AMF
0aa5d2c3849d9522c54f24b4900755ca	1	6709	player
0d6965cdda8c72f37d49dbb09c454863	1	28093	player+silence	uade	Protracker compatible	0	7116	7a708bda	99af4480	1994/Phobos-LND.zip/Phobos-LEGEND/phobos.zip/DANE._07
0d78f051c61e6d16df7d232326cf2b7e	1	92272	player	uade	Startrekker (4ch)	0	77860	60f510a8	9b89e59c	1993/RoboCod-THG.ZIP/RoboCod-THG/robocod.zip/BATH1
0db76fe2d781e1e291398bc3dfc49d13	1	102058	player	uade	Protracker compatible	0	48386	3e973366	b8412286	1993/Undersea_Adventures-MAGICK.ZIP/Undersea_Adventures-MAGICK/usamgk-1.zip/MUSIC.MOD
0db76fe2d781e1e291398bc3dfc49d13	1	102058	player	uade	Protracker compatible	0	48386	3e973366	b8412286	1995/Indy.Car.Racing-TP7.zip/MUSIC.MOD
0e655e5851fb027ab7bd146f7aa1d3a3	1	5202	player+silence	uade	Protracker compatible	0	36866	c584c15d	97a62796	1994/Phobos-LND.zip/Phobos-LEGEND/phobos.zip/DANE._20
0f472bc8b6bcfef5c9f1c9fa164e78f5	1	221	player	st23play	Scream Tracker 2.x	4	2584	b16803db	748b6312	1992/Abandoned_Places-RAZOR.zip/Abandoned_Places-RAZOR/abandon1.zip/DATA1.EXE/DATA/EFFECT7.STM
0f66be41a15ddd794946de1b77b2fb10	1	944	player	st23play	Scream Tracker 2.x	4	7575	bf9dced1	f80248fd	1992/Abandoned_Places-RAZOR.zip/Abandoned_Places-RAZOR/abandon1.zip/DATA1.EXE/DATA/EFFECT2.STM
0f6cf7ef71d1bafcf3e5f85b16c0ca39	1	153741	player	uade	Noisetracker 1.x	0	55568	c6e66858	0812c894	1993/Star_Trek_Judgement_Rites-TDT.ZIP/Star_Trek_Judgement_Rites-TDT/stjr1tdt.zip/FILE00.EXE/NEMBAT.MOD
107c6cb983e541f1dfe3cdcc6f81336e	1	38520	player	uade	Protracker	0	29828	f5c653a4	10955e70	1994/Diggers-TRN.zip/Diggers-TYRANNY/trn-dig4.zip/DISK4.ARJ/sound/ingame.mod
1142ed3d2ee2cef73f78b97ce7462712	1	3958	player	uade	Noisetracker 1.x	0	137222	63ace59c	49970d4d	1993/Network_Q_RAC_Rally-THG.zip/Network_Q_RAC_Rally-THG/rally-1.zip/RAL_TROP.MOD
12713e59d452ba10baeaaa105c73b99a	1	9082	player	uade	Protracker	0	201064	ccfb4ca6	02860127	1993/Pinball_Dreams-TRSI.ZIP/Pinball_Dreams-TRSI/trsipbdr.zip/PD.ZIP/LEVEL1.MOD
12713e59d452ba10baeaaa105c73b99a	1	9082	player	uade	Protracker	0	201064	ccfb4ca6	02860127	1994/Pinball_2000-PTG.zip/Pinball_2000-PTG/pin2kptg.zip/PB2000_1.LZH/LEVEL1.MOD
12713e59d452ba10baeaaa105c73b99a	10	97638	player
12713e59d452ba10baeaaa105c73b99a	11	5023	player
12713e59d452ba10baeaaa105c73b99a	12	2913	player
12713e59d452ba10baeaaa105c73b99a	13	1667	player
12713e59d452ba10baeaaa105c73b99a	14	8680	player
12713e59d452ba10baeaaa105c73b99a	15	1245	player
12713e59d452ba10baeaaa105c73b99a	16	3898	player
12713e59d452ba10baeaaa105c73b99a	17	2491	player
12713e59d452ba10baeaaa105c73b99a	18	2491	player
12713e59d452ba10baeaaa105c73b99a	19	2773	player
12713e59d452ba10baeaaa105c73b99a	2	1386	player
12713e59d452ba10baeaaa105c73b99a	20	1386	player
12713e59d452ba10baeaaa105c73b99a	21	3054	player
12713e59d452ba10baeaaa105c73b99a	22	1386	player
12713e59d452ba10baeaaa105c73b99a	23	2913	player
12713e59d452ba10baeaaa105c73b99a	24	1386	player
12713e59d452ba10baeaaa105c73b99a	25	6128	player
12713e59d452ba10baeaaa105c73b99a	26	2089	player
12713e59d452ba10baeaaa105c73b99a	27	1527	player
12713e59d452ba10baeaaa105c73b99a	28	1667	player
12713e59d452ba10baeaaa105c73b99a	29	2210	player
12713e59d452ba10baeaaa105c73b99a	3	1527	player
12713e59d452ba10baeaaa105c73b99a	30	2511	player
12713e59d452ba10baeaaa105c73b99a	31	4199	player
12713e59d452ba10baeaaa105c73b99a	32	1687	player
12713e59d452ba10baeaaa105c73b99a	33	1446	player
12713e59d452ba10baeaaa105c73b99a	34	0	nosound
12713e59d452ba10baeaaa105c73b99a	35	924	player
12713e59d452ba10baeaaa105c73b99a	4	56746	player
12713e59d452ba10baeaaa105c73b99a	5	89720	player
12713e59d452ba10baeaaa105c73b99a	6	67315	player
12713e59d452ba10baeaaa105c73b99a	7	33597	player
12713e59d452ba10baeaaa105c73b99a	8	3194	player
12713e59d452ba10baeaaa105c73b99a	9	1245	player
12a4163a59ec963e25083216fd9013c8	1	5992	player+silence	uade	Protracker compatible	0	42758	3a4d1350	75225012	1994/Phobos-LND.zip/Phobos-LEGEND/phobos.zip/DANE._18
15f5f476eb90dea0f63060eff8d7b2b7	1	9082	player	uade	Protracker	0	151524	ae692be9	3820889e	1993/Pinball_Dreams-TRSI.ZIP/Pinball_Dreams-TRSI/trsipbdr.zip/PD.ZIP/LEVEL2.MOD
15f5f476eb90dea0f63060eff8d7b2b7	10	61207	player
15f5f476eb90dea0f63060eff8d7b2b7	11	51320	player
15f5f476eb90dea0f63060eff8d7b2b7	12	3335	player
15f5f476eb90dea0f63060eff8d7b2b7	13	1687	player
15f5f476eb90dea0f63060eff8d7b2b7	14	3616	player
15f5f476eb90dea0f63060eff8d7b2b7	15	2973	player
15f5f476eb90dea0f63060eff8d7b2b7	16	6691	player
15f5f476eb90dea0f63060eff8d7b2b7	17	2491	player
15f5f476eb90dea0f63060eff8d7b2b7	18	4460	player
15f5f476eb90dea0f63060eff8d7b2b7	19	2170	player
15f5f476eb90dea0f63060eff8d7b2b7	2	129849	player
15f5f476eb90dea0f63060eff8d7b2b7	20	4079	player
15f5f476eb90dea0f63060eff8d7b2b7	21	133767	player
15f5f476eb90dea0f63060eff8d7b2b7	22	1687	player
15f5f476eb90dea0f63060eff8d7b2b7	23	2913	player
15f5f476eb90dea0f63060eff8d7b2b7	24	16838	player
15f5f476eb90dea0f63060eff8d7b2b7	25	0	nosound
15f5f476eb90dea0f63060eff8d7b2b7	26	6269	player
15f5f476eb90dea0f63060eff8d7b2b7	27	2431	player
15f5f476eb90dea0f63060eff8d7b2b7	28	1446	player
15f5f476eb90dea0f63060eff8d7b2b7	29	9484	player
15f5f476eb90dea0f63060eff8d7b2b7	3	2994	player
15f5f476eb90dea0f63060eff8d7b2b7	30	1446	player
15f5f476eb90dea0f63060eff8d7b2b7	31	3918	player
15f5f476eb90dea0f63060eff8d7b2b7	32	2431	player
15f5f476eb90dea0f63060eff8d7b2b7	33	5807	player
15f5f476eb90dea0f63060eff8d7b2b7	34	1828	player
15f5f476eb90dea0f63060eff8d7b2b7	35	3235	player
15f5f476eb90dea0f63060eff8d7b2b7	36	9082	player
15f5f476eb90dea0f63060eff8d7b2b7	37	823	player
15f5f476eb90dea0f63060eff8d7b2b7	4	1687	player
15f5f476eb90dea0f63060eff8d7b2b7	5	1808	player
15f5f476eb90dea0f63060eff8d7b2b7	6	2833	player
15f5f476eb90dea0f63060eff8d7b2b7	7	4018	player
15f5f476eb90dea0f63060eff8d7b2b7	8	1949	player
15f5f476eb90dea0f63060eff8d7b2b7	9	2873	player
17f82b155eb4bfff782d4760aa545a76	1	197245	player	uade	Protracker compatible	0	27396	a74a2b38	c08c0915	1993/Reach_Out_for_Gold-TDT.ZIP/Reach_Out_for_Gold-TDT/gold2tdt.zip/DATA3
1d1b9c839fc9bf77c276fc69babdd341	0	103525	player	libopenmpt	Epic MegaGames MASI (New Version)	4	50450	61730a55	a4565a6e	1993/Jazz_The_Jackrabbit-GLORY.ZIP/Jazz_The_Jackrabbit-GLORY/jazz5.zip/SONG4.PSM
1e1bdca2c6b874f5a7943d97185cd64a	1	7796	player	uade	Protracker	0	1422948	556fe16f	fdea1776	1994/Final_Fight-FGH.zip/Final_Fight-FILANFGH/fnlfght2.zip/FF-DISK2.DAT
1e1bdca2c6b874f5a7943d97185cd64a	10	15231	player
1e1bdca2c6b874f5a7943d97185cd64a	11	19953	player
1e1bdca2c6b874f5a7943d97185cd64a	12	25077	player
1e1bdca2c6b874f5a7943d97185cd64a	13	4601	player
1e1bdca2c6b874f5a7943d97185cd64a	14	5164	player
1e1bdca2c6b874f5a7943d97185cd64a	15	9725	player
1e1bdca2c6b874f5a7943d97185cd64a	16	9725	player
1e1bdca2c6b874f5a7943d97185cd64a	17	1125	player
1e1bdca2c6b874f5a7943d97185cd64a	18	2310	player
1e1bdca2c6b874f5a7943d97185cd64a	19	2813	player
1e1bdca2c6b874f5a7943d97185cd64a	2	38520	player
1e1bdca2c6b874f5a7943d97185cd64a	20	2793	player
1e1bdca2c6b874f5a7943d97185cd64a	21	4722	player
1e1bdca2c6b874f5a7943d97185cd64a	22	743	player
1e1bdca2c6b874f5a7943d97185cd64a	23	3616	player
1e1bdca2c6b874f5a7943d97185cd64a	24	924	player
1e1bdca2c6b874f5a7943d97185cd64a	25	2170	player
1e1bdca2c6b874f5a7943d97185cd64a	26	18828	player
1e1bdca2c6b874f5a7943d97185cd64a	27	3838	player
1e1bdca2c6b874f5a7943d97185cd64a	28	2109	player
1e1bdca2c6b874f5a7943d97185cd64a	29	2632	player
1e1bdca2c6b874f5a7943d97185cd64a	3	2391	player
1e1bdca2c6b874f5a7943d97185cd64a	30	1085	player
1e1bdca2c6b874f5a7943d97185cd64a	31	1326	player
1e1bdca2c6b874f5a7943d97185cd64a	32	1627	player
1e1bdca2c6b874f5a7943d97185cd64a	33	1748	player
1e1bdca2c6b874f5a7943d97185cd64a	34	1326	player
1e1bdca2c6b874f5a7943d97185cd64a	35	3476	player
1e1bdca2c6b874f5a7943d97185cd64a	36	9243	player
1e1bdca2c6b874f5a7943d97185cd64a	37	1085	player
1e1bdca2c6b874f5a7943d97185cd64a	38	1145	player
1e1bdca2c6b874f5a7943d97185cd64a	39	20556	player
1e1bdca2c6b874f5a7943d97185cd64a	4	38802	player
1e1bdca2c6b874f5a7943d97185cd64a	40	4742	player
1e1bdca2c6b874f5a7943d97185cd64a	41	1085	player
1e1bdca2c6b874f5a7943d97185cd64a	42	0	nosound
1e1bdca2c6b874f5a7943d97185cd64a	43	4923	player
1e1bdca2c6b874f5a7943d97185cd64a	5	42278	player
1e1bdca2c6b874f5a7943d97185cd64a	6	2129	player
1e1bdca2c6b874f5a7943d97185cd64a	7	1728	player
1e1bdca2c6b874f5a7943d97185cd64a	8	2592	player
1e1bdca2c6b874f5a7943d97185cd64a	9	3114	player
1e61f47ce71d24828f2a1e1656786978	0	23005	player	libopenmpt	DSMI Advanced Music Format v14	4	19767	74443c02	3a51c204	1994/Cannon_Fodder_2-HBD.zip/Cannon_Fodder_2-HYBRID/cf2-2hbd.zip/WINLEVEL.AMF
1e61f47ce71d24828f2a1e1656786978	0	23005	player	libopenmpt	DSMI Advanced Music Format v14	4	19767	74443c02	3a51c204	1995/Jigsaw.It-LNS.zip/WINLEVEL.AMF
2359f6c018943f7de7ed601d1bcd3cd5	1	36933	player	uade	Noisetracker 1.x	0	58644	2c902824	ac5a7e3c	1993/RoboCod-THG.ZIP/RoboCod-THG/robocod.zip/MOD.ELG
23bba2b5c1863488071515ed0e7b13b1	0	69017	player	libopenmpt	DSMI Advanced Music Format v14	4	58718	9554e9f7	42f9de7f	1994/Cannon_Fodder_2-HBD.zip/Cannon_Fodder_2-HYBRID/cf2-2hbd.zip/LOADER.AMF
2698444396fbade5c0906a9e7ecb0051	1	96854	player	uade	Protracker	0	136559	c38789fc	291c13ee	1993/Sexy_Stax-PE.zip/Sexy_Stax-PE/staxs2pe.zip/WIN.DAT
28552eeb28a358811f901fbd83acce6a	1	27991	player	uade	Protracker	0	48826	5d656b94	bc9ef05c	1994/Space_Federation-GNS.zip/Space_Federation-GENESIS/gns-spf1.zip/STAR.ARJ/music/menu.mod
28552eeb28a358811f901fbd83acce6a	1	27991	player	uade	Protracker	0	48826	5d656b94	bc9ef05c	1994/Star_Reach-GLORY.zip/Star_Reach-GLORY/gl-star1.zip/STAR.ARJ/music/menu.mod
28552eeb28a358811f901fbd83acce6a	2	1808	player
29360758cff10c8cc0c559718408a377	1	28381	player+silence	uade	Protracker compatible	0	33276	31f69ae8	8c99ef61	1994/Phobos-LND.zip/Phobos-LEGEND/phobos.zip/DANE._17
2b2bdf36d428ada4764cc55a714467ac	1	15472	player	uade	Protracker compatible	0	133756	140508ae	3f842e57	1994/Phobos-LND.zip/Phobos-LEGEND/phobos.zip/DANE._00
2c48fc797c90a92c635c516a8c86361f	0	84354	player	libopenmpt	Epic MegaGames MASI (New Version)	4	55861	e4ab8928	973da738	1993/Jazz_The_Jackrabbit-GLORY.ZIP/Jazz_The_Jackrabbit-GLORY/jazz5.zip/SONG9.PSM
2fa02641eb7b0a736c5ec9581c7350c2	1	15472	player	uade	Protracker	0	14766	e48f3f24	b5f1879b	1994/Diggers-TRN.zip/Diggers-TYRANNY/trn-dig4.zip/DISK4.ARJ/sound/gameo.mod
34d3667ce7f1a00cc52d97e74670ab84	1	168534	player+silence	uade	Soundtracker II (31 instr.)	0	101356	b0c4af31	25f09cf2	1994/Diggers-TRN.zip/Diggers-TYRANNY/trn-dig4.zip/DISK4.ARJ/sound/title.mod
352b2f707f78268b3529c7e53bec8940	1	163587	player	st23play	Scream Tracker 2.x	4	29830	249d09d6	92abcf83	1992/Abandoned_Places-RAZOR.zip/Abandoned_Places-RAZOR/abandon1.zip/DATA1.EXE/DATA/SOUND4.STM
361c8868f5ce275c6a34da14fa7ef94c	1	82085	player	uade	Protracker	0	71985	03cec34c	747e56a3	1993/Sexy_Stax-PE.zip/Sexy_Stax-PE/staxs2pe.zip/I.DAT
3a6b407973e4425a294de063cf67aa2f	1	258593	player	uade	Protracker	0	154864	68e608e3	f2b7f942	1994/Brudal_Baddle_Registered-PNX.zip/Brudal_Baddle_Registered-PNX/pnx-brb2.zip/RENE.MOD
3aaee41290193b20af044f496b12bd61	0	109677	player	libopenmpt	Epic MegaGames MASI (New Version)	4	79609	756c2db6	fd1e4e27	1993/Jazz_The_Jackrabbit-GLORY.ZIP/Jazz_The_Jackrabbit-GLORY/jazz4.zip/MENUSNG.PSM
3bdcbd318d4a1bd853f912b4a26ff011	0	32404	player	libopenmpt	Karl Morton Music Format	4	228741	6976227a	672a471d	1994/Micro_Machines_Special_Edition-RAZOR.zip/Micro_Machines_Special_Edition-RAZOR/mm2.arj/mm2/music/bonus.mus
3bdcbd318d4a1bd853f912b4a26ff011	0	32404	player	libopenmpt	Karl Morton Music Format	4	228741	6976227a	672a471d	1995/Prisoner_Of_Ice-LGC.zip/Micro_Machines_Special_Edition-RAZOR/mm2.arj/mm2/music/bonus.mus
3bdcbd318d4a1bd853f912b4a26ff011	1	5358	player
3bdcbd318d4a1bd853f912b4a26ff011	2	2935	player
3c0e1f24842511e1fca658371bfd94a0	0	68159	player	libopenmpt	Epic MegaGames MASI (New Version)	8	116964	249e0b68	a4d6b3ea	1993/Jazz_The_Jackrabbit-GLORY.ZIP/Jazz_The_Jackrabbit-GLORY/jazz3.zip/ENDSONG.PSM
3e863cfd9a45cd4e0c3a981374216c1f	1	53872	player	uade	Noisetracker 1.x	0	67668	89599a11	0fe40b36	1993/Network_Q_RAC_Rally-THG.zip/Network_Q_RAC_Rally-THG/rally-1.zip/RAL_MENU.MOD
3ef561926788944e68216861dd1951e4	0	111194	player	libopenmpt	Epic MegaGames MASI (New Version)	4	103343	bbdb4f90	1960be37	1993/Jazz_The_Jackrabbit-GLORY.ZIP/Jazz_The_Jackrabbit-GLORY/jazz5.zip/SONG3.PSM
402084730e3b4f236c90e42d0bbc6eac	0	102886	player	libopenmpt	Epic MegaGames MASI (New Version)	4	80880	92655fef	9d653017	1993/Jazz_The_Jackrabbit-GLORY.ZIP/Jazz_The_Jackrabbit-GLORY/jazz4.zip/SONG0.PSM
4694f13f9db34ede4a77d29c86f1dfe1	1	15472	player	uade	Protracker	0	4952	8b6984e0	91a150f2	1992/Alcatraz-TRSI.zip/Alcatraz-TRSI/alcatraz.zip/ATZ075.CRM
478ea083332366505e2fe73298a97d86	1	166139	player	st23play	Scream Tracker 2.x	4	29982	3b321f6b	1779d3f5	1992/Abandoned_Places-RAZOR.zip/Abandoned_Places-RAZOR/abandon1.zip/DATA1.EXE/DATA/SOUND0.STM
4a0f88224b065f42540759b63f3ea5f2	1	138369	player	uade	Startrekker (4ch)	0	77072	9ff26116	00253e9a	1993/RoboCod-THG.ZIP/RoboCod-THG/robocod.zip/CATLOTS
4a7137e6f5b2e9260de8ac217852b2a7	1	153351	player	ft2play	Fasttracker (M.K.)	4	134156	adb5be31	064b738c	1994/Phobos-LND.zip/Phobos-LEGEND/phobos.zip/DANE._08
4a9013aba42346fc4c66b45a2589d825	1	10911	player	uade	Protracker	0	1451062	bf61ee7e	df3ddda3	1994/Final_Fight-FGH.zip/Final_Fight-FILANFGH/fnlfght3.zip/FF-DISK3.DAT
4a9013aba42346fc4c66b45a2589d825	10	2049	player
4a9013aba42346fc4c66b45a2589d825	11	1527	player
4a9013aba42346fc4c66b45a2589d825	12	3215	player
4a9013aba42346fc4c66b45a2589d825	13	1929	player
4a9013aba42346fc4c66b45a2589d825	14	2049	player
4a9013aba42346fc4c66b45a2589d825	15	10931	player
4a9013aba42346fc4c66b45a2589d825	16	7796	player
4a9013aba42346fc4c66b45a2589d825	17	3958	player
4a9013aba42346fc4c66b45a2589d825	18	1888	player
4a9013aba42346fc4c66b45a2589d825	19	6189	player
4a9013aba42346fc4c66b45a2589d825	2	71816	player
4a9013aba42346fc4c66b45a2589d825	20	2994	player
4a9013aba42346fc4c66b45a2589d825	21	723	player
4a9013aba42346fc4c66b45a2589d825	22	22806	player
4a9013aba42346fc4c66b45a2589d825	23	1808	player
4a9013aba42346fc4c66b45a2589d825	24	1687	player
4a9013aba42346fc4c66b45a2589d825	25	2411	player
4a9013aba42346fc4c66b45a2589d825	26	1245	player
4a9013aba42346fc4c66b45a2589d825	27	5164	player
4a9013aba42346fc4c66b45a2589d825	28	1326	player
4a9013aba42346fc4c66b45a2589d825	29	1567	player
4a9013aba42346fc4c66b45a2589d825	3	53872	player
4a9013aba42346fc4c66b45a2589d825	30	4018	player
4a9013aba42346fc4c66b45a2589d825	31	7515	player
4a9013aba42346fc4c66b45a2589d825	32	5746	player
4a9013aba42346fc4c66b45a2589d825	33	14528	player
4a9013aba42346fc4c66b45a2589d825	34	0	nosound
4a9013aba42346fc4c66b45a2589d825	35	27488	player
4a9013aba42346fc4c66b45a2589d825	36	23168	player
4a9013aba42346fc4c66b45a2589d825	37	3838	player
4a9013aba42346fc4c66b45a2589d825	38	126875	player
4a9013aba42346fc4c66b45a2589d825	39	7796	player
4a9013aba42346fc4c66b45a2589d825	4	121650	player
4a9013aba42346fc4c66b45a2589d825	40	843	player
4a9013aba42346fc4c66b45a2589d825	5	2351	player
4a9013aba42346fc4c66b45a2589d825	6	1326	player
4a9013aba42346fc4c66b45a2589d825	7	61609	player
4a9013aba42346fc4c66b45a2589d825	8	1969	player
4a9013aba42346fc4c66b45a2589d825	9	6068	player
4adf98c7aff6967fd4d95adbf3ceb798	1	322087	player+silence	uade	Protracker	0	222304	1372e002	1a66c8af	1993/Pinball_Dreams-TRSI.ZIP/Pinball_Dreams-TRSI/trsipbdr.zip/PD.ZIP/INTRO.MOD
4adf98c7aff6967fd4d95adbf3ceb798	1	322087	player+silence	uade	Protracker	0	222304	1372e002	1a66c8af	1994/Pinball_2000-PTG.zip/Pinball_2000-PTG/pin2kptg.zip/PB2000_1.LZH/INTRO.MOD
4db99c938049e4f9dc16c8afb1e3d4c5	1	35968	player	uade	Soundtracker II (31 instr.)	0	41849	550d2743	acad9727	1993/Space_Quest_V-TDT.ZIP/Space_Quest_V-TDT/sq5rtdt5.zip/DATA3
4ed77f6d9b0cd1a514625008491d3273	1	221	player	st23play	Scream Tracker 2.x	4	3899	31d93285	f0686e5b	1992/Abandoned_Places-RAZOR.zip/Abandoned_Places-RAZOR/abandon1.zip/DATA1.EXE/DATA/EFFECT6.STM
4fbcf8d9642f6cb03b4c5a6768ed6339	1	148798	player	uade	Noisetracker 1.x	0	229020	058f72b6	cae95949	1993/Network_Q_RAC_Rally-THG.zip/Network_Q_RAC_Rally-THG/rally-1.zip/RAL_INTR.MOD
52432dcf098176c3c91fb8a7c4e3c539	0	6984	player+volume	libopenmpt	Epic MegaGames MASI (New Version)	4	58884	8e804191	0bc83978	1993/Jazz_The_Jackrabbit-GLORY.ZIP/Jazz_The_Jackrabbit-GLORY/jazz3.zip/ENDLEVEL.PSM
55e25bacf726e5bab3dec44fbbe851f2	1	1788	player	st23play	Scream Tracker 2.x	4	10374	af7b2408	99ad72b9	1992/Abandoned_Places-RAZOR.zip/Abandoned_Places-RAZOR/abandon1.zip/DATA1.EXE/DATA/EFFECT4.STM
56fe1d8f12ffeed2b8ff151b7e20fc3a	1	146045	player	uade	Protracker compatible	0	86230	200fc2df	d1a9ac99	1993/Shadow_Of_The_Comet-RAZOR.ZIP/Shadow_Of_The_Comet-RAZOR/COMETFR1.ZIP/RIDATA.2
588dc9b095aa1cfe82cb42e6c9f9194e	0	92022	player	libopenmpt	Epic MegaGames MASI (New Version)	4	115746	c9aaf994	6b789c43	1993/Jazz_The_Jackrabbit-GLORY.ZIP/Jazz_The_Jackrabbit-GLORY/jazz4.zip/SONG1.PSM
58e620158f4ae979ea10c45f61dc50fd	1	89459	player	st23play	Scream Tracker 2.x	4	29902	214a2ef2	3428dccf	1992/Abandoned_Places-RAZOR.zip/Abandoned_Places-RAZOR/abandon1.zip/DATA1.EXE/DATA/SOUND8.STM
59271bc4d25f98ab11ddf73a3f4eedb3	1	101585	player+silence	st23play	Scream Tracker 2.x	4	30220	83ce03bf	bd098723	1992/Abandoned_Places-RAZOR.zip/Abandoned_Places-RAZOR/abandon1.zip/DATA1.EXE/DATA/SOUND3.STM
5948e2f9d70614e9df2a2b453d53a054	1	80758	player	uade	Startrekker (4ch)	0	76836	34ebc6d8	7e6a231a	1993/RoboCod-THG.ZIP/RoboCod-THG/robocod.zip/XMAS1
59d5e294c345fee7f0406fbe187dedf7	1	0	nosound	uade	Protracker	0	100842	227518f6	465a79bc	1993/Tinies-PWA.ZIP/The_Tinies-PWA/tinypwa1.zip/COMMON.006
59d5e294c345fee7f0406fbe187dedf7	1	0	nosound	uade	Protracker	0	100842	227518f6	465a79bc	1993/Tinies-PWA.ZIP/The_Tinies-PWA/tinypwa2.zip/COMMON.006
59d5e294c345fee7f0406fbe187dedf7	1	0	nosound	uade	Protracker	0	100842	227518f6	465a79bc	1993/Tinies-PWA.ZIP/The_Tinies-PWA/tinypwa3.zip/COMMON.006
5fc895fe91939bdf6ff2dacefe7f00d4	1	30632	player+silence	uade	Protracker compatible	0	55244	830a0611	a189bb0a	1994/Phobos-LND.zip/Phobos-LEGEND/phobos.zip/DANE._09
60230a9cdfe3b674eb23164821e898fe	1	53660	player	ft2play	Fasttracker (M.K.)	4	104892	19fc7f6e	6a9be4b9	1994/Phobos-LND.zip/Phobos-LEGEND/phobos.zip/DANE._03
604463c0343c2317ef133e20015ee065	1	30824	player	uade	Protracker compatible	0	101084	4ac7f886	0b55d87c	1994/Phobos-LND.zip/Phobos-LEGEND/phobos.zip/DANE._06
6445ca7f72b267b46b94e3466dee2552	0	132921	player	libopenmpt	DSMI Advanced Music Format v14	4	218380	1026862a	c9659e62	1994/Aladdin-RAZOR.zip/Aladdin-RAZOR/rzr-alad.zip/aladdin.rar/LEVEL.AMF
6445ca7f72b267b46b94e3466dee2552	1	130485	player
6445ca7f72b267b46b94e3466dee2552	10	158323	player
6445ca7f72b267b46b94e3466dee2552	2	98413	player
6445ca7f72b267b46b94e3466dee2552	3	134519	player
6445ca7f72b267b46b94e3466dee2552	4	91383	player
6445ca7f72b267b46b94e3466dee2552	5	129726	player
6445ca7f72b267b46b94e3466dee2552	6	81478	player
6445ca7f72b267b46b94e3466dee2552	7	22366	player
6445ca7f72b267b46b94e3466dee2552	8	12281	player
6445ca7f72b267b46b94e3466dee2552	9	65502	player
646d7f5899de4faa4af4eebdc070959e	1	6179	player+silence	uade	Protracker compatible	0	40194	4677f779	4f8ea73c	1994/Phobos-LND.zip/Phobos-LEGEND/phobos.zip/DANE._10
6494cc58ab25f091f0b8f2431ff23bc9	1	9082	player	uade	Protracker	0	152792	3ca87880	4b4926cd	1993/Pinball_Dreams-TRSI.ZIP/Pinball_Dreams-TRSI/trsipbdr.zip/PD.ZIP/LEVEL3.MOD
6494cc58ab25f091f0b8f2431ff23bc9	10	5988	player
6494cc58ab25f091f0b8f2431ff23bc9	11	2511	player
6494cc58ab25f091f0b8f2431ff23bc9	12	2813	player
6494cc58ab25f091f0b8f2431ff23bc9	13	2029	player
6494cc58ab25f091f0b8f2431ff23bc9	14	1225	player
6494cc58ab25f091f0b8f2431ff23bc9	15	3215	player
6494cc58ab25f091f0b8f2431ff23bc9	16	1627	player
6494cc58ab25f091f0b8f2431ff23bc9	17	2411	player
6494cc58ab25f091f0b8f2431ff23bc9	18	723	player
6494cc58ab25f091f0b8f2431ff23bc9	19	2049	player
6494cc58ab25f091f0b8f2431ff23bc9	2	35968	player
6494cc58ab25f091f0b8f2431ff23bc9	20	1125	player
6494cc58ab25f091f0b8f2431ff23bc9	21	6751	player
6494cc58ab25f091f0b8f2431ff23bc9	22	964	player
6494cc58ab25f091f0b8f2431ff23bc9	23	1808	player
6494cc58ab25f091f0b8f2431ff23bc9	24	1326	player
6494cc58ab25f091f0b8f2431ff23bc9	25	2210	player
6494cc58ab25f091f0b8f2431ff23bc9	26	2511	player
6494cc58ab25f091f0b8f2431ff23bc9	27	2391	player
6494cc58ab25f091f0b8f2431ff23bc9	28	1245	player
6494cc58ab25f091f0b8f2431ff23bc9	29	1326	player
6494cc58ab25f091f0b8f2431ff23bc9	3	85882	player
6494cc58ab25f091f0b8f2431ff23bc9	30	2310	player
6494cc58ab25f091f0b8f2431ff23bc9	31	2632	player
6494cc58ab25f091f0b8f2431ff23bc9	32	2049	player
6494cc58ab25f091f0b8f2431ff23bc9	33	1245	player
6494cc58ab25f091f0b8f2431ff23bc9	34	2170	player
6494cc58ab25f091f0b8f2431ff23bc9	35	2170	player
6494cc58ab25f091f0b8f2431ff23bc9	36	3054	player
6494cc58ab25f091f0b8f2431ff23bc9	37	3335	player
6494cc58ab25f091f0b8f2431ff23bc9	38	0	nosound
6494cc58ab25f091f0b8f2431ff23bc9	4	51320	player
6494cc58ab25f091f0b8f2431ff23bc9	5	89178	player
6494cc58ab25f091f0b8f2431ff23bc9	6	56223	player
6494cc58ab25f091f0b8f2431ff23bc9	7	1728	player
6494cc58ab25f091f0b8f2431ff23bc9	8	2411	player
6494cc58ab25f091f0b8f2431ff23bc9	9	2270	player
65a76477263c2420445864cca466b444	1	28665	player+silence	uade	Protracker compatible	0	33996	94d0cd04	6c7f6f12	1994/Phobos-LND.zip/Phobos-LEGEND/phobos.zip/DANE._12
68f14ce1d6f9c449e4b78abf5523e942	1	226321	player	uade	Protracker compatible	0	141717	f963f497	4d22028f	1994/Brudal_Baddle_Registered-PNX.zip/Brudal_Baddle_Registered-PNX/pnx-brb2.zip/GYPSY.MOD
6933cb8ddf9445981118e1837bd14d29	0	78114	player	libopenmpt	Epic MegaGames MASI (New Version)	4	55003	2a93679b	07d7956f	1993/Jazz_The_Jackrabbit-GLORY.ZIP/Jazz_The_Jackrabbit-GLORY/jazz5.zip/SONG6.PSM
6a4e18897f97fba16f3cc1f7222c0a72	1	26879	player+silence	uade	Protracker compatible	0	12156	b4d7119d	9a9741f8	1994/Phobos-LND.zip/Phobos-LEGEND/phobos.zip/DANE._19
6d4c35b4ca53d9a9764089a5567b2ece	1	51320	player	uade	Protracker	0	68094	81d5758e	0efd3baf	1994/Diggers-TRN.zip/Diggers-TYRANNY/trn-dig4.zip/DISK4.ARJ/sound/book.mod
6e954df68bc4a664b5491065cd5f2ba5	1	23168	player	uade	Protracker	0	34896	83b808b8	6a0e9c16	1994/Diggers-TRN.zip/Diggers-TYRANNY/trn-dig4.zip/DISK4.ARJ/sound/bank.mod
70519806d1e455b7ee45eb587b69463f	1	166963	player	uade	Protracker compatible	0	97704	e965e746	83540126	1992/Alcatraz-TRSI.zip/Alcatraz-TRSI/alcatraz.zip/ATZ072.CRM
72544d10ff9c5d6602058b7f2a08ed4b	0	108638	player	libopenmpt	Epic MegaGames MASI (New Version)	4	116890	2d2dc441	57ed35f2	1993/Jazz_The_Jackrabbit-GLORY.ZIP/Jazz_The_Jackrabbit-GLORY/jazz4.zip/SONG10.PSM
731b0e507142b9303b90d8e2481e7501	0	59133	player	libopenmpt	Epic MegaGames MASI (New Version)	4	119976	2dd9746a	f16bf7c8	1993/Jazz_The_Jackrabbit-GLORY.ZIP/Jazz_The_Jackrabbit-GLORY/jazz5.zip/SONG8.PSM
734c4e3de3c78da0f4fe18e60bcca0be	1	341	player	st23play	Scream Tracker 2.x	4	9035	e7306d8f	0df1e850	1992/Abandoned_Places-RAZOR.zip/Abandoned_Places-RAZOR/abandon1.zip/DATA1.EXE/DATA/EFFECT0.STM
7831a09310004bb0f2f6754ba52d0ad5	0	148248	player+silence	libopenmpt	DSMI Advanced Music Format v14	4	351179	ef62143d	f1315b85	1994/Cannon_Fodder_2-HBD.zip/Cannon_Fodder_2-HYBRID/cf2-2hbd.zip/TITLE.AMF
78cca53280ab44e7d871d044f8512101	1	5616	player+silence	uade	Protracker compatible	0	33648	d226932b	ede22e65	1994/Phobos-LND.zip/Phobos-LEGEND/phobos.zip/DANE._14
7da09db843a736f6d7e8d8201efc550e	1	120605	player	uade	Protracker	0	157574	4eb6e460	e5bdcbfc	1992/BAT_II_The_Koshan_Affair-TDT.zip/BAT_II_The_Koshan_Affair-TDT/tdt-bat2.zip/musique0.mod
7da09db843a736f6d7e8d8201efc550e	1	120605	player	uade	Protracker	0	157574	4eb6e460	e5bdcbfc	1995/Winter_Sports-FSW.zip/musique0.mod
7f8035cfb41209837b16c1cf83f855c4	1	63477	player	uade	Protracker	0	271498	dc2a09fd	a4e86d53	1993/Popeye_2-ICC.ZIP/Popeye_2-ICC/icc-pop2.zip/ICC.MOD
810c793c278b2336db2954a3084cafb1	0	107359	player	libopenmpt	Epic MegaGames MASI (New Version)	4	93774	128d9c89	4f06d0ed	1993/Jazz_The_Jackrabbit-GLORY.ZIP/Jazz_The_Jackrabbit-GLORY/jazz4.zip/SONG14.PSM
82432f77e02a8a231195165a6044c0ed	1	115321	player	uade	Protracker compatible	0	47943	0e7d9427	ea3821b4	1994/Brudal_Baddle_Registered-PNX.zip/Brudal_Baddle_Registered-PNX/pnx-brb2.zip/MOONBEAM.MOD
82f8d3b44af0f4a2b884b298ad09908f	1	169093	player	uade	Protracker	0	52748	78e6e137	69a68778	1993/Game_Of_Life-TRSI.ZIP/Game_Of_Life-TRSI/trsi-gol.zip/INTRO.SNG
830b8080c061eef9ef855bf94f46fec7	1	291105	player	uade	Protracker compatible	0	1322974	df35295c	03db9c96	1994/Final_Fight-FGH.zip/Final_Fight-FILANFGH/fnlfght4.zip/FF-DISK4.DAT
830b8080c061eef9ef855bf94f46fec7	1	291105	player	uade	Protracker compatible	0	1322974	df35295c	03db9c96	1994/Final_Fight-FGH.zip/Final_Fight-FILANFGH/fnlfght5.zip/FF-DISK4.DAT
83bf90ed42a5c82b64389c4df32d9e1c	1	4756	player+silence	uade	Protracker compatible	0	27812	6b0531ac	457e6183	1994/Phobos-LND.zip/Phobos-LEGEND/phobos.zip/DANE._21
84e6f91e71ae994c3382736ea63efabe	0	100310	player	libopenmpt	Epic MegaGames MASI (New Version)	8	165133	fea0af71	f2351f40	1993/Jazz_The_Jackrabbit-GLORY.ZIP/Jazz_The_Jackrabbit-GLORY/jazz5.zip/SONG2.PSM
853ddd074ee056d4c02792ca5daa549f	1	107645	player	uade	Protracker compatible	0	82433	bad37271	8c7b9d93	1994/Brudal_Baddle_Registered-PNX.zip/Brudal_Baddle_Registered-PNX/pnx-brb2.zip/ROMAN.MOD
8621b5842554a3657204a19359c9d397	1	138369	player	uade	Protracker compatible	0	27766	3012d3ca	5b905b29	1992/Alcatraz-TRSI.zip/Alcatraz-TRSI/alcatraz.zip/ATZ074.CRM
898dfc8c23b287a33eeeff704cef55d2	0	82734	player	libopenmpt	Epic MegaGames MASI (New Version)	8	75093	2310fd74	686aecde	1993/Jazz_The_Jackrabbit-GLORY.ZIP/Jazz_The_Jackrabbit-GLORY/jazz5.zip/SONG7.PSM
8cf12c71942fa4d794a6432dbb89f060	1	76679	player	st23play	Scream Tracker 2.x	4	23980	ab80908a	8ca577fc	1992/Abandoned_Places-RAZOR.zip/Abandoned_Places-RAZOR/abandon1.zip/DATA1.EXE/DATA/SOUND9.STM
91f7b0c4ab31f654141ed72ce47646ea	1	4714	player+silence	uade	Protracker compatible	0	24038	bbc17f50	83aef66f	1994/Phobos-LND.zip/Phobos-LEGEND/phobos.zip/DANE._13
937999e9e4e4659a0b752bfdcab9cf22	1	28179	player+silence	uade	Protracker compatible	0	30252	3f358764	e0b07139	1994/Phobos-LND.zip/Phobos-LEGEND/phobos.zip/DANE._11
9622843b38b2b882ddc9b5078edf71a5	1	107343	player	st23play	Scream Tracker 2.x	4	28940	dcddf359	96cc0aeb	1992/Abandoned_Places-RAZOR.zip/Abandoned_Places-RAZOR/abandon1.zip/DATA1.EXE/DATA/SOUND1.STM
97ad0fad76eebc4d1137e487eacc77b1	1	169093	player	uade	Protracker	0	81918	9fccf3b6	9e75f4c1	1993/Arnie_2-TRSI.ZIP/Arnie_2-TRSI/trsiarn2.zip/PAK.EXE/ARNIE2/MUSIC.MOD
97ad0fad76eebc4d1137e487eacc77b1	2	77161	player
9b66f327d290f6b91c9e509d1b8c5744	1	130693	player	uade	Protracker compatible	0	93694	2ee7d5ac	920ae2a3	1993/Caesar-INC.ZIP/Caesar-INC/CAESINC1.ZIP/MUSIC.MOD
9b66f327d290f6b91c9e509d1b8c5744	1	130693	player	uade	Protracker compatible	0	93694	2ee7d5ac	920ae2a3	1993/Sexy_Stax-PE.zip/Sexy_Stax-PE/staxs2pe.zip/G.DAT
9c1eca89414c7debbc0f1c30ed215312	0	54584	player	libopenmpt	Epic MegaGames MASI (New Version)	4	104832	8fcf5889	4e52fb69	1993/Jazz_The_Jackrabbit-GLORY.ZIP/Jazz_The_Jackrabbit-GLORY/jazz4.zip/SONG12.PSM
9c58f6a8e4c79388994c34b6155e2fba	0	54346	player	libopenmpt	DSMI Advanced Music Format v14	4	34251	a65212e7	dc685a1f	1994/Cannon_Fodder_2-HBD.zip/Cannon_Fodder_2-HYBRID/cf2-2hbd.zip/MENU.AMF
9e1fa034faa21705711031603ae03671	0	81798	player	libopenmpt	Epic MegaGames MASI (New Version)	4	92474	b7d87766	20f99ae7	1993/Jazz_The_Jackrabbit-GLORY.ZIP/Jazz_The_Jackrabbit-GLORY/jazz1.zip/BOSS.PSM
9e49ec23496bd585a760004bfb71ce63	1	164029	player	uade	Protracker	0	204019	6c98a855	c4967b87	1990/CD_Man_2-DPS.zip/CD_Man_2-DPS/dpscdmn2.zip/XMUSE.BIN
a21964ea7973123627fec9de95bafe93	0	116695	player	libopenmpt	Epic MegaGames MASI (New Version)	4	32824	76f4af9b	fc2eec8e	1993/Jazz_The_Jackrabbit-GLORY.ZIP/Jazz_The_Jackrabbit-GLORY/jazz4.zip/SONG11.PSM
a4a1fd46cf696613ef92e70846acce23	1	99968	player	uade	Startrekker (4ch)	0	137448	9a372b4c	7303fbf4	1993/RoboCod-THG.ZIP/RoboCod-THG/robocod.zip/TITLE1
a9e25cb25ff5a6c2dadb7f3bc49aa7ae	0	62626	player	libopenmpt	Epic MegaGames MASI (New Version)	4	62047	d35302fa	993720a1	1993/Jazz_The_Jackrabbit-GLORY.ZIP/Jazz_The_Jackrabbit-GLORY/jazz5.zip/SONG16.PSM
aaa95045c880c4cc816b21155b761881	0	53679	player	libopenmpt	Epic MegaGames MASI (New Version)	4	126639	ad60899d	2b05f203	1993/Jazz_The_Jackrabbit-GLORY.ZIP/Jazz_The_Jackrabbit-GLORY/jazz4.zip/SONG13.PSM
aae0951c03a07860977ef4356a77dd6d	1	245893	player	uade	Protracker	0	41910	e93867b6	37dfc964	1992/Knightmare-OGR.zip/Knightmare-OGR/Knightmare.rar/Knightmare_[Konami][1992][rip]/LEVEL.SCR
ab5cebf7158879a53f19b94e8e6bd0cc	1	84616	player	uade	Protracker	0	67720	31521ec3	f71b48ad	1994/Diggers-TRN.zip/Diggers-TYRANNY/trn-dig4.zip/DISK4.ARJ/sound/end.mod
ad732856d534dd01be735393081ebd33	1	230541	player	uade	Noisetracker 1.x	0	132060	113bb890	94e27508	1994/Brudal_Baddle_Registered-PNX.zip/Brudal_Baddle_Registered-PNX/pnx-brb2.zip/TEST.MOD
b0485d639af4fbff8d0cbeb12564459a	1	176769	player	uade	Protracker compatible	0	56626	049f45e2	93aa8d4b	1991/Cruise_For_a_Corpse_English_256_Colour-TRSI.zip/Cruise_For_a_Corpse_English_256_Colour-TRSI/trsicve1.zip/TRSI.MOD
b0485d639af4fbff8d0cbeb12564459a	1	176769	player	uade	Protracker compatible	0	56626	049f45e2	93aa8d4b	1992/Espania_92_The_Games-TRSI.zip/Espania_92_The_Games-TRSI/trsi-es1.zip/TRSI.MOD
b08bffd5ee6699f97e493d283ea3f01c	1	184221	player+silence	uade	Protracker	0	95224	3279bb03	77e3996b	1993/Gnome_Alone-TDT.ZIP/Gnome_Alone-TDT/gnomtdt1.zip/T
b33097b88ecf834280325338221e4a71	1	14528	player	uade	Noisetracker 1.x	0	49428	a691bdbd	928f6776	1993/RoboCod-THG.ZIP/RoboCod-THG/robocod.zip/MOD.BON
b70691e802f9fe3871627633a4777200	1	90191	player+silence	st23play	Scream Tracker 2.x	4	16530	e2b61bd5	5ca06e09	1992/Abandoned_Places-RAZOR.zip/Abandoned_Places-RAZOR/abandon1.zip/DATA1.EXE/DATA/SOUND5.STM
b86780c3cb5376bbee414b7452366a47	1	103786	player	uade	Protracker	0	81556	3defe765	6d55d0e4	1991/Cisco_Cars-TDT.zip/Cisco_Cars-TDT/cisco.zip/MUSIC.DAT
b86780c3cb5376bbee414b7452366a47	1	103786	player	uade	Protracker	0	81556	3defe765	6d55d0e4	1991/Cisco_Heat-TDT.zip/Cisco_Heat-TDT/cisco.zip/MUSIC.DAT
b883531d6c6ba544d1f4b48fd4b944ca	0	50404	player	libopenmpt	Generic ProTracker or compatible	4	55586	0ee54997	298bd187	1991/World_Championship_Soccer-TDT.zip/World_Championship_Soccer-TDT/wcstdt.zip/DIGDREAM.MOD
b9333dbb4bd65aef6e3ba801d4fdabed	0	6644	player	libopenmpt	DSMI Advanced Music Format v14	4	18807	57844b89	a34f711d	1994/Cannon_Fodder_2-HBD.zip/Cannon_Fodder_2-HYBRID/cf2-2hbd.zip/WINZONE.AMF
b9333dbb4bd65aef6e3ba801d4fdabed	0	6644	player	libopenmpt	DSMI Advanced Music Format v14	4	18807	57844b89	a34f711d	1995/Jigsaw.It-LNS.zip/WINZONE.AMF
bac152e7a77985078309a13e8baf1a14	1	134109	player	uade	Protracker	0	157574	fbd627e5	a5241a60	1992/BAT_II_The_Koshan_Affair-TDT.zip/BAT_II_The_Koshan_Affair-TDT/tdt-bat2.zip/musiqueb.mod
bac152e7a77985078309a13e8baf1a14	1	134109	player	uade	Protracker	0	157574	fbd627e5	a5241a60	1995/Winter_Sports-FSW.zip/musiqueb.mod
c07fe80e278d2800e52c74e1c279a459	1	178276	player	st23play	Scream Tracker 2.x	4	93633	9bc9d89c	fdbbddb9	1992/Knightmare-OGR.zip/Knightmare-OGR/Knightmare.rar/Knightmare_[Konami][1992][rip]/KNMR.DAT
c329ade278a14c629547a02810f32412	1	69727	player	uade	Protracker	0	31944	20f25d6c	920d86fd	1991/Another_World-TDT.zip/Another_World-TDT/awe1tdt.zip/MUSIC
c34c720d497b0f6948a70ef5cfa622e9	0	130365	player	libopenmpt	Epic MegaGames MASI (New Version)	4	142898	75d502eb	6f7740c1	1993/Jazz_The_Jackrabbit-GLORY.ZIP/Jazz_The_Jackrabbit-GLORY/jazz4.zip/SONG15.PSM
c4483fdb7a17ccf3503c3e1f6a1c7731	1	5425	player+silence	uade	Protracker compatible	0	28540	a6454cb4	37dd8fe6	1994/Phobos-LND.zip/Phobos-LEGEND/phobos.zip/DANE._05
c70228bf18b4789796132e2b7b5676c7	0	33103	player	libopenmpt	DSMI Advanced Music Format v14	4	37953	f7b15dc2	574f21ed	1994/Cannon_Fodder_2-HBD.zip/Cannon_Fodder_2-HYBRID/cf2-2hbd.zip/HELIANIM.AMF
c7cd200a240dc552b9ad551995984110	1	30824	player	uade	Protracker	0	24518	8a405907	133b5019	1994/Project_X-RAZOR.zip/Project_X-RAZOR/project1.zip/PXLOADER.MOD
c92d886a87e404c92f56dee04b88e66c	1	102520	player	uade	Protracker	0	96772	19fc3359	3e763baf	1994/Card_Mania-PTG.zip/Card_Mania-PTG/ptg_cm_1.zip/CMDISK1.EXE/SOUND/MUSIC.MOD
c9badcf671ddc2a3103a37871051201b	1	183018	player	uade	Noisetracker 1.x	0	94861	b6d39517	6bc6464a	1993/Sexy_Stax-PE.zip/Sexy_Stax-PE/staxs2pe.zip/J.DAT
ca8679d3bd2dc17b09b0b7941314825a	1	30824	player	uade	Protracker compatible	0	23218	5156d91b	dbc3eaf2	1994/Genesia-RAZOR.zip/Genesia-RAZOR/gen2rzr.zip/SOUNDS/HIVER.MOD
caf9023ac8c78565f544a8c19dde5446	1	16316	player	uade	Protracker	0	126038	b82fa25f	ade8db28	1992/BAT_II_The_Koshan_Affair-TDT.zip/BAT_II_The_Koshan_Affair-TDT/tdt-bat2.zip/musique7.mod
caf9023ac8c78565f544a8c19dde5446	1	16316	player	uade	Protracker	0	126038	b82fa25f	ade8db28	1995/Winter_Sports-FSW.zip/musique7.mod
cb74dd8b4f892d7ba9fd7c954a1408fe	1	116667	player	uade	Protracker	0	64038	c4155704	8bf935ae	1993/Challenge_Of_The_Five_Realms-RAZOR.ZIP/Challenge_Of_The_Five_Realms-RAZOR/5realm1.zip/RAZOR.MOD
cb74dd8b4f892d7ba9fd7c954a1408fe	1	116667	player	uade	Protracker	0	64038	c4155704	8bf935ae	1995/Crusader_No_Remorse-HBD.zip/RAZOR.MOD
cd9483165dfb0fa1309ce9a252a8bcd0	0	82659	player	libopenmpt	Epic MegaGames MASI (New Version)	4	95589	34a22fdf	f9235590	1993/Jazz_The_Jackrabbit-GLORY.ZIP/Jazz_The_Jackrabbit-GLORY/jazz5.zip/SONG5.PSM
cd99d957b6d7e0cc38f16aa9604da092	1	0	nosound	uade	Soundtracker II (15 instr.)	0	2201	af258865	81af250d	1992/Waxworks-OGR.zip/Waxworks-OGR/Waxworks.rar/MOD15.MUS
cdf169a3b5048dc8907748573e9e807d	1	192141	player	uade	Protracker	0	124892	97d5fb7a	3a5bc47f	1993/Tinies-PWA.ZIP/The_Tinies-PWA/tinypwa1.zip/COMMON.004
cdf169a3b5048dc8907748573e9e807d	1	192141	player	uade	Protracker	0	124892	97d5fb7a	3a5bc47f	1993/Tinies-PWA.ZIP/The_Tinies-PWA/tinypwa2.zip/COMMON.004
cdf169a3b5048dc8907748573e9e807d	1	192141	player	uade	Protracker	0	124892	97d5fb7a	3a5bc47f	1993/Tinies-PWA.ZIP/The_Tinies-PWA/tinypwa3.zip/COMMON.004
d2122ca49caacba3fb487609701b881b	1	288171	player	uade	Protracker compatible	0	109936	932342da	0dd2d506	1993/Ishar_II-SKL.ZIP/Ishar_II-SKL/ish2skn1.zip/DIRT.MOD
d3459741c1206c3d1c46d1f904ac1e5d	1	61568	player	uade	Protracker compatible	0	40221	0a06421a	7f0811a8	1993/Sexy_Stax-PE.zip/Sexy_Stax-PE/staxs2pe.zip/E.DAT
d954687ac895360df91150aa8b23aa3d	1	30824	player	uade	Protracker compatible	0	15404	45750688	4dac522b	1994/Genesia-RAZOR.zip/Genesia-RAZOR/gen2rzr.zip/SOUNDS/LAVE.MOD
dadf36b87997eaf124457766d21fed6f	0	268399	player	libopenmpt	STM2STX 1.0	4	57698	8b0f77bf	24e08bda	1992/Four_Queens_Computer_Casino-FLT.zip/Four_Queens_Computer_Casino-FLT/4queens.zip/FLT-SND
db58593d1adc8a52fca4f1ef6671e7d6	1	174518	player	uade	Protracker compatible	0	101031	940456c8	8c3f073d	1994/Brudal_Baddle_Registered-PNX.zip/Brudal_Baddle_Registered-PNX/pnx-brb2.zip/MAZZEL.MOD
dc038cb402eb0d25c230341dc9eace02	1	76665	player	ft2play	Fasttracker (M.K.)	4	130972	3c4c9dd5	e508c2b5	1994/Phobos-LND.zip/Phobos-LEGEND/phobos.zip/DANE._02
dc488376bb21c0b227d35a3e66d94fdf	0	61688	player	libopenmpt	DSMI Advanced Music Format v14	4	292684	97804707	ca0c22d5	1994/Aladdin-RAZOR.zip/Aladdin-RAZOR/rzr-alad.zip/aladdin.rar/WNW.AMF
dc4ccab63b8e6a8a1cf3885cbf5589b2	1	172931	player	uade	Protracker	0	67340	fc3b09e7	cbaf954f	1993/Pinball_Dreams-TRSI.ZIP/Pinball_Dreams-TRSI/trsipbdr.zip/PD.ZIP/SELECT.MOD
dc4ccab63b8e6a8a1cf3885cbf5589b2	1	172931	player	uade	Protracker	0	67340	fc3b09e7	cbaf954f	1994/Pinball_2000-PTG.zip/Pinball_2000-PTG/pin2kptg.zip/PB2000_2.LZH/SELECT.MOD
df880deea5ef673d35c635a11d6a938f	1	15472	player	uade	Protracker	0	14338	607bb267	61e562c1	1994/Diggers-TRN.zip/Diggers-TYRANNY/trn-dig4.zip/DISK4.ARJ/sound/shop.mod
dfade39abd6190d6a15093c371634211	1	92272	player	uade	Startrekker (4ch)	0	82980	80c13cae	382ff8d0	1993/RoboCod-THG.ZIP/RoboCod-THG/robocod.zip/TOYS1
e0c5144ef25ea0c5d2047dd33f336b10	1	92373	player	uade	Protracker	0	127754	9513b2e5	249b80d7	1994/Space_Federation-GNS.zip/Space_Federation-GENESIS/gns-spf1.zip/STAR.ARJ/music/scen1.mod
e0c5144ef25ea0c5d2047dd33f336b10	1	92373	player	uade	Protracker	0	127754	9513b2e5	249b80d7	1994/Star_Reach-GLORY.zip/Star_Reach-GLORY/gl-star1.zip/STAR.ARJ/music/scen1.mod
e0c5144ef25ea0c5d2047dd33f336b10	2	103786	player
e0c5144ef25ea0c5d2047dd33f336b10	3	95146	player
e18508b1113039ad70cf56fee5a94506	1	56822	player+volume	uade	Protracker	0	137348	03904080	b039f132	1992/BAT_II_The_Koshan_Affair-TDT.zip/BAT_II_The_Koshan_Affair-TDT/tdt-bat2.zip/musique1.mod
e18508b1113039ad70cf56fee5a94506	1	56822	player+volume	uade	Protracker	0	137348	03904080	b039f132	1995/Winter_Sports-FSW.zip/musique1.mod
e1b64a3918b22b370e57c28681c2a33f	1	122695	player	st23play	Scream Tracker 2.x	4	28988	53eeb210	0cca100c	1992/Abandoned_Places-RAZOR.zip/Abandoned_Places-RAZOR/abandon1.zip/DATA1.EXE/DATA/SOUND7.STM
e29811ac9498beed69ece5cee312daa6	1	274748	player	uade	Protracker	0	136192	7a8d1f07	ac344c59	1992/A320_Airbus_USA_Edition-FTH.zip/A320_Airbus_USA_Edition-FAITH/fth-airb.zip/FILES/AIRBUS.MOD
e29811ac9498beed69ece5cee312daa6	1	274748	player	uade	Protracker	0	136192	7a8d1f07	ac344c59	1993/A320_Airbus_USA_Edition-FTH.zip/A320_Airbus_USA_Edition-FTH/fth-airb.zip/FILES/AIRBUS.MOD
e32ff27392b307a01391e8a2f90188c3	1	341	player	st23play	Scream Tracker 2.x	4	2953	be587904	9034f26f	1992/Abandoned_Places-RAZOR.zip/Abandoned_Places-RAZOR/abandon1.zip/DATA1.EXE/DATA/EFFECT8.STM
e3a24f357236356b7507e8aa6414690f	0	0	nosound	libopenmpt	Ultimate Soundtracker 1.0-1.21	4	16388	f20cf612	adbd0131	1994/Tubular_Worlds-TRSI.zip/Tubular_Worlds-TRSI/trsituwo.zip/TUBWORLD.EXE/TEDIT/OBJ/OBJ0C.DAT
e3ba9d7105d3688b436c147d39d00197	1	30824	player	uade	Protracker compatible	0	12636	f369c3f9	12591f5b	1994/Genesia-RAZOR.zip/Genesia-RAZOR/gen2rzr.zip/SOUNDS/ETE.MOD
e59c81abafadadd68311e30c331d37bf	1	7796	player	uade	Protracker compatible	0	16492	d39e42df	5ae5f3e0	1994/Phobos-LND.zip/Phobos-LEGEND/phobos.zip/DANE._01
e5cf2b065f5bb88c255bffb00b8e03e4	1	27895	player+silence	uade	Protracker compatible	0	23132	7a6241ff	8f47477a	1994/Phobos-LND.zip/Phobos-LEGEND/phobos.zip/DANE._16
e60cf967c13ba59c940946b70c978348	1	9826	player	uade	Protracker	0	62678	e76767ad	417c5bac	1992/BAT_II_The_Koshan_Affair-TDT.zip/BAT_II_The_Koshan_Affair-TDT/tdt-bat2.zip/musique2.mod
e60cf967c13ba59c940946b70c978348	1	9826	player	uade	Protracker	0	62678	e76767ad	417c5bac	1995/Winter_Sports-FSW.zip/musique2.mod
e6c648599533017be979527e891d846a	1	703	player	st23play	Scream Tracker 2.x	4	7251	af3d0876	8748d282	1992/Abandoned_Places-RAZOR.zip/Abandoned_Places-RAZOR/abandon1.zip/DATA1.EXE/DATA/EFFECT1.STM
e790b0e6fba700cfc29325889651f870	1	30824	player	uade	Protracker compatible	0	15088	773411ec	4ebd3419	1994/Genesia-RAZOR.zip/Genesia-RAZOR/gen2rzr.zip/SOUNDS/AUTOMNE.MOD
e79d4cf9df048c52835fd524e1bd1a1b	1	268921	player	uade	Protracker compatible	0	119536	836e3a48	5d952ff2	1994/Project_X-RAZOR.zip/Project_X-RAZOR/project1.zip/RAVE.MOD
e7ee1c3de3517fce415ee11fc91b4fcc	1	35968	player	uade	Soundtracker II (31 instr.)	0	43708	5254c7ac	76a5395e	1993/Empire_Deluxe-TDT.ZIP/Empire_Deluxe-TDT/EMPDTDT2.ZIP/DATA3
e7ee1c3de3517fce415ee11fc91b4fcc	1	35968	player	uade	Soundtracker II (31 instr.)	0	43708	5254c7ac	76a5395e	1993/Sleep_Walker-TDT.ZIP/Sleep_Walker-TDT/slep3tdt.zip/DATA3
e7f2f7a5dd8201cc285745dc4a4ec109	1	103747	player+silence	uade	Protracker	0	84586	4d941edd	47819f6e	1993/Kings_Table_The_Legend_Of_Ragnarok-RAZOR.ZIP/Kings_Table_The_Legend_Of_Ragnarok-RAZOR/ragnrok2.zip/AWAM.MOD
e8267a082aca8c6b5d53fa021654f398	1	178155	player	uade	Protracker	0	120918	f2b995cd	c98d65ad	1994/Space_Federation-GNS.zip/Space_Federation-GENESIS/gns-spf1.zip/STAR.ARJ/music/scen2.mod
e8267a082aca8c6b5d53fa021654f398	1	178155	player	uade	Protracker	0	120918	f2b995cd	c98d65ad	1994/Star_Reach-GLORY.zip/Star_Reach-GLORY/gl-star1.zip/STAR.ARJ/music/scen2.mod
e8267a082aca8c6b5d53fa021654f398	2	106017	player
e8267a082aca8c6b5d53fa021654f398	3	182817	player
e88862c3566b31eefec93fd7b2dfc476	1	245893	player	uade	Protracker compatible	0	60414	1f33c224	a17d77bf	1993/Sexy_Stax-PE.zip/Sexy_Stax-PE/staxs2pe.zip/F.DAT
e89f8e192ce5389407049d9faef0ee8f	0	122697	player	libopenmpt	Epic MegaGames MASI (New Version)	4	119943	c14839e9	f87a1e90	1993/Jazz_The_Jackrabbit-GLORY.ZIP/Jazz_The_Jackrabbit-GLORY/jazz5.zip/SONG17.PSM
eb810fab4e5e299308fcb46b3718cb36	1	188605	player+silence	uade	Protracker compatible	0	161044	6375acd7	a5840c60	1992/Terminator_2029-OFG.zip/Terminator_2029-OFG/2029ofg1.zip/MAKEMOVE.MOD
ede4fdd6b6e0b16409bf7b7a7480649c	1	132320	player	uade	Protracker	0	104674	98f05327	179dab0f	1994/Space_Federation-GNS.zip/Space_Federation-GENESIS/gns-spf1.zip/STAR.ARJ/music/scen6.mod
ede4fdd6b6e0b16409bf7b7a7480649c	1	132320	player	uade	Protracker	0	104674	98f05327	179dab0f	1994/Star_Reach-GLORY.zip/Star_Reach-GLORY/gl-star1.zip/STAR.ARJ/music/scen6.mod
ede4fdd6b6e0b16409bf7b7a7480649c	2	98401	player
ede4fdd6b6e0b16409bf7b7a7480649c	3	134711	player
ede4fdd6b6e0b16409bf7b7a7480649c	4	115722	player
ede4fdd6b6e0b16409bf7b7a7480649c	5	135194	player
ee13e79db77161f7ddfa7f2a701099e0	1	341	player	st23play	Scream Tracker 2.x	4	5023	40ae0b3f	6700bb6f	1992/Abandoned_Places-RAZOR.zip/Abandoned_Places-RAZOR/abandon1.zip/DATA1.EXE/DATA/EFFECT5.STM
ef058e9139580b96ac4cebc12137f43c	1	143126	player	ft2play	Fasttracker (M.K.)	4	44470	d6b9fb6a	caf29585	1994/Space_Federation-GNS.zip/Space_Federation-GENESIS/gns-spf1.zip/STAR.ARJ/music/scen5.mod
ef058e9139580b96ac4cebc12137f43c	1	143126	player	ft2play	Fasttracker (M.K.)	4	44470	d6b9fb6a	caf29585	1994/Star_Reach-GLORY.zip/Star_Reach-GLORY/gl-star1.zip/STAR.ARJ/music/scen5.mod
ef81511e523f7e6f81abd333e535d902	1	215149	player	uade	Protracker compatible	0	101903	95662198	709a9586	1994/Brudal_Baddle_Registered-PNX.zip/Brudal_Baddle_Registered-PNX/pnx-brb2.zip/CRYSTAL.MOD
ef866b00d432b3df1231954e8dda593c	1	10368	player	uade	Protracker	0	151800	63b22680	7df6d9e2	1993/Pinball_Dreams-TRSI.ZIP/Pinball_Dreams-TRSI/trsipbdr.zip/PD.ZIP/LEVEL4.MOD
ef866b00d432b3df1231954e8dda593c	1	10368	player	uade	Protracker	0	151800	63b22680	7df6d9e2	1994/Pinball_2000-PTG.zip/Pinball_2000-PTG/pin2kptg.zip/PB2000_2.LZH/LEVEL4.MOD
ef866b00d432b3df1231954e8dda593c	10	2873	player
ef866b00d432b3df1231954e8dda593c	11	4822	player
ef866b00d432b3df1231954e8dda593c	12	4681	player
ef866b00d432b3df1231954e8dda593c	13	2511	player
ef866b00d432b3df1231954e8dda593c	14	4923	player
ef866b00d432b3df1231954e8dda593c	15	3235	player
ef866b00d432b3df1231954e8dda593c	16	1687	player
ef866b00d432b3df1231954e8dda593c	17	7816	player
ef866b00d432b3df1231954e8dda593c	18	31467	player
ef866b00d432b3df1231954e8dda593c	19	1567	player
ef866b00d432b3df1231954e8dda593c	2	92272	player
ef866b00d432b3df1231954e8dda593c	20	3315	player
ef866b00d432b3df1231954e8dda593c	21	2411	player
ef866b00d432b3df1231954e8dda593c	22	1326	player
ef866b00d432b3df1231954e8dda593c	23	823	player
ef866b00d432b3df1231954e8dda593c	24	2411	player
ef866b00d432b3df1231954e8dda593c	25	20777	player
ef866b00d432b3df1231954e8dda593c	26	2994	player
ef866b00d432b3df1231954e8dda593c	27	2129	player
ef866b00d432b3df1231954e8dda593c	28	1386	player
ef866b00d432b3df1231954e8dda593c	29	0	nosound
ef866b00d432b3df1231954e8dda593c	3	82044	player
ef866b00d432b3df1231954e8dda593c	30	1105	player
ef866b00d432b3df1231954e8dda593c	31	1828	player
ef866b00d432b3df1231954e8dda593c	32	1929	player
ef866b00d432b3df1231954e8dda593c	33	3918	player
ef866b00d432b3df1231954e8dda593c	34	1225	player
ef866b00d432b3df1231954e8dda593c	35	1205	player
ef866b00d432b3df1231954e8dda593c	36	6108	player
ef866b00d432b3df1231954e8dda593c	4	76920	player
ef866b00d432b3df1231954e8dda593c	5	1527	player
ef866b00d432b3df1231954e8dda593c	6	89741	player
ef866b00d432b3df1231954e8dda593c	7	4079	player
ef866b00d432b3df1231954e8dda593c	8	2129	player
ef866b00d432b3df1231954e8dda593c	9	2210	player
f1644e953556ef3ba251b5fa30faa132	1	245893	player	uade	Protracker	0	95392	89b2821c	c8199f34	1993/Tinies-PWA.ZIP/The_Tinies-PWA/tinypwa1.zip/COMMON.005
f1644e953556ef3ba251b5fa30faa132	1	245893	player	uade	Protracker	0	95392	89b2821c	c8199f34	1993/Tinies-PWA.ZIP/The_Tinies-PWA/tinypwa2.zip/COMMON.005
f1644e953556ef3ba251b5fa30faa132	1	245893	player	uade	Protracker	0	95392	89b2821c	c8199f34	1993/Tinies-PWA.ZIP/The_Tinies-PWA/tinypwa3.zip/COMMON.005
f1644e953556ef3ba251b5fa30faa132	2	5789	player+silence
f1644e953556ef3ba251b5fa30faa132	3	53993	player
f1644e953556ef3ba251b5fa30faa132	4	53993	player
f207bddeab1968b4b5897871e41ee0fe	1	462	player	st23play	Scream Tracker 2.x	4	11124	d28a04bf	b21506a8	1992/Abandoned_Places-RAZOR.zip/Abandoned_Places-RAZOR/abandon1.zip/DATA1.EXE/DATA/EFFECT3.STM
f2ef7aba8aed2c1ae2168966420f3781	1	81140	player	uade	Protracker	0	99616	b35ea96e	9abb5f83	1993/Brutal_Sports_Football-RAZOR.ZIP/Brutal_Sports_Football-RAZOR/crazyrzr.zip/RAZOR.MOD
f2f420749c32a47aee90f9f78fac3318	1	92272	player	uade	Protracker compatible	0	52204	2005dc5c	c375f69e	1994/Phobos-LND.zip/Phobos-LEGEND/phobos.zip/DANE._04
f45d1c86c13982105873ccf714ba3b15	1	92272	player	uade	Protracker compatible	0	113996	08bbd0d7	874b6a08	1994/Space_Federation-GNS.zip/Space_Federation-GENESIS/gns-spf1.zip/STAR.ARJ/music/scen4.mod
f45d1c86c13982105873ccf714ba3b15	1	92272	player	uade	Protracker compatible	0	113996	08bbd0d7	874b6a08	1994/Star_Reach-GLORY.zip/Star_Reach-GLORY/gl-star1.zip/STAR.ARJ/music/scen4.mod
f45d1c86c13982105873ccf714ba3b15	2	107645	player
f45d1c86c13982105873ccf714ba3b15	3	15472	player
f45d1c86c13982105873ccf714ba3b15	4	107645	player
f45d1c86c13982105873ccf714ba3b15	5	15472	player
f57cdf9516edd4de3ef2de899207261b	1	5045	player+silence	uade	Protracker compatible	0	27914	dc632223	a44181aa	1994/Phobos-LND.zip/Phobos-LEGEND/phobos.zip/DANE._15
f9353242980ae4f48383c568ae251e32	1	161397	player	uade	Noisetracker 1.x	0	50916	a02c0cf9	cb450ee3	1994/Brudal_Baddle_Registered-PNX.zip/Brudal_Baddle_Registered-PNX/pnx-brb2.zip/TALISRA.MOD
fa7a25fddde791b09e56bd7b19c7206f	1	99968	player	uade	Protracker	0	42252	481baa96	a603d675	1991/Tristan_Pinball-TDT.zip/Tristan_Pinball-TDT/tristan.zip/MUSIC
fa7a25fddde791b09e56bd7b19c7206f	1	99968	player	uade	Protracker	0	42252	481baa96	a603d675	1993/SC_Out-TDT.zip/SC_Out-TDT/SCOUTTDT.ZIP/MUSIC
fb24a151f1f9c1245686aa37b796baca	1	124085	player+silence	uade	Noisetracker 1.x	0	80606	a0f22ee6	3cda4b81	1994/Space_Federation-GNS.zip/Space_Federation-GENESIS/gns-spf1.zip/STAR.ARJ/music/scen3.mod
fb24a151f1f9c1245686aa37b796baca	1	124085	player+silence	uade	Noisetracker 1.x	0	80606	a0f22ee6	3cda4b81	1994/Star_Reach-GLORY.zip/Star_Reach-GLORY/gl-star1.zip/STAR.ARJ/music/scen3.mod
fb3da04a51001d1a0c743e2de4cad7e0	0	88188	player	libopenmpt	Epic MegaGames MASI (New Version)	4	98008	8881158a	95eaf9b4	1993/Jazz_The_Jackrabbit-GLORY.ZIP/Jazz_The_Jackrabbit-GLORY/jazz1.zip/BONUS.PSM
ffbfd28f56477dc277ce6d32acb25fca	0	5358	player	libopenmpt	Karl Morton Music Format	4	98580	58146faf	ffbd9703	1994/Micro_Machines_Special_Edition-RAZOR.zip/Micro_Machines_Special_Edition-RAZOR/mm2.arj/mm2/music/game.mus
ffbfd28f56477dc277ce6d32acb25fca	0	5358	player	libopenmpt	Karl Morton Music Format	4	98580	58146faf	ffbd9703	1995/Prisoner_Of_Ice-LGC.zip/Micro_Machines_Special_Edition-RAZOR/mm2.arj/mm2/music/game.mus
