004e6d55c73b3ca164a3024367029553	1	84335	player	st23play	BMOD2STM	4	40064	e9eb50b5	5673dc97	1/SBLASTER/TUBULAR.ZIP/TUBULAR.STM
0131c25c93448a0277d710bbcc86c865	1	130351	player	st23play	Scream Tracker 2.x	4	103702	d608ba6d	0a02fe4b	4/STM/WASTELAN.ZIP/WASTELAN.STM
033bc4f979c5d0a79cdc46e172e483e1	1	22987	player	st23play	Scream Tracker 2.x	4	40273	0e91186a	d1e558fd	4/STM/ROCKNROL.ZIP/ROCKNROL.STM
0430d768c1e9d7cd31497ad9773d5029	1	241527	player+silence	uade	Protracker compatible	0	205088	f89fa037	12d76e20	4/TBLASTER/ACIDOFIL.ZIP/ACIDOFIL.MOD
049b92211454200739a6201a84a142de	1	365333	player	uade	Protracker compatible	0	66362	f816f107	f33e404f	4/TBLASTER/VIVAREV.ZIP/VIVAREV.MOD
05c92dd366bf7b6f0ae4a5ff6ab240d9	1	281797	player+silence	uade	Soundtracker II (15 instr.)	0	179130	53781b5c	f2e3aefc	4/TBLASTER/BETWEEN.ZIP/BETWEEN.MOD
063e9cac8a143879d15d2162dee53512	1	151895	player+silence	uade	Noisetracker 1.x	0	40104	7140daaf	f6b137da	4/MISCMUS/TETRA10.ZIP/SONG/ECHO.NST
06cc173681d5a68a76e915c75da6ee21	0	207197	player+silence	uade	Soundtracker II - V or compatible	0	74688	28624073	f0ddccb0	4/TBLASTER/LOCOMOTN.ZIP/LOCOMOTN.MOD
09d83b2407180c2c44abab767288fa21	1	107645	player	uade	Noisetracker 1.x	0	52664	b3f073c8	39485c99	4/TBLASTER/MUZAC_.ZIP/MUZAC.MOD
09dd80b2a3d90a8fc744602d1c17d9c4	1	192141	player	uade	Protracker compatible	0	56958	5351f303	15f12779	4/TBLASTER/9NEWMODS.ZIP/V48.MOD
0a775f063fa6a54ebb5ef860a803caa9	1	119179	player	uade	Noisetracker 1.x	0	99948	19f883d3	525b721f	4/TBLASTER/LIFESTY1.ZIP/LIFESTY1.MOD
0c01effeb8566b94eaa9630ad4f10728	1	238579	player+silence	st23play	Scream Tracker 2.x	4	167436	29342b5a	3e927ec0	4/MISCMUS/STMLIB_2.ZIP/CREAM.STM
0daffdf4d5562854cd8a6cdee62097d8	1	153721	player	uade	Noisetracker 1.x	0	54500	17df9e81	b910e7a2	4/TBLASTER/SUPACT7.ZIP/SUPACT7.MOD
0e46af4cf093eb3d51d908bc73c94c5a	1	245893	player	uade	Protracker	0	65940	be848a74	7f4647d6	4/TBLASTER/EXP.ZIP/EXP.MOD
1047ed53a0a5838a6131b5d7d0812ef3	1	288171	player	uade	Protracker compatible	0	109950	32faed16	bfbeb9cf	4/TBLASTER/KEFVECTR.ZIP/KEFVECTR.MOD
11cc487701054ee6a30aa2508cf85a7f	1	253480	player+silence	uade	Protracker compatible	0	123264	a85c02dc	59a9310b	1/SBLASTER/MODS01.ZIP/ANDANTE.MOD
13a839a40f7a00512a5bd1b4e82edb7d	1	176875	player+silence	uade	Protracker compatible	0	147818	995de645	03b7a0e3	4/TBLASTER/RAGGTIME.ZIP/RAGGTIME.MOD
14e6f149c9e1386cd4a890377c119bd0	1	146045	player	uade	Protracker compatible	0	53138	a459864d	755d57ad	4/TBLASTER/CHOICE.ZIP/CHOICE.MOD
1588fc8d086453ec724fa5e3822ac993	1	53189	player	uade	Protracker compatible	0	115497	b4276c9f	35f12c43	4/TBLASTER/RAINY.ZIP/RAINY.MOD
167998b4c955f351b63b05971ec7ab37	1	296048	player	uade	Protracker compatible	0	137356	fbb69842	e1d0263c	4/TBLASTER/PHANTA.ZIP/PHANTA.MOD
17164e44d58bcf6e1f40c5637ac2d77f	1	151450	player	st23play	BMOD2STM	4	68496	ae5050eb	0eeb1ab1	1/SBLASTER/SAVANNAH.ZIP/SAVANNAH.STM
17dd120ef98678ef69051aac2020a1d9	1	203635	player	uade	Soundtracker II (31 instr.)	0	79750	1858171e	4acbf2c2	1/SBLASTER/MODS01.ZIP/APPROCH.MOD
17dd120ef98678ef69051aac2020a1d9	1	203635	player	uade	Soundtracker II (31 instr.)	0	79750	1858171e	4acbf2c2	4/TBLASTER/APPROACH.ZIP/APC.MOD
17eda6027dfa58a3c86433ab2787bf5f	1	146045	player	uade	Noisetracker 1.x	0	95268	0091128e	4ec8db2a	4/TBLASTER/QUANTUM6.ZIP/QUANTUM6.MOD
17f82b155eb4bfff782d4760aa545a76	1	197245	player	uade	Protracker compatible	0	27396	a74a2b38	c08c0915	4/TBLASTER/TUNE3.ZIP/TUNE3.MOD
1a9942f32cfc1d9f79807cc089f7f875	1	146045	player	uade	Protracker compatible	0	39498	6fe0533c	d7ebfa5f	4/TBLASTER/PARADOX1.ZIP/PARADOX1.MOD
1b05cfa76e1dea447d31842d51e279ce	1	121088	player	uade	Protracker compatible	0	59804	2b220e6b	80e3ea32	4/TBLASTER/TUNE2.ZIP/TUNE2.MOD
1b1230f4444c0f84e78e83e1e058ff65	1	84335	player	st23play	BMOD2STM	4	80128	b1636475	408945ee	4/MISCMUS/BLUEMOOD.ZIP/BLUEMOOD.STM
1caeeab46d68b107de27779db9441130	1	35968	player	uade	Protracker compatible	0	21898	2cce95d7	d78640a7	4/TBLASTER/MOREOVER.ZIP/MOREOVER.MOD
1cda6e9f2539e3fe16a2def1d2e719ec	1	249410	player	uade	Protracker compatible	0	102288	6f931a31	c576257a	4/TBLASTER/IMPONERT.ZIP/IMPONERT.MOD
1d570f06fa8d925001d4b09cd646108c	1	276597	player	uade	Protracker compatible	0	110696	e710e766	fe393344	4/TBLASTER/ARVIDS.ZIP/ARVIDS.MOD
1e0bfdc63f13575076ba9682838bcba0	1	218042	player	uade	Noisetracker 1.x	0	219664	e6697d42	340b86d2	4/TBLASTER/HOMYDONT.ZIP/HOMYDONT.MOD
1e2e49ae176756d97d7a66cd104a4530	1	138369	player	uade	Protracker compatible	0	40892	e94df7df	a20ad79d	4/TBLASTER/BLIRG.ZIP/BLIRG.MOD
1f3a7417f4f7468594f83fa71348f49a	1	222845	player	uade	Protracker compatible	0	94734	b5cea569	c81f355d	4/TBLASTER/MASQRADE.ZIP/MASQRADE.MOD
209f73625c04c076140bbfd57a7cb86f	1	182536	player	uade	Protracker compatible	0	68230	f153d3ab	22543887	4/TBLASTER/GOFURIT1.ZIP/GOFURIT1.MOD
20a9719803c5cacc0fed1e7d7ea64ee6	1	53872	player	uade	Protracker compatible	0	26828	0ca66233	4b6dc67f	1/FILES/GAMES5/BASICJAM.ZIP/BASICJAM.MOD
21f747331a06f8a32daf56aea83bb701	1	291387	player	st23play	Scream Tracker 2.x	4	142336	f6824d5a	e2207715	4/STM/CAPPOWER.ZIP/CAPPOWER.STM
2215ef38254541f268655aa1b781fa7c	1	141631	player+silence	uade	Protracker compatible	0	50908	e3b78470	3fb62d1f	4/TBLASTER/HOWDEEP.ZIP/HOWDEEP.MOD
23764ee90d0476135158a5c518f7e67f	1	242055	player	uade	Protracker compatible	0	130382	7ab534f4	45ea99ca	4/TBLASTER/CEBIT.ZIP/CEBIT.MOD
246f7d7b1389ad575eee452debc3f429	1	190269	player+silence	st23play	Scream Tracker 2.x	4	131322	566d38a2	656edecf	4/STM/ELECTRO.ZIP/ELECTRO.STM
268ec33336617d9beda4d6d21d648dba	1	201979	player+silence	uade	Noisetracker 1.x	0	345214	f7f1bdc4	30b65f55	4/TBLASTER/PUMPVOLM.ZIP/PUMPVOLM.MOD
26a6d51e9c8d8d4118bbd0493509b1a5	1	315017	player	uade	Soundtracker II (31 instr.)	0	78216	d0f5f07a	dd50ba29	4/TBLASTER/DESERTB.ZIP/DESERT.MOD
26cda611ea478f823dfe6129423138d1	1	245893	player	uade	Protracker	0	70888	4ec80a6b	ab3d8fa1	4/TBLASTER/BIZZJAM.ZIP/BIZZJAM.MOD
2860e9b8b3d1b175ec59d1e56ba6c045	1	210205	player+silence	uade	Noisetracker 1.x	0	93588	86aef072	71de0ba2	1/SBLASTER/MODS01.ZIP/ARCANE.MOD
2860e9b8b3d1b175ec59d1e56ba6c045	1	210205	player+silence	uade	Noisetracker 1.x	0	93588	86aef072	71de0ba2	4/TBLASTER/ARCANE.ZIP/ARCANE.MOD
29e0b73eb45170e2f59f177d764972ea	1	88475	player	uade	Protracker compatible	0	97424	9e186b3b	524075e9	4/TBLASTER/LETSWING.ZIP/LETSWING.MOD
2a4bbdf0d7f00584f4ae940fd7ec3c7a	1	400699	player	uade	Protracker compatible	0	93106	7c65c725	de9d366d	4/TBLASTER/PUSHMAXI.ZIP/PUSHMAXI.MOD
2b4079bed1f889aa3c789e89a632df71	1	30824	player	uade	Protracker compatible	0	45330	a5cf6bf7	e86b0ee7	4/TBLASTER/SLL4.ARJ/sll4.mod
2beef3bd3859284a7e8d0e1ab87b1709	1	171002	player	uade	Protracker compatible	0	44540	dd7e2a59	bad170bd	4/TBLASTER/LETS_GO_.ZIP/LETS_GO!.MOD
2d372ffd2e083711b50bc95ced3825da	1	268921	player	uade	Protracker compatible	0	107518	527c1bda	e1850f4d	4/TBLASTER/STORIES2.ZIP/STORIES2.MOD
2db3ce6cce4823120ce8d2de21c3ac4f	1	107645	player	uade	Protracker compatible	0	58106	93b1e6ad	0322ee6a	4/TBLASTER/UA1T.ZIP/UA1T.MOD
2e1d3780ec3fda69c247de80089c667b	1	213622	player+silence	uade	Protracker compatible	0	129218	71ef6c99	98acb586	4/TBLASTER/EXCTASY.ZIP/EXCTASY.MOD
2eccd13d2c182f9201c7fb816c278654	1	234238	player	uade	Soundtracker II (31 instr.)	0	135768	8901476a	0476925a	4/TBLASTER/FIRE_MOD.ZIP/FIREWORK.MOD
2ef3c4044f18d88115f8aca70dc09cbc	1	230420	player	uade	Protracker compatible	0	91504	d251db83	541fc673	4/TBLASTER/TRAINB.ZIP/TRAINB.MOD
308975a50640ecb737a8dd0b616a4634	1	185751	player	uade	Protracker compatible	0	160990	60ad3a55	da4279ed	4/TBLASTER/HYSTBABY.ZIP/HYSTBABY.MOD
30cda5adc51e22dcfc1d7945ad77bfa1	1	120756	player+silence	uade	Noisetracker 1.x	0	109896	519be9db	679634f2	1/FILES/GAMESK/KUBULUX.ZIP/MUSIC.VGA
31fbe93e096e5311fe41f48c0fd5e368	1	224613	player	st23play	BMOD2STM	4	73152	61c6ada8	26255fef	1/SBLASTER/CHASE_HQ.ZIP/CHASE-HQ.STM
32fc9e8181727b2a3a9599cd2fe47644	1	172931	player	uade	Protracker compatible	0	133108	4ffc212f	4c6938e6	4/TBLASTER/FIELDGOL.ZIP/FIELDGOL.MOD
344c887648dc9e4befc9fa27345e903d	1	176060	player+silence	uade	Protracker compatible	0	62732	3f7bdba1	e24d2eea	1/FILES/GAMES5/CANON_T.ZIP/CANONIND.MOD
344c887648dc9e4befc9fa27345e903d	1	176060	player+silence	uade	Protracker compatible	0	62732	3f7bdba1	e24d2eea	4/TBLASTER/CANOND.ZIP/CANONIND.MOD
36c5bae6bab273b42be1571ed70bbfe5	1	403544	player+silence	st23play	Scream Tracker 2.x	4	220672	52ad41e7	56e467b2	1/SBLASTER/KTULHU.ZIP/KTULHU.STM
38d80c03092253fa9575159a22759af7	1	184686	player	uade	Soundtracker II (31 instr.)	0	248990	d259d4ec	751a00ac	4/TBLASTER/TKGS.ZIP/TKGS.MOD
39313965c568327f1a224176834ca6f0	1	71816	player	uade	Protracker compatible	0	63194	4d07545c	8b95dea1	4/TBLASTER/UPSIDDWN.ZIP/UPSIDDWN.MOD
39c97ad1052c5893c82d1cfb3d6c16ed	1	76920	player	uade	Protracker compatible	0	24832	08111d05	d2093cf1	4/TBLASTER/LCHINA.ZIP/LCHINA.MOD
39c97ad1052c5893c82d1cfb3d6c16ed	1	76920	player	uade	Protracker compatible	0	24832	08111d05	d2093cf1	4/TBLASTER/LITCHINA.ARJ/litchina.mod
3ad12f148005ac381c9ef39ba77c1aec	1	143126	player	ft2play	Fasttracker (M.K.)	4	123506	9f07e11d	018abf80	4/TBLASTER/STYLEE.ZIP/STYLEE.MOD
3bcea6d0cef3280e65c065647a5b03e5	1	263275	player	st23play	BMOD2STM	4	148188	93eaf143	e1aae84c	1/SBLASTER/GREENSLV.ZIP/GREENSLV.STM
3c06780b691a344147ab8032ac6753d1	1	207493	player	uade	Protracker	0	269512	06fd7c17	8161b182	4/TBLASTER/CRIMEZOH.ZIP/CRIMEZOH.MOD
3c06780b691a344147ab8032ac6753d1	1	207493	player	uade	Protracker	0	269512	06fd7c17	8161b182	4/TBLASTER/MODCRIME.ZIP/CRIMEZOH.MOD
3d61ecf24e4c5001e127fa6b855b689f	1	76679	player	st23play	BMOD2STM	4	90128	51ed1b3e	1aeae955	1/SBLASTER/MIX1.ZIP/MIX1.STM
3dba3d500490c8b901f67887a3444370	1	230541	player	uade	Soundtracker II (15 instr.)	0	80798	284133ec	08c248df	4/TBLASTER/WALKMAN.ZIP/WALKMAN.MOD
3eee2c64a7b0a8e5532125db7f84df7f	1	315258	player	uade	Protracker compatible	0	128020	431f4d1b	c7a4ad63	4/TBLASTER/HALLUCIN.ZIP/HALLUCIN.MOD
401f9db44201762b3c2eb18d8aa1f68e	1	169093	player	uade	Soundtracker II (15 instr.)	0	101796	362bff5c	be9a85b0	4/MISCMUS/TETRA10.ZIP/SONG/LARS.MOD
4023bc81518b38991cd5a677bd7e7c51	1	268399	player	st23play	Scream Tracker 2.x	4	112966	624f0458	c7c067ba	4/MISCMUS/STMLIB_2.ZIP/ROTATE.STM
4023bc81518b38991cd5a677bd7e7c51	1	268399	player	st23play	Scream Tracker 2.x	4	112966	624f0458	c7c067ba	4/TBLASTER/ROTATE_.ZIP/ROTATE.STM
404ea37a508557d551bb2a30e1aa48d9	1	99325	player	uade	Protracker compatible	0	131368	f58d983b	f76a2191	4/TBLASTER/BEY2000.ZIP/BEYOND.MOD
40833e2f2b71fb421eba32fde55960a4	1	281902	player	st23play	Scream Tracker 2.x	4	154972	cc03d5d7	fb9c3d72	4/STM/KEFRENS.ZIP/KEFRENS.STM
40f8a46fbe740de2382e5bb3753e4c01	1	117872	player	uade	Soundtracker II (15 instr.)	0	101620	cd444c91	993d0d6b	4/TBLASTER/LANCE_15.ZIP/LANCE_15.MOD
419f8849887dfeb18aa86c1aa5638da4	1	7655	player	st23play	Scream Tracker 2.x	4	42984	c470bf07	079f6285	4/STM/WINGSSTM.ZIP/WINGS.STM
41a20d3f5041aa0bb23cd71786edc1f6	1	153196	player+silence	uade	Soundtracker II (15 instr.)	0	155090	4c4174f6	ac4ea9d3	4/MISCMUS/TIEDUP.ZIP/TIE.MOD
43d15f5324d27479af21099fa62cc342	1	138369	player	uade	Noisetracker 1.x	0	135862	e7245dcd	698ac50c	4/TBLASTER/6TBMODS.ZIP/AIRWOLF.MOD
44002c8ba3fb5bb154e31c89bd093596	0	194568	player+silence	libopenmpt	Master Soundtracker 1.0	4	61846	db125d98	6826cf7f	4/TBLASTER/POPCORNM.ZIP/POPCORN.MOD
451f2abfb03d7de40ae3b7df3c61a44d	1	246838	player	uade	Noisetracker 1.x	0	78188	ff35ee33	882ddfe0	4/TBLASTER/LOWALTIT.ZIP/LOWALTIT.MOD
46b36d6917a25cc54c166fef152ca037	1	172529	player	st23play	BMOD2STM	4	143840	c968ee00	eb968319	1/SBLASTER/BACKPOP.ZIP/BACKPOP.STM
49199af8c39eb1042237fc40ca4bce12	1	84616	player	uade	Noisetracker 1.x	0	22248	e2b2019b	0f67c1e6	4/TBLASTER/PREL.ZIP/PRE.MOD
4941cf88ab6c3839e4dd326939621a31	1	259668	player+silence	uade	Protracker compatible	0	51260	49702075	5c7c29be	1/FILES/GAMES5/BACARDI.ZIP/BACARDI.MOD
4959272632085a665a0cdcd53782e2fa	1	161397	player	uade	Protracker compatible	0	41148	c2c911d5	f09c3863	4/TBLASTER/GOLDRUNR.ZIP/GOLDRUNR.MOD
4994ebba308165428300d749aaa12a4d	1	36852	player	uade	Protracker compatible	0	41240	e2b508db	4c236859	4/TBLASTER/HARDDRIV.ZIP/HARDDRIV.MOD
49d13d034fce42e3112059918a85c4a2	1	245152	player+silence	st23play	Scream Tracker 2.x	4	181568	ac34ccc4	50f54d79	4/STM/CREATIVE.ZIP/CREATIVE.STM
4a871f28e06e7c756adfad8235bf4452	1	176769	player	uade	Protracker compatible	0	58960	00109222	c39f1d88	4/TBLASTER/ROKNPEBL.ZIP/ROKNPEBL.MOD
4be5a747a42c1632a524e5734e97959d	1	80758	player	uade	Soundtracker II (15 instr.)	0	42320	b887cfcb	a04713c5	4/TBLASTER/ACB.MOD
4c3ad3ce230dfa18d52b29e94a1ccd78	1	92020	player+silence	uade	Protracker compatible	0	82178	9355bcea	4c73a760	4/TBLASTER/HIGHWAY.ZIP/HIGHWAY.MOD
4c69bd28d481113ee47fcde17d414aca	1	253569	player	uade	Noisetracker 1.x	0	29132	2d0b2923	c7be136e	4/TBLASTER/INGAME.ZIP/INGAME.MOD
4cf200fe0af3b6220c3f95a3ab7c393f	1	214325	player	uade	Protracker compatible	0	114112	aeeba95e	e02ac73c	4/TBLASTER/FREAKOUT.ZIP/FREAKOUT.MOD
4d3e1d8d501d72fa46d680531e430c9e	1	153721	player	uade	Noisetracker 1.x	0	89582	60809da4	82ebcb40	4/TBLASTER/16RASTER.ZIP/16RASTER.MOD
4e9c7aa1c2228f6559bf8ce072271448	1	90283	player	uade	Protracker compatible	0	91299	1c08920a	91df5851	4/MISCMUS/MODED200.ZIP/BREATH.MOD
4eb19cab8eb52a6e175ee7a3c57ee49a	1	138369	player	uade	Protracker compatible	0	84210	f027f63b	44628f75	4/TBLASTER/SALUTE.ZIP/SALUTE.MOD
4f7276312518fcfabb17d4417c2697d8	1	192141	player	uade	Protracker compatible	0	108310	779a391a	6db23704	4/TBLASTER/NIGHTLIG.ZIP/NIGHTLIG.MOD
4f79f83b8e54c11d358e16225a7c114a	1	249731	player	uade	Protracker compatible	0	110610	552eea44	53e96e50	1/SBLASTER/DEMONLGY.ZIP/DEMONLGY.MOD
50cadcd1963563097c56f813bffc62fe	1	132360	player	uade	Protracker compatible	0	263744	859800cc	ea0f4d53	4/TBLASTER/6TBMODS.ZIP/BATDANCE.MOD
50cadcd1963563097c56f813bffc62fe	1	132360	player	uade	Protracker compatible	0	263744	859800cc	ea0f4d53	4/TBLASTER/BAT_MOD.ZIP/BATDANCE.MOD
51b132e3cd730c6ffed4a2911971cbe9	1	238197	player	uade	Protracker compatible	0	86478	5a9e19a3	01cd5cc6	4/TBLASTER/SYNDISCO.ZIP/SYNDISCO.MOD
5233078a4c90c655bb52b0200aede6b3	1	165817	player	st23play	Scream Tracker 2.x	4	63620	fafa7aac	50bd8fa1	4/STM/LAMBADA.ZIP/LAMBADA.STM
525252b03c16cccb93c8751bb1844d3e	1	236892	player+silence	st23play	Scream Tracker 2.x	4	124800	e4bf8b7e	0d633920	4/STM/DREAM0.ZIP/DREAM.STM
52d06d5bce44299005bd9f055e2a705c	1	153721	player	uade	Soundtracker II (15 instr.)	0	56184	fc0339cf	c08e9e9a	4/TBLASTER/ENOLAMIX.ZIP/ENOLAMIX.MOD
53456248145b25e7637e3f54255dbaba	1	142044	player+silence	uade	Protracker compatible	0	106280	3922760d	5f7199be	4/TBLASTER/AIRTB.ZIP/AIRWOLF.MOD
5393895cc6bef730eff6a476ee3afda6	1	174816	player+silence	uade	Protracker compatible	0	114128	d0fe6d8c	7fa7d6c5	4/TBLASTER/CCFACTRY.ZIP/CCFACTRY.MOD
54698849416d588c312d8b1b807e5f1c	1	286608	player+silence	uade	Startrekker (4ch)	0	95328	b4bf245e	709c5657	4/TBLASTER/HARDROCK.ZIP/HARDROCK.MOD
548b6d1371e07ece5959cb16412f8ce7	1	180205	player	st23play	Scream Tracker 2.x	4	146158	0214dd3f	6b5eb2ee	4/STM/OXYGENE.ZIP/OXYGENE.STM
54a925d0750286d40e74682ea24eec2d	1	632889	player+silence	uade	Noisetracker 1.x	0	138034	85d72b5c	0f362f4b	1/SBLASTER/MODS01.ZIP/AXEL_F.MOD
551f04e1169625ff002733a68d670d71	1	108931	player	uade	Soundtracker II (15 instr.)	0	111052	593c9cc9	c0dc151c	4/TBLASTER/AWESOME1.ZIP/AWESOME1.MOD
553c2819d3df222e24bde7f936b3fdb6	1	631993	player+silence	uade	Noisetracker 1.x	0	116076	0e82706a	61967f76	4/TBLASTER/4MODS.ZIP/AXELF.MOD
5591c3b4d51a7b7df68f0644d7b34df4	1	268399	player	st23play	BMOD2STM	4	66144	06521b04	305875e1	1/SBLASTER/STMSNDS.ZIP/FLETCH.STM
562dfb3f54dd9f1929e0442ea0160121	1	153078	player	uade	Protracker compatible	0	151046	26076345	b81177fa	4/TBLASTER/SQUADRON.ZIP/SQUADRON
57f43c052f4117b5e4c645e332388926	1	130693	player	uade	Protracker compatible	0	71054	d1a24fc3	7144cd4d	4/TBLASTER/COMPLICA.ZIP/COMPLICA.MOD
5a4860c5f756038c5e7273c90f622b4b	1	238197	player	uade	Protracker compatible	0	115724	3eaf0534	e9c21562	4/TBLASTER/IRONTEAR.ZIP/irontear.mod
5b0ecad3884d4df1fd016574541cf2ff	1	99968	player	uade	Noisetracker 1.x	0	73920	361c09c5	8e843b8f	4/TBLASTER/CHINDUDE.ZIP/CHINDUDE.MOD
5c5435f24b9462914fbdeb9ff43e773b	1	76679	player	st23play	BMOD2STM	4	24960	0d78f7e5	6978b16a	1/SBLASTER/STMSNDS.ZIP/LITLCHIN.STM
5c7ee9a6cf66c7b46221f85b8367e582	1	30824	player	uade	Noisetracker 1.x	0	30456	963a8478	e001e91a	4/TBLASTER/ARKANOID.ZIP/ARKANOID.MOD
5cbbcab3b08aa0ba41fa5144828bc220	1	285490	player+silence	uade	Soundtracker II (31 instr.)	0	143336	6db93e87	6337a8f5	4/TBLASTER/BEZ_CALM.ZIP/BEZ_CALM.MOD
5ce16ef0d02cee85d70cd657256c6b59	1	181451	player+silence	uade	Protracker compatible	0	116882	94cf0fe2	a3d9550b	4/TBLASTER/FIRSTSHO.ZIP/FIRSTSHO.MOD
5de6469eed137ecb0f5bd09d78f05866	1	242055	player	uade	Protracker compatible	0	123210	56175a83	01cb0949	4/TBLASTER/6TBMODS.ZIP/CREAM.MOD
5de6469eed137ecb0f5bd09d78f05866	1	242055	player	uade	Protracker compatible	0	123210	56175a83	01cb0949	4/TBLASTER/CREAM2.ZIP/CREAM.MOD
5e9b7b17a2d2897601698d3b530fffdd	1	145683	player	st23play	BMOD2STM	4	93024	5562b24b	244ef1cb	1/SBLASTER/GRILLED.ZIP/GRILLED.STM
5f21e0b9ff94fbef5c3c767a9c3bba32	1	127799	player	st23play	Scream Tracker 2.x	4	73200	ece544f4	4ced55ca	1/SBLASTER/BLACKH.ZIP/BLACKH.STM
5f21e0b9ff94fbef5c3c767a9c3bba32	1	127799	player	st23play	Scream Tracker 2.x	4	73200	ece544f4	4ced55ca	4/MISCMUS/STMLIB_1.ZIP/BLACKH.STM
5f314fc2889a6714a5b43fa90843303e	1	180409	player+silence	uade	Protracker compatible	0	158428	b0b9b9c9	22dba23d	4/TBLASTER/GHOST2.ZIP/GHOST2.MOD
5fd9f7d6154ed48efd4099904a857b81	1	122997	player	uade	Soundtracker II (15 instr.)	0	53710	1ff0d543	f4b675e8	1/SBLASTER/POPCORN.ZIP/POPCORN.MOD
6068ea691a0d81c105d9288668ac1ab1	1	192141	player	uade	Soundtracker II (15 instr.)	0	59320	efa6d216	38586cd6	4/TBLASTER/CAMBOD.ZIP/CAMBOD.MOD
609d6933bf28d1886ec8fcb76b86dd4e	1	124805	player	uade	Protracker	0	76770	5e314d37	546fc339	4/TBLASTER/UNDERGRO.ZIP/UNDERGRO.MOD
61b841077d608de609b078784258466a	1	71816	player	uade	Protracker compatible	0	50828	2eda83ac	445b1447	4/TBLASTER/AHREV2.ZIP/AHREV2.MOD
62a0beb841f37550a1477b2e43658ffd	1	61568	player	uade	Protracker compatible	0	39856	d3fbafd3	10b7ddb1	4/TBLASTER/MUSTHAVE.ZIP/MUSTHAVE.MOD
6448b90c14a9dc969cd78f2eecef8464	1	53872	player	uade	Soundtracker II (15 instr.)	0	46154	5f26c823	643700e4	4/TBLASTER/RENEWER.ZIP/RENEWER.MOD
647fd41fe9707b109b309196ca23d816	1	195959	player	uade	Protracker compatible	0	86564	bbe0fb64	660057fc	4/TBLASTER/FUNKNJAM.ZIP/FUNKNJAM.MOD
6518a42695822406adbe7be6e5420c37	1	186836	player	uade	Protracker compatible	0	177152	92eb01af	23524cf6	4/TBLASTER/6TBMODS.ZIP/LABYRINT.MOD
6532d865c875cede3f5c6b023ee510ea	1	168691	player	st23play	Scream Tracker 2.x	4	106368	d2a54a5b	8890c404	4/STM/PUNCHSMA.ZIP/PUNCHSMA.STM
65833e72ddf6a1e945e6c68c218fd35d	1	174458	player	st23play	Scream Tracker 2.x	4	135473	97a5d061	2459254e	1/SBLASTER/DREAM1.ZIP/DREAM1.STM
65833e72ddf6a1e945e6c68c218fd35d	1	174458	player	st23play	Scream Tracker 2.x	4	135473	97a5d061	2459254e	4/MISCMUS/STMLIB_3.ZIP/DREAM1.STM
661bf5e1fb6a827d697b6e0c15b44287	1	127920	player	uade	Protracker	0	302974	2a02b3bc	6cab5846	4/TBLASTER/HOUSEOUT.ZIP/HOUSEOUT.MOD
66ea77ced797b2a9d30e893b66e0e580	0	206026	player	uade	Ultimate-Soundtracker or compatible	0	65440	c6a18b4c	e62410e4	4/TBLASTER/FINVIS.ZIP/FINVIS.MOD
670922a4da94af43c746869864ba891f	1	80236	player	uade	Noisetracker 1.x	0	338858	c9a57dfe	4e51c126	4/TBLASTER/NEWACTIO.ZIP/NEWACTIO.MOD
6771fa1396f838b8fdd54e0973160c0a	1	130693	player	uade	Noisetracker 1.x	0	53248	21d535e9	1a0ced76	4/TBLASTER/ONMYMIND.ZIP/ALWAYSON.MOD
679ce40c23b9fee14689b285564b1f62	1	161913	player+silence	uade	Protracker compatible	0	116230	6a71f9c3	617146a2	4/TBLASTER/RUNGAUNT.ZIP/RUNGAUNT.MOD
68316e3a30fbdf9849387e028b853209	1	81427	player+silence	uade	Protracker compatible	0	70890	5afeb12f	9a21850a	4/TBLASTER/AUSTEX.ZIP/AUSTEX.MOD
68dd096ec04e470bc742b364950af9d3	1	199797	player	uade	Noisetracker 1.x	0	88404	25abc149	4a81d997	4/TBLASTER/9NEWMODS.ZIP/GHOST.MOD
692247fbb7778440d7e520c56f9b9405	1	478725	player+silence	st23play	BMOD2STM	4	82784	c6664d89	a227ebf7	1/SBLASTER/MONKEYD.ZIP/MONKEYD.STM
6975a9352bd70c0cbe6d1a53f842a009	1	246874	player+silence	st23play	Scream Tracker 2.x	4	159920	d6135a05	ed7b3b99	4/STM/CHRUSH.ZIP/CHRUSH.STM
69882c2bc56e2077ea12b5aea15c1b98	1	65406	player	uade	Soundtracker II (15 instr.)	0	189920	49b30dde	5476e823	4/MISCMUS/JMPLAY11.ZIP/1.NST
69882c2bc56e2077ea12b5aea15c1b98	1	65406	player	uade	Soundtracker II (15 instr.)	0	189920	49b30dde	5476e823	4/TBLASTER/CRYBABY.ZIP/CRYBABY.MOD
69882c2bc56e2077ea12b5aea15c1b98	1	65406	player	uade	Soundtracker II (15 instr.)	0	189920	49b30dde	5476e823	4/TBLASTER/JMPLAYER.ZIP/JMPLAY11.ZIP/1.NST
69a25edfd0f34742119ddd05d42f855f	1	159204	player+silence	uade	Noisetracker 1.x	0	146880	ab2f544c	7d587ea5	4/TBLASTER/ECSTACY.ZIP/ECSTACY.MOD
6a44b84a7b4f24f5939e7ea35c249a5a	1	20797	player	st23play	Scream Tracker 2.x	4	77071	419bca62	fafa598f	1/SBLASTER/FLASH4F.ZIP/FLASH4F.STM
6a5bcd6319d8f51322cfe022c6d0d868	1	383901	player	uade	Soundtracker II (31 instr.)	0	97336	f0139f5f	f4406551	4/TBLASTER/DRAGONS2.ZIP/DRAGONS2.MOD
6a68e4f96ea8ce738a92798f48d4f754	1	233877	player	st23play	BMOD2STM	4	72256	7c63b7c6	1a229f76	1/SBLASTER/STMSNDS.ZIP/LEVBRAIN.STM
6a93ed8b57eb79705f7ac926eab420b8	1	84616	player	uade	Protracker compatible	0	181498	1ebd527b	b9fc7ff3	4/TBLASTER/GETECHNO.ZIP/GETECHNO.MOD
6ad8ec26f9b8cb9904495c6fdf3c603c	1	199797	player	uade	Soundtracker II (31 instr.)	0	68400	dad3d1ef	85b0c71c	1/FILES/GAMES5/SWMOD.ZIP/STARWARS.MOD
6ad8ec26f9b8cb9904495c6fdf3c603c	1	199797	player	uade	Soundtracker II (31 instr.)	0	68400	dad3d1ef	85b0c71c	4/TBLASTER/STRWARS.ZIP/STARWARS.MOD
6b1a2d6a44685889fb8cc4838173bb60	1	105836	player	uade	Protracker compatible	0	47344	9c78f662	62e5d62e	4/TBLASTER/WHATSUP_.ZIP/WHATSUP.MOD
6be79c1ec3d097ec99436262809f3b7e	1	90005	player	ft2play	Fasttracker (M.K.)	4	87120	6490bef3	d75b7546	4/MISCMUS/MODED100.ZIP/BREATH.MOD
6be79c1ec3d097ec99436262809f3b7e	1	90005	player	ft2play	Fasttracker (M.K.)	4	87120	6490bef3	d75b7546	4/PCSPKR/MODED100.ZIP/BREATH.MOD
6be79c1ec3d097ec99436262809f3b7e	1	90005	player	ft2play	Fasttracker (M.K.)	4	87120	6490bef3	d75b7546	4/TBLASTER/4MODS.ZIP/BREATH.MOD
6be79c1ec3d097ec99436262809f3b7e	1	90005	player	ft2play	Fasttracker (M.K.)	4	87120	6490bef3	d75b7546	4/TBLASTER/MOD_FILE.ZIP/BREATH.MOD
6d088d885a439ec8464f2617416441e8	1	339958	player+silence	st23play	Scream Tracker 2.x	4	115902	8f47d07f	949f82f6	4/STM/WHOKNOWS.ZIP/WHOKNOWS.STM
6d1b7cd596e7641c9d4d71ea67908899	1	237281	player+volume	uade	Protracker compatible	0	127544	27ec0c1b	cdf7095e	4/TBLASTER/ITMUST.ZIP/ITMUST.MOD
6daaf200d0cbe079d30f480b96b27201	0	71314	player	uade	Ultimate-Soundtracker or compatible	0	58510	c0872cc6	efc91573	1/SBLASTER/TECH31.ZIP/TECH31.MOD
6dcbc98241eef65bf1e23dca0a3901f2	1	257407	player	uade	Protracker compatible	0	227102	90737252	40dbdaa6	4/TBLASTER/MOD_FILE.ZIP/DEAD.MOD
6ddbdff3cceecb87cd4a47507a4cd4bf	1	179984	player	uade	Protracker	0	263766	f4673591	fec0a32f	4/TBLASTER/GETDOWN.ZIP/GETDOWN.MOD
6df3174e8dbb7b93b44db2fe538e0a88	0	154329	player+silence	libopenmpt	SoundTracker 2.0 / 2.1 / 2.2	4	105216	d997bb64	0a4f5414	4/MISCMUS/MPLAY200.ZIP/ALF.MOD
6df3174e8dbb7b93b44db2fe538e0a88	0	154329	player+silence	libopenmpt	SoundTracker 2.0 / 2.1 / 2.2	4	105216	d997bb64	0a4f5414	4/TBLASTER/ALF.ZIP/ALF.MOD
6eaa3721a4bd358a4baca444f6e79e51	1	233877	player	st23play	Scream Tracker 2.x	4	113202	9ca7ec3b	934a8f26	4/MISCMUS/STMLIB_2.ZIP/BRAIN.STM
6f6023a8433b9d4e4b9df45443101642	1	138369	player	uade	Protracker compatible	0	90642	683264b5	a0b934c7	4/TBLASTER/STEAM.ZIP/STEAM.MOD
6fb6acd7df4f0717c92e9d168535c0e8	1	354826	player+silence	uade	Protracker compatible	0	184430	51b9135b	5db4800c	4/TBLASTER/LIVEJAM.ZIP/LIV.MOD
6fd20f0b1576ed776bfb99743a402de9	1	215149	player	uade	Protracker compatible	0	71526	78249fe7	aaa0174c	4/MISCMUS/TETRA10.ZIP/SONG/!VOYAGER.NST
709654c2e7427ec8235918fedfa39fe3	1	23168	player	uade	Protracker compatible	0	18130	5cca0fed	95bdf196	4/MISCMUS/TETRA10.ZIP/SONG/EFTECHO!.NST
71cc9c9e002b4041bc27e6a86bec9d2f	1	176367	player	st23play	BMOD2STM	4	78928	98dd8d49	0f2098f5	1/SBLASTER/FYCSTM.ZIP/FYC.STM
73528d581fa795bc3d3a53c070917ad3	1	169093	player	uade	Protracker compatible	0	67200	440223e6	31ed9038	4/TBLASTER/NURD.ZIP/NURD.MOD
73d044db20ca9659fbea5de6fecbb168	1	630917	player+silence	st23play	Scream Tracker 2.x	4	115188	d217e61a	25d9e0ab	1/SBLASTER/AXEL.ZIP/AXEL.STM
73fc9b9147b341b7184121f6bbe5ba2e	1	352734	player	st23play	BMOD2STM	4	93568	6f3ab3f9	c24e914c	1/SBLASTER/STMSNDS.ZIP/LETSHEAR.STM
7415fdde4ec0dad78b56925eb203fe88	1	184445	player	uade	Protracker compatible	0	162213	d199df0e	abebf5e4	4/TBLASTER/BREEDERR.ZIP/BREEDERR.MOD
7465dd1f47adce60cf4498f12bf6b527	1	169093	player	uade	Protracker compatible	0	91504	db94e586	a6ca11b3	4/TBLASTER/9NEWMODS.ZIP/NIGHTFLL.MOD
752af1d32c66f4d0a9f8e42818ccdbba	1	158211	player+volume	uade	Soundtracker II (15 instr.)	0	121904	847606e3	c9867e26	4/TBLASTER/CHOPPER2.ZIP/CHOPPER.MOD
756c30b36d9435a072f40cd6e5205d4c	1	384122	player	uade	Soundtracker II (15 instr.)	0	116553	0c5ef6ae	c877961a	4/TBLASTER/6TBMODS.ZIP/DATAMUS.MOD
76312a3afde7bfac65a042f61643f467	1	147331	player	uade	Protracker compatible	0	50036	1ee6baed	8e7ef817	4/TBLASTER/FUNTUNE.ZIP/FUNTUNE.MOD
772887b4316c08b0634d7002d454b38a	1	66029	player	uade	Protracker compatible	0	68960	efc44e20	8036ca1b	4/TBLASTER/OPERATIN.ZIP/OPERATIN.MOD
779b89afc751a583af45b9e06957f1ab	1	245391	player	st23play	Scream Tracker 2.x	4	82196	d389fded	61c5dc7a	4/WRK/RMIXBYST.ZIP/RMIXBYST.STM
77b46f53ac0d61e170966c3d0966dd1d	1	153359	player	st23play	BMOD2STM	4	65504	d5995d45	ad682f6c	1/SBLASTER/STMSNDS.ZIP/CFRMUS4.STM
780d3bf33498bbc93605bf0cc420754f	1	106821	player	uade	Noisetracker 1.x	0	72734	5e327fe8	bdc00aad	4/TBLASTER/SYNC_3.ZIP/SYNC-3.MOD
7825da0bdc31950982abd5d2a0593efb	1	128121	player	uade	Soundtracker II (15 instr.)	0	64628	1be1423d	5da08af8	4/TBLASTER/AWESOME2.ZIP/AWESOME2.MOD
790a7aae3d69a2e5ad2560dff2ba8abb	1	252778	player+silence	uade	Protracker compatible	0	170610	60f0f9aa	4e02683e	4/TBLASTER/GALAXYII.ZIP/GALAXYII.MOD
79205b7625345c45bdc7de97d96bbce7	1	309743	player+silence	st23play	Scream Tracker 2.x	4	108064	32d8cfb3	741523a4	1/SBLASTER/AFACE.ZIP/AFACE.STM
7a35916d2500071b0d540a630824776f	1	298172	player+silence	uade	Noisetracker 1.x	0	93458	78a73d73	1d920ad1	4/TBLASTER/LETSHEAR.ZIP/LETSHEAR.MOD
7a699080f9d56f2e22f4a4e856674086	1	153721	player	uade	Soundtracker II (31 instr.)	0	97552	59c848f3	9a28b669	4/TBLASTER/KAWAIK1.ZIP/KAWAIK1.MOD
7b6d413ab7f882cb2c1fc09c26b813f1	1	35968	player	uade	Soundtracker II (15 instr.)	0	41472	1a6635e2	bc6b1e93	4/TBLASTER/AFTERT.ZIP/AFTERT.MOD
7b76e1137d83a73488c9c2fd89b260f4	1	245893	player	uade	Noisetracker 1.x	0	46800	4f4097f5	39cf258b	4/TBLASTER/PT.ZIP/PT.MOD
7cb8859c8d9248862400001962a13af9	1	89278	player	uade	Protracker compatible	0	102626	bce3f091	7f63802a	4/TBLASTER/HDTITLE.ZIP/HDTITLE.MOD
7cfe709f2b494bd44a69921a924933a9	1	326531	player	uade	Protracker compatible	0	165818	c17f8f63	c8b5ac9f	4/TBLASTER/CRAZYTRN.ZIP/CRAZYTRN.MOD
7ddb0f6b738f354e1dadd38059cc933b	1	204941	player	uade	Soundtracker II (15 instr.)	0	77576	975d3045	e292a248	4/TBLASTER/CROCKET.ZIP/CROCKETS.MOD
7de5f40aa2a77343d12648e70655f317	1	78106	player	st23play	Scream Tracker 2.x	4	48243	d5fcc09a	fa016681	4/TBLASTER/AGGROMIX.ZIP/AGGROMIX.STM
7e0537e066a876034fd12887e1c1ab3c	1	268399	player	st23play	Scream Tracker 2.x	4	192592	3f1cfcf2	a56b59a4	4/STM/MOD1.ZIP/MOD1.STM
7e10ff32119a8527c08f21bb76798814	1	153721	player	uade	Soundtracker II (31 instr.)	0	88876	4a91db1c	018da26a	4/TBLASTER/KAWAI.ZIP/KAWAI.MOD
7e8b6cd6f2f62364182d19831966aa20	1	268921	player	uade	Protracker	0	107514	d513efe1	ad87335f	4/TBLASTER/STORIES.ZIP/STORIES.MOD
7e993032bcfe4733a8d63dff5d88d7c7	1	176769	player	uade	Soundtracker II (31 instr.)	0	78762	8aef3a76	eaee5e7c	4/TBLASTER/FYC.ZIP/FYC.MOD
7f2a8abf3bc0b356a411f70952a973c4	0	115028	player	libopenmpt	Master Soundtracker 1.0	4	110866	20a95485	d977ad84	4/TBLASTER/MADMONKS.ZIP/MADMONKS.MOD
7f981818fb8131368fa765f49a7e307b	1	179321	player	uade	Protracker	0	76870	2ec6a749	a0b3bfdf	4/TBLASTER/INCONTS1.ZIP/INCONTS1.MOD
7fc5cb2c546f04926a0037fb1e729c9d	1	27006	player	uade	Protracker compatible	0	32172	fac5a122	03b7442d	4/TBLASTER/OLYMPIC.ZIP/OLYMPIC.MOD
7fe69ea4e33493796b2267bb005fce26	1	265968	player+silence	uade	Protracker compatible	0	98750	070e7f78	9573f86d	4/TBLASTER/POORMOUT.ZIP/POORMOUT.MOD
8104fc1baeb03fe18f29b90327a7e5b9	1	335051	player	uade	Soundtracker II (31 instr.)	0	95528	8f198fa6	42596d68	4/TBLASTER/HUNTMOD.ZIP/HUNTER.MOD
819d24739e977095cd7e974e7a8df05d	1	73082	player	uade	Noisetracker 1.x	0	57128	d94be46b	71566739	4/TBLASTER/PIANOPLI.ZIP/PIANOPLI.MOD
8249992be2d5ff925bf005dde6518815	1	157579	player	uade	Noisetracker 1.x	0	90972	bbc3ecd5	c90cd1a1	4/TBLASTER/SMOKE.ZIP/SMOKE.MOD
82b0be936ec646bd2f8681d19176936e	1	310016	player+silence	uade	Soundtracker II (31 instr.)	0	78742	53c7718c	52cf2bb8	4/TBLASTER/MAGNET.ZIP/MAGNET.MOD
8416482fc10f95d112b5a9b50d28b897	1	238197	player	uade	Protracker compatible	0	161922	621a760b	43a947f0	4/TBLASTER/PUMPUPJ.ZIP/PUMPUPJ.MOD
84590ae587b79782ac6d88f49def2320	1	80276	player	st23play	Scream Tracker 2.x	4	69885	6fa8c59e	c5fada18	4/STM/SYKSAV.ZIP/SYKSAV.STM
858bf80e34d6c2d0f24b6637eed8fa01	1	214707	player	st23play	Scream Tracker 2.x	4	76648	e04a2fd3	79d6b1dd	4/STM/THEMODEL.ZIP/THEMODEL.STM
877219abffb6ebfd6a9140278e465759	1	430278	player	uade	Protracker compatible	0	163570	44a29add	787d21e3	4/TBLASTER/IMGWOMAN.ZIP/IMGWOMAN.MOD
87866f915b223287423e38ee954ceab5	1	84616	player	uade	Noisetracker 1.x	0	53576	6c700a08	5f7768d7	4/TBLASTER/EAGLES.ZIP/EAGLES.MOD
878bef4d7e08299f3a53023de12be2b1	1	155767	player+silence	uade	Soundtracker II (15 instr.)	0	171880	8f11cbc1	20c453a2	4/TBLASTER/BLOOD.ZIP/BLOOD.MOD
87baf96fafb938ac94e99782a2e88bdc	1	309290	player	st23play	Scream Tracker 2.x	4	194836	06f54ca0	6858fcbc	1/SBLASTER/TRANSF.ZIP/TRANSF.STM
8800b62f75efc4447750552eaa0ea300	1	51320	player	uade	Protracker compatible	0	12276	83566e64	cca6adfd	4/TBLASTER/VIOLENT.ZIP/VIOLENT.MOD
88d3049d731a3e958d636d1bfdc880e6	1	276055	player	st23play	BMOD2STM	4	54832	f48cbf3e	25b2e1f8	1/SBLASTER/MINIBLST.ZIP/MINIBLST.STM
89819272a8c487b3a253cd1683476f1f	1	84616	player	uade	Noisetracker 1.x	0	133456	8b2e26b9	dab40305	4/TBLASTER/SPIKEMIX.ZIP/SPIKEMIX.MOD
8acd25020e5560aad9fccd1575abeb65	1	44910	player	uade	Protracker compatible	0	39210	77003471	4c3a25f4	4/TBLASTER/MUNKJAMS.ZIP/MUNKJAMS.MOD
8ad29522efeac6526f93a809456733b5	1	242055	player	uade	Protracker compatible	0	106026	e4ee9063	456aae5c	4/TBLASTER/9NEWMODS.ZIP/CHICAGO.MOD
8ad29522efeac6526f93a809456733b5	1	242055	player	uade	Protracker compatible	0	106026	e4ee9063	456aae5c	4/TBLASTER/CHICAGO.ZIP/CHICAGO.MOD
8cb50f1ac19241fd2594e363314f5e3b	1	188562	player+silence	uade	Protracker compatible	0	115272	c8f95924	132517ed	4/TBLASTER/RHYTHMAS.ZIP/RHYTHMAS.MOD
8cf848def4acbe473f6245b4f44fe251	1	160975	player	st23play	Scream Tracker 2.x	4	89104	fff4f751	64419e5a	4/STM/JUSTICE.ZIP/JUSTICE.STM
8d73dca7e64df243cac074401cbfe8bb	1	279169	player	uade	Protracker compatible	0	123588	05f08d24	d169f762	4/TBLASTER/CYCLEDEL.ZIP/CYCLEDEL.MOD
8e2d278d576a7f59710a2b19aeca49e8	1	20516	player	st23play	Scream Tracker 2.x	4	105600	9a874b2b	cb19c0dc	4/TBLASTER/ACESHIGH.ZIP/ACESHIGH.STM
8e95f59be1ca3ea3efff53a66a2d83c1	1	199375	player	st23play	BMOD2STM	4	86704	ee4286cb	cd2a21d5	1/SBLASTER/STMSNDS.ZIP/FUNKNJAM.STM
8ef5dae90dc5d17b55d7da6e9e9fd934	1	145502	player	st23play	Scream Tracker 2.x	4	132830	2ba881bd	88e8ce90	4/STM/LISTEN.ZIP/LISTEN.STM
907e1754b4dec6fb4b8bd908487e0bd3	1	384122	player	uade	Soundtracker II (15 instr.)	0	116528	fb4f31b2	582c1e38	4/TBLASTER/DATAMUS.ZIP/DATAMUS.MOD
92117c5c4559e3ca34f2ac9d4682afe5	1	176769	player	uade	Protracker compatible	0	56626	384ad9ba	e917268e	4/TBLASTER/DOTS.ZIP/DOTS.MOD
9337493d10c128401085c4782c929999	1	145683	player	st23play	BMOD2STM	4	82176	c8987725	edbbf1dc	1/SBLASTER/RAA.ZIP/RAA.STM
937fda46d8ceb09f69e81ee3883d027d	1	149883	player	uade	Protracker compatible	0	76568	25a78951	431504f3	4/TBLASTER/TECHNO_.ZIP/TECHNO.MOD
9420a3c4b116f3627ded85f6d3fabfa9	1	140643	player+volume	uade	Soundtracker II (15 instr.)	0	64618	43ba7c16	c69aa43a	4/TBLASTER/DEMONREV.ZIP/DEMONREV.MOD
94d825d1df3ef342233a450a2a07da3a	1	159220	player+silence	uade	Noisetracker 1.x	0	103392	18f7232a	73425360	4/TBLASTER/MEGAFORC.ZIP/MEGFORCE.MOD
94ea09e4ceb3008d407d14023ed1b9e9	1	99968	player	uade	Protracker compatible	0	50944	16765c1a	651ebc43	4/TBLASTER/YUMMBALL.ZIP/YUMMBALL.MOD
94eae1b207a2bcf3b70facbd14cdc5dc	1	130351	player	st23play	BMOD2STM	4	40236	47432869	8f74aeb0	1/SBLASTER/BLADERUN.ZIP/BLADERUN.STM
95ff053a62049b8e9aaf72a8baf15c72	1	238197	player	uade	Protracker compatible	0	120972	a3c7fb63	92468cd6	4/TBLASTER/RYTHMN.ZIP/RYTHMN.MOD
9611407db37a9608387b5150217add1c	1	84616	player	uade	Soundtracker II (15 instr.)	0	39470	ce89e4f3	c75d0460	4/TBLASTER/TUBLRBEL.ZIP/TUBLRBEL.MOD
9740069b904c649522a2665b5ba0cf22	1	145683	player	st23play	Scream Tracker 2.x	4	86032	2100e2c0	d4762ae4	4/STM/HARLEY.ZIP/HARLEY.STM
976f07c55ad655b2ec087ab838c16d20	1	296129	player	uade	Protracker compatible	0	96956	2336f719	d2889fb1	4/TBLASTER/9NEWMODS.ZIP/BLUE.MOD
97ed5448dfe91da3d04036d1cf89edc1	1	139393	player	uade	Protracker compatible	0	88596	2570671d	507db08f	4/TBLASTER/9NEWMODS.ZIP/TRASH.MOD
987b2ae5f54a24b7d7db2dc38905ede5	1	246215	player	st23play	BMOD2STM	4	78352	28923f71	4092fe57	1/SBLASTER/LOW_ALTI.ZIP/LOW_ALTI.STM
99ae5bc835e39e36609fcd8b4d987808	1	206207	player	uade	Soundtracker II (15 instr.)	0	63336	69df85c1	cf70ccd8	4/TBLASTER/LNINJA2.ZIP/LNINJA2.MOD
9a1ac8ffcb897db0e2824cda5ebc1295	1	380284	player	uade	Noisetracker 1.x	0	215298	dd330b28	84013522	4/TBLASTER/MESSFALL.ZIP/MESSFALL.MOD
9a76a705693b36ecfab40e7d1d8c4f02	1	132762	player	st23play	BMOD2STM	4	57133	7859bfcd	cc66ee00	4/TBLASTER/S_EDEMO.ZIP/S&EDEMO.STM
9a76a705693b36ecfab40e7d1d8c4f02	1	132762	player	st23play	BMOD2STM	4	57133	7859bfcd	cc66ee00	4/TBLASTER/S&EDEMO.ZIP/S&EDEMO.STM
9b66f327d290f6b91c9e509d1b8c5744	1	130693	player	uade	Protracker compatible	0	93694	2ee7d5ac	920ae2a3	4/TBLASTER/EINSTEIN.ZIP/EINSTEIN.MOD
9b7e50f6245078d9d52d3f1b823d5635	1	226557	player+silence	uade	Soundtracker II (31 instr.)	0	109710	831c63b0	76a76658	4/TBLASTER/DEEPRED.ZIP/DEEPRED.MOD
9ba2c05226ffd7eb89ce5ca9cffd15be	1	457546	player	st23play	Scream Tracker 2.x	4	102773	634978bc	62492784	4/STM/AGONY.ZIP/AGONY.STM
9da61fa5660a737d8a1b93ff8bff0bd3	1	184445	player	uade	Noisetracker 1.x	0	122564	35e7c153	c507c971	4/TBLASTER/MUSIC4.ZIP/MUSIC4.MOD
9e09f57aa23803889aa008d191f1db82	1	254625	player+silence	uade	Protracker	0	91066	80424342	3c4ba848	4/TBLASTER/SHELLEY.ZIP/SHELLEY.MOD
9e682c6ec667846d064f8f630e34914e	1	69224	player	uade	Soundtracker II (15 instr.)	0	37592	8ab0771b	20accabe	1/MIDIFILE/UNITEDA.ZIP/UNITEDA.MOD
9e7d89d4d07c47f766f5b9c50337c3d0	1	92011	player	st23play	BMOD2STM	4	62000	fcc59ac0	2894ce04	1/SBLASTER/DELTA2.ZIP/DELTA2.STM
9e885282af568c1a5a3006ba37cbbe13	1	200802	player	st23play	Scream Tracker 2.x	4	168896	09cc66fc	9765dd75	4/STM/WATCH.ZIP/WATCH.STM
9ea5037f695a98e690f49755f9b96161	1	590530	player	uade	Protracker compatible	0	71680	2aabbe7d	ac76616f	1/FILES/GAMES5/EMOTIONS.ZIP/EMOTIONS.MOD
9ecaa3c67aabf6c53dc5ccb4b4970c18	1	161397	player	uade	Soundtracker II (15 instr.)	0	48408	1f84a2c5	9dab62db	4/TBLASTER/WAVEMOD.ZIP/WAVE.MOD
9f136d042b5c88d6a5c9ee66b42f26c2	1	81723	player	uade	Soundtracker II (15 instr.)	0	55450	bc510fae	6f3738df	4/TBLASTER/AIRRABIT.ZIP/AIRRABIT.MOD
a02f4a0b62de3691461464229be0189b	1	143493	player	uade	Soundtracker II (15 instr.)	0	59844	87040e43	94d5df3f	4/TBLASTER/WOTROCK.ZIP/WOTROCK.MOD
a04b053dd77bcabbc5bea3c666668636	1	176769	player	uade	Soundtracker II (31 instr.)	0	154140	a90e93ee	55be53ed	4/TBLASTER/JARRE.ZIP/JARRE.MOD
a1427da886e87caff6c882ba858a0850	1	264213	player+silence	uade	Noisetracker 1.x	0	112676	6b99729e	404574c2	4/TBLASTER/DNS.ZIP/DNS.MOD
a340565eab5444614bf2ef7580ec0aac	1	80758	player	uade	Protracker compatible	0	64194	1ae6c584	d7c569d7	4/TBLASTER/THEBEAT.ZIP/THEBEAT.MOD
a4bba349052842eb08ce74ef983db734	1	192141	player	uade	Protracker compatible	0	88392	0351fb7f	f58a74ac	4/TBLASTER/NOTHING.ZIP/NOTHING.MOD
a5402e64cc1f3ada47d275c816eadbaf	1	122997	player	uade	Protracker compatible	0	136000	bafea637	45c29611	4/TBLASTER/HOUSE2.ZIP/HOUSE.MOD
a63aa11294c9880fc1f01e2dcb49c0ce	1	253047	player	st23play	BMOD2STM	4	112304	f4db1611	61d5f3dc	1/SBLASTER/K_BTRFLY.ZIP/K_BTRFLY.STM
a65959fb9b8e31371390ed00b0a4a839	1	192141	player	uade	Protracker compatible	0	72916	b309f6bb	9473d4c1	4/TBLASTER/MODELDIS.ZIP/MODELDIS.MOD
a67266c1947c7afa5409ffc7cad14856	1	42157	player	st23play	BMOD2STM	4	114304	212d18ab	266eeaf7	1/SBLASTER/STMSNDS.ZIP/FREAKOUT.STM
a687062400f7ef260bf69ee9fe8df68f	1	143175	player+silence	uade	Protracker compatible	0	83244	4b453786	e9574c1f	1/SBLASTER/MODS01.ZIP/AXXENON.MOD
a6ba0bf18c1be5d760ea38e41b53647a	1	94222	player	uade	Protracker compatible	0	86876	921bb667	31cedb05	4/TBLASTER/DTDMSOUN.ZIP/DTDMSOUN.MOD
a80d2c4022a79ea5bea839a406f21e8c	1	205564	player	uade	Protracker compatible	0	92246	5b80665c	eafb78d7	4/TBLASTER/COUSTEAU.ZIP/COUSTEAU.MOD
a82b67315e5a769c236b12005ff7f5e6	1	191306	player+volume	uade	Noisetracker 1.x	0	86612	1476d4d6	a0bfe8b2	4/TBLASTER/EMBOLD.ZIP/EMBOLD.MOD
aaff750bcead61a465b6ed6054043f7b	1	207493	player	uade	Soundtracker II (31 instr.)	0	75972	b8b43d43	408d9054	4/TBLASTER/POWER.ZIP/POWER.MOD
ab106ffcb61759b8c239eec66aba1262	1	75011	player	uade	Protracker compatible	0	51326	fe4bf09b	5d166814	4/TBLASTER/BREAKF.ZIP/BREAKF.MOD
ac30a21bd83f46cafe7f462c7fe95b52	1	119179	player	uade	Protracker compatible	0	70504	ec8bda92	f3b4b2bb	4/TBLASTER/KEFRENS2.ZIP/KEFRENS2.MOD
ac5db86e2d0d48fd6d1c41df1ab4b546	1	288392	player	uade	Protracker compatible	0	210714	00fa9d08	da3b7491	4/TBLASTER/DAISY.ZIP/DAISY.MOD
ad28ffa2b2441e2de75a5e0466959c48	1	38339	player	st23play	Scream Tracker 2.x	4	116232	e836ee56	35a1d1f7	1/SBLASTER/GETUP.ZIP/GETUP.STM
ae95ca4ca6850f87bc4adb4b13cb55fa	1	76920	player	uade	Protracker compatible	0	42374	a54b818e	7f0b5e82	4/TBLASTER/RUMBLE.ZIP/RUMBLE.MOD
aeb94367ef6177a679945ed243d3f965	1	30663	player	st23play	Scream Tracker 2.x	4	30580	d40d1aaf	b78d9e55	4/STM/ARKANSTM.ZIP/ARKANOID.STM
aeec6c3b805fc02d43b86587cb453971	1	192141	player	uade	Noisetracker 1.x	0	47040	419453dc	6e230c36	1/FILES/GAMES5/AMIGAGOE.ZIP/AMIGAGOE.MOD
b00cc6a47aa0163624c64da44538ba0b	1	172931	player	uade	Protracker compatible	0	143674	0992273f	9af6f094	4/TBLASTER/BPOPPED.ZIP/BPOPPED.MOD
b01a547b87f9a0edeb16c427ecc31dce	1	122997	player	uade	Protracker compatible	0	81474	2c5b1a10	2b992440	4/TBLASTER/ITSASIN.ZIP/ITSASIN.MOD
b1dee770bcc5faa6ff0ea797e9c2ef54	1	56223	player	st23play	Scream Tracker 2.x	4	75630	6731e242	34672ecd	4/STM/ECC21.ZIP/ECC21.STM
b23d7bf62f4de2e06cad760d79380360	1	261245	player	uade	Noisetracker 1.x	0	67978	898d4229	7b63d4c9	4/TBLASTER/HNOISE.ZIP/HNOISE.MOD
b28f2a37a9e615e31f171e7c83ede677	1	233030	player+silence	uade	Soundtracker II (15 instr.)	0	73704	30701663	4a55826f	4/TBLASTER/MUSIC2.ZIP/MUSIC2.MOD
b30705ef1feacabe3441407dd68b7660	1	96171	player	uade	Protracker compatible	0	58778	fd7f8d65	67972573	4/MISCMUS/TETRA10.ZIP/SONG/GREEN.NST
b37372493d8f42ea363524c0a9dbade2	1	138369	player	uade	Noisetracker 1.x	0	28314	b868838c	22040272	1/FILES/GAMES5/TRSI-SRP.ZIP/SWHERE.MOD
b3a4bc19e8aef1d1c9d922979fed68cc	1	145683	player	st23play	BMOD2STM	4	59184	c64c3eaa	355b004d	1/SBLASTER/STMSNDS.ZIP/HITSQUAD.STM
b3ff24ce6487f54bdc79298fe77a3dff	1	301092	player	st23play	Scream Tracker 2.x	4	194712	ea87c040	b327cb73	1/SBLASTER/CONTROLL.ZIP/CONTROLL.STM
b44791e9158837cac42d0677579eec0d	1	161397	player	uade	Soundtracker II (15 instr.)	0	43926	efd4dfc9	7229c14b	4/TBLASTER/ECHOING.ZIP/ECHOING.MOD
b44c6838ddbdc33ca6ad68d99fee2810	1	147912	player+silence	uade	Protracker	0	308468	83ae22c4	fd41bac5	1/FILES/EGA/TRSICOL.ZIP/SWHERE.MOD
b456b456c56d06e0dfd49b18c7bfb60b	1	268921	player	uade	Noisetracker 1.x	0	65984	fd4dd015	5508b2bc	4/TBLASTER/FLETCH.ZIP/FLETCH.MOD
b456b456c56d06e0dfd49b18c7bfb60b	1	268921	player	uade	Noisetracker 1.x	0	65984	fd4dd015	5508b2bc	4/TBLASTER/MOD_FILE.ZIP/FLETCH.MOD
b4a0903b84d18aaa7770b4644de4be4b	1	169093	player	uade	Protracker compatible	0	30454	d2d1cd5d	2ae4e30c	4/TBLASTER/LITTLE.ZIP/LITTLE.MOD
b4b2b823b35512ce239a60242a5f7beb	1	288171	player	uade	Protracker compatible	0	109936	2d684029	b156012c	4/TBLASTER/DIRT.ZIP/DIRT.MOD
b4b8343c408b44c9987cf6e46f27b25b	1	309893	player	uade	Noisetracker 1.x	0	154802	0e44f9f9	cfdd1879	4/TBLASTER/MESSAGE.ZIP/MESSAGE.MOD
b508bdc8f9ce9a3f8a7c03964bd890e8	1	314736	player	uade	Protracker compatible	0	129266	f4f87b8e	b5874949	4/TBLASTER/NIGHTFAL.ZIP/NIGHTFAL.MOD
b50f68facaa57f21796a12fba7162a6b	1	130693	player	uade	Noisetracker 1.x	0	103506	96ea60ff	bad1e244	4/TBLASTER/WASTELND.ZIP/WASTLAND.MOD
b5609d5dcc2406454bd8c9647a72aeca	1	119179	player	uade	Protracker compatible	0	234840	e46f51d0	e16dc7ca	4/TBLASTER/FUNKDINA.ZIP/FUNKDINA.MOD
b586269b6540d19d6dce5aebfcffc163	1	134651	player	uade	Protracker compatible	0	52968	79325ddc	6abff8b1	4/TBLASTER/ALBERTSL.ZIP/ALBERTSL.MOD
b690e56b3a64080c5eb219007e4ef492	1	115321	player	uade	Protracker compatible	0	34422	78b2b8b3	ee96d259	4/TBLASTER/MUZ.ZIP/MUZ.MOD
b6c0db6e8c3cba3acd24e00de197f42a	1	279069	player	uade	Protracker compatible	0	148908	798a9396	7858c366	4/TBLASTER/BRIDGEMO.ZIP/BRIDGE.MOD
b6d0aabbc4eeac27631dfbe2606a408f	1	146045	player	uade	Soundtracker II (15 instr.)	0	84202	c24b0204	aa4dc827	4/TBLASTER/AWESOME5.ZIP/AWESOME5.MOD
b752c07efc9481986cd6b1fa30d087ec	1	80758	player	uade	Soundtracker II (15 instr.)	0	42320	f450aed1	2d20700b	4/TBLASTER/ACIDBAT2.ZIP/ACB.MOD
b86780c3cb5376bbee414b7452366a47	1	103786	player	uade	Protracker	0	81556	3defe765	6d55d0e4	1/FILES/EGA/POWPTDT.ZIP/MUSIC.DAT
b89b50c61a25acbdac03f48b74385ca2	1	199375	player	st23play	BMOD2STM	4	78880	ab8e1e79	256fbed9	1/SBLASTER/STMSNDS.ZIP/GOTTA.STM
b98b1bdf7899285295f55331733c00eb	1	161397	player	uade	Soundtracker II (15 instr.)	0	73256	26df491d	568e8591	4/TBLASTER/MDRNTALK.ZIP/MDRNTALK.MOD
b9dc5a5f3952c6ad714c2a37f072abcc	1	383499	player	st23play	Scream Tracker 2.x	4	153164	d908d067	68c971d4	4/STM/POLAR.ZIP/POLAR.STM
bb420a26bd81fc37a6300edc2bb71266	1	211745	player+silence	uade	Soundtracker II (31 instr.)	0	116740	03927018	ecca0203	4/TBLASTER/LIVINSIN.ZIP/LIVINSIN.MOD
bc878e96857ab2b923de2763aeabd558	1	69224	player	uade	Noisetracker 1.x	0	111950	145cb325	35190a0d	1/SBLASTER/MODS01.ZIP/ACID1.MOD
c025aee1f2b29fd077a62b8ff1e39f1d	1	224754	player	uade	Soundtracker II (15 instr.)	0	45392	b3472354	ee5de18c	4/TBLASTER/NECRON.ZIP/NECRON.MOD
c13a01a6eef95e044016b3b080b676ea	1	229577	player	uade	Protracker compatible	0	115260	551fcd57	64bfa13c	4/MISCMUS/TBLAST20.ZIP/UNVEILED.MOD
c1c692e562e2c8ce75cb498f40bba126	1	183670	player+silence	uade	Soundtracker II (15 instr.)	0	111536	0f07ad58	9979257c	4/TBLASTER/4MODS.ZIP/SPACETRV.MOD
c1c692e562e2c8ce75cb498f40bba126	1	183670	player+silence	uade	Soundtracker II (15 instr.)	0	111536	0f07ad58	9979257c	4/TBLASTER/SPACET.ZIP/SPACET.MOD
c2adbfd50fd24b6a98c640770e75e965	1	96181	player+silence	st23play	BMOD2STM	4	86816	9921b692	55d1c2ff	1/SBLASTER/EQUINOXE.ZIP/EQUINOXE.STM
c2cf94f841863dc16ce10f3fabf7c91b	1	255317	player	uade	Noisetracker 1.x	0	143030	767d7518	731ac76d	4/TBLASTER/WARRIOR.ZIP/MOD.12T
c3290b74673ca0f57c1a72a7c5a46b54	1	73082	player	uade	Noisetracker 1.x	0	55800	83c2048d	1d723b98	4/TBLASTER/PLINKER1.ZIP/PLINKER1.MOD
c510cf1deb231003b0192bfbc38e9646	1	215149	player	uade	Soundtracker II (31 instr.)	0	144244	4e3fe7b6	8f01566d	4/TBLASTER/POPCORN1.ZIP/POPCORN.MOD
c59b47157ffea1940fae23804feb4bc4	1	356141	player+silence	uade	Noisetracker 1.x	0	93972	4802617a	63591b86	4/TBLASTER/POPCRN.ZIP/POPCORN.MOD
c5ab245053341c031eb9252d700fdb48	1	207051	player	st23play	Scream Tracker 2.x	4	139132	94de01c9	7bb018e3	4/STM/DEATHSTA.ZIP/DEATHSTA.STM
c5ef2939312e76284840811e0adf64c2	1	252946	player	uade	Soundtracker II (15 instr.)	0	120248	7b83778f	bc4d4554	4/TBLASTER/FAIRLIT1.ZIP/FAIRLIT1.MOD
c82b8c1dc7cb51329a233396ba72ebe9	0	47522	player	uade	Ultimate-Soundtracker or compatible	0	33896	0f4d5ded	09489119	4/TBLASTER/6TBMODS.ZIP/ENDTHEME.MOD
c82b8c1dc7cb51329a233396ba72ebe9	0	47522	player	uade	Ultimate-Soundtracker or compatible	0	33896	0f4d5ded	09489119	4/TBLASTER/ENDTHEME.ZIP/ENDTHEME.MOD
c897d2f5d99c8d6f80c6bfdcdba227b9	1	206991	player	st23play	Scream Tracker 2.x	4	189828	8caad49f	4ba68633	1/SBLASTER/COMA.ZIP/COMA.STS
c991584f95fe127d260017f136b952ee	1	38520	player	uade	Soundtracker II (31 instr.)	0	25704	e8d21cc3	f3717ad1	4/TBLASTER/PRETEND.ZIP/PRETEND.MOD
c999200f6db50d73a3d048ff7ee69b6b	1	122997	player	uade	Noisetracker 1.x	0	71282	fb29ff70	47be5d45	4/MISCMUS/JMPLAY11.ZIP/2.NST
c999200f6db50d73a3d048ff7ee69b6b	1	122997	player	uade	Noisetracker 1.x	0	71282	fb29ff70	47be5d45	4/TBLASTER/JMPLAYER.ZIP/JMPLAY11.ZIP/2.NST
ca03f8319982a722b2eb085a266a3239	1	188562	player+silence	uade	Protracker compatible	0	115330	39b40a0d	9d1c311f	4/TBLASTER/RHYTHM.ZIP/RHYTHM.MOD
cac7d1990caf54791d664017a4ac3d66	1	204352	player+silence	st23play	Scream Tracker 2.x	4	93308	f8c2cfba	e39a1e07	4/STM/TARZAN.ZIP/TARZAN.STM
cae4b4e114e679cb2b368ba469299a12	1	197245	player	uade	Soundtracker II (31 instr.)	0	79866	4f864806	50acd21f	4/TBLASTER/STARDUST.ZIP/STARDUST.MOD
cb46fa5f002614be5373a292b62f030d	1	84616	player	uade	Protracker compatible	0	26828	8c10e029	ba718e98	4/TBLASTER/HELLO_.ZIP/HELLO.MOD
cd6bf0cb524ab2fbfbbfe780c98e5659	1	242055	player	uade	Protracker compatible	0	102504	6a84c6f3	2fb237d4	4/TBLASTER/BIGNONIA.ZIP/BIGNONIA.MOD
cd820e3cf8af19cd2f044e61b3eadd96	1	259668	player+silence	uade	Protracker compatible	0	51260	139988e7	3fa9cfdb	4/TBLASTER/BACARDI.ZIP/BACARDI.MOD
cd9f7f13293aca095793f270e3f92c2b	1	311561	player	uade	Protracker compatible	0	321616	549f0c36	3fd81d29	4/MISCMUS/TETRA10.ZIP/SONG/RASMUS.NST
ce895c426260fc2b56cb442974d92b58	1	192141	player	uade	Protracker compatible	0	34482	a84098ef	b5da65fa	4/TBLASTER/SILLY.ZIP/SILLY.MOD
cee1a1f25991488cdcca1c323f93a067	1	242055	player	uade	Noisetracker 1.x	0	410878	d8376cac	97f475fa	4/TBLASTER/DIEAGAIN.ZIP/DIE.MOD
cef73c3370296940d312d2478c6a2d01	1	107645	player	uade	Soundtracker II (15 instr.)	0	54704	06aa9a3a	f44a85cb	4/TBLASTER/LAB_9.ZIP/LAB-9.MOD
cf4cd640e9f83655396ebd3062ad7d10	1	181506	player+silence	uade	Startrekker (4ch)	0	272694	9a69be15	3e2de43c	4/TBLASTER/TREKMOD.ZIP/STARTREK.MOD
d1913634a8d827e768a52b41e1fcd366	1	350423	player+silence	uade	Protracker compatible	0	123768	f1f8a805	93eba829	4/MISCMUS/TETRA10.ZIP/SONG/INTHEMIX.NST
d1fc7f56d6cb41f6344a50a663c5c296	1	76920	player	uade	Protracker compatible	0	46318	e321de8e	4eb93f58	4/TBLASTER/BOURBON2.ZIP/BOURBON2.MOD
d2506a1f55f6cd0cf1367606f44d7fec	1	448142	player	uade	Protracker compatible	0	51196	2300dae7	d9658592	4/TBLASTER/VERTMAD.ZIP/VERTMAD.MOD
d26a0eecb78b35d41c637c18cf539b4b	1	192141	player	uade	Protracker compatible	0	50920	af5979fd	97e40d23	4/TBLASTER/GSCTHEME.ZIP/GSCTHEME.MOD
d33b6a811df0c65b23d0ac1e0b7fd099	1	186836	player	uade	Protracker compatible	0	177195	5fd9e42a	2300a343	4/STM/LABYRINT.ZIP/LABYRINT.MOD
d5057feaec7cc92c42d62c8c89f092e3	1	157579	player	uade	Soundtracker II (15 instr.)	0	90560	f7be34a2	52adbd62	4/TBLASTER/SMKCRSD.ZIP/SMKCRSD.MOD
d561da7706006f9acde3cf84c8b54954	1	138369	player	uade	Protracker compatible	0	76490	5c593f0a	b0861153	4/TBLASTER/PLINKER2.ZIP/PLINKER2.MOD
d6a0bbae2773db6b38e3794bb4aac680	0	253609	player	uade	Ultimate-Soundtracker or compatible	0	68940	59cd1c79	dcb9c1a0	4/TBLASTER/CRYSTALH.ZIP/CRYSTALH.MOD
d6cc47df93508357b1a88ced1de9f56b	1	102520	player	uade	Protracker compatible	0	46308	d370eb84	a1a3fea4	4/TBLASTER/PATZGA.ZIP/PATZGA.MOD
d6d8209c0548fc260ebbc9ff60876f9f	1	233093	player	uade	Protracker	0	49886	9253262c	2dd098bc	4/TBLASTER/LOUDHOUS.ZIP/LOUDHOUS.MOD
d74e915cce93382fecd22242e66a1826	1	185480	player+silence	st23play	BMOD2STM	4	42496	70ad2a99	993b0ed3	1/SBLASTER/PENTATON.ZIP/PENTATON.STM
d75c89c16e302d83c8b9fc83583652e3	1	58695	player	st23play	Scream Tracker 2.x	4	138193	ec2c26d6	5af286cb	4/STM/TRASHGAY.ZIP/TRASHGAY.STM
d7a14c0e57d883cf272651ebe2c5c1e1	1	146165	player	st23play	Scream Tracker 2.x	4	74860	f750fc24	7365dd27	4/STM/MICKEY.ZIP/MICKEY.STM
d8721b634f96ecabafa24ed010f6523a	1	186052	player	uade	Protracker compatible	0	76928	960913f0	110405a2	4/TBLASTER/UNIVERSE.ZIP/UNIVERSE.MOD
d9092dbde1eceb1b8565728d9839b888	1	230541	player	uade	Protracker compatible	0	66236	4e9aa100	724c0fa1	4/TBLASTER/DEARROB.ZIP/DEARROB.MOD
d926dc28e6acfa76b70f21c2f7819d4f	1	199797	player	uade	Protracker compatible	0	78758	2bfe68a6	56ce32a2	4/TBLASTER/9NEWMODS.ZIP/GOTTA-S.MOD
d926dc28e6acfa76b70f21c2f7819d4f	1	199797	player	uade	Protracker compatible	0	78758	2bfe68a6	56ce32a2	4/TBLASTER/GOTTA.ZIP/GOTTA.MOD
da19193ab374c8225f7c6e20ef5e317e	1	224131	player	uade	Noisetracker 1.x	0	123304	59692ab9	7d31d827	4/TBLASTER/GALAMOD.ZIP/GALACTIC.MOD
da1d753f7aadde3fc1c777e51edd02c6	1	172931	player	uade	Protracker compatible	0	143674	1ce4deca	ac8a72ff	4/TBLASTER/BACKPOPD.ZIP/BACKPOPD.MOD
dadf36b87997eaf124457766d21fed6f	0	268399	player	libopenmpt	STM2STX 1.0	4	57698	8b0f77bf	24e08bda	1/FILES/GAMES00/4QUEENS.ZIP/FLT-SND
db5fe470056ee366a5a0137f88b3ca64	1	161397	player	uade	Noisetracker 1.x	0	96520	63d804f6	0704dfc8	4/TBLASTER/DEFENDER.ZIP/DEFENDER.MOD
db64e76edc3e306d7851ec0f45b09b8e	1	107645	player	uade	Soundtracker II (31 instr.)	0	65676	9ca9474c	895440db	4/TBLASTER/HEVYCOOL.ZIP/HEVYCOOL.MOD
dbaf3915a1df798e2206bd3514537d4d	1	184445	player	uade	Protracker compatible	0	97684	169cd962	78cd7baf	4/TBLASTER/DISCOGRV.ZIP/DISCOGRV.MOD
dbed93d88a325377e6a42332adc2168b	1	112769	player	uade	Soundtracker II (15 instr.)	0	25374	23ff64a7	37ff0114	4/TBLASTER/AWESOME4.ZIP/AWESOME4.MOD
dc23be5c857588efdfef9e6ecef68c21	1	276673	player+silence	st23play	Scream Tracker 2.x	4	250591	839cb4cc	ea19aa79	4/STM/OCC_SAN.ZIP/OCC-SAN.STM
dcb9031c66182ced1aaebfefa123a3a3	1	433734	player	uade	Soundtracker II (31 instr.)	0	74325	35454265	679fc526	4/TBLASTER/CYBER.ZIP/CYBER.MOD
dcbed8a85a76446c955053fd9a123a7e	1	138369	player	uade	Protracker compatible	0	71730	3e7f26ec	6388c0d5	4/TBLASTER/MADE.ZIP/MADE.MOD
dd52c8e02ab6e9e289056ad2286dd358	1	112769	player	uade	Soundtracker II (15 instr.)	0	73722	ee8b06ad	4183f0a8	4/TBLASTER/DLT1.ZIP/DLT1.MOD
dd99c576249dcb862de88cd8b6d21f40	1	241527	player+silence	uade	Protracker compatible	0	205088	1e86cad6	fb15aba9	4/TBLASTER/2ACID.ZIP/2ACID.MOD
ddaf3dcc58988c56273923f30bd0fd14	1	260723	player	st23play	Scream Tracker 2.x	4	91452	07e11283	99d92930	4/MISCMUS/RAZOR.ZIP/RAZOR.STM
ddaf3dcc58988c56273923f30bd0fd14	1	260723	player	st23play	Scream Tracker 2.x	4	91452	07e11283	99d92930	4/STM/RAZOR.ZIP/RAZOR.STM
ddc05906adb5c96468fffb0e3934c9f9	1	176875	player+silence	uade	Protracker compatible	0	147818	75f55d0e	5178ab4c	4/TBLASTER/RAGG.ZIP/RAG.MOD
de856b4b60c5a72240219d865aa11e6a	1	142187	player	uade	Protracker compatible	0	193862	24da1467	bba2a9c4	4/TBLASTER/SPOTLIGH.ZIP/SPOTLIGH
df030625d17bd1e5c8b9dfceac0f98bd	1	146045	player	uade	Noisetracker 1.x	0	56772	ec9fd5c2	58fff981	4/TBLASTER/QUANTUM.ZIP/QUANTUM.MOD
df1c12abf879e843aaf8c942c10d75f4	1	165817	player	st23play	Scream Tracker 2.x	4	155661	65983259	576f12bf	4/STM/ACIDLAMB.ZIP/ACIDLAMB.STM
df6f3fa16627660429a20ecfb27b27e7	1	92915	player	uade	Protracker compatible	0	104666	aa8a7727	ba73a784	4/TBLASTER/CONSUMAT.ZIP/CONSUMAT.MOD
e12dce5315c117ff67f1bd309ea5c7f3	1	38339	player	st23play	Scream Tracker 2.x	4	77676	21b39be8	ad479e08	4/MISCMUS/STMLIB_3.ZIP/DIGITAL.STM
e12dce5315c117ff67f1bd309ea5c7f3	1	38339	player	st23play	Scream Tracker 2.x	4	77676	21b39be8	ad479e08	4/STM/DIGITAL_.ZIP/DIGITAL.STM
e14e7dd9c6f9e747fd4d2e6148508492	0	0	nosound	libxmp	Scream Tracker 2.21	4	4984	bb04681b	98a16fe1	4/MISCMUS/ST224.ZIP/INSTALL.008
e14e7dd9c6f9e747fd4d2e6148508492	0	0	nosound	libxmp	Scream Tracker 2.21	4	4984	bb04681b	98a16fe1	4/PCSPKR/SCREAMTR.ZIP/INSTALL.008
e1a8e421409ab903832b4af9890281f1	1	207714	player+silence	st23play	BMOD2STM	4	54032	ab0ea6e4	f378e6e3	1/SBLASTER/MED_STM.ZIP/MEDIEVAL.STM
e297022e75d0f3ba3b0707d7f94ddd3a	1	235565	player	uade	Protracker compatible	0	127102	86af862a	88d8938d	4/TBLASTER/SOFTSYNT.ZIP/SOFTSYNT.MOD
e29ae5ec60f271e1f9ee1bb1309fb6b3	1	258693	player	uade	Protracker compatible	0	119184	08e71a55	7492b8de	4/TBLASTER/COOLJ.ZIP/COOLJ.MOD
e29bf053e18db6dfef8aba623a39f3a2	1	122695	player	st23play	BMOD2STM	4	70640	20d6f005	f9b98013	1/SBLASTER/STMSNDS.ZIP/KEFRENS2.STM
e36f85d54aee46219342d4a62ec9ffcd	1	176769	player	uade	Soundtracker II (31 instr.)	0	78762	ba4f4d11	10f20d59	4/TBLASTER/FYCMOD.ZIP/FYC.MOD
e4174cb9b8c46b40acd4f3c84076273e	1	122677	player	ft2play	Fasttracker (M.K.)	4	111700	74047250	fcf377d1	4/TBLASTER/7.ZIP/7.MOD
e486d77aabc2a3555b947bae80cd24e2	1	234359	player	uade	Protracker compatible	0	72126	dfd1a1cb	2e62bb2d	4/TBLASTER/LEVBRAIN.ZIP/LEVBRAIN.MOD
e6c382d374cb9d2b156d20741b66abdb	1	194050	player	uade	Noisetracker 1.x	0	78928	874b1094	f9a8fdbd	4/TBLASTER/LETPARTY.ZIP/LETPARTY.MOD
e8820ae8d807ddde4fd7600676bbf736	1	128221	player	uade	Noisetracker 1.x	0	79292	0ce00d02	8f0eb44d	4/TBLASTER/DIGTHIS.ZIP/DIGTHIS.MOD
e8dd66ac3fea93ca910f1c1ffce3b3ed	1	311621	player	uade	Protracker compatible	0	151702	56777a19	9ef1906b	4/TBLASTER/4MODS.ZIP/BRIDGE.MOD
e998012c700eb43af0321711305829b2	1	637350	player	uade	Protracker (vblank)	0	224288	947eb4e3	100c8746	4/TBLASTER/KLISJE.ZIP/KLISJE.MOD
e9b2d0214b603989599d1f36162f3760	1	126995	player	uade	Protracker compatible	0	233906	253611a6	78a1a4e4	4/TBLASTER/GILL.ZIP/GILLIGAN.MOD
e9cc6b9edd24ee91505d57e41c1173de	1	46216	player	uade	Soundtracker II (15 instr.)	0	55072	646f965f	45d0b01c	4/TBLASTER/KCTHREE.ZIP/KCTHREE.MOD
ea125c0e0ce47171b0105b48a525a198	1	78307	player	uade	Protracker compatible	0	55620	0eda6bf7	0cb1f04e	1/FILES/EGA/TRSI_TIL.ZIP/MEGAFOE.MOD
eaaf499698a85afd95d3054f3403017f	1	44910	player	uade	Noisetracker 1.x	0	51320	bb5cf8b5	44edac83	4/TBLASTER/FAIRLGHT.ZIP/FAIRLIHT.MOD
eacf75bf63085b521473eed8b4a9065d	1	307321	player	uade	Protracker compatible	0	135656	da77912b	025fdf94	4/TBLASTER/KEFRENS1.ZIP/KEFRENS1.MOD
eadfc2d2bf44d08d559dfaaec2756560	1	142187	player	uade	Noisetracker 1.x	0	65352	e54215ea	0e530d54	4/TBLASTER/CFRMUS4.ZIP/CFRMUS4.MOD
eba7b98c292a4a62b3dc32ed1470dd18	1	394310	player+silence	uade	Protracker compatible	0	161320	b0dcf2b7	8e568ec5	4/TBLASTER/LUNAWAVE.ZIP/LUNAWAVE.MOD
ebb3c62510452dadb3250a3869e27190	1	241007	player+silence	st23play	Scream Tracker 2.x	4	109056	9d9fa85b	b7d2b515	4/STM/TRIAL.ZIP/TRIAL.STM
ebf81e1aad5e80764eedacc903a3dc55	1	632023	player+silence	uade	Soundtracker II (15 instr.)	0	113192	1ce6690e	e0092a1a	4/TBLASTER/AXELF.ZIP/AXELF.MOD
eccd9a206093eaad0926edc15662107b	1	174840	player	uade	Protracker compatible	0	213608	6e060582	34cda699	4/TBLASTER/COOKIT.ZIP/COOKIT.MOD
ee4b651691839c6e0b459f0c9a873301	1	199023	player+silence	uade	Protracker	0	79948	c3e4f06c	66faaca2	4/TBLASTER/ACOUS.ZIP/ACOUSTIC.MOD
ee86fc9b00fa98fbf619383618e6c622	1	138369	player	uade	Protracker compatible	0	59062	6cc6d660	3506de56	4/TBLASTER/HITSQUAD.ZIP/HITSQUAD.MOD
ee93d387eefa7d837dea0c68ef767c45	1	84616	player	uade	Noisetracker 1.x	0	57892	97c1cdee	68bc1389	4/TBLASTER/TONALEC.ZIP/TONALEC.MOD
eec0680cc6e07d0a5979da8449edcbb4	1	141162	player	uade	Protracker compatible	0	65112	da61a95c	66013d13	4/TBLASTER/AWESOME3.ZIP/AWESOME3.MOD
eee2959666e68ddf0b05d6aaa0071d9d	1	238197	player	uade	Protracker compatible	0	109540	6d16cff7	e53218aa	4/TBLASTER/ADORE_EM.ZIP/ADORE-EM.MOD
eeede2d0fd87799f3d2cea6d22211536	1	115321	player	uade	Noisetracker 1.x	0	97174	4a153251	c81a84aa	4/TBLASTER/HUCKLE.ZIP/HUCKLE.MOD
f0cd6168cbea83046e3a0e474dd4e50d	1	111500	player+silence	uade	Protracker compatible	0	128752	9f15af34	a54cc213	4/TBLASTER/ALOHA.ZIP/ALOHA.MOD
f2173e8370d3fa7c339039e6a89a7a3a	1	245391	player	st23play	Scream Tracker 2.x	4	42017	af2a2232	27e37d63	4/STM/ICE_T.ZIP/ICE-T.STM
f21a6cefe7deaa014a8782d535d24765	1	44910	player	uade	Noisetracker 1.x	0	51320	41fcb360	7a7a5877	4/TBLASTER/MOREMOD1.ZIP/FAIRLITE.MOD
f26e8ceb0726293c7b549d0b14b6f4a9	1	99968	player	uade	Protracker compatible	0	103516	42ec34aa	e1c4f51c	4/TBLASTER/AWESOME_.ZIP/AWESOME-.MOD
f4aed99f7bf5585abdd61b8d56399f0d	1	45995	player	st23play	Scream Tracker 2.x	4	27059	d8e5b15b	b063842f	4/STM/PRELUDI.ZIP/PRELUDI.STM
f4b900ca9356de1318a9c9dce5394596	1	82044	player	uade	Protracker compatible	0	85956	808ab65c	18f96a45	4/TBLASTER/9NEWMODS.ZIP/BALAD.MOD
f4b900ca9356de1318a9c9dce5394596	1	82044	player	uade	Protracker compatible	0	85956	808ab65c	18f96a45	4/TBLASTER/BALAD.ZIP/BALAD.MOD
f500d1485c66b2afe6f218b5f46050f6	1	207493	player	uade	Protracker compatible	0	55882	98b53a84	ebdd505f	4/TBLASTER/GANTAR.ZIP/GANTAR.MOD
f598613a30b0f5164ca62a495e4a3e43	1	319403	player+volume	uade	Protracker compatible	0	211370	6649c5bf	de1e82b2	4/TBLASTER/WILDWEST.ZIP/WILDWEST.MOD
f74e5f5c04ecf76b66fcf48e4799e4f1	1	161035	player	st23play	Scream Tracker 2.x	4	109176	974db02d	fa249a7f	4/STM/PEATS.ZIP/PEATS.STM
f7a22a52fe29fcc3d8cd5c55137043a7	1	238197	player	uade	Protracker compatible	0	56644	8e11d35b	56f8b49d	4/TBLASTER/BLUMNDAY.ZIP/BLUMNDAY.MOD
f90e3b04be494d08a9fcec98dc248735	1	231887	player	uade	MED4 (4ch)	0	44173	78ccdae2	4a2397ed	4/TBLASTER/COOLBLUE.ZIP/COOLBLUE.MOD
f944449f27db1ffd6a016d0b5bf25766	1	138369	player	uade	Noisetracker 1.x	0	28310	25ef8fca	fac05aec	4/TBLASTER/SOMEWHER.ZIP/SOMEWHER.MOD
f9936293a45a9ae38284986810152bdc	1	253569	player	uade	Protracker compatible	0	210266	c92fb51d	d605ff8a	1/MIDIFILE/1989.ZIP/1989.MOD
fa0d6276b1e5da5a18d766e194768362	1	176769	player	uade	Soundtracker II (15 instr.)	0	69124	345bf533	9f71f0a3	4/TBLASTER/THORAX.ZIP/THORAX.MOD
fadfa58900dcb955eaa5d8bf9a89ad86	1	179857	player+silence	st23play	Scream Tracker 2.x	4	101092	0af5ee73	98946a44	4/MISCMUS/STMLIB_3.ZIP/COOL.STM
fb068a85801b0f5b9e12bf8dba21825b	1	153160	player+silence	uade	Noisetracker 1.x	0	54654	b214f0a7	43bccfc0	4/TBLASTER/OXYGENE2.ZIP/OXYGENE2.MOD
fb120b4560c784efea1494804267ffa0	1	61568	player	uade	Soundtracker II (31 instr.)	0	40146	989ee005	388ea431	4/TBLASTER/KEEPGOIN.ZIP/KEEPGOIN.MOD
fc8ae6fc95de37fc21a8d3236615dcfc	1	192764	player	uade	Soundtracker II (15 instr.)	0	103168	a23685fb	f5f0970e	1/MIDIFILE/2ND.ZIP/MOD.2
fd4ccea5848fd908321c1b2cb96df8d3	1	299063	player	st23play	Scream Tracker 2.x	4	139790	979f03c6	2ede1274	4/STM/POSEIDON.ZIP/POSEIDON.STM
fda3900964aef845ff65fb03e55955a2	1	263455	player	uade	Protracker	0	141264	66b00e8c	f4021322	4/TBLASTER/UPONME.ZIP/UPONME.MOD
fda3900964aef845ff65fb03e55955a2	2	207493	player
fe6d53c19401833665ff3a63d0c68733	1	380284	player	uade	Noisetracker 1.x	0	215298	bc1623f5	7db13a23	4/TBLASTER/FALLMSG.ZIP/FALLMSG.MOD
fee62484187180ac9bc758fa9a27db4a	1	252652	player+silence	uade	Protracker compatible	0	123688	a93ec6ed	e69a7d6c	4/TBLASTER/9NEWMODS.ZIP/STARSCRL.MOD
fee62484187180ac9bc758fa9a27db4a	1	252652	player+silence	uade	Protracker compatible	0	123688	a93ec6ed	e69a7d6c	4/TBLASTER/RVBNT.ZIP/RVBNT.MOD
ff6f08bc19d6886590d4a41fb9a643d2	1	128121	player	uade	Protracker compatible	0	123742	be9524ae	69a8bfe4	4/TBLASTER/FREEZING.ZIP/FREEZING.MOD
