0632a1094cbd21ed82f619212ea0022f	1	287695	player+silence	ft2play	Fasttracker (M.K.)	4	240640	764d0e96	939029f4	MOD/MODS/ABC.ZIP/ABC.MOD
07813e26c722c012abc8c830d7b50580	1	213797	player+silence	ft2play	FastTracker v2.00	18	502113	4fc259e6	3c003485	FREEMIND/EARCANDY/DISK/GEMS_3.ZIP/LIGHTYRS.XM
086a61d894944fbfd394389845d3e53d	1	296189	player	st3play	Scream Tracker 3.2x (GUS)	8	172726	c257e0a6	24429924	MOD/S3M/DREADFUL.S3M
0a46643d6d65d201fabb56aeb6cc7747	1	204961	player	st3play	Scream Tracker 3.01 (SB)	16	455702	2435af21	0bf3064e	MOD/S3M/CHARIOTS.S3M
0b1081818678e47ca0de88a7424ae7f5	1	196232	player+silence	ft2play	FastTracker v2.00	18	449579	e0e62583	8d4adfa7	FREEMIND/EARCANDY/DISK/GEMS_3.ZIP/ASLAK.XM
1c2ede597681a8c79e9ee2bf5b207abd	1	195528	player	ft2play	FastTracker v2.00	16	609359	26725dcc	d8f9af52	FREEMIND/EARCANDY/DISK/GEMS_2.ZIP/PARANOIA.XM
2141697cf1f8b12d564cd4e05f23eeff	1	213762	player	uade	Protracker	0	493856	0c4b82f9	0e35a86e	AMIGA/AGA/DEADLIN2.LHA/2
2145eb567d86d79ab606d77f24adf7cf	1	56123	player	uade	P50A - P60A - P61A	0	85380	e3f39756	927a57a6	AMIGA/AGA/AYS_VERT.LHA/Vertigo/p61/P61.jammin.xpk
21eeea396c42e8337552bd733765786e	1	330450	player	st3play	Scream Tracker 3.2x (GUS)	15	469848	ded62575	c54f547d	FREEMIND/EARCANDY/DISK/FM-PROG.ZIP/ISOTOXIN.S3M
2233ee534a15b496ad787ec998848dde	1	466827	player+silence	ft2play	FastTracker v2.00	24	737950	3c13fbdc	e019c5ab	FREEMIND/EARCANDY/SONG/MTRANCE2.XM
22a7aa77170b935f1238352b6f5fbec8	1	234054	player+silence	st3play	Scream Tracker 3.01 (SB)	12	413596	7073f9e9	9d58a568	MOD/S3M/FAIRYTAL.S3M
25cb22a82100d71261bf3f97b3c441c3	1	284807	player+silence	uade	Protracker compatible	0	85844	b6483a1f	a042af83	MOD/MODS/1CARESS.ZIP/1CARESS.MOD
2ae6615e83bfe3429f9ed69e8a3ff103	1	337222	player	st3play	Scream Tracker 3.2x (GUS)	16	945876	ac31cb66	609e62fe	FREEMIND/DEMO/ARISE-F.ZIP/TERRA-NO.S3M
2c168b37a2f05cff2cec16fd2472664c	1	236050	player+silence	ft2play	FastTracker v2.00	16	509284	668c14d3	00e445dd	FREEMIND/EARCANDY/DISK/FM-BLURR.ZIP/MANDARIN.XM
3008c8491a7d255a0feaba12595e2762	1	482885	player	st3play	Scream Tracker 3.00 (GUS)	8	391312	b725df1e	4a41df26	MOD/S3M/2NDREAL1.S3M
3008c8491a7d255a0feaba12595e2762	2	328460	player
3008c8491a7d255a0feaba12595e2762	3	400940	player
30ac20c3405dca26c776ba7adff92067	1	241533	player	st3play	Scream Tracker 3.01 (GUS)	8	157584	12529665	5b5ce68d	MOD/S3M/INSIDE.S3M
32895b4255a6a91a9445d7b56a4ecb4a	1	224392	player	st3play	Scream Tracker 3.2x (SB)	16	60346	38026daa	24ed00e8	MOD/S3M/AUBERGIN.S3M
32d55b1bda3c8e396a7b05839839d0b7	1	443138	player	uade	ProPacker 2.1 - 3.0	0	450134	88aa2fa2	6a2e25ae	AMIGA/AGA/TBL_GLO2.LHA/TBL-GLOW.P61
39f300815f2fb13c2d592c4036322ec5	1	288243	player+silence	ft2play	Fasttracker (M.K.)	4	224989	6cabbeb1	17330e54	MOD/MODS/FOOLISH.ZIP/foolish.mod
3a1563753927df51f68a7ca8abd3f599	1	378242	player+silence	ft2play	Fasttracker	6	351442	2fe19482	4d973715	MOD/MODS/DEBMIX1.ZIP/DEBMIX.6CM
3fae30cb6fbcae582f754dea3ff10dad	1	80758	player	uade	Protracker compatible	0	42804	1ef09514	2de855ba	MOD/MODS/ACIDBAT2.ZIP/ACIDBAT2.MOD
40fcd1410a7707efc88de1f4c6dd9f7c	1	323115	player	uade	P50A - P60A - P61A	0	254154	b14927bb	8379a700	AMIGA/AGA/TBL_MPF1.LHA/P61.sting
430553fb9450fc72df2cc6dcf42b561b	1	288112	player+silence	uade	Noisetracker 1.x	0	84864	a875848c	50cd0fc3	MOD/MODS/IHM.ZIP/ihm.mod
437efc7f1acbaf67102b2753e1aafa62	1	313804	player+volume	st3play	Scream Tracker 3.2x (GUS)	16	443136	8c379b98	85e93346	FREEMIND/EARCANDY/DISK/FM-PROG.ZIP/POINT.S3M
43d15f5324d27479af21099fa62cc342	1	138369	player	uade	Noisetracker 1.x	0	135862	e7245dcd	698ac50c	MOD/MODS/AIRWOLF.ZIP/AIRWOLF.MOD
45313922142269c309cce2eb9bbd4fe8	1	245371	player	st3play	Scream Tracker 3.03 (GUS)	10	177984	78bd94a2	78b314cf	MOD/S3M/DESOLATE.S3M
47f98b48cf608744b5aa82b2e8502559	1	290995	player+silence	st3play	Scream Tracker 3.2x (SB)	9	814272	82b6b463	385d82c9	MOD/S3M/ASCENT.S3M
4a3aa265b9f0d3d90d85ec520e6c733f	1	163863	player+silence	it2play	Impulse Tracker 2.00	16	502636	9492591a	bd245970	FREEMIND/EARCANDY/DISK/GEMS_2.ZIP/ENDDAY!.S3M
4cabf970b5d6e334514078a45498b810	1	61568	player	uade	Protracker	0	19306	c81dc46d	226f74c8	MOD/MODS/A19K.ZIP/A19K.MOD
4d3e1d8d501d72fa46d680531e430c9e	1	153721	player	uade	Noisetracker 1.x	0	89582	60809da4	82ebcb40	MOD/MODS/16RASTER.ZIP/16RASTER.MOD
51abcfea06e9ccf694a87718ba723d12	1	140340	player	ft2play	FastTracker v2.00	10	460725	1d66656a	e1c74fe2	FREEMIND/EARCANDY/DISK/FM-BLURR.ZIP/NOUVEAU.XM
52ea972f72b301fddc9923ab6acb8c69	1	316946	player	uade	P50A - P60A - P61A	0	139834	6154144f	b6e2379a	AMIGA/AGA/IFT_TRPR.LHA/TerrorPreview/p61.n.s._acislow_remix
533f275b1afe019138f5fdbcf1f65373	1	212678	player+silence	ft2play	FastTracker v2.00	16	464039	3fed6ae0	57f39aaa	MOD/MODS/T2TITLE.ZIP/TERMINAT.XM
54914a9cb0dd668f9f37e0d27d287b98	1	209513	player+silence	uade	Noisetracker 1.x	0	95870	4a4964c4	44fbcc75	MOD/MODS/OOTB.ZIP/ootb.mod
55c395349d9d5e46f915f8b9b092b911	1	326901	player+silence	st3play	Scream Tracker 3.2x (GUS)	16	327608	22a35945	229db843	MOD/S3M/ABSTRACT.S3M
56136bf5f56504f8f22cd7fbce5794b6	1	122675	player	st3play	Scream Tracker 3.10 (GUS)	5	17554	63c74a42	2e5e5d51	MOD/S3M/ARMANIS.S3M
5c150cb056913fab8e88cc2c27195381	1	240688	player+silence	ft2play	FastTracker v2.00	20	529898	29cde3f4	a95dab15	FREEMIND/EARCANDY/DISK/GEMS_1.ZIP/UNION.XM
5c597f1db8f0f834357320e8a4f11e6a	1	244913	player+volume	ft2play	Fasttracker (M.K.)	4	105843	e4efd646	e428937a	MOD/MODS/IHM20.ZIP/ihm20.mod
5d95deee7b01d036c596fbcde9052309	1	239728	player+silence	st3play	Scream Tracker 3.2x (GUS)	16	112036	657b02c3	e8551fb1	MOD/S3M/AMBIENT.S3M
5fa4306c95660688aedf231d1b593cee	1	469958	player+silence	st3play	Scream Tracker 3.2x (GUS)	15	410064	cecf57c2	15f51b27	FREEMIND/DEMO/CRAW_INF.ZIP/TEOI.S3M
60f1c0b0c255eedf3427826c8e23ccd6	1	229938	player	uade	Noisetracker 1.x	0	154480	c3766e7c	0851d5ca	MOD/MODS/EY.ZIP/ey.mod
63b0171a0899a843d7dbb2fbb0c335d4	1	219095	player+silence	ft2play	FastTracker v2.00	20	566365	1b36f3d2	94aa4ff5	FREEMIND/EARCANDY/DISK/FM-BLURR.ZIP/SYANIDE.XM
6b4d547d3324cd6935fc130c08363fee	1	394892	player	st3play	Scream Tracker 3.01 (SB)	9	335288	81458176	17abe83c	MOD/S3M/ARCADIA.S3M
6c4c81200aff412b608b854cce2a676b	1	199516	player	uade	Protracker	0	34988	8d2a5b0b	99b3a136	AMIGA/AGA/S_FIVE.LHA/blurfad.lha/mod.blur
6e43ed6b829da23e96ce3d4ff2f0b95a	1	243279	player+volume	ft2play	FastTracker v2.00	14	994853	c6dc17d6	ffdb6a49	MOD/MODS/ONTHE.ZIP/ONTHE.XM
6f32f1c71045f6cb72138aafadbb06ea	1	414807	player+silence	uade	Protracker compatible	0	165182	39b17d5d	2f77a5cf	MOD/MODS/2010.ZIP/2010.MOD
6f6e5035cfbc21e17c46f53184af3d98	1	299031	player+silence	ft2play	FastTracker v2.00	22	883325	30e6be98	1c1a183b	FREEMIND/EARCANDY/DISK/GEMS_3.ZIP/XR-FRND.XM
7354c9a0b26c36bbf75e62a1cfbdbaa8	1	544996	player	st3play	Scream Tracker 3.2x (GUS)	16	827394	fc9e72c3	c4709972	FREEMIND/DEMO/DCB_TCEF.ZIP/TCE.S3M
7354c9a0b26c36bbf75e62a1cfbdbaa8	2	149441	player
784e7a2e0b7d442177fbcd2633cf9ce8	1	153721	player	uade	Protracker	0	72360	024c1a4c	212b097f	MOD/MODS/AFT.ZIP/AFT.MOD
7dd88052e067fbecf0e5e59bc5e123b7	1	218232	player+volume	uade	Soundtracker II (15 instr.)	0	49688	8ab1c05c	4332a2e3	MOD/MODS/ABNORMAL.ZIP/ABNORMAL.MOD
7dda5db8ba102c3792cbff98295e34ca	1	192141	player	uade	Protracker compatible	0	95467	9d902aec	0113fd00	MOD/MODS/ACIDFRK.ZIP/ACIDHEAD.MOD
7f65674381dc5e46c94cf99029968469	1	319640	player+silence	ft2play	FastTracker v2.00	18	869906	d3b61d5c	1a227555	FREEMIND/EARCANDY/DISK/GEMS_3.ZIP/ULT_CD.XM
8048929d25b16d0f35376f648f786e65	1	121389	player	st3play	Scream Tracker 3.01 (SB)	16	43984	8588994f	8d27dc33	MOD/S3M/HEDBLOCK.S3M
81d25c10c03b7fdc508bce5dc7b07111	1	252503	player+silence	st3play	Scream Tracker 3.2x (GUS)	6	381258	541250fe	16c4d678	AMIGA/AGA/STRGALE.LHA/1.dat
82a495a63602f133aebfbc9e6e56726f	1	189566	player+silence	it2play	Impulse Tracker 2.00	16	217664	1e665fc2	4f56597d	FREEMIND/EARCANDY/DISK/GEMS_2.ZIP/FREE.S3M
8426df1afd81ca444e0ae746983c8fe1	1	43544	player	st3play	Scream Tracker 3.2x (GUS)	8	68001	fbf4d637	2b2ad837	FREEMIND/DEMO/CRAW_INF.ZIP/TEOII.S3M
8a19a2cebf0e7ae3dcae38a6633bebb6	1	368940	player+silence	st3play	Scream Tracker 3.00 (GUS)	8	600860	195aa76a	d01ff28f	MOD/S3M/2NDREAL2.S3M
8a5e5ff4f24a9f5156d0b9a484d9421e	1	451374	player+silence	st3play	Scream Tracker 3.01 (GUS)	16	256816	d2da97c5	41a7b690	MOD/S3M/BATTLEO.S3M
8d06ebb9671efebcc986e56da90c641f	1	236391	player+silence	ft2play	FastTracker v2.00	12	531665	74d6f539	ea29697e	FREEMIND/EARCANDY/DISK/FM-BLURR.ZIP/FIX.XM
8d771062148e4e0a35b42e276f37361f	0	254152	player	libxmp	The Player 6.0a	4	390608	f141c765	b9bd0769	AMIGA/AGA/STR_GALE.LHA/StellarRemix/1
8fae779e27f6f8f1f5b956fbb0c719ba	1	169093	player	uade	Protracker compatible	0	87328	ef24d313	086bcc8f	MOD/MODS/4EVER.ZIP/4EVER.MOD
9557adf50628e41de03781ee25986ada	1	423134	player+silence	ft2play	FastTracker v2.00	16	570289	37a1bf88	3d1a4c77	FREEMIND/EARCANDY/SONG/MYZT_POT.XM
972e023a94d25925270487398d62c95c	1	152314	player	st3play	Scream Tracker 3.2x (GUS)	16	907852	00628477	4ed57a8b	FREEMIND/EARCANDY/DISK/GEMS_2.ZIP/CANUUN.S3M
978df13a1f2ac34e623bdbb4b565e140	1	156172	player	uade	P50A - P60A - P61A	0	166642	26411fee	99f89723	AMIGA/AGA/AYS_VERT.LHA/Vertigo/p61/P61.vertigo.xpk
98cee0b0cf4ae193c8b1967e337a2689	0	237775	player	libxmp	The Player 6.0a	4	307890	628d8681	980d7348	AMIGA/AGA/ZABORUTH.LHA/5
98d09dcd795f2f242946cb57b8b59521	1	379661	player	uade	Noisetracker 1.x	0	163319	cc5df0c6	b19761f8	MOD/MODS/WECOULD.ZIP/wecould.mod
99e31294303395e9a0d79e657d3b79a5	1	204717	player+silence	st3play	Scream Tracker 3.2x (SB)	16	559320	5d826e8d	086a199e	MOD/S3M/FYEO.S3M
9dac9bf541b39d28dd6ba52d82882312	1	226194	player+silence	ft2play	Fasttracker (M.K.)	4	84651	2f1cfc3f	f1c74183	MOD/MODS/OIMD20.ZIP/oimd20.mod
9f136d042b5c88d6a5c9ee66b42f26c2	1	81723	player	uade	Soundtracker II (15 instr.)	0	55450	bc510fae	6f3738df	MOD/MODS/AIR.ZIP/AIR.MOD
a022c3a070477fa117f5ba55e2cff24d	1	158989	player+silence	st3play	Scream Tracker 3.00 (GUS)	10	153648	196cf771	4f26bed1	MOD/S3M/AMAZON.S3M
a408d568e59549d2a319d70e230b86d5	1	263811	player+silence	st3play	Scream Tracker 3.2x (GUS)	13	507384	dceb468c	0b7128ea	FREEMIND/EARCANDY/DISK/FM-PROG.ZIP/GREYNOTE.S3M
a418a10eb5632b585bd296906c7af48d	1	200621	player	st3play	Scream Tracker 3.01 (GUS)	6	308005	ab7c71e1	0777a5ce	MOD/S3M/FALLENA.S3M
aa7511571a6777f6c94fdc46a814a7e9	1	259437	player+silence	ft2play	FastTracker v2.00	16	534545	db1ebbfe	32c22879	MOD/MODS/TRADE.ZIP/TRADE.XM
af93db9d5733092f5bbf64a232dd08a1	1	170580	player	uade	Protracker compatible	0	197674	4afca2d4	e909042f	MOD/MODS/AFRICA.ZIP/AFRICA.MOD
b1658039d0c5c642db1470148454e28f	1	168189	player	st3play	Scream Tracker 3.2x (SB)	16	244519	eae7c96e	58b9a19c	MOD/S3M/JOB81.S3M
b189812b618760d617019aeafa4c2e23	1	255498	player	uade	Noisetracker 1.x	0	115844	97802f3a	d329547c	MOD/MODS/SSATW.ZIP/SSATW.MOD
b1ca1cc4c0fca80b50155be8e2afb3dd	1	134531	player	uade	Soundtracker II (15 instr.)	0	56364	a1b003f4	55aa4d38	MOD/MODS/ACES-HI2.ZIP/ACES-HI2.MOD
b3db54fb9d46e3f7c6c8cbce0499fe1c	1	530468	player	uade	Protracker	0	192194	4425c8f9	ba20ce85	MOD/MODS/1993.ZIP/1993.MOD
b4d370230b00dbfa1a6ebcd964ce30b6	0	260522	player	libxmp	The Player 6.1a	4	129394	0b572f30	667772aa	AMIGA/AGA/IFT_GIH.LHA/GIH V1.2/CRYPTDATA8
b5e2f7d10039006d714f12e4eb730bfb	1	103786	player	uade	Protracker	0	35786	bb7cc4c5	5d660e8b	AMIGA/AGA/S_FIVE.LHA/blurfad.lha/mod.bonampak
ba4d488e152327ccc0a05150e57f9bb9	1	134571	player	st3play	Scream Tracker 3.01 (SB)	8	272724	9d10e6be	5cf6df2f	MOD/S3M/DEPART.S3M
babd95149418c2e4ab9c542f34fe0adf	1	151832	player	st3play	Scream Tracker 3.00 (GUS)	8	199962	09781a92	b62cd0fc	MOD/S3M/AQUAPH.S3M
bfe698e715f038053f27ce5117bd6f3b	1	169776	player	st3play	Scream Tracker 3.01 (GUS)	10	230227	652820da	c940a8f9	MOD/S3M/HIGHSPED.S3M
c03f3a014afe41ff625b824adb87b45e	1	283781	player+silence	ft2play	FastTracker v2.00	18	491328	02a6635a	eded027f	FREEMIND/EARCANDY/DISK/FM-BLURR.ZIP/GUMFLEX.XM
c0472f0c5693699df1fa7fcf8255ceb6	1	209844	player	uade	Protracker	0	260030	6c229a67	b6f4286e	AMIGA/AGA/JEES.LHA/0
c05dcda51592309a580ad888a18e5fff	1	307663	player	st3play	Scream Tracker 3.2x (GUS)	12	544527	34e4ccb7	9c62fdf6	FREEMIND/EARCANDY/DISK/FM-PROG.ZIP/COLLAGE.S3M
c16136cc8a6773196e13d3aed39dae27	1	227145	player	st3play	Scream Tracker 3.2x (SB)	16	555112	4f6c2043	73f443e9	MOD/S3M/CALGARYO.S3M
c2cf94f841863dc16ce10f3fabf7c91b	1	255317	player	uade	Noisetracker 1.x	0	143030	767d7518	731ac76d	MOD/MODS/12WARRIR.ZIP/12WARRIR.MOD
c3a2baa60a9b19b089878221d6a03926	0	144638	player	libxmp	The Player 6.1a	4	50496	a33f50cc	69e43479	AMIGA/AGA/TBL_QUE.LHA/tbl-que/tbl-que.m
c3a2baa60a9b19b089878221d6a03926	0	144638	player	libxmp	The Player 6.1a	4	50496	a33f50cc	69e43479	AMIGA/AGA/TBL_QUE2.LHA/tbl-que.m
c51a9c58b7094b9581458468fe09977a	1	299617	player+silence	uade	Noisetracker 1.x	0	153202	22ffe4d2	607db5c9	MOD/MODS/OIMD.ZIP/oimd.mod
c5cecddb194ffff5f138d604d9117b23	1	129582	player+silence	st3play	Scream Tracker 3.2x (GUS)	16	199048	b761d8ee	6f96e1dc	MOD/S3M/DEVIOUSD.S3M
c647125ca56b360baa9f8fc44cf66560	1	202047	player	uade	Noisetracker 1.x	0	155478	b8c67672	e1426994	MOD/MODS/LIYE.ZIP/liye.mod
c7bdaf6d858992069475da824db152b4	1	52024	player	uade	Protracker	0	100298	ba03462f	fe8ef060	AMIGA/AGA/JEES.LHA/43
c82bf239ede84cab855aa64e9936a18d	1	284293	player	uade	Noisetracker 1.x	0	171406	f806eff8	f292662c	MOD/MODS/PTF.ZIP/ptf.mod
c98fe3f3524a09cf92337ade43d67e59	0	180759	player	libopenmpt	Scream Tracker 3.00 (GUS)	25	257846	f311677d	1839206b	MOD/S3M/COOLCITY.S3M
cb4e28c878fd65cee3cb76814e19bf90	1	207957	player	ft2play	FastTracker v2.00	12	538555	3e19bc43	03e6c9af	FREEMIND/EARCANDY/DISK/FM-BLURR.ZIP/INTLBTLE.XM
cd58841ca96b8d04b0caa0401af9140e	1	223662	player+silence	uade	Protracker	0	162020	a77a8c2d	67ed4467	MOD/MODS/LIYEP.ZIP/LIYEP.MOD
cd81b4dc5dc66380ae4bb3fd2fedcb29	1	293637	player	uade	Noisetracker 1.x	0	73748	5812e4cf	af91e58a	MOD/MODS/WHYB.ZIP/whyb.mod
ceb53848759d68cc6d1eef1239801bab	0	251170	player+silence	libxmp	The Player 6.1a	4	199558	61217bae	8d60df62	AMIGA/AGA/TBL_QUE.LHA/tbl-que/tbl-que.l
ceb53848759d68cc6d1eef1239801bab	0	251170	player+silence	libxmp	The Player 6.1a	4	199558	61217bae	8d60df62	AMIGA/AGA/TBL_QUE2.LHA/tbl-que.l
ced8888e6ae735c0bea7a9dc1aad3a21	1	279551	player	st3play	Scream Tracker 3.2x (GUS)	16	483465	224085fb	4e782c49	FREEMIND/EARCANDY/DISK/FM-PROG.ZIP/METROPLX.S3M
cfaa82c99ab57b791c3159fb6b98ccf3	1	153339	player	st3play	Scream Tracker 3.2x (GUS)	8	73074	72f73d54	72d49a45	MOD/S3M/CARBONAT.S3M
d0692785dcc67371150c14d419d29ce9	1	238449	player+volume	uade	Protracker compatible	0	118009	50b71212	6c7ee953	MOD/MODS/REDHOT.ZIP/redhot.mod
d22cd451538b6796c57627a817b3a04b	1	344169	player+volume	ft2play	FastTracker v2.00	12	592098	386b4b12	d711164c	FREEMIND/EARCANDY/DISK/FM-BLURR.ZIP/MACHINE.XM
dd5ecb60238f162e7f63a535e18089fe	1	267916	player	st3play	Scream Tracker 3.2x (GUS)	12	522168	5f98eb08	abd62ccc	FREEMIND/EARCANDY/DISK/FM-PROG.ZIP/CROSSING.S3M
debf1618284a1e43a638e662ecdb374b	1	230458	player+silence	ft2play	FastTracker v2.00	12	664019	3f1def19	ff52adc6	MOD/MODS/SIGNAL.ZIP/SIGNAL.XM
e0ec52eb022226a8d08730f804a2c198	1	247320	player	uade	Protracker compatible	0	91054	5ca8af2b	0c32becd	MOD/MODS/ACIIID.ZIP/ACIIID.MOD
e169d4a48c8f5ef214f53d18d8cc8a55	1	215605	player+silence	it2play	Impulse Tracker 1.05	16	287808	85f79f61	5aa29c92	FREEMIND/EARCANDY/DISK/GEMS_2.ZIP/NIGHTHAW.S3M
e56ee76284b0940a17386ab5df26c46f	0	172790	player	libxmp	ProPacker 2.1	4	529130	452cd56a	81577468	AMIGA/AGA/TBL_TINT.LHA/TBL-TINT.M02
e6f1aa6a455a68f04e756d2a0217b4c3	1	253569	player	uade	Protracker compatible	0	178776	f1bfd40a	7dae9379	MOD/MODS/1989.ZIP/1989.MOD
e6f938ceb1f4e8b61710ceef5520da4a	1	173637	player+silence	st3play	Scream Tracker 3.01 (SB)	16	124270	d379392a	633f85e9	MOD/S3M/DINNER.S3M
ebcee68f2e56e0c35e7f4e8b1d3ff20d	1	197033	player+silence	st3play	Scream Tracker 3.2x (SB)	8	137504	2ce50edf	cc4eb624	MOD/S3M/KINESIS.S3M
f0d38e1a9f39bdd9f7c57a3ed2f97122	1	182176	player+silence	st3play	Scream Tracker 3.2x (SB)	16	159194	7c88dc1e	4be5b9b3	MOD/S3M/JOB67.S3M
f4e1fabc80d42f304d89840bef4222bd	1	110282	player+silence	uade	Protracker compatible	0	160080	50db6ce8	e8bdad58	MOD/MODS/ADDAMSMX.ZIP/ADDAMSMX.MOD
f65cebc7673cad1068a1896e115c0c43	1	191238	player	ft2play	FastTracker v2.00	20	1091227	ddcd78d9	af4b5a75	DEMO/NINJA2.ZIP/NINJA2.001
fba5f42461ddafc5ce74541a9281c8cc	1	76920	player	uade	Protracker compatible	0	176152	1a8a42ef	2d4ed069	MOD/MODS/2INSANIT.ZIP/2INSANIT.MOD
fc631c396ce9c49a2f7b86d28308b7a1	1	428252	player+silence	uade	Protracker	0	189600	d3dc6e24	bd9bb0ef	MOD/MODS/1992.ZIP/1992.MOD
fcd2ef007bfc950d0dc52ba22773ab4c	1	253027	player	st3play	Scream Tracker 3.2x (SB)	16	210788	0911d615	794e3b2e	FREEMIND/DEMO/DREAM.ZIP/LMOPIANO.S3M
fde8135c4f3a8ae82900dbba0e8aede8	1	142462	player+silence	st3play	Scream Tracker 3.01 (SB)	4	78930	9f739c0b	aa7d688c	MOD/S3M/GOPHERIT.S3M
fe75d4caca427e5ac75870adf38032bd	1	249029	player+silence	st3play	Scream Tracker 3.01 (SB)	16	160092	7b430a0e	0b023c41	MOD/S3M/ETERNAL.S3M
ffa3028b3090582214d0888eee786474	0	315721	player	libxmp	ProPacker 2.1	4	308024	cae6a559	4aa02469	AMIGA/AGA/TBL_TINT.LHA/TBL-TINT.M01
