00188c5ecbf32a9d2d029b85a6838dc8	0	176377	player	libopenmpt	Ultimate Soundtracker 1.0-1.21	4	100012	a5daf7ea	a13d055b	DEMO/TRKBLAST.EXE/IDEA.MOD
00188c5ecbf32a9d2d029b85a6838dc8	0	176377	player	libopenmpt	Ultimate Soundtracker 1.0-1.21	4	100012	a5daf7ea	a13d055b	DEMO/UNZIP/TRKBLAST/IDEA.MOD
00188c5ecbf32a9d2d029b85a6838dc8	0	176377	player	libopenmpt	Ultimate Soundtracker 1.0-1.21	4	100012	a5daf7ea	a13d055b	DEMO/UNZIP/TRKBLAST/TRKBLAST.EXE/IDEA.MOD
00188c5ecbf32a9d2d029b85a6838dc8	0	176377	player	libopenmpt	Ultimate Soundtracker 1.0-1.21	4	100012	a5daf7ea	a13d055b	SOUND/TRKBLAST/IDEA.MOD
00188c5ecbf32a9d2d029b85a6838dc8	0	176377	player	libopenmpt	Ultimate Soundtracker 1.0-1.21	4	100012	a5daf7ea	a13d055b	SOUND/TRKBLAST/TRKBLAST.EXE/IDEA.MOD
00188c5ecbf32a9d2d029b85a6838dc8	0	176377	player	libopenmpt	Ultimate Soundtracker 1.0-1.21	4	100012	a5daf7ea	a13d055b	SOUND/ZIP/TRKBLAST.EXE/IDEA.MOD
04ad90fb72fa4859db819ca75cd6127f	1	234359	player	uade	Protracker compatible	0	72126	0bbdeaba	cc03ea20	DEMO/UNZIP/TRKBLAST/LVTBRAIN.MOD
04ad90fb72fa4859db819ca75cd6127f	1	234359	player	uade	Protracker compatible	0	72126	0bbdeaba	cc03ea20	SOUND/TRKBLAST/LVTBRAIN.MOD
04ad90fb72fa4859db819ca75cd6127f	1	234359	player	uade	Protracker compatible	0	72126	0bbdeaba	cc03ea20	SOUND/ZIP/MISCMOD.EXE/LVTBRAIN.MOD
09dd80b2a3d90a8fc744602d1c17d9c4	1	192141	player	uade	Protracker compatible	0	56958	5351f303	15f12779	DEMO/TRKBLAST.EXE/V48.MOD
09dd80b2a3d90a8fc744602d1c17d9c4	1	192141	player	uade	Protracker compatible	0	56958	5351f303	15f12779	DEMO/UNZIP/TRKBLAST/TRKBLAST.EXE/V48.MOD
09dd80b2a3d90a8fc744602d1c17d9c4	1	192141	player	uade	Protracker compatible	0	56958	5351f303	15f12779	DEMO/UNZIP/TRKBLAST/V48.MOD
09dd80b2a3d90a8fc744602d1c17d9c4	1	192141	player	uade	Protracker compatible	0	56958	5351f303	15f12779	SOUND/TRKBLAST/TRKBLAST.EXE/V48.MOD
09dd80b2a3d90a8fc744602d1c17d9c4	1	192141	player	uade	Protracker compatible	0	56958	5351f303	15f12779	SOUND/TRKBLAST/V48.MOD
09dd80b2a3d90a8fc744602d1c17d9c4	1	192141	player	uade	Protracker compatible	0	56958	5351f303	15f12779	SOUND/ZIP/TRKBLAST.EXE/V48.MOD
0a37c84c8f2486c867a6c87fb3883377	1	291969	player	uade	Protracker compatible	0	86260	1b420b5c	7b95e8a1	DEMO/UNZIP/TRKBLAST/CASTLE.MOD
0a37c84c8f2486c867a6c87fb3883377	1	291969	player	uade	Protracker compatible	0	86260	1b420b5c	7b95e8a1	SOUND/TRKBLAST/CASTLE.MOD
0a37c84c8f2486c867a6c87fb3883377	1	291969	player	uade	Protracker compatible	0	86260	1b420b5c	7b95e8a1	SOUND/ZIP/MISCMOD.EXE/CASTLE.MOD
0a37c84c8f2486c867a6c87fb3883377	2	80758	player
0d48f53e1a9b9f8d941ec73af9427870	1	206207	player	uade	Protracker	0	43958	cdfe051b	8c4d87d4	DEMO/TRKBLAST.EXE/THINGZCH.MOD
0d48f53e1a9b9f8d941ec73af9427870	1	206207	player	uade	Protracker	0	43958	cdfe051b	8c4d87d4	DEMO/UNZIP/TRKBLAST/THINGZ.MOD
0d48f53e1a9b9f8d941ec73af9427870	1	206207	player	uade	Protracker	0	43958	cdfe051b	8c4d87d4	DEMO/UNZIP/TRKBLAST/THINGZCH.MOD
0d48f53e1a9b9f8d941ec73af9427870	1	206207	player	uade	Protracker	0	43958	cdfe051b	8c4d87d4	DEMO/UNZIP/TRKBLAST/TRKBLAST.EXE/THINGZCH.MOD
0d48f53e1a9b9f8d941ec73af9427870	1	206207	player	uade	Protracker	0	43958	cdfe051b	8c4d87d4	SOUND/TRKBLAST/THINGZ.MOD
0d48f53e1a9b9f8d941ec73af9427870	1	206207	player	uade	Protracker	0	43958	cdfe051b	8c4d87d4	SOUND/TRKBLAST/THINGZCH.MOD
0d48f53e1a9b9f8d941ec73af9427870	1	206207	player	uade	Protracker	0	43958	cdfe051b	8c4d87d4	SOUND/TRKBLAST/TRKBLAST.EXE/THINGZCH.MOD
0d48f53e1a9b9f8d941ec73af9427870	1	206207	player	uade	Protracker	0	43958	cdfe051b	8c4d87d4	SOUND/ZIP/TRKBLAST.EXE/THINGZCH.MOD
11a79ff1cf538a1e6ac247b236b6c30d	1	76920	player	uade	Protracker compatible	0	77168	da1fbf0d	7e1776c2	DEMO/TRKBLAST.EXE/SADHISTO.MOD
11a79ff1cf538a1e6ac247b236b6c30d	1	76920	player	uade	Protracker compatible	0	77168	da1fbf0d	7e1776c2	DEMO/UNZIP/TRKBLAST/SADHISTO.MOD
11a79ff1cf538a1e6ac247b236b6c30d	1	76920	player	uade	Protracker compatible	0	77168	da1fbf0d	7e1776c2	DEMO/UNZIP/TRKBLAST/TRKBLAST.EXE/SADHISTO.MOD
11a79ff1cf538a1e6ac247b236b6c30d	1	76920	player	uade	Protracker compatible	0	77168	da1fbf0d	7e1776c2	SOUND/TRKBLAST/SADHISTO.MOD
11a79ff1cf538a1e6ac247b236b6c30d	1	76920	player	uade	Protracker compatible	0	77168	da1fbf0d	7e1776c2	SOUND/TRKBLAST/TRKBLAST.EXE/SADHISTO.MOD
11a79ff1cf538a1e6ac247b236b6c30d	1	76920	player	uade	Protracker compatible	0	77168	da1fbf0d	7e1776c2	SOUND/ZIP/TRKBLAST.EXE/SADHISTO.MOD
1311f651fa0f4df4152369706cb8a046	1	235411	player+volume	uade	Noisetracker 1.x	0	222058	4a76122e	83e9e6c7	DEMO/TRKBLAST.EXE/RVLUTION.MOD
1311f651fa0f4df4152369706cb8a046	1	235411	player+volume	uade	Noisetracker 1.x	0	222058	4a76122e	83e9e6c7	DEMO/UNZIP/TRKBLAST/RVLUTION.MOD
1311f651fa0f4df4152369706cb8a046	1	235411	player+volume	uade	Noisetracker 1.x	0	222058	4a76122e	83e9e6c7	DEMO/UNZIP/TRKBLAST/TRKBLAST.EXE/RVLUTION.MOD
1311f651fa0f4df4152369706cb8a046	1	235411	player+volume	uade	Noisetracker 1.x	0	222058	4a76122e	83e9e6c7	SOUND/TRKBLAST/RVLUTION.MOD
1311f651fa0f4df4152369706cb8a046	1	235411	player+volume	uade	Noisetracker 1.x	0	222058	4a76122e	83e9e6c7	SOUND/TRKBLAST/TRKBLAST.EXE/RVLUTION.MOD
1311f651fa0f4df4152369706cb8a046	1	235411	player+volume	uade	Noisetracker 1.x	0	222058	4a76122e	83e9e6c7	SOUND/ZIP/TRKBLAST.EXE/RVLUTION.MOD
167998b4c955f351b63b05971ec7ab37	1	296048	player	uade	Protracker compatible	0	137356	fbb69842	e1d0263c	DEMO/TRKBLAST.EXE/PHANTASM.MOD
167998b4c955f351b63b05971ec7ab37	1	296048	player	uade	Protracker compatible	0	137356	fbb69842	e1d0263c	DEMO/UNZIP/TRKBLAST/PHANTASM.MOD
167998b4c955f351b63b05971ec7ab37	1	296048	player	uade	Protracker compatible	0	137356	fbb69842	e1d0263c	DEMO/UNZIP/TRKBLAST/TRKBLAST.EXE/PHANTASM.MOD
167998b4c955f351b63b05971ec7ab37	1	296048	player	uade	Protracker compatible	0	137356	fbb69842	e1d0263c	SOUND/TRKBLAST/PHANTASM.MOD
167998b4c955f351b63b05971ec7ab37	1	296048	player	uade	Protracker compatible	0	137356	fbb69842	e1d0263c	SOUND/TRKBLAST/TRKBLAST.EXE/PHANTASM.MOD
167998b4c955f351b63b05971ec7ab37	1	296048	player	uade	Protracker compatible	0	137356	fbb69842	e1d0263c	SOUND/ZIP/TRKBLAST.EXE/PHANTASM.MOD
174119f3f40bd4cd996e62a8bfec0c6f	1	143176	player+silence	uade	Protracker	0	82004	73b759e3	32367481	DEMO/TRKBLAST.EXE/RAA.MOD
174119f3f40bd4cd996e62a8bfec0c6f	1	143176	player+silence	uade	Protracker	0	82004	73b759e3	32367481	DEMO/UNZIP/TRKBLAST/RAA.MOD
174119f3f40bd4cd996e62a8bfec0c6f	1	143176	player+silence	uade	Protracker	0	82004	73b759e3	32367481	DEMO/UNZIP/TRKBLAST/TRKBLAST.EXE/RAA.MOD
174119f3f40bd4cd996e62a8bfec0c6f	1	143176	player+silence	uade	Protracker	0	82004	73b759e3	32367481	SOUND/TRKBLAST/RAA.MOD
174119f3f40bd4cd996e62a8bfec0c6f	1	143176	player+silence	uade	Protracker	0	82004	73b759e3	32367481	SOUND/TRKBLAST/TRKBLAST.EXE/RAA.MOD
174119f3f40bd4cd996e62a8bfec0c6f	1	143176	player+silence	uade	Protracker	0	82004	73b759e3	32367481	SOUND/ZIP/TRKBLAST.EXE/RAA.MOD
1cb17b0bbb71a35b41dda591fea26df2	0	91128	player+silence	uade	Ultimate-Soundtracker or compatible	0	66044	c2c19486	7b996e79	DEMO/UNZIP/TRKBLAST/SLL3.MOD
1cb17b0bbb71a35b41dda591fea26df2	0	91128	player+silence	uade	Ultimate-Soundtracker or compatible	0	66044	c2c19486	7b996e79	SOUND/TRKBLAST/SLL3.MOD
1efc270ee4043db6d59f40bc245b7dd9	1	172931	player	uade	Protracker compatible	0	143674	14db3eaa	35e3459c	DEMO/UNZIP/TRKBLAST/BACKPOPD.MOD
1efc270ee4043db6d59f40bc245b7dd9	1	172931	player	uade	Protracker compatible	0	143674	14db3eaa	35e3459c	SOUND/TRKBLAST/BACKPOPD.MOD
1efc270ee4043db6d59f40bc245b7dd9	1	172931	player	uade	Protracker compatible	0	143674	14db3eaa	35e3459c	SOUND/ZIP/MISCMOD.EXE/BACKPOPD.MOD
201e533c96e02134f986beca6c91777c	1	143803	player+silence	uade	Protracker	0	76054	a62a8001	abc1b6e1	DEMO/UNZIP/TRKBLAST/VERTIGO1.MOD
201e533c96e02134f986beca6c91777c	1	143803	player+silence	uade	Protracker	0	76054	a62a8001	abc1b6e1	SOUND/TRKBLAST/VERTIGO1.MOD
23764ee90d0476135158a5c518f7e67f	1	242055	player	uade	Protracker compatible	0	130382	7ab534f4	45ea99ca	DEMO/TRKBLAST.EXE/CEBIT.MOD
23764ee90d0476135158a5c518f7e67f	1	242055	player	uade	Protracker compatible	0	130382	7ab534f4	45ea99ca	DEMO/UNZIP/TRKBLAST/CEBIT.MOD
23764ee90d0476135158a5c518f7e67f	1	242055	player	uade	Protracker compatible	0	130382	7ab534f4	45ea99ca	DEMO/UNZIP/TRKBLAST/CRMEARTH.MOD
23764ee90d0476135158a5c518f7e67f	1	242055	player	uade	Protracker compatible	0	130382	7ab534f4	45ea99ca	DEMO/UNZIP/TRKBLAST/TRKBLAST.EXE/CEBIT.MOD
23764ee90d0476135158a5c518f7e67f	1	242055	player	uade	Protracker compatible	0	130382	7ab534f4	45ea99ca	SOUND/TRKBLAST/CEBIT.MOD
23764ee90d0476135158a5c518f7e67f	1	242055	player	uade	Protracker compatible	0	130382	7ab534f4	45ea99ca	SOUND/TRKBLAST/CRMEARTH.MOD
23764ee90d0476135158a5c518f7e67f	1	242055	player	uade	Protracker compatible	0	130382	7ab534f4	45ea99ca	SOUND/TRKBLAST/TRKBLAST.EXE/CEBIT.MOD
23764ee90d0476135158a5c518f7e67f	1	242055	player	uade	Protracker compatible	0	130382	7ab534f4	45ea99ca	SOUND/ZIP/TRKBLAST.EXE/CEBIT.MOD
2677e9614ee68910a3dd3370efa0f2b7	1	215149	player	uade	Soundtracker II (31 instr.)	0	99400	a8337dff	4ca4e260	DEMO/TRKBLAST.EXE/ROBOTRON.MOD
2677e9614ee68910a3dd3370efa0f2b7	1	215149	player	uade	Soundtracker II (31 instr.)	0	99400	a8337dff	4ca4e260	DEMO/UNZIP/TRKBLAST/ROBOTRON.MOD
2677e9614ee68910a3dd3370efa0f2b7	1	215149	player	uade	Soundtracker II (31 instr.)	0	99400	a8337dff	4ca4e260	DEMO/UNZIP/TRKBLAST/TRKBLAST.EXE/ROBOTRON.MOD
2677e9614ee68910a3dd3370efa0f2b7	1	215149	player	uade	Soundtracker II (31 instr.)	0	99400	a8337dff	4ca4e260	SOUND/TRKBLAST/ROBOTRON.MOD
2677e9614ee68910a3dd3370efa0f2b7	1	215149	player	uade	Soundtracker II (31 instr.)	0	99400	a8337dff	4ca4e260	SOUND/TRKBLAST/TRKBLAST.EXE/ROBOTRON.MOD
2677e9614ee68910a3dd3370efa0f2b7	1	215149	player	uade	Soundtracker II (31 instr.)	0	99400	a8337dff	4ca4e260	SOUND/ZIP/TRKBLAST.EXE/ROBOTRON.MOD
26a6d51e9c8d8d4118bbd0493509b1a5	1	315017	player	uade	Soundtracker II (31 instr.)	0	78216	d0f5f07a	dd50ba29	DEMO/TRKBLAST.EXE/DESERT.MOD
26a6d51e9c8d8d4118bbd0493509b1a5	1	315017	player	uade	Soundtracker II (31 instr.)	0	78216	d0f5f07a	dd50ba29	DEMO/UNZIP/TRKBLAST/DESERT.MOD
26a6d51e9c8d8d4118bbd0493509b1a5	1	315017	player	uade	Soundtracker II (31 instr.)	0	78216	d0f5f07a	dd50ba29	DEMO/UNZIP/TRKBLAST/TRKBLAST.EXE/DESERT.MOD
26a6d51e9c8d8d4118bbd0493509b1a5	1	315017	player	uade	Soundtracker II (31 instr.)	0	78216	d0f5f07a	dd50ba29	SOUND/TRKBLAST/DESERT.MOD
26a6d51e9c8d8d4118bbd0493509b1a5	1	315017	player	uade	Soundtracker II (31 instr.)	0	78216	d0f5f07a	dd50ba29	SOUND/TRKBLAST/TRKBLAST.EXE/DESERT.MOD
26a6d51e9c8d8d4118bbd0493509b1a5	1	315017	player	uade	Soundtracker II (31 instr.)	0	78216	d0f5f07a	dd50ba29	SOUND/ZIP/TRKBLAST.EXE/DESERT.MOD
2860e9b8b3d1b175ec59d1e56ba6c045	1	210205	player+silence	uade	Noisetracker 1.x	0	93588	86aef072	71de0ba2	DEMO/TRKBLAST.EXE/ARCANE.MOD
2860e9b8b3d1b175ec59d1e56ba6c045	1	210205	player+silence	uade	Noisetracker 1.x	0	93588	86aef072	71de0ba2	DEMO/UNZIP/TRKBLAST/ARCANE.MOD
2860e9b8b3d1b175ec59d1e56ba6c045	1	210205	player+silence	uade	Noisetracker 1.x	0	93588	86aef072	71de0ba2	DEMO/UNZIP/TRKBLAST/TRKBLAST.EXE/ARCANE.MOD
2860e9b8b3d1b175ec59d1e56ba6c045	1	210205	player+silence	uade	Noisetracker 1.x	0	93588	86aef072	71de0ba2	SOUND/TRKBLAST/ARCANE.MOD
2860e9b8b3d1b175ec59d1e56ba6c045	1	210205	player+silence	uade	Noisetracker 1.x	0	93588	86aef072	71de0ba2	SOUND/TRKBLAST/TRKBLAST.EXE/ARCANE.MOD
2860e9b8b3d1b175ec59d1e56ba6c045	1	210205	player+silence	uade	Noisetracker 1.x	0	93588	86aef072	71de0ba2	SOUND/ZIP/TRKBLAST.EXE/ARCANE.MOD
29a27065f2345f6d0c794c5f6ad089e6	0	47522	player	uade	Ultimate-Soundtracker or compatible	0	57596	aaaabfdf	c70ece9a	DEMO/UNZIP/TRKBLAST/SLL5.MOD
29a27065f2345f6d0c794c5f6ad089e6	0	47522	player	uade	Ultimate-Soundtracker or compatible	0	57596	aaaabfdf	c70ece9a	SOUND/TRKBLAST/SLL5.MOD
29e0b73eb45170e2f59f177d764972ea	1	88475	player	uade	Protracker compatible	0	97424	9e186b3b	524075e9	DEMO/TRKBLAST.EXE/LETS.MOD
29e0b73eb45170e2f59f177d764972ea	1	88475	player	uade	Protracker compatible	0	97424	9e186b3b	524075e9	DEMO/UNZIP/TRKBLAST/LETS.MOD
29e0b73eb45170e2f59f177d764972ea	1	88475	player	uade	Protracker compatible	0	97424	9e186b3b	524075e9	DEMO/UNZIP/TRKBLAST/TRKBLAST.EXE/LETS.MOD
29e0b73eb45170e2f59f177d764972ea	1	88475	player	uade	Protracker compatible	0	97424	9e186b3b	524075e9	SOUND/TRKBLAST/LETS.MOD
29e0b73eb45170e2f59f177d764972ea	1	88475	player	uade	Protracker compatible	0	97424	9e186b3b	524075e9	SOUND/TRKBLAST/TRKBLAST.EXE/LETS.MOD
29e0b73eb45170e2f59f177d764972ea	1	88475	player	uade	Protracker compatible	0	97424	9e186b3b	524075e9	SOUND/ZIP/TRKBLAST.EXE/LETS.MOD
2a4bbdf0d7f00584f4ae940fd7ec3c7a	1	400699	player	uade	Protracker compatible	0	93106	7c65c725	de9d366d	DEMO/TRKBLAST.EXE/PUSHMAXI.MOD
2a4bbdf0d7f00584f4ae940fd7ec3c7a	1	400699	player	uade	Protracker compatible	0	93106	7c65c725	de9d366d	DEMO/UNZIP/TRKBLAST/PUSH.MOD
2a4bbdf0d7f00584f4ae940fd7ec3c7a	1	400699	player	uade	Protracker compatible	0	93106	7c65c725	de9d366d	DEMO/UNZIP/TRKBLAST/PUSHMAXI.MOD
2a4bbdf0d7f00584f4ae940fd7ec3c7a	1	400699	player	uade	Protracker compatible	0	93106	7c65c725	de9d366d	DEMO/UNZIP/TRKBLAST/TRKBLAST.EXE/PUSHMAXI.MOD
2a4bbdf0d7f00584f4ae940fd7ec3c7a	1	400699	player	uade	Protracker compatible	0	93106	7c65c725	de9d366d	SOUND/TRKBLAST/PUSH.MOD
2a4bbdf0d7f00584f4ae940fd7ec3c7a	1	400699	player	uade	Protracker compatible	0	93106	7c65c725	de9d366d	SOUND/TRKBLAST/PUSHMAXI.MOD
2a4bbdf0d7f00584f4ae940fd7ec3c7a	1	400699	player	uade	Protracker compatible	0	93106	7c65c725	de9d366d	SOUND/TRKBLAST/TRKBLAST.EXE/PUSHMAXI.MOD
2a4bbdf0d7f00584f4ae940fd7ec3c7a	1	400699	player	uade	Protracker compatible	0	93106	7c65c725	de9d366d	SOUND/ZIP/TRKBLAST.EXE/PUSHMAXI.MOD
2db3ce6cce4823120ce8d2de21c3ac4f	1	107645	player	uade	Protracker compatible	0	58106	93b1e6ad	0322ee6a	DEMO/UNZIP/TRKBLAST/UA1T.MOD
2db3ce6cce4823120ce8d2de21c3ac4f	1	107645	player	uade	Protracker compatible	0	58106	93b1e6ad	0322ee6a	SOUND/TRKBLAST/UA1T.MOD
2e1d3780ec3fda69c247de80089c667b	1	213622	player+silence	uade	Protracker compatible	0	129218	71ef6c99	98acb586	DEMO/TRKBLAST.EXE/EXCTASY.MOD
2e1d3780ec3fda69c247de80089c667b	1	213622	player+silence	uade	Protracker compatible	0	129218	71ef6c99	98acb586	DEMO/UNZIP/TRKBLAST/EXCTASY.MOD
2e1d3780ec3fda69c247de80089c667b	1	213622	player+silence	uade	Protracker compatible	0	129218	71ef6c99	98acb586	DEMO/UNZIP/TRKBLAST/TRKBLAST.EXE/EXCTASY.MOD
2e1d3780ec3fda69c247de80089c667b	1	213622	player+silence	uade	Protracker compatible	0	129218	71ef6c99	98acb586	SOUND/TRKBLAST/EXCTASY.MOD
2e1d3780ec3fda69c247de80089c667b	1	213622	player+silence	uade	Protracker compatible	0	129218	71ef6c99	98acb586	SOUND/TRKBLAST/TRKBLAST.EXE/EXCTASY.MOD
2e1d3780ec3fda69c247de80089c667b	1	213622	player+silence	uade	Protracker compatible	0	129218	71ef6c99	98acb586	SOUND/ZIP/TRKBLAST.EXE/EXCTASY.MOD
2ef3c4044f18d88115f8aca70dc09cbc	1	230420	player	uade	Protracker compatible	0	91504	d251db83	541fc673	DEMO/UNZIP/TRKBLAST/TRAINBT2.MOD
2ef3c4044f18d88115f8aca70dc09cbc	1	230420	player	uade	Protracker compatible	0	91504	d251db83	541fc673	SOUND/TRKBLAST/TRAINBT2.MOD
308975a50640ecb737a8dd0b616a4634	1	185751	player	uade	Protracker compatible	0	160990	60ad3a55	da4279ed	DEMO/TRKBLAST.EXE/HYSTBABY.MOD
308975a50640ecb737a8dd0b616a4634	1	185751	player	uade	Protracker compatible	0	160990	60ad3a55	da4279ed	DEMO/UNZIP/TRKBLAST/HYSTBABY.MOD
308975a50640ecb737a8dd0b616a4634	1	185751	player	uade	Protracker compatible	0	160990	60ad3a55	da4279ed	DEMO/UNZIP/TRKBLAST/TRKBLAST.EXE/HYSTBABY.MOD
308975a50640ecb737a8dd0b616a4634	1	185751	player	uade	Protracker compatible	0	160990	60ad3a55	da4279ed	SOUND/TRKBLAST/HYSTBABY.MOD
308975a50640ecb737a8dd0b616a4634	1	185751	player	uade	Protracker compatible	0	160990	60ad3a55	da4279ed	SOUND/TRKBLAST/TRKBLAST.EXE/HYSTBABY.MOD
308975a50640ecb737a8dd0b616a4634	1	185751	player	uade	Protracker compatible	0	160990	60ad3a55	da4279ed	SOUND/ZIP/TRKBLAST.EXE/HYSTBABY.MOD
34b3029b5fad9bb4d91e84b5a3d4d609	1	121088	player	uade	Soundtracker II (31 instr.)	0	59846	b051d4ed	bd0c77e8	DEMO/TRKBLAST.EXE/UPFRONT3.MOD
34b3029b5fad9bb4d91e84b5a3d4d609	1	121088	player	uade	Soundtracker II (31 instr.)	0	59846	b051d4ed	bd0c77e8	DEMO/UNZIP/TRKBLAST/TRKBLAST.EXE/UPFRONT3.MOD
34b3029b5fad9bb4d91e84b5a3d4d609	1	121088	player	uade	Soundtracker II (31 instr.)	0	59846	b051d4ed	bd0c77e8	DEMO/UNZIP/TRKBLAST/UPFRONT3.MOD
34b3029b5fad9bb4d91e84b5a3d4d609	1	121088	player	uade	Soundtracker II (31 instr.)	0	59846	b051d4ed	bd0c77e8	SOUND/TRKBLAST/TRKBLAST.EXE/UPFRONT3.MOD
34b3029b5fad9bb4d91e84b5a3d4d609	1	121088	player	uade	Soundtracker II (31 instr.)	0	59846	b051d4ed	bd0c77e8	SOUND/TRKBLAST/UPFRONT3.MOD
34b3029b5fad9bb4d91e84b5a3d4d609	1	121088	player	uade	Soundtracker II (31 instr.)	0	59846	b051d4ed	bd0c77e8	SOUND/ZIP/TRKBLAST.EXE/UPFRONT3.MOD
3507177589e3bcafce3daab2b12471ab	1	169093	player	uade	Noisetracker 1.x	0	91504	93cf74b9	286cbb51	DEMO/UNZIP/TRKBLAST/NIGHTFAL.MOD
3507177589e3bcafce3daab2b12471ab	1	169093	player	uade	Noisetracker 1.x	0	91504	93cf74b9	286cbb51	SOUND/TRKBLAST/NIGHTFAL.MOD
3507177589e3bcafce3daab2b12471ab	1	169093	player	uade	Noisetracker 1.x	0	91504	93cf74b9	286cbb51	SOUND/ZIP/6-MOD.EXE/NIGHTFAL.MOD
3eee2c64a7b0a8e5532125db7f84df7f	1	315258	player	uade	Protracker compatible	0	128020	431f4d1b	c7a4ad63	DEMO/TRKBLAST.EXE/HALUC.MOD
3eee2c64a7b0a8e5532125db7f84df7f	1	315258	player	uade	Protracker compatible	0	128020	431f4d1b	c7a4ad63	DEMO/UNZIP/TRKBLAST/HALUC.MOD
3eee2c64a7b0a8e5532125db7f84df7f	1	315258	player	uade	Protracker compatible	0	128020	431f4d1b	c7a4ad63	DEMO/UNZIP/TRKBLAST/TRKBLAST.EXE/HALUC.MOD
3eee2c64a7b0a8e5532125db7f84df7f	1	315258	player	uade	Protracker compatible	0	128020	431f4d1b	c7a4ad63	SOUND/TRKBLAST/HALUC.MOD
3eee2c64a7b0a8e5532125db7f84df7f	1	315258	player	uade	Protracker compatible	0	128020	431f4d1b	c7a4ad63	SOUND/TRKBLAST/TRKBLAST.EXE/HALUC.MOD
3eee2c64a7b0a8e5532125db7f84df7f	1	315258	player	uade	Protracker compatible	0	128020	431f4d1b	c7a4ad63	SOUND/ZIP/TRKBLAST.EXE/HALUC.MOD
3fab9718fa116df00f4be9140489ceb6	1	486221	player	uade	Protracker compatible	0	71260	95c80ea4	5cc76cd3	DEMO/TRKBLAST.EXE/FUTURE.MOD
3fab9718fa116df00f4be9140489ceb6	1	486221	player	uade	Protracker compatible	0	71260	95c80ea4	5cc76cd3	DEMO/UNZIP/TRKBLAST/FUTURE.MOD
3fab9718fa116df00f4be9140489ceb6	1	486221	player	uade	Protracker compatible	0	71260	95c80ea4	5cc76cd3	DEMO/UNZIP/TRKBLAST/TRKBLAST.EXE/FUTURE.MOD
3fab9718fa116df00f4be9140489ceb6	1	486221	player	uade	Protracker compatible	0	71260	95c80ea4	5cc76cd3	SOUND/TRKBLAST/FUTURE.MOD
3fab9718fa116df00f4be9140489ceb6	1	486221	player	uade	Protracker compatible	0	71260	95c80ea4	5cc76cd3	SOUND/TRKBLAST/TRKBLAST.EXE/FUTURE.MOD
3fab9718fa116df00f4be9140489ceb6	1	486221	player	uade	Protracker compatible	0	71260	95c80ea4	5cc76cd3	SOUND/ZIP/TRKBLAST.EXE/FUTURE.MOD
42a8c609be3f801e3299908e316d2ef6	1	276597	player	uade	Protracker compatible	0	54644	9a224b4e	9a4f64df	DEMO/UNZIP/TRKBLAST/MINIBLST.MOD
42a8c609be3f801e3299908e316d2ef6	1	276597	player	uade	Protracker compatible	0	54644	9a224b4e	9a4f64df	SOUND/TRKBLAST/MINIBLST.MOD
42a8c609be3f801e3299908e316d2ef6	1	276597	player	uade	Protracker compatible	0	54644	9a224b4e	9a4f64df	SOUND/ZIP/6-MOD.EXE/MINIBLST.MOD
44cace85f4b31146add958fb02dbd93c	1	134531	player	uade	Protracker compatible	0	68682	4ec33946	1ea9fe40	DEMO/TRKBLAST.EXE/PARTY.MOD
44cace85f4b31146add958fb02dbd93c	1	134531	player	uade	Protracker compatible	0	68682	4ec33946	1ea9fe40	DEMO/UNZIP/TRKBLAST/PARTY.MOD
44cace85f4b31146add958fb02dbd93c	1	134531	player	uade	Protracker compatible	0	68682	4ec33946	1ea9fe40	DEMO/UNZIP/TRKBLAST/TRKBLAST.EXE/PARTY.MOD
44cace85f4b31146add958fb02dbd93c	1	134531	player	uade	Protracker compatible	0	68682	4ec33946	1ea9fe40	SOUND/TRKBLAST/PARTY.MOD
44cace85f4b31146add958fb02dbd93c	1	134531	player	uade	Protracker compatible	0	68682	4ec33946	1ea9fe40	SOUND/TRKBLAST/TRKBLAST.EXE/PARTY.MOD
44cace85f4b31146add958fb02dbd93c	1	134531	player	uade	Protracker compatible	0	68682	4ec33946	1ea9fe40	SOUND/ZIP/TRKBLAST.EXE/PARTY.MOD
451f2abfb03d7de40ae3b7df3c61a44d	1	246838	player	uade	Noisetracker 1.x	0	78188	ff35ee33	882ddfe0	DEMO/TRKBLAST.EXE/LOWALTIT.MOD
451f2abfb03d7de40ae3b7df3c61a44d	1	246838	player	uade	Noisetracker 1.x	0	78188	ff35ee33	882ddfe0	DEMO/UNZIP/TRKBLAST/LOWALTIT.MOD
451f2abfb03d7de40ae3b7df3c61a44d	1	246838	player	uade	Noisetracker 1.x	0	78188	ff35ee33	882ddfe0	DEMO/UNZIP/TRKBLAST/TRKBLAST.EXE/LOWALTIT.MOD
451f2abfb03d7de40ae3b7df3c61a44d	1	246838	player	uade	Noisetracker 1.x	0	78188	ff35ee33	882ddfe0	SOUND/TRKBLAST/LOWALTIT.MOD
451f2abfb03d7de40ae3b7df3c61a44d	1	246838	player	uade	Noisetracker 1.x	0	78188	ff35ee33	882ddfe0	SOUND/TRKBLAST/TRKBLAST.EXE/LOWALTIT.MOD
451f2abfb03d7de40ae3b7df3c61a44d	1	246838	player	uade	Noisetracker 1.x	0	78188	ff35ee33	882ddfe0	SOUND/ZIP/TRKBLAST.EXE/LOWALTIT.MOD
4ce7387cf12b44ab01c23ef32274eb85	1	182006	player+silence	uade	Noisetracker 1.x	0	91456	949ddd55	4bc78d80	DEMO/TRKBLAST.EXE/SAHARA.MOD
4ce7387cf12b44ab01c23ef32274eb85	1	182006	player+silence	uade	Noisetracker 1.x	0	91456	949ddd55	4bc78d80	DEMO/UNZIP/TRKBLAST/SAHARA.MOD
4ce7387cf12b44ab01c23ef32274eb85	1	182006	player+silence	uade	Noisetracker 1.x	0	91456	949ddd55	4bc78d80	DEMO/UNZIP/TRKBLAST/TRKBLAST.EXE/SAHARA.MOD
4ce7387cf12b44ab01c23ef32274eb85	1	182006	player+silence	uade	Noisetracker 1.x	0	91456	949ddd55	4bc78d80	SOUND/TRKBLAST/SAHARA.MOD
4ce7387cf12b44ab01c23ef32274eb85	1	182006	player+silence	uade	Noisetracker 1.x	0	91456	949ddd55	4bc78d80	SOUND/TRKBLAST/TRKBLAST.EXE/SAHARA.MOD
4ce7387cf12b44ab01c23ef32274eb85	1	182006	player+silence	uade	Noisetracker 1.x	0	91456	949ddd55	4bc78d80	SOUND/ZIP/MISCMOD.EXE/SAHARA.MOD
4ce7387cf12b44ab01c23ef32274eb85	1	182006	player+silence	uade	Noisetracker 1.x	0	91456	949ddd55	4bc78d80	SOUND/ZIP/TRKBLAST.EXE/SAHARA.MOD
50cadcd1963563097c56f813bffc62fe	1	132360	player	uade	Protracker compatible	0	263744	859800cc	ea0f4d53	DEMO/TRKBLAST.EXE/BATDANCE.MOD
50cadcd1963563097c56f813bffc62fe	1	132360	player	uade	Protracker compatible	0	263744	859800cc	ea0f4d53	DEMO/UNZIP/TRKBLAST/BATDANCE.MOD
50cadcd1963563097c56f813bffc62fe	1	132360	player	uade	Protracker compatible	0	263744	859800cc	ea0f4d53	DEMO/UNZIP/TRKBLAST/TRKBLAST.EXE/BATDANCE.MOD
50cadcd1963563097c56f813bffc62fe	1	132360	player	uade	Protracker compatible	0	263744	859800cc	ea0f4d53	SOUND/TRKBLAST/BATDANCE.MOD
50cadcd1963563097c56f813bffc62fe	1	132360	player	uade	Protracker compatible	0	263744	859800cc	ea0f4d53	SOUND/TRKBLAST/TRKBLAST.EXE/BATDANCE.MOD
50cadcd1963563097c56f813bffc62fe	1	132360	player	uade	Protracker compatible	0	263744	859800cc	ea0f4d53	SOUND/ZIP/TRKBLAST.EXE/BATDANCE.MOD
5393895cc6bef730eff6a476ee3afda6	1	174816	player+silence	uade	Protracker compatible	0	114128	d0fe6d8c	7fa7d6c5	DEMO/TRKBLAST.EXE/CCFACTRY.MOD
5393895cc6bef730eff6a476ee3afda6	1	174816	player+silence	uade	Protracker compatible	0	114128	d0fe6d8c	7fa7d6c5	DEMO/UNZIP/TRKBLAST/CCFACTRY.MOD
5393895cc6bef730eff6a476ee3afda6	1	174816	player+silence	uade	Protracker compatible	0	114128	d0fe6d8c	7fa7d6c5	DEMO/UNZIP/TRKBLAST/TRKBLAST.EXE/CCFACTRY.MOD
5393895cc6bef730eff6a476ee3afda6	1	174816	player+silence	uade	Protracker compatible	0	114128	d0fe6d8c	7fa7d6c5	SOUND/TRKBLAST/CCFACTRY.MOD
5393895cc6bef730eff6a476ee3afda6	1	174816	player+silence	uade	Protracker compatible	0	114128	d0fe6d8c	7fa7d6c5	SOUND/TRKBLAST/TRKBLAST.EXE/CCFACTRY.MOD
5393895cc6bef730eff6a476ee3afda6	1	174816	player+silence	uade	Protracker compatible	0	114128	d0fe6d8c	7fa7d6c5	SOUND/ZIP/TRKBLAST.EXE/CCFACTRY.MOD
5504aa02c5d301829040835aac769bd8	1	141709	player+silence	uade	Protracker compatible	0	102562	f2565385	8fc79eb2	DEMO/UNZIP/TRKBLAST/AIRWOLF.MOD
5504aa02c5d301829040835aac769bd8	1	141709	player+silence	uade	Protracker compatible	0	102562	f2565385	8fc79eb2	SOUND/TRKBLAST/AIRWOLF.MOD
5504aa02c5d301829040835aac769bd8	1	141709	player+silence	uade	Protracker compatible	0	102562	f2565385	8fc79eb2	SOUND/ZIP/MISCMOD.EXE/AIRWOLF.MOD
551f04e1169625ff002733a68d670d71	1	108931	player	uade	Soundtracker II (15 instr.)	0	111052	593c9cc9	c0dc151c	DEMO/TRKBLAST.EXE/AWESOME1.MOD
551f04e1169625ff002733a68d670d71	1	108931	player	uade	Soundtracker II (15 instr.)	0	111052	593c9cc9	c0dc151c	DEMO/UNZIP/TRKBLAST/AWESOME1.MOD
551f04e1169625ff002733a68d670d71	1	108931	player	uade	Soundtracker II (15 instr.)	0	111052	593c9cc9	c0dc151c	DEMO/UNZIP/TRKBLAST/TRKBLAST.EXE/AWESOME1.MOD
551f04e1169625ff002733a68d670d71	1	108931	player	uade	Soundtracker II (15 instr.)	0	111052	593c9cc9	c0dc151c	SOUND/TRKBLAST/AWESOME1.MOD
551f04e1169625ff002733a68d670d71	1	108931	player	uade	Soundtracker II (15 instr.)	0	111052	593c9cc9	c0dc151c	SOUND/TRKBLAST/TRKBLAST.EXE/AWESOME1.MOD
551f04e1169625ff002733a68d670d71	1	108931	player	uade	Soundtracker II (15 instr.)	0	111052	593c9cc9	c0dc151c	SOUND/ZIP/TRKBLAST.EXE/AWESOME1.MOD
5ffa56b034e732600b9b9fbfcce54718	0	199382	player	libopenmpt	Ultimate Soundtracker 1.8-2.0	4	91416	7c01b219	c4a0b3cb	DEMO/UNZIP/TRKBLAST/SLL7.MOD
5ffa56b034e732600b9b9fbfcce54718	0	199382	player	libopenmpt	Ultimate Soundtracker 1.8-2.0	4	91416	7c01b219	c4a0b3cb	SOUND/TRKBLAST/SLL7.MOD
62e5889862b4060a2e1f5f91639cf6a0	1	152429	player+volume	uade	Protracker compatible	0	144204	8c2227a7	1bedd91f	DEMO/TRKBLAST.EXE/ASPHYXD.MOD
62e5889862b4060a2e1f5f91639cf6a0	1	152429	player+volume	uade	Protracker compatible	0	144204	8c2227a7	1bedd91f	DEMO/UNZIP/TRKBLAST/ASPHYXD.MOD
62e5889862b4060a2e1f5f91639cf6a0	1	152429	player+volume	uade	Protracker compatible	0	144204	8c2227a7	1bedd91f	DEMO/UNZIP/TRKBLAST/TRKBLAST.EXE/ASPHYXD.MOD
62e5889862b4060a2e1f5f91639cf6a0	1	152429	player+volume	uade	Protracker compatible	0	144204	8c2227a7	1bedd91f	SOUND/TRKBLAST/ASPHYXD.MOD
62e5889862b4060a2e1f5f91639cf6a0	1	152429	player+volume	uade	Protracker compatible	0	144204	8c2227a7	1bedd91f	SOUND/TRKBLAST/TRKBLAST.EXE/ASPHYXD.MOD
62e5889862b4060a2e1f5f91639cf6a0	1	152429	player+volume	uade	Protracker compatible	0	144204	8c2227a7	1bedd91f	SOUND/ZIP/TRKBLAST.EXE/ASPHYXD.MOD
65ce243388fc7b94c2d33895be039360	1	173222	player+silence	uade	Protracker	0	89210	2148dce7	46aeddff	DEMO/UNZIP/TRKBLAST/WHATEVUH.MOD
65ce243388fc7b94c2d33895be039360	1	173222	player+silence	uade	Protracker	0	89210	2148dce7	46aeddff	SOUND/TRKBLAST/WHATEVUH.MOD
68dd096ec04e470bc742b364950af9d3	1	199797	player	uade	Noisetracker 1.x	0	88404	25abc149	4a81d997	DEMO/TRKBLAST.EXE/GHOST.MOD
68dd096ec04e470bc742b364950af9d3	1	199797	player	uade	Noisetracker 1.x	0	88404	25abc149	4a81d997	DEMO/UNZIP/TRKBLAST/GHOST.MOD
68dd096ec04e470bc742b364950af9d3	1	199797	player	uade	Noisetracker 1.x	0	88404	25abc149	4a81d997	DEMO/UNZIP/TRKBLAST/TRKBLAST.EXE/GHOST.MOD
68dd096ec04e470bc742b364950af9d3	1	199797	player	uade	Noisetracker 1.x	0	88404	25abc149	4a81d997	SOUND/TRKBLAST/GHOST.MOD
68dd096ec04e470bc742b364950af9d3	1	199797	player	uade	Noisetracker 1.x	0	88404	25abc149	4a81d997	SOUND/TRKBLAST/TRKBLAST.EXE/GHOST.MOD
68dd096ec04e470bc742b364950af9d3	1	199797	player	uade	Noisetracker 1.x	0	88404	25abc149	4a81d997	SOUND/ZIP/MISCMOD.EXE/GHOST.MOD
68dd096ec04e470bc742b364950af9d3	1	199797	player	uade	Noisetracker 1.x	0	88404	25abc149	4a81d997	SOUND/ZIP/TRKBLAST.EXE/GHOST.MOD
69a25edfd0f34742119ddd05d42f855f	1	159204	player+silence	uade	Noisetracker 1.x	0	146880	ab2f544c	7d587ea5	DEMO/TRKBLAST.EXE/ECSTACY.MOD
69a25edfd0f34742119ddd05d42f855f	1	159204	player+silence	uade	Noisetracker 1.x	0	146880	ab2f544c	7d587ea5	DEMO/UNZIP/TRKBLAST/ECSTACY.MOD
69a25edfd0f34742119ddd05d42f855f	1	159204	player+silence	uade	Noisetracker 1.x	0	146880	ab2f544c	7d587ea5	DEMO/UNZIP/TRKBLAST/TRKBLAST.EXE/ECSTACY.MOD
69a25edfd0f34742119ddd05d42f855f	1	159204	player+silence	uade	Noisetracker 1.x	0	146880	ab2f544c	7d587ea5	SOUND/TRKBLAST/ECSTACY.MOD
69a25edfd0f34742119ddd05d42f855f	1	159204	player+silence	uade	Noisetracker 1.x	0	146880	ab2f544c	7d587ea5	SOUND/TRKBLAST/TRKBLAST.EXE/ECSTACY.MOD
69a25edfd0f34742119ddd05d42f855f	1	159204	player+silence	uade	Noisetracker 1.x	0	146880	ab2f544c	7d587ea5	SOUND/ZIP/TRKBLAST.EXE/ECSTACY.MOD
6a5bcd6319d8f51322cfe022c6d0d868	1	383901	player	uade	Soundtracker II (31 instr.)	0	97336	f0139f5f	f4406551	DEMO/TRKBLAST.EXE/DRAGONS2.MOD
6a5bcd6319d8f51322cfe022c6d0d868	1	383901	player	uade	Soundtracker II (31 instr.)	0	97336	f0139f5f	f4406551	DEMO/UNZIP/TRKBLAST/DRAGONS2.MOD
6a5bcd6319d8f51322cfe022c6d0d868	1	383901	player	uade	Soundtracker II (31 instr.)	0	97336	f0139f5f	f4406551	DEMO/UNZIP/TRKBLAST/TRKBLAST.EXE/DRAGONS2.MOD
6a5bcd6319d8f51322cfe022c6d0d868	1	383901	player	uade	Soundtracker II (31 instr.)	0	97336	f0139f5f	f4406551	SOUND/TRKBLAST/DRAGONS2.MOD
6a5bcd6319d8f51322cfe022c6d0d868	1	383901	player	uade	Soundtracker II (31 instr.)	0	97336	f0139f5f	f4406551	SOUND/TRKBLAST/TRKBLAST.EXE/DRAGONS2.MOD
6a5bcd6319d8f51322cfe022c6d0d868	1	383901	player	uade	Soundtracker II (31 instr.)	0	97336	f0139f5f	f4406551	SOUND/ZIP/TRKBLAST.EXE/DRAGONS2.MOD
6daaf200d0cbe079d30f480b96b27201	0	71314	player	uade	Ultimate-Soundtracker or compatible	0	58510	c0872cc6	efc91573	DEMO/UNZIP/TRKBLAST/TECH31.MOD
6daaf200d0cbe079d30f480b96b27201	0	71314	player	uade	Ultimate-Soundtracker or compatible	0	58510	c0872cc6	efc91573	SOUND/TRKBLAST/TECH31.MOD
6e41dcb9280f181667b684cf4fe105c5	1	121088	player	uade	Protracker compatible	0	59806	f19eced2	479d535e	DEMO/TRKBLAST.EXE/TUNE2.MOD
6e41dcb9280f181667b684cf4fe105c5	1	121088	player	uade	Protracker compatible	0	59806	f19eced2	479d535e	DEMO/UNZIP/TRKBLAST/TRKBLAST.EXE/TUNE2.MOD
6e41dcb9280f181667b684cf4fe105c5	1	121088	player	uade	Protracker compatible	0	59806	f19eced2	479d535e	DEMO/UNZIP/TRKBLAST/TUNE2.MOD
6e41dcb9280f181667b684cf4fe105c5	1	121088	player	uade	Protracker compatible	0	59806	f19eced2	479d535e	SOUND/TRKBLAST/TRKBLAST.EXE/TUNE2.MOD
6e41dcb9280f181667b684cf4fe105c5	1	121088	player	uade	Protracker compatible	0	59806	f19eced2	479d535e	SOUND/TRKBLAST/TUNE2.MOD
6e41dcb9280f181667b684cf4fe105c5	1	121088	player	uade	Protracker compatible	0	59806	f19eced2	479d535e	SOUND/ZIP/TRKBLAST.EXE/TUNE2.MOD
71c6bde921139e506a5c4f686d38b715	1	99968	player	uade	Soundtracker II (31 instr.)	0	86672	3e374fd3	3ce3c166	DEMO/TRKBLAST.EXE/EQUINOXE.MOD
71c6bde921139e506a5c4f686d38b715	1	99968	player	uade	Soundtracker II (31 instr.)	0	86672	3e374fd3	3ce3c166	DEMO/UNZIP/TRKBLAST/EQUINOXE.MOD
71c6bde921139e506a5c4f686d38b715	1	99968	player	uade	Soundtracker II (31 instr.)	0	86672	3e374fd3	3ce3c166	DEMO/UNZIP/TRKBLAST/TRKBLAST.EXE/EQUINOXE.MOD
71c6bde921139e506a5c4f686d38b715	1	99968	player	uade	Soundtracker II (31 instr.)	0	86672	3e374fd3	3ce3c166	SOUND/TRKBLAST/EQUINOXE.MOD
71c6bde921139e506a5c4f686d38b715	1	99968	player	uade	Soundtracker II (31 instr.)	0	86672	3e374fd3	3ce3c166	SOUND/TRKBLAST/TRKBLAST.EXE/EQUINOXE.MOD
71c6bde921139e506a5c4f686d38b715	1	99968	player	uade	Soundtracker II (31 instr.)	0	86672	3e374fd3	3ce3c166	SOUND/ZIP/TRKBLAST.EXE/EQUINOXE.MOD
745096c76c06628257be18482f15989f	1	212874	player+silence	uade	Noisetracker 1.x	0	52096	17ec16f9	a16d9459	DEMO/TRKBLAST.EXE/MUZAK.MOD
745096c76c06628257be18482f15989f	1	212874	player+silence	uade	Noisetracker 1.x	0	52096	17ec16f9	a16d9459	DEMO/UNZIP/TRKBLAST/MUZAK.MOD
745096c76c06628257be18482f15989f	1	212874	player+silence	uade	Noisetracker 1.x	0	52096	17ec16f9	a16d9459	DEMO/UNZIP/TRKBLAST/TRKBLAST.EXE/MUZAK.MOD
745096c76c06628257be18482f15989f	1	212874	player+silence	uade	Noisetracker 1.x	0	52096	17ec16f9	a16d9459	SOUND/TRKBLAST/MUZAK.MOD
745096c76c06628257be18482f15989f	1	212874	player+silence	uade	Noisetracker 1.x	0	52096	17ec16f9	a16d9459	SOUND/TRKBLAST/TRKBLAST.EXE/MUZAK.MOD
745096c76c06628257be18482f15989f	1	212874	player+silence	uade	Noisetracker 1.x	0	52096	17ec16f9	a16d9459	SOUND/ZIP/TRKBLAST.EXE/MUZAK.MOD
7465dd1f47adce60cf4498f12bf6b527	1	169093	player	uade	Protracker compatible	0	91504	db94e586	a6ca11b3	DEMO/TRKBLAST.EXE/NIGHTFLL.MOD
7465dd1f47adce60cf4498f12bf6b527	1	169093	player	uade	Protracker compatible	0	91504	db94e586	a6ca11b3	DEMO/UNZIP/TRKBLAST/NIGHTFLL.MOD
7465dd1f47adce60cf4498f12bf6b527	1	169093	player	uade	Protracker compatible	0	91504	db94e586	a6ca11b3	DEMO/UNZIP/TRKBLAST/TRKBLAST.EXE/NIGHTFLL.MOD
7465dd1f47adce60cf4498f12bf6b527	1	169093	player	uade	Protracker compatible	0	91504	db94e586	a6ca11b3	SOUND/TRKBLAST/NIGHTFLL.MOD
7465dd1f47adce60cf4498f12bf6b527	1	169093	player	uade	Protracker compatible	0	91504	db94e586	a6ca11b3	SOUND/TRKBLAST/TRKBLAST.EXE/NIGHTFLL.MOD
7465dd1f47adce60cf4498f12bf6b527	1	169093	player	uade	Protracker compatible	0	91504	db94e586	a6ca11b3	SOUND/ZIP/TRKBLAST.EXE/NIGHTFLL.MOD
752af1d32c66f4d0a9f8e42818ccdbba	1	158211	player+volume	uade	Soundtracker II (15 instr.)	0	121904	847606e3	c9867e26	DEMO/UNZIP/TRKBLAST/CHOPPER.MOD
752af1d32c66f4d0a9f8e42818ccdbba	1	158211	player+volume	uade	Soundtracker II (15 instr.)	0	121904	847606e3	c9867e26	SOUND/TRKBLAST/CHOPPER.MOD
75686821180485901ad25b7866ad6f60	1	703339	player	uade	Protracker compatible	0	141118	158e7581	f087a236	DEMO/UNZIP/TRKBLAST/PRGFUNK.MOD
75686821180485901ad25b7866ad6f60	1	703339	player	uade	Protracker compatible	0	141118	158e7581	f087a236	SOUND/TRKBLAST/PRGFUNK.MOD
769211422fa798f706770d32437b9608	1	414866	player	uade	Noisetracker 1.x	0	214704	9a468fed	ffca1006	DEMO/TRKBLAST.EXE/RAINYNT.MOD
769211422fa798f706770d32437b9608	1	414866	player	uade	Noisetracker 1.x	0	214704	9a468fed	ffca1006	DEMO/UNZIP/TRKBLAST/RAINYNT.MOD
769211422fa798f706770d32437b9608	1	414866	player	uade	Noisetracker 1.x	0	214704	9a468fed	ffca1006	DEMO/UNZIP/TRKBLAST/TRKBLAST.EXE/RAINYNT.MOD
769211422fa798f706770d32437b9608	1	414866	player	uade	Noisetracker 1.x	0	214704	9a468fed	ffca1006	SOUND/TRKBLAST/RAINYNT.MOD
769211422fa798f706770d32437b9608	1	414866	player	uade	Noisetracker 1.x	0	214704	9a468fed	ffca1006	SOUND/TRKBLAST/TRKBLAST.EXE/RAINYNT.MOD
769211422fa798f706770d32437b9608	1	414866	player	uade	Noisetracker 1.x	0	214704	9a468fed	ffca1006	SOUND/ZIP/TRKBLAST.EXE/RAINYNT.MOD
77fe4797e1853b01752d3425a2e9536d	1	30824	player	uade	Soundtracker II (15 instr.)	0	33172	cdab7d36	75fb4eeb	DEMO/TRKBLAST.EXE/GSC10.MOD
77fe4797e1853b01752d3425a2e9536d	1	30824	player	uade	Soundtracker II (15 instr.)	0	33172	cdab7d36	75fb4eeb	DEMO/UNZIP/TRKBLAST/GSC10.MOD
77fe4797e1853b01752d3425a2e9536d	1	30824	player	uade	Soundtracker II (15 instr.)	0	33172	cdab7d36	75fb4eeb	DEMO/UNZIP/TRKBLAST/TRKBLAST.EXE/GSC10.MOD
77fe4797e1853b01752d3425a2e9536d	1	30824	player	uade	Soundtracker II (15 instr.)	0	33172	cdab7d36	75fb4eeb	SOUND/TRKBLAST/GSC10.MOD
77fe4797e1853b01752d3425a2e9536d	1	30824	player	uade	Soundtracker II (15 instr.)	0	33172	cdab7d36	75fb4eeb	SOUND/TRKBLAST/TRKBLAST.EXE/GSC10.MOD
77fe4797e1853b01752d3425a2e9536d	1	30824	player	uade	Soundtracker II (15 instr.)	0	33172	cdab7d36	75fb4eeb	SOUND/ZIP/TRKBLAST.EXE/GSC10.MOD
7b76e1137d83a73488c9c2fd89b260f4	1	245893	player	uade	Noisetracker 1.x	0	46800	4f4097f5	39cf258b	DEMO/UNZIP/TRKBLAST/FOTOGRAF.MOD
7b76e1137d83a73488c9c2fd89b260f4	1	245893	player	uade	Noisetracker 1.x	0	46800	4f4097f5	39cf258b	SOUND/TRKBLAST/FOTOGRAF.MOD
7b76e1137d83a73488c9c2fd89b260f4	1	245893	player	uade	Noisetracker 1.x	0	46800	4f4097f5	39cf258b	SOUND/ZIP/6-MOD.EXE/FOTOGRAF.MOD
7e993032bcfe4733a8d63dff5d88d7c7	1	176769	player	uade	Soundtracker II (31 instr.)	0	78762	8aef3a76	eaee5e7c	DEMO/TRKBLAST.EXE/FYC.MOD
7e993032bcfe4733a8d63dff5d88d7c7	1	176769	player	uade	Soundtracker II (31 instr.)	0	78762	8aef3a76	eaee5e7c	DEMO/UNZIP/TRKBLAST/FYC.MOD
7e993032bcfe4733a8d63dff5d88d7c7	1	176769	player	uade	Soundtracker II (31 instr.)	0	78762	8aef3a76	eaee5e7c	DEMO/UNZIP/TRKBLAST/TRKBLAST.EXE/FYC.MOD
7e993032bcfe4733a8d63dff5d88d7c7	1	176769	player	uade	Soundtracker II (31 instr.)	0	78762	8aef3a76	eaee5e7c	SOUND/TRKBLAST/FYC.MOD
7e993032bcfe4733a8d63dff5d88d7c7	1	176769	player	uade	Soundtracker II (31 instr.)	0	78762	8aef3a76	eaee5e7c	SOUND/TRKBLAST/TRKBLAST.EXE/FYC.MOD
7e993032bcfe4733a8d63dff5d88d7c7	1	176769	player	uade	Soundtracker II (31 instr.)	0	78762	8aef3a76	eaee5e7c	SOUND/ZIP/TRKBLAST.EXE/FYC.MOD
809d42b27cf7736598eb1e2574cf3ea1	0	188893	player+silence	libopenmpt	Ultimate Soundtracker 1.0-1.21	4	76916	1feebc56	e80e9340	DEMO/UNZIP/TRKBLAST/SLL2.MOD
809d42b27cf7736598eb1e2574cf3ea1	0	188893	player+silence	libopenmpt	Ultimate Soundtracker 1.0-1.21	4	76916	1feebc56	e80e9340	SOUND/TRKBLAST/SLL2.MOD
8293aca24f01d76c9c9974e9542e08c9	1	264213	player+silence	uade	Soundtracker II (15 instr.)	0	112192	ddba383d	0ce21ba8	DEMO/TRKBLAST.EXE/WOWST.MOD
8293aca24f01d76c9c9974e9542e08c9	1	264213	player+silence	uade	Soundtracker II (15 instr.)	0	112192	ddba383d	0ce21ba8	DEMO/UNZIP/TRKBLAST/TRKBLAST.EXE/WOWST.MOD
8293aca24f01d76c9c9974e9542e08c9	1	264213	player+silence	uade	Soundtracker II (15 instr.)	0	112192	ddba383d	0ce21ba8	DEMO/UNZIP/TRKBLAST/WOWST.MOD
8293aca24f01d76c9c9974e9542e08c9	1	264213	player+silence	uade	Soundtracker II (15 instr.)	0	112192	ddba383d	0ce21ba8	SOUND/TRKBLAST/TRKBLAST.EXE/WOWST.MOD
8293aca24f01d76c9c9974e9542e08c9	1	264213	player+silence	uade	Soundtracker II (15 instr.)	0	112192	ddba383d	0ce21ba8	SOUND/TRKBLAST/WOWST.MOD
8293aca24f01d76c9c9974e9542e08c9	1	264213	player+silence	uade	Soundtracker II (15 instr.)	0	112192	ddba383d	0ce21ba8	SOUND/ZIP/TRKBLAST.EXE/WOWST.MOD
82b0be936ec646bd2f8681d19176936e	1	310016	player+silence	uade	Soundtracker II (31 instr.)	0	78742	53c7718c	52cf2bb8	DEMO/UNZIP/TRKBLAST/MAGNET.MOD
82b0be936ec646bd2f8681d19176936e	1	310016	player+silence	uade	Soundtracker II (31 instr.)	0	78742	53c7718c	52cf2bb8	SOUND/TRKBLAST/MAGNET.MOD
8416482fc10f95d112b5a9b50d28b897	1	238197	player	uade	Protracker compatible	0	161922	621a760b	43a947f0	DEMO/TRKBLAST.EXE/PUMPUPJ.MOD
8416482fc10f95d112b5a9b50d28b897	1	238197	player	uade	Protracker compatible	0	161922	621a760b	43a947f0	DEMO/UNZIP/TRKBLAST/PUMPUPJ.MOD
8416482fc10f95d112b5a9b50d28b897	1	238197	player	uade	Protracker compatible	0	161922	621a760b	43a947f0	DEMO/UNZIP/TRKBLAST/TRKBLAST.EXE/PUMPUPJ.MOD
8416482fc10f95d112b5a9b50d28b897	1	238197	player	uade	Protracker compatible	0	161922	621a760b	43a947f0	SOUND/TRKBLAST/PUMPUPJ.MOD
8416482fc10f95d112b5a9b50d28b897	1	238197	player	uade	Protracker compatible	0	161922	621a760b	43a947f0	SOUND/TRKBLAST/TRKBLAST.EXE/PUMPUPJ.MOD
8416482fc10f95d112b5a9b50d28b897	1	238197	player	uade	Protracker compatible	0	161922	621a760b	43a947f0	SOUND/ZIP/TRKBLAST.EXE/PUMPUPJ.MOD
8ad29522efeac6526f93a809456733b5	1	242055	player	uade	Protracker compatible	0	106026	e4ee9063	456aae5c	DEMO/TRKBLAST.EXE/CHICAGO.MOD
8ad29522efeac6526f93a809456733b5	1	242055	player	uade	Protracker compatible	0	106026	e4ee9063	456aae5c	DEMO/UNZIP/TRKBLAST/CHICAGO.MOD
8ad29522efeac6526f93a809456733b5	1	242055	player	uade	Protracker compatible	0	106026	e4ee9063	456aae5c	DEMO/UNZIP/TRKBLAST/TRKBLAST.EXE/CHICAGO.MOD
8ad29522efeac6526f93a809456733b5	1	242055	player	uade	Protracker compatible	0	106026	e4ee9063	456aae5c	SOUND/TRKBLAST/CHICAGO.MOD
8ad29522efeac6526f93a809456733b5	1	242055	player	uade	Protracker compatible	0	106026	e4ee9063	456aae5c	SOUND/TRKBLAST/TRKBLAST.EXE/CHICAGO.MOD
8ad29522efeac6526f93a809456733b5	1	242055	player	uade	Protracker compatible	0	106026	e4ee9063	456aae5c	SOUND/ZIP/TRKBLAST.EXE/CHICAGO.MOD
92545a847a2c6ec9e8ae5400ba24dec7	1	457084	player	uade	Soundtracker II (31 instr.)	0	74304	6ee6d74a	e1503919	DEMO/TRKBLAST.EXE/CYBER.MOD
92545a847a2c6ec9e8ae5400ba24dec7	1	457084	player	uade	Soundtracker II (31 instr.)	0	74304	6ee6d74a	e1503919	DEMO/UNZIP/TRKBLAST/CYBER.MOD
92545a847a2c6ec9e8ae5400ba24dec7	1	457084	player	uade	Soundtracker II (31 instr.)	0	74304	6ee6d74a	e1503919	DEMO/UNZIP/TRKBLAST/TRKBLAST.EXE/CYBER.MOD
92545a847a2c6ec9e8ae5400ba24dec7	1	457084	player	uade	Soundtracker II (31 instr.)	0	74304	6ee6d74a	e1503919	SOUND/TRKBLAST/CYBER.MOD
92545a847a2c6ec9e8ae5400ba24dec7	1	457084	player	uade	Soundtracker II (31 instr.)	0	74304	6ee6d74a	e1503919	SOUND/TRKBLAST/TRKBLAST.EXE/CYBER.MOD
92545a847a2c6ec9e8ae5400ba24dec7	1	457084	player	uade	Soundtracker II (31 instr.)	0	74304	6ee6d74a	e1503919	SOUND/ZIP/MISCMOD.EXE/CYBER.MOD
92545a847a2c6ec9e8ae5400ba24dec7	1	457084	player	uade	Soundtracker II (31 instr.)	0	74304	6ee6d74a	e1503919	SOUND/ZIP/TRKBLAST.EXE/CYBER.MOD
92d442d2f4ef3c34e5d74ff8002bf3d3	0	182255	player	uade	Ultimate-Soundtracker or compatible	0	62216	48986912	59fe3f31	DEMO/TRKBLAST.EXE/JOHN1.MOD
92d442d2f4ef3c34e5d74ff8002bf3d3	0	182255	player	uade	Ultimate-Soundtracker or compatible	0	62216	48986912	59fe3f31	DEMO/UNZIP/TRKBLAST/JOHN1.MOD
92d442d2f4ef3c34e5d74ff8002bf3d3	0	182255	player	uade	Ultimate-Soundtracker or compatible	0	62216	48986912	59fe3f31	DEMO/UNZIP/TRKBLAST/TRKBLAST.EXE/JOHN1.MOD
92d442d2f4ef3c34e5d74ff8002bf3d3	0	182255	player	uade	Ultimate-Soundtracker or compatible	0	62216	48986912	59fe3f31	SOUND/TRKBLAST/JOHN1.MOD
92d442d2f4ef3c34e5d74ff8002bf3d3	0	182255	player	uade	Ultimate-Soundtracker or compatible	0	62216	48986912	59fe3f31	SOUND/TRKBLAST/TRKBLAST.EXE/JOHN1.MOD
92d442d2f4ef3c34e5d74ff8002bf3d3	0	182255	player	uade	Ultimate-Soundtracker or compatible	0	62216	48986912	59fe3f31	SOUND/ZIP/TRKBLAST.EXE/JOHN1.MOD
9420a3c4b116f3627ded85f6d3fabfa9	1	140643	player+volume	uade	Soundtracker II (15 instr.)	0	64618	43ba7c16	c69aa43a	DEMO/TRKBLAST.EXE/DER1.MOD
9420a3c4b116f3627ded85f6d3fabfa9	1	140643	player+volume	uade	Soundtracker II (15 instr.)	0	64618	43ba7c16	c69aa43a	DEMO/UNZIP/TRKBLAST/DEMONREV.MOD
9420a3c4b116f3627ded85f6d3fabfa9	1	140643	player+volume	uade	Soundtracker II (15 instr.)	0	64618	43ba7c16	c69aa43a	DEMO/UNZIP/TRKBLAST/DER1.MOD
9420a3c4b116f3627ded85f6d3fabfa9	1	140643	player+volume	uade	Soundtracker II (15 instr.)	0	64618	43ba7c16	c69aa43a	DEMO/UNZIP/TRKBLAST/TRKBLAST.EXE/DER1.MOD
9420a3c4b116f3627ded85f6d3fabfa9	1	140643	player+volume	uade	Soundtracker II (15 instr.)	0	64618	43ba7c16	c69aa43a	SOUND/TRKBLAST/DEMONREV.MOD
9420a3c4b116f3627ded85f6d3fabfa9	1	140643	player+volume	uade	Soundtracker II (15 instr.)	0	64618	43ba7c16	c69aa43a	SOUND/TRKBLAST/DER1.MOD
9420a3c4b116f3627ded85f6d3fabfa9	1	140643	player+volume	uade	Soundtracker II (15 instr.)	0	64618	43ba7c16	c69aa43a	SOUND/TRKBLAST/TRKBLAST.EXE/DER1.MOD
9420a3c4b116f3627ded85f6d3fabfa9	1	140643	player+volume	uade	Soundtracker II (15 instr.)	0	64618	43ba7c16	c69aa43a	SOUND/ZIP/MISCMOD.EXE/DEMONREV.MOD
9420a3c4b116f3627ded85f6d3fabfa9	1	140643	player+volume	uade	Soundtracker II (15 instr.)	0	64618	43ba7c16	c69aa43a	SOUND/ZIP/TRKBLAST.EXE/DER1.MOD
94f92ecdf1448f43a71c494134bd1870	0	110920	player	uade	Ultimate-Soundtracker or compatible	0	60344	3171a3ad	fc03df9c	DEMO/UNZIP/TRKBLAST/SLL6.MOD
94f92ecdf1448f43a71c494134bd1870	0	110920	player	uade	Ultimate-Soundtracker or compatible	0	60344	3171a3ad	fc03df9c	SOUND/TRKBLAST/SLL6.MOD
9611407db37a9608387b5150217add1c	1	84616	player	uade	Soundtracker II (15 instr.)	0	39470	ce89e4f3	c75d0460	DEMO/TRKBLAST.EXE/TUB.MOD
9611407db37a9608387b5150217add1c	1	84616	player	uade	Soundtracker II (15 instr.)	0	39470	ce89e4f3	c75d0460	DEMO/UNZIP/TRKBLAST/TRKBLAST.EXE/TUB.MOD
9611407db37a9608387b5150217add1c	1	84616	player	uade	Soundtracker II (15 instr.)	0	39470	ce89e4f3	c75d0460	DEMO/UNZIP/TRKBLAST/TUB.MOD
9611407db37a9608387b5150217add1c	1	84616	player	uade	Soundtracker II (15 instr.)	0	39470	ce89e4f3	c75d0460	SOUND/TRKBLAST/TRKBLAST.EXE/TUB.MOD
9611407db37a9608387b5150217add1c	1	84616	player	uade	Soundtracker II (15 instr.)	0	39470	ce89e4f3	c75d0460	SOUND/TRKBLAST/TUB.MOD
9611407db37a9608387b5150217add1c	1	84616	player	uade	Soundtracker II (15 instr.)	0	39470	ce89e4f3	c75d0460	SOUND/ZIP/TRKBLAST.EXE/TUB.MOD
976f07c55ad655b2ec087ab838c16d20	1	296129	player	uade	Protracker compatible	0	96956	2336f719	d2889fb1	DEMO/TRKBLAST.EXE/BLUE.MOD
976f07c55ad655b2ec087ab838c16d20	1	296129	player	uade	Protracker compatible	0	96956	2336f719	d2889fb1	DEMO/UNZIP/TRKBLAST/BLUE.MOD
976f07c55ad655b2ec087ab838c16d20	1	296129	player	uade	Protracker compatible	0	96956	2336f719	d2889fb1	DEMO/UNZIP/TRKBLAST/TRKBLAST.EXE/BLUE.MOD
976f07c55ad655b2ec087ab838c16d20	1	296129	player	uade	Protracker compatible	0	96956	2336f719	d2889fb1	SOUND/TRKBLAST/BLUE.MOD
976f07c55ad655b2ec087ab838c16d20	1	296129	player	uade	Protracker compatible	0	96956	2336f719	d2889fb1	SOUND/TRKBLAST/TRKBLAST.EXE/BLUE.MOD
976f07c55ad655b2ec087ab838c16d20	1	296129	player	uade	Protracker compatible	0	96956	2336f719	d2889fb1	SOUND/ZIP/TRKBLAST.EXE/BLUE.MOD
97ed5448dfe91da3d04036d1cf89edc1	1	139393	player	uade	Protracker compatible	0	88596	2570671d	507db08f	DEMO/TRKBLAST.EXE/TRASH.MOD
97ed5448dfe91da3d04036d1cf89edc1	1	139393	player	uade	Protracker compatible	0	88596	2570671d	507db08f	DEMO/UNZIP/TRKBLAST/TRASH.MOD
97ed5448dfe91da3d04036d1cf89edc1	1	139393	player	uade	Protracker compatible	0	88596	2570671d	507db08f	DEMO/UNZIP/TRKBLAST/TRKBLAST.EXE/TRASH.MOD
97ed5448dfe91da3d04036d1cf89edc1	1	139393	player	uade	Protracker compatible	0	88596	2570671d	507db08f	SOUND/TRKBLAST/TRASH.MOD
97ed5448dfe91da3d04036d1cf89edc1	1	139393	player	uade	Protracker compatible	0	88596	2570671d	507db08f	SOUND/TRKBLAST/TRKBLAST.EXE/TRASH.MOD
97ed5448dfe91da3d04036d1cf89edc1	1	139393	player	uade	Protracker compatible	0	88596	2570671d	507db08f	SOUND/ZIP/TRKBLAST.EXE/TRASH.MOD
9ab6803f5365c0c680d133faa86abe30	0	99691	player	libopenmpt	Ultimate Soundtracker 1.0-1.21	4	104740	958e34d7	8a5ffeb0	DEMO/TRKBLAST.EXE/JWX1.MOD
9ab6803f5365c0c680d133faa86abe30	0	99691	player	libopenmpt	Ultimate Soundtracker 1.0-1.21	4	104740	958e34d7	8a5ffeb0	DEMO/UNZIP/TRKBLAST/JWX1.MOD
9ab6803f5365c0c680d133faa86abe30	0	99691	player	libopenmpt	Ultimate Soundtracker 1.0-1.21	4	104740	958e34d7	8a5ffeb0	DEMO/UNZIP/TRKBLAST/TRKBLAST.EXE/JWX1.MOD
9ab6803f5365c0c680d133faa86abe30	0	99691	player	libopenmpt	Ultimate Soundtracker 1.0-1.21	4	104740	958e34d7	8a5ffeb0	SOUND/TRKBLAST/JWX1.MOD
9ab6803f5365c0c680d133faa86abe30	0	99691	player	libopenmpt	Ultimate Soundtracker 1.0-1.21	4	104740	958e34d7	8a5ffeb0	SOUND/TRKBLAST/TRKBLAST.EXE/JWX1.MOD
9ab6803f5365c0c680d133faa86abe30	0	99691	player	libopenmpt	Ultimate Soundtracker 1.0-1.21	4	104740	958e34d7	8a5ffeb0	SOUND/ZIP/TRKBLAST.EXE/JWX1.MOD
9d1973e22024518013736eeae8d5bd2a	0	30674	player	libopenmpt	Ultimate Soundtracker 1.0-1.21	4	44996	4fec89e0	50a65ecb	DEMO/UNZIP/TRKBLAST/SLL4.MOD
9d1973e22024518013736eeae8d5bd2a	0	30674	player	libopenmpt	Ultimate Soundtracker 1.0-1.21	4	44996	4fec89e0	50a65ecb	SOUND/TRKBLAST/SLL4.MOD
9ebb27c3965dbd2d5ce72c6c7fd76edb	1	405261	player	uade	Protracker compatible	0	161320	687cd3b6	b95da677	DEMO/UNZIP/TRKBLAST/LNARWAVE.MOD
9ebb27c3965dbd2d5ce72c6c7fd76edb	1	405261	player	uade	Protracker compatible	0	161320	687cd3b6	b95da677	SOUND/TRKBLAST/LNARWAVE.MOD
9f136d042b5c88d6a5c9ee66b42f26c2	1	81723	player	uade	Soundtracker II (15 instr.)	0	55450	bc510fae	6f3738df	DEMO/TRKBLAST.EXE/AIRBOR.MOD
9f136d042b5c88d6a5c9ee66b42f26c2	1	81723	player	uade	Soundtracker II (15 instr.)	0	55450	bc510fae	6f3738df	DEMO/UNZIP/TRKBLAST/AIRBOR.MOD
9f136d042b5c88d6a5c9ee66b42f26c2	1	81723	player	uade	Soundtracker II (15 instr.)	0	55450	bc510fae	6f3738df	DEMO/UNZIP/TRKBLAST/TRKBLAST.EXE/AIRBOR.MOD
9f136d042b5c88d6a5c9ee66b42f26c2	1	81723	player	uade	Soundtracker II (15 instr.)	0	55450	bc510fae	6f3738df	SOUND/TRKBLAST/AIRBOR.MOD
9f136d042b5c88d6a5c9ee66b42f26c2	1	81723	player	uade	Soundtracker II (15 instr.)	0	55450	bc510fae	6f3738df	SOUND/TRKBLAST/TRKBLAST.EXE/AIRBOR.MOD
9f136d042b5c88d6a5c9ee66b42f26c2	1	81723	player	uade	Soundtracker II (15 instr.)	0	55450	bc510fae	6f3738df	SOUND/ZIP/TRKBLAST.EXE/AIRBOR.MOD
a3af5c3e1af269e32dfb6677c41c8453	1	238197	player	uade	Protracker	0	62811	6d3c1261	36faa434	DEMO/UNZIP/TRKBLAST/IDNTMIND.MOD
a3af5c3e1af269e32dfb6677c41c8453	1	238197	player	uade	Protracker	0	62811	6d3c1261	36faa434	SOUND/TRKBLAST/IDNTMIND.MOD
a3af5c3e1af269e32dfb6677c41c8453	1	238197	player	uade	Protracker	0	62811	6d3c1261	36faa434	SOUND/ZIP/MISCMOD.EXE/IDNTMIND.MOD
af5ac30decfdc0de2c275b011cce18fa	1	91308	player	uade	Soundtracker II (15 instr.)	0	44994	e599d39a	be63f302	DEMO/TRKBLAST.EXE/SUN.MOD
af5ac30decfdc0de2c275b011cce18fa	1	91308	player	uade	Soundtracker II (15 instr.)	0	44994	e599d39a	be63f302	DEMO/UNZIP/TRKBLAST/SUN.MOD
af5ac30decfdc0de2c275b011cce18fa	1	91308	player	uade	Soundtracker II (15 instr.)	0	44994	e599d39a	be63f302	DEMO/UNZIP/TRKBLAST/TRKBLAST.EXE/SUN.MOD
af5ac30decfdc0de2c275b011cce18fa	1	91308	player	uade	Soundtracker II (15 instr.)	0	44994	e599d39a	be63f302	SOUND/TRKBLAST/SUN.MOD
af5ac30decfdc0de2c275b011cce18fa	1	91308	player	uade	Soundtracker II (15 instr.)	0	44994	e599d39a	be63f302	SOUND/TRKBLAST/TRKBLAST.EXE/SUN.MOD
af5ac30decfdc0de2c275b011cce18fa	1	91308	player	uade	Soundtracker II (15 instr.)	0	44994	e599d39a	be63f302	SOUND/ZIP/TRKBLAST.EXE/SUN.MOD
b23d7bf62f4de2e06cad760d79380360	1	261245	player	uade	Noisetracker 1.x	0	67978	898d4229	7b63d4c9	DEMO/TRKBLAST.EXE/HNOISE.MOD
b23d7bf62f4de2e06cad760d79380360	1	261245	player	uade	Noisetracker 1.x	0	67978	898d4229	7b63d4c9	DEMO/UNZIP/TRKBLAST/HNOISE.MOD
b23d7bf62f4de2e06cad760d79380360	1	261245	player	uade	Noisetracker 1.x	0	67978	898d4229	7b63d4c9	DEMO/UNZIP/TRKBLAST/TRKBLAST.EXE/HNOISE.MOD
b23d7bf62f4de2e06cad760d79380360	1	261245	player	uade	Noisetracker 1.x	0	67978	898d4229	7b63d4c9	SOUND/TRKBLAST/HNOISE.MOD
b23d7bf62f4de2e06cad760d79380360	1	261245	player	uade	Noisetracker 1.x	0	67978	898d4229	7b63d4c9	SOUND/TRKBLAST/TRKBLAST.EXE/HNOISE.MOD
b23d7bf62f4de2e06cad760d79380360	1	261245	player	uade	Noisetracker 1.x	0	67978	898d4229	7b63d4c9	SOUND/ZIP/6-MOD.EXE/HNOISE.MOD
b23d7bf62f4de2e06cad760d79380360	1	261245	player	uade	Noisetracker 1.x	0	67978	898d4229	7b63d4c9	SOUND/ZIP/TRKBLAST.EXE/HNOISE.MOD
b6c0db6e8c3cba3acd24e00de197f42a	1	279069	player	uade	Protracker compatible	0	148908	798a9396	7858c366	DEMO/TRKBLAST.EXE/BRIDGE.MOD
b6c0db6e8c3cba3acd24e00de197f42a	1	279069	player	uade	Protracker compatible	0	148908	798a9396	7858c366	DEMO/UNZIP/TRKBLAST/BRIDGE.MOD
b6c0db6e8c3cba3acd24e00de197f42a	1	279069	player	uade	Protracker compatible	0	148908	798a9396	7858c366	DEMO/UNZIP/TRKBLAST/TRKBLAST.EXE/BRIDGE.MOD
b6c0db6e8c3cba3acd24e00de197f42a	1	279069	player	uade	Protracker compatible	0	148908	798a9396	7858c366	SOUND/TRKBLAST/BRIDGE.MOD
b6c0db6e8c3cba3acd24e00de197f42a	1	279069	player	uade	Protracker compatible	0	148908	798a9396	7858c366	SOUND/TRKBLAST/TRKBLAST.EXE/BRIDGE.MOD
b6c0db6e8c3cba3acd24e00de197f42a	1	279069	player	uade	Protracker compatible	0	148908	798a9396	7858c366	SOUND/ZIP/TRKBLAST.EXE/BRIDGE.MOD
bb420a26bd81fc37a6300edc2bb71266	1	211745	player+silence	uade	Soundtracker II (31 instr.)	0	116740	03927018	ecca0203	DEMO/UNZIP/TRKBLAST/LIVINSIN.MOD
bb420a26bd81fc37a6300edc2bb71266	1	211745	player+silence	uade	Soundtracker II (31 instr.)	0	116740	03927018	ecca0203	SOUND/TRKBLAST/LIVINSIN.MOD
bb420a26bd81fc37a6300edc2bb71266	1	211745	player+silence	uade	Soundtracker II (31 instr.)	0	116740	03927018	ecca0203	SOUND/ZIP/6-MOD.EXE/LIVINSIN.MOD
bc837729b625a3cea76e89148f7baa6f	1	197245	player	uade	Protracker compatible	0	27398	06e0b4a5	db4b1b3d	DEMO/TRKBLAST.EXE/TUNE3.MOD
bc837729b625a3cea76e89148f7baa6f	1	197245	player	uade	Protracker compatible	0	27398	06e0b4a5	db4b1b3d	DEMO/UNZIP/TRKBLAST/TRKBLAST.EXE/TUNE3.MOD
bc837729b625a3cea76e89148f7baa6f	1	197245	player	uade	Protracker compatible	0	27398	06e0b4a5	db4b1b3d	DEMO/UNZIP/TRKBLAST/TUNE3.MOD
bc837729b625a3cea76e89148f7baa6f	1	197245	player	uade	Protracker compatible	0	27398	06e0b4a5	db4b1b3d	SOUND/TRKBLAST/TRKBLAST.EXE/TUNE3.MOD
bc837729b625a3cea76e89148f7baa6f	1	197245	player	uade	Protracker compatible	0	27398	06e0b4a5	db4b1b3d	SOUND/TRKBLAST/TUNE3.MOD
bc837729b625a3cea76e89148f7baa6f	1	197245	player	uade	Protracker compatible	0	27398	06e0b4a5	db4b1b3d	SOUND/ZIP/TRKBLAST.EXE/TUNE3.MOD
c025aee1f2b29fd077a62b8ff1e39f1d	1	224754	player	uade	Soundtracker II (15 instr.)	0	45392	b3472354	ee5de18c	DEMO/TRKBLAST.EXE/NECRON.MOD
c025aee1f2b29fd077a62b8ff1e39f1d	1	224754	player	uade	Soundtracker II (15 instr.)	0	45392	b3472354	ee5de18c	DEMO/UNZIP/TRKBLAST/NECON.MOD
c025aee1f2b29fd077a62b8ff1e39f1d	1	224754	player	uade	Soundtracker II (15 instr.)	0	45392	b3472354	ee5de18c	DEMO/UNZIP/TRKBLAST/NECRON.MOD
c025aee1f2b29fd077a62b8ff1e39f1d	1	224754	player	uade	Soundtracker II (15 instr.)	0	45392	b3472354	ee5de18c	DEMO/UNZIP/TRKBLAST/TRKBLAST.EXE/NECRON.MOD
c025aee1f2b29fd077a62b8ff1e39f1d	1	224754	player	uade	Soundtracker II (15 instr.)	0	45392	b3472354	ee5de18c	SOUND/TRKBLAST/NECON.MOD
c025aee1f2b29fd077a62b8ff1e39f1d	1	224754	player	uade	Soundtracker II (15 instr.)	0	45392	b3472354	ee5de18c	SOUND/TRKBLAST/NECRON.MOD
c025aee1f2b29fd077a62b8ff1e39f1d	1	224754	player	uade	Soundtracker II (15 instr.)	0	45392	b3472354	ee5de18c	SOUND/TRKBLAST/TRKBLAST.EXE/NECRON.MOD
c025aee1f2b29fd077a62b8ff1e39f1d	1	224754	player	uade	Soundtracker II (15 instr.)	0	45392	b3472354	ee5de18c	SOUND/ZIP/MISCMOD.EXE/NECON.MOD
c025aee1f2b29fd077a62b8ff1e39f1d	1	224754	player	uade	Soundtracker II (15 instr.)	0	45392	b3472354	ee5de18c	SOUND/ZIP/TRKBLAST.EXE/NECRON.MOD
c13a01a6eef95e044016b3b080b676ea	1	229577	player	uade	Protracker compatible	0	115260	551fcd57	64bfa13c	DEMO/TRKBLAST.EXE/UNVEILED.MOD
c13a01a6eef95e044016b3b080b676ea	1	229577	player	uade	Protracker compatible	0	115260	551fcd57	64bfa13c	DEMO/UNZIP/TRKBLAST/TRKBLAST.EXE/UNVEILED.MOD
c13a01a6eef95e044016b3b080b676ea	1	229577	player	uade	Protracker compatible	0	115260	551fcd57	64bfa13c	DEMO/UNZIP/TRKBLAST/UNVEILED.MOD
c13a01a6eef95e044016b3b080b676ea	1	229577	player	uade	Protracker compatible	0	115260	551fcd57	64bfa13c	SOUND/TRKBLAST/TRKBLAST.EXE/UNVEILED.MOD
c13a01a6eef95e044016b3b080b676ea	1	229577	player	uade	Protracker compatible	0	115260	551fcd57	64bfa13c	SOUND/TRKBLAST/UNVEILED.MOD
c13a01a6eef95e044016b3b080b676ea	1	229577	player	uade	Protracker compatible	0	115260	551fcd57	64bfa13c	SOUND/ZIP/TBLAST20.EXE/UNVEILED.MOD
c13a01a6eef95e044016b3b080b676ea	1	229577	player	uade	Protracker compatible	0	115260	551fcd57	64bfa13c	SOUND/ZIP/TRKBLAST.EXE/UNVEILED.MOD
c1c692e562e2c8ce75cb498f40bba126	1	183670	player+silence	uade	Soundtracker II (15 instr.)	0	111536	0f07ad58	9979257c	DEMO/TRKBLAST.EXE/SPACETRA.MOD
c1c692e562e2c8ce75cb498f40bba126	1	183670	player+silence	uade	Soundtracker II (15 instr.)	0	111536	0f07ad58	9979257c	DEMO/UNZIP/TRKBLAST/SPACETRA.MOD
c1c692e562e2c8ce75cb498f40bba126	1	183670	player+silence	uade	Soundtracker II (15 instr.)	0	111536	0f07ad58	9979257c	DEMO/UNZIP/TRKBLAST/SPACETRV.MOD
c1c692e562e2c8ce75cb498f40bba126	1	183670	player+silence	uade	Soundtracker II (15 instr.)	0	111536	0f07ad58	9979257c	DEMO/UNZIP/TRKBLAST/TRKBLAST.EXE/SPACETRA.MOD
c1c692e562e2c8ce75cb498f40bba126	1	183670	player+silence	uade	Soundtracker II (15 instr.)	0	111536	0f07ad58	9979257c	SOUND/TRKBLAST/SPACETRA.MOD
c1c692e562e2c8ce75cb498f40bba126	1	183670	player+silence	uade	Soundtracker II (15 instr.)	0	111536	0f07ad58	9979257c	SOUND/TRKBLAST/SPACETRV.MOD
c1c692e562e2c8ce75cb498f40bba126	1	183670	player+silence	uade	Soundtracker II (15 instr.)	0	111536	0f07ad58	9979257c	SOUND/TRKBLAST/TRKBLAST.EXE/SPACETRA.MOD
c1c692e562e2c8ce75cb498f40bba126	1	183670	player+silence	uade	Soundtracker II (15 instr.)	0	111536	0f07ad58	9979257c	SOUND/ZIP/TRKBLAST.EXE/SPACETRA.MOD
c65b5c3d8be95b1a1722ff87fe4228db	1	76920	player	uade	Soundtracker II (15 instr.)	0	51024	7cd3fa4f	0e55594d	DEMO/UNZIP/TRKBLAST/MPROJ09.MOD
c65b5c3d8be95b1a1722ff87fe4228db	1	76920	player	uade	Soundtracker II (15 instr.)	0	51024	7cd3fa4f	0e55594d	SOUND/TRKBLAST/MPROJ09.MOD
cae4b4e114e679cb2b368ba469299a12	1	197245	player	uade	Soundtracker II (31 instr.)	0	79866	4f864806	50acd21f	DEMO/UNZIP/TRKBLAST/STARDUST.MOD
cae4b4e114e679cb2b368ba469299a12	1	197245	player	uade	Soundtracker II (31 instr.)	0	79866	4f864806	50acd21f	SOUND/TRKBLAST/STARDUST.MOD
cd6bf0cb524ab2fbfbbfe780c98e5659	1	242055	player	uade	Protracker compatible	0	102504	6a84c6f3	2fb237d4	DEMO/UNZIP/TRKBLAST/RTHEME.MOD
cd6bf0cb524ab2fbfbbfe780c98e5659	1	242055	player	uade	Protracker compatible	0	102504	6a84c6f3	2fb237d4	SOUND/TRKBLAST/RTHEME.MOD
cf4cd640e9f83655396ebd3062ad7d10	1	181506	player+silence	uade	Startrekker (4ch)	0	272694	9a69be15	3e2de43c	DEMO/UNZIP/TRKBLAST/STARTREK.MOD
cf4cd640e9f83655396ebd3062ad7d10	1	181506	player+silence	uade	Startrekker (4ch)	0	272694	9a69be15	3e2de43c	SOUND/TRKBLAST/STARTREK.MOD
cf4cd640e9f83655396ebd3062ad7d10	1	181506	player+silence	uade	Startrekker (4ch)	0	272694	9a69be15	3e2de43c	SOUND/ZIP/6-MOD.EXE/STARTREK.MOD
cf8fa3cebd73a267a84cb07367b7a826	1	122997	player	uade	Protracker compatible	0	78808	3734bcc6	24c76e47	DEMO/UNZIP/TRKBLAST/THRASHTR.MOD
cf8fa3cebd73a267a84cb07367b7a826	1	122997	player	uade	Protracker compatible	0	78808	3734bcc6	24c76e47	SOUND/TRKBLAST/THRASHTR.MOD
d07a8906071245d909b01a0b03608ce4	1	152039	player+silence	uade	Noisetracker 1.x	0	64794	d4f7a151	ae2c4cb2	DEMO/UNZIP/TRKBLAST/EDELWEIS.MOD
d07a8906071245d909b01a0b03608ce4	1	152039	player+silence	uade	Noisetracker 1.x	0	64794	d4f7a151	ae2c4cb2	SOUND/TRKBLAST/EDELWEIS.MOD
d26a7ae88207f45384eec7c79f2ded40	1	261081	player+silence	uade	Protracker compatible	0	114730	2011a2c1	421d30ae	DEMO/TRKBLAST.EXE/STRESS.MOD
d26a7ae88207f45384eec7c79f2ded40	1	261081	player+silence	uade	Protracker compatible	0	114730	2011a2c1	421d30ae	DEMO/UNZIP/TRKBLAST/STRESS.MOD
d26a7ae88207f45384eec7c79f2ded40	1	261081	player+silence	uade	Protracker compatible	0	114730	2011a2c1	421d30ae	DEMO/UNZIP/TRKBLAST/TRKBLAST.EXE/STRESS.MOD
d26a7ae88207f45384eec7c79f2ded40	1	261081	player+silence	uade	Protracker compatible	0	114730	2011a2c1	421d30ae	SOUND/TRKBLAST/STRESS.MOD
d26a7ae88207f45384eec7c79f2ded40	1	261081	player+silence	uade	Protracker compatible	0	114730	2011a2c1	421d30ae	SOUND/TRKBLAST/TRKBLAST.EXE/STRESS.MOD
d26a7ae88207f45384eec7c79f2ded40	1	261081	player+silence	uade	Protracker compatible	0	114730	2011a2c1	421d30ae	SOUND/ZIP/TRKBLAST.EXE/STRESS.MOD
d662d20d587b2d591e92a1dc18b6785e	0	245394	player	libopenmpt	Defjam Soundtracker III / Alpha Flight SoundTracker IV / D.O.C. SoundTracker IV / VI	4	68736	b095c85b	c39767de	DEMO/TRKBLAST.EXE/I.MOD
d662d20d587b2d591e92a1dc18b6785e	0	245394	player	libopenmpt	Defjam Soundtracker III / Alpha Flight SoundTracker IV / D.O.C. SoundTracker IV / VI	4	68736	b095c85b	c39767de	DEMO/UNZIP/TRKBLAST/I.MOD
d662d20d587b2d591e92a1dc18b6785e	0	245394	player	libopenmpt	Defjam Soundtracker III / Alpha Flight SoundTracker IV / D.O.C. SoundTracker IV / VI	4	68736	b095c85b	c39767de	DEMO/UNZIP/TRKBLAST/TRKBLAST.EXE/I.MOD
d662d20d587b2d591e92a1dc18b6785e	0	245394	player	libopenmpt	Defjam Soundtracker III / Alpha Flight SoundTracker IV / D.O.C. SoundTracker IV / VI	4	68736	b095c85b	c39767de	SOUND/TRKBLAST/I.MOD
d662d20d587b2d591e92a1dc18b6785e	0	245394	player	libopenmpt	Defjam Soundtracker III / Alpha Flight SoundTracker IV / D.O.C. SoundTracker IV / VI	4	68736	b095c85b	c39767de	SOUND/TRKBLAST/TRKBLAST.EXE/I.MOD
d662d20d587b2d591e92a1dc18b6785e	0	245394	player	libopenmpt	Defjam Soundtracker III / Alpha Flight SoundTracker IV / D.O.C. SoundTracker IV / VI	4	68736	b095c85b	c39767de	SOUND/ZIP/TRKBLAST.EXE/I.MOD
d6a0bbae2773db6b38e3794bb4aac680	0	253609	player	uade	Ultimate-Soundtracker or compatible	0	68940	59cd1c79	dcb9c1a0	DEMO/TRKBLAST.EXE/CRYSTHM.MOD
d6a0bbae2773db6b38e3794bb4aac680	0	253609	player	uade	Ultimate-Soundtracker or compatible	0	68940	59cd1c79	dcb9c1a0	DEMO/UNZIP/TRKBLAST/CRYSTHM.MOD
d6a0bbae2773db6b38e3794bb4aac680	0	253609	player	uade	Ultimate-Soundtracker or compatible	0	68940	59cd1c79	dcb9c1a0	DEMO/UNZIP/TRKBLAST/TRKBLAST.EXE/CRYSTHM.MOD
d6a0bbae2773db6b38e3794bb4aac680	0	253609	player	uade	Ultimate-Soundtracker or compatible	0	68940	59cd1c79	dcb9c1a0	SOUND/TRKBLAST/CRYSTHM.MOD
d6a0bbae2773db6b38e3794bb4aac680	0	253609	player	uade	Ultimate-Soundtracker or compatible	0	68940	59cd1c79	dcb9c1a0	SOUND/TRKBLAST/TRKBLAST.EXE/CRYSTHM.MOD
d6a0bbae2773db6b38e3794bb4aac680	0	253609	player	uade	Ultimate-Soundtracker or compatible	0	68940	59cd1c79	dcb9c1a0	SOUND/ZIP/TRKBLAST.EXE/CRYSTHM.MOD
d926dc28e6acfa76b70f21c2f7819d4f	1	199797	player	uade	Protracker compatible	0	78758	2bfe68a6	56ce32a2	DEMO/TRKBLAST.EXE/GOTTA-S.MOD
d926dc28e6acfa76b70f21c2f7819d4f	1	199797	player	uade	Protracker compatible	0	78758	2bfe68a6	56ce32a2	DEMO/UNZIP/TRKBLAST/GOTTA-S.MOD
d926dc28e6acfa76b70f21c2f7819d4f	1	199797	player	uade	Protracker compatible	0	78758	2bfe68a6	56ce32a2	DEMO/UNZIP/TRKBLAST/TRKBLAST.EXE/GOTTA-S.MOD
d926dc28e6acfa76b70f21c2f7819d4f	1	199797	player	uade	Protracker compatible	0	78758	2bfe68a6	56ce32a2	SOUND/TRKBLAST/GOTTA-S.MOD
d926dc28e6acfa76b70f21c2f7819d4f	1	199797	player	uade	Protracker compatible	0	78758	2bfe68a6	56ce32a2	SOUND/TRKBLAST/TRKBLAST.EXE/GOTTA-S.MOD
d926dc28e6acfa76b70f21c2f7819d4f	1	199797	player	uade	Protracker compatible	0	78758	2bfe68a6	56ce32a2	SOUND/ZIP/TRKBLAST.EXE/GOTTA-S.MOD
dd52c8e02ab6e9e289056ad2286dd358	1	112769	player	uade	Soundtracker II (15 instr.)	0	73722	ee8b06ad	4183f0a8	DEMO/TRKBLAST.EXE/DELTA.MOD
dd52c8e02ab6e9e289056ad2286dd358	1	112769	player	uade	Soundtracker II (15 instr.)	0	73722	ee8b06ad	4183f0a8	DEMO/TRKBLAST.EXE/DLT1.MOD
dd52c8e02ab6e9e289056ad2286dd358	1	112769	player	uade	Soundtracker II (15 instr.)	0	73722	ee8b06ad	4183f0a8	DEMO/UNZIP/TRKBLAST/DELTA.MOD
dd52c8e02ab6e9e289056ad2286dd358	1	112769	player	uade	Soundtracker II (15 instr.)	0	73722	ee8b06ad	4183f0a8	DEMO/UNZIP/TRKBLAST/DELTA1.MOD
dd52c8e02ab6e9e289056ad2286dd358	1	112769	player	uade	Soundtracker II (15 instr.)	0	73722	ee8b06ad	4183f0a8	DEMO/UNZIP/TRKBLAST/DLT1.MOD
dd52c8e02ab6e9e289056ad2286dd358	1	112769	player	uade	Soundtracker II (15 instr.)	0	73722	ee8b06ad	4183f0a8	DEMO/UNZIP/TRKBLAST/TRKBLAST.EXE/DELTA.MOD
dd52c8e02ab6e9e289056ad2286dd358	1	112769	player	uade	Soundtracker II (15 instr.)	0	73722	ee8b06ad	4183f0a8	DEMO/UNZIP/TRKBLAST/TRKBLAST.EXE/DLT1.MOD
dd52c8e02ab6e9e289056ad2286dd358	1	112769	player	uade	Soundtracker II (15 instr.)	0	73722	ee8b06ad	4183f0a8	SOUND/TRKBLAST/DELTA.MOD
dd52c8e02ab6e9e289056ad2286dd358	1	112769	player	uade	Soundtracker II (15 instr.)	0	73722	ee8b06ad	4183f0a8	SOUND/TRKBLAST/DELTA1.MOD
dd52c8e02ab6e9e289056ad2286dd358	1	112769	player	uade	Soundtracker II (15 instr.)	0	73722	ee8b06ad	4183f0a8	SOUND/TRKBLAST/DLT1.MOD
dd52c8e02ab6e9e289056ad2286dd358	1	112769	player	uade	Soundtracker II (15 instr.)	0	73722	ee8b06ad	4183f0a8	SOUND/TRKBLAST/TRKBLAST.EXE/DELTA.MOD
dd52c8e02ab6e9e289056ad2286dd358	1	112769	player	uade	Soundtracker II (15 instr.)	0	73722	ee8b06ad	4183f0a8	SOUND/TRKBLAST/TRKBLAST.EXE/DLT1.MOD
dd52c8e02ab6e9e289056ad2286dd358	1	112769	player	uade	Soundtracker II (15 instr.)	0	73722	ee8b06ad	4183f0a8	SOUND/ZIP/TRKBLAST.EXE/DELTA.MOD
dd52c8e02ab6e9e289056ad2286dd358	1	112769	player	uade	Soundtracker II (15 instr.)	0	73722	ee8b06ad	4183f0a8	SOUND/ZIP/TRKBLAST.EXE/DLT1.MOD
ddc05906adb5c96468fffb0e3934c9f9	1	176875	player+silence	uade	Protracker compatible	0	147818	75f55d0e	5178ab4c	DEMO/UNZIP/TRKBLAST/RAGGTIME.MOD
ddc05906adb5c96468fffb0e3934c9f9	1	176875	player+silence	uade	Protracker compatible	0	147818	75f55d0e	5178ab4c	SOUND/TRKBLAST/RAGGTIME.MOD
df2388a7aa2d1e1f36792d57aa259611	1	61568	player	uade	Soundtracker II (15 instr.)	0	53520	023eb53b	089d09e5	DEMO/TRKBLAST.EXE/HYMN.MOD
df2388a7aa2d1e1f36792d57aa259611	1	61568	player	uade	Soundtracker II (15 instr.)	0	53520	023eb53b	089d09e5	DEMO/UNZIP/TRKBLAST/HYMN.MOD
df2388a7aa2d1e1f36792d57aa259611	1	61568	player	uade	Soundtracker II (15 instr.)	0	53520	023eb53b	089d09e5	DEMO/UNZIP/TRKBLAST/TRKBLAST.EXE/HYMN.MOD
df2388a7aa2d1e1f36792d57aa259611	1	61568	player	uade	Soundtracker II (15 instr.)	0	53520	023eb53b	089d09e5	SOUND/TRKBLAST/HYMN.MOD
df2388a7aa2d1e1f36792d57aa259611	1	61568	player	uade	Soundtracker II (15 instr.)	0	53520	023eb53b	089d09e5	SOUND/TRKBLAST/TRKBLAST.EXE/HYMN.MOD
df2388a7aa2d1e1f36792d57aa259611	1	61568	player	uade	Soundtracker II (15 instr.)	0	53520	023eb53b	089d09e5	SOUND/ZIP/TRKBLAST.EXE/HYMN.MOD
e022de63e5b565d2f6da0021c7ec93cc	1	7796	player	uade	Protracker compatible	0	42870	5a880205	fc301e93	DEMO/UNZIP/TRKBLAST/WINGS.MOD
e022de63e5b565d2f6da0021c7ec93cc	1	7796	player	uade	Protracker compatible	0	42870	5a880205	fc301e93	SOUND/TRKBLAST/WINGS.MOD
e3b69ce908580e87a32d6bedf1e136cb	0	69017	player	libopenmpt	Ultimate Soundtracker 1.0-1.21	4	49792	697c300e	3ebbf6ea	DEMO/TRKBLAST.EXE/GIGA.MOD
e3b69ce908580e87a32d6bedf1e136cb	0	69017	player	libopenmpt	Ultimate Soundtracker 1.0-1.21	4	49792	697c300e	3ebbf6ea	DEMO/UNZIP/TRKBLAST/GIGA.MOD
e3b69ce908580e87a32d6bedf1e136cb	0	69017	player	libopenmpt	Ultimate Soundtracker 1.0-1.21	4	49792	697c300e	3ebbf6ea	DEMO/UNZIP/TRKBLAST/TRKBLAST.EXE/GIGA.MOD
e3b69ce908580e87a32d6bedf1e136cb	0	69017	player	libopenmpt	Ultimate Soundtracker 1.0-1.21	4	49792	697c300e	3ebbf6ea	SOUND/TRKBLAST/GIGA.MOD
e3b69ce908580e87a32d6bedf1e136cb	0	69017	player	libopenmpt	Ultimate Soundtracker 1.0-1.21	4	49792	697c300e	3ebbf6ea	SOUND/TRKBLAST/TRKBLAST.EXE/GIGA.MOD
e3b69ce908580e87a32d6bedf1e136cb	0	69017	player	libopenmpt	Ultimate Soundtracker 1.0-1.21	4	49792	697c300e	3ebbf6ea	SOUND/ZIP/TRKBLAST.EXE/GIGA.MOD
e6a455a5ae6a4d43705125dd6ffbc28f	1	170379	player	uade	Protracker compatible	0	54408	1ff5fb00	1b4608bd	DEMO/TRKBLAST.EXE/PRINCRAZ.MOD
e6a455a5ae6a4d43705125dd6ffbc28f	1	170379	player	uade	Protracker compatible	0	54408	1ff5fb00	1b4608bd	DEMO/UNZIP/TRKBLAST/PRINCRAZ.MOD
e6a455a5ae6a4d43705125dd6ffbc28f	1	170379	player	uade	Protracker compatible	0	54408	1ff5fb00	1b4608bd	DEMO/UNZIP/TRKBLAST/TRKBLAST.EXE/PRINCRAZ.MOD
e6a455a5ae6a4d43705125dd6ffbc28f	1	170379	player	uade	Protracker compatible	0	54408	1ff5fb00	1b4608bd	SOUND/TRKBLAST/PRINCRAZ.MOD
e6a455a5ae6a4d43705125dd6ffbc28f	1	170379	player	uade	Protracker compatible	0	54408	1ff5fb00	1b4608bd	SOUND/TRKBLAST/TRKBLAST.EXE/PRINCRAZ.MOD
e6a455a5ae6a4d43705125dd6ffbc28f	1	170379	player	uade	Protracker compatible	0	54408	1ff5fb00	1b4608bd	SOUND/ZIP/TRKBLAST.EXE/PRINCRAZ.MOD
e6c382d374cb9d2b156d20741b66abdb	1	194050	player	uade	Noisetracker 1.x	0	78928	874b1094	f9a8fdbd	DEMO/UNZIP/TRKBLAST/LETSPRTY.MOD
e6c382d374cb9d2b156d20741b66abdb	1	194050	player	uade	Noisetracker 1.x	0	78928	874b1094	f9a8fdbd	SOUND/TRKBLAST/LETSPRTY.MOD
e6c382d374cb9d2b156d20741b66abdb	1	194050	player	uade	Noisetracker 1.x	0	78928	874b1094	f9a8fdbd	SOUND/ZIP/MISCMOD.EXE/LETSPRTY.MOD
ebf81e1aad5e80764eedacc903a3dc55	1	632023	player+silence	uade	Soundtracker II (15 instr.)	0	113192	1ce6690e	e0092a1a	DEMO/TRKBLAST.EXE/AXELF.MOD
ebf81e1aad5e80764eedacc903a3dc55	1	632023	player+silence	uade	Soundtracker II (15 instr.)	0	113192	1ce6690e	e0092a1a	DEMO/UNZIP/TRKBLAST/AXELF.MOD
ebf81e1aad5e80764eedacc903a3dc55	1	632023	player+silence	uade	Soundtracker II (15 instr.)	0	113192	1ce6690e	e0092a1a	DEMO/UNZIP/TRKBLAST/TRKBLAST.EXE/AXELF.MOD
ebf81e1aad5e80764eedacc903a3dc55	1	632023	player+silence	uade	Soundtracker II (15 instr.)	0	113192	1ce6690e	e0092a1a	SOUND/TRKBLAST/AXELF.MOD
ebf81e1aad5e80764eedacc903a3dc55	1	632023	player+silence	uade	Soundtracker II (15 instr.)	0	113192	1ce6690e	e0092a1a	SOUND/TRKBLAST/TRKBLAST.EXE/AXELF.MOD
ebf81e1aad5e80764eedacc903a3dc55	1	632023	player+silence	uade	Soundtracker II (15 instr.)	0	113192	1ce6690e	e0092a1a	SOUND/ZIP/TRKBLAST.EXE/AXELF.MOD
ee86fc9b00fa98fbf619383618e6c622	1	138369	player	uade	Protracker compatible	0	59062	6cc6d660	3506de56	DEMO/TRKBLAST.EXE/HIT.MOD
ee86fc9b00fa98fbf619383618e6c622	1	138369	player	uade	Protracker compatible	0	59062	6cc6d660	3506de56	DEMO/UNZIP/TRKBLAST/HIT.MOD
ee86fc9b00fa98fbf619383618e6c622	1	138369	player	uade	Protracker compatible	0	59062	6cc6d660	3506de56	DEMO/UNZIP/TRKBLAST/TRKBLAST.EXE/HIT.MOD
ee86fc9b00fa98fbf619383618e6c622	1	138369	player	uade	Protracker compatible	0	59062	6cc6d660	3506de56	SOUND/TRKBLAST/HIT.MOD
ee86fc9b00fa98fbf619383618e6c622	1	138369	player	uade	Protracker compatible	0	59062	6cc6d660	3506de56	SOUND/TRKBLAST/TRKBLAST.EXE/HIT.MOD
ee86fc9b00fa98fbf619383618e6c622	1	138369	player	uade	Protracker compatible	0	59062	6cc6d660	3506de56	SOUND/ZIP/TRKBLAST.EXE/HIT.MOD
f21a6cefe7deaa014a8782d535d24765	1	44910	player	uade	Noisetracker 1.x	0	51320	41fcb360	7a7a5877	DEMO/TRKBLAST.EXE/FAIRLI.MOD
f21a6cefe7deaa014a8782d535d24765	1	44910	player	uade	Noisetracker 1.x	0	51320	41fcb360	7a7a5877	DEMO/UNZIP/TRKBLAST/FAIRLI.MOD
f21a6cefe7deaa014a8782d535d24765	1	44910	player	uade	Noisetracker 1.x	0	51320	41fcb360	7a7a5877	DEMO/UNZIP/TRKBLAST/TRKBLAST.EXE/FAIRLI.MOD
f21a6cefe7deaa014a8782d535d24765	1	44910	player	uade	Noisetracker 1.x	0	51320	41fcb360	7a7a5877	SOUND/TRKBLAST/FAIRLI.MOD
f21a6cefe7deaa014a8782d535d24765	1	44910	player	uade	Noisetracker 1.x	0	51320	41fcb360	7a7a5877	SOUND/TRKBLAST/TRKBLAST.EXE/FAIRLI.MOD
f21a6cefe7deaa014a8782d535d24765	1	44910	player	uade	Noisetracker 1.x	0	51320	41fcb360	7a7a5877	SOUND/ZIP/TRKBLAST.EXE/FAIRLI.MOD
f4b900ca9356de1318a9c9dce5394596	1	82044	player	uade	Protracker compatible	0	85956	808ab65c	18f96a45	DEMO/TRKBLAST.EXE/BALAD.MOD
f4b900ca9356de1318a9c9dce5394596	1	82044	player	uade	Protracker compatible	0	85956	808ab65c	18f96a45	DEMO/UNZIP/TRKBLAST/BALAD.MOD
f4b900ca9356de1318a9c9dce5394596	1	82044	player	uade	Protracker compatible	0	85956	808ab65c	18f96a45	DEMO/UNZIP/TRKBLAST/TRKBLAST.EXE/BALAD.MOD
f4b900ca9356de1318a9c9dce5394596	1	82044	player	uade	Protracker compatible	0	85956	808ab65c	18f96a45	SOUND/TRKBLAST/BALAD.MOD
f4b900ca9356de1318a9c9dce5394596	1	82044	player	uade	Protracker compatible	0	85956	808ab65c	18f96a45	SOUND/TRKBLAST/TRKBLAST.EXE/BALAD.MOD
f4b900ca9356de1318a9c9dce5394596	1	82044	player	uade	Protracker compatible	0	85956	808ab65c	18f96a45	SOUND/ZIP/TRKBLAST.EXE/BALAD.MOD
fee62484187180ac9bc758fa9a27db4a	1	252652	player+silence	uade	Protracker compatible	0	123688	a93ec6ed	e69a7d6c	DEMO/TRKBLAST.EXE/STARSCRL.MOD
fee62484187180ac9bc758fa9a27db4a	1	252652	player+silence	uade	Protracker compatible	0	123688	a93ec6ed	e69a7d6c	DEMO/UNZIP/TRKBLAST/STARSCRL.MOD
fee62484187180ac9bc758fa9a27db4a	1	252652	player+silence	uade	Protracker compatible	0	123688	a93ec6ed	e69a7d6c	DEMO/UNZIP/TRKBLAST/TRKBLAST.EXE/STARSCRL.MOD
fee62484187180ac9bc758fa9a27db4a	1	252652	player+silence	uade	Protracker compatible	0	123688	a93ec6ed	e69a7d6c	SOUND/TRKBLAST/STARSCRL.MOD
fee62484187180ac9bc758fa9a27db4a	1	252652	player+silence	uade	Protracker compatible	0	123688	a93ec6ed	e69a7d6c	SOUND/TRKBLAST/TRKBLAST.EXE/STARSCRL.MOD
fee62484187180ac9bc758fa9a27db4a	1	252652	player+silence	uade	Protracker compatible	0	123688	a93ec6ed	e69a7d6c	SOUND/ZIP/TRKBLAST.EXE/STARSCRL.MOD
ff78e74a73c3eeedd2a4f7b19bdcf2a2	1	144216	player	uade	Protracker compatible	0	303946	5e8665aa	7d0d881a	DEMO/TRKBLAST.EXE/PUBLIC.MOD
ff78e74a73c3eeedd2a4f7b19bdcf2a2	1	144216	player	uade	Protracker compatible	0	303946	5e8665aa	7d0d881a	DEMO/UNZIP/TRKBLAST/PUBLIC.MOD
ff78e74a73c3eeedd2a4f7b19bdcf2a2	1	144216	player	uade	Protracker compatible	0	303946	5e8665aa	7d0d881a	DEMO/UNZIP/TRKBLAST/TRKBLAST.EXE/PUBLIC.MOD
ff78e74a73c3eeedd2a4f7b19bdcf2a2	1	144216	player	uade	Protracker compatible	0	303946	5e8665aa	7d0d881a	SOUND/TRKBLAST/PUBLIC.MOD
ff78e74a73c3eeedd2a4f7b19bdcf2a2	1	144216	player	uade	Protracker compatible	0	303946	5e8665aa	7d0d881a	SOUND/TRKBLAST/TRKBLAST.EXE/PUBLIC.MOD
ff78e74a73c3eeedd2a4f7b19bdcf2a2	1	144216	player	uade	Protracker compatible	0	303946	5e8665aa	7d0d881a	SOUND/ZIP/TRKBLAST.EXE/PUBLIC.MOD
