00188c5ecbf32a9d2d029b85a6838dc8	0	176377	player	libopenmpt	Ultimate Soundtracker 1.0-1.21	4	100012	a5daf7ea	a13d055b	ZVUK/MOD/IDEA.MOD
001c87cd03438fc7244ae9c3dc2fabeb	1	172931	player	uade	Startrekker (4ch)	0	102112	72da0c03	f71b839e	ZVUK/MOD/ROCKME.MOD
02b8627ecc53e86067b86c1d917e4a52	1	301607	player+silence	uade	Protracker compatible	0	178230	7ff566f0	d315ae68	ZVUK/MOD/BLUESTAR.MOD
02bf9129fc27a9b2a665e2f560fcbaad	1	121088	player	uade	Protracker compatible	0	59802	bb2dc885	51e6579e	ZVUK/MOD/EGU.MOD
04d97822bee6d4ddda68ce99d47ed5a7	1	84616	player	uade	Protracker	0	79996	849d65bf	5fa45400	ZVUK/MOD/BLUE_MOO.MOD
05ae53dacc5c19b0cf087bc806911a8e	0	122697	player	libopenmpt	Epic MegaGames MASI (New Version / Sinaria)	8	94039	346b9f91	8378712e	HRY/SINARIA/SONG3.PSM
063e9cac8a143879d15d2162dee53512	1	151895	player+silence	uade	Noisetracker 1.x	0	40104	7140daaf	f6b137da	ZVUK/MOD/ECHOING.MOD
06cc173681d5a68a76e915c75da6ee21	0	207197	player+silence	uade	Soundtracker II - V or compatible	0	74688	28624073	f0ddccb0	ZVUK/MOD/LOCOMOTN.MOD
06eaa84b6384c7fb842ac79e9729e606	1	537742	player	uade	Noisetracker 1.x	0	55140	6e782d5d	fb7e5dcb	HRY/GUNHED/MUS5.MUS
07a08f81bcce4ec48dc8594fab21f94d	1	197507	player+silence	uade	Soundtracker II (15 instr.)	0	60096	53f367dc	67fdab1d	ZVUK/MOD/DEADLOCK.MOD
08c70fc651d900d7cfdcf1089acb06b3	1	281721	player	uade	Soundtracker II (31 instr.)	0	50826	1bc13a8b	6ffa23fb	ZVUK/MOD/INTRUDER.MOD
099a82a618e2dcb66c99304f386cd2a9	1	115321	player	uade	Protracker	0	103120	c044853a	d30ed106	ZVUK/MOD/PETERGUN.MOD
0a3ac0e7b34a38e13e0ad7121abba28e	1	319600	player+silence	uade	Protracker	0	188216	b697408a	fa60ec38	ZVUK/MOD/FREEGUIT.MOD
0a67beaeb76f62839fbdbed9aeabafaa	1	265206	player+silence	uade	Protracker	0	399278	2f422384	fcadfd0a	ZVUK/MOD/2UNLIMIT.MOD
0ba6265d053a8a4391732abb28eaa16f	1	119179	player	uade	Noisetracker 1.x	0	99948	dd4f8c56	101442ff	ZVUK/MOD/KEFGRIDD.MOD
0bbf1609947835b05eca166081260481	1	138369	player	uade	Noisetracker 1.x	0	55476	510b6141	6902971a	ZVUK/MOD/ROCKING1.MOD
0be91ffe83cf7ddf95f22e079266bd78	1	230541	player	uade	Protracker compatible	0	70388	105b38f9	215de516	ZVUK/MOD/INTHEAIR.MOD
0c5463219e5eeeb324747069e548c3a5	1	143935	player	uade	Startrekker (4ch)	0	397452	aed0a121	06a717b6	ZVUK/MOD/LIFE.MOD
0c5c150dc5fda8b8361a763643ec2392	1	201806	player	uade	Protracker	0	341824	ecdf9e4d	2c922636	ZVUK/MOD/STEVESPM.MOD
0c9b99e8e53e34dae117512eab84d8e1	0	269464	player	uade	Ultimate-Soundtracker or compatible	0	67364	85fa1eec	7e928577	ZVUK/MOD/THIEF01.MOD
0ce8128634cdff47e83f042115b76c88	1	207493	player	uade	Noisetracker 1.x	0	131932	fedacdcb	2278ce01	ZVUK/MOD/SAVAGE.MOD
0d48f53e1a9b9f8d941ec73af9427870	1	206207	player	uade	Protracker	0	43958	cdfe051b	8c4d87d4	ZVUK/MOD/THINGCG.MOD
0daffdf4d5562854cd8a6cdee62097d8	1	153721	player	uade	Noisetracker 1.x	0	54500	17df9e81	b910e7a2	ZVUK/MOD/SUPACT7.MOD
0dbcf43e15d3a998389a7b8475ccc79d	1	390009	player	uade	Soundtracker II (31 instr.)	0	136276	4f035667	978cfed2	ZVUK/MOD/JUSTBEAT.MOD
0e46af4cf093eb3d51d908bc73c94c5a	1	245893	player	uade	Protracker	0	65940	be848a74	7f4647d6	ZVUK/MOD/EXP.MOD
0e6ae15d6492a6089adf65d2bfd9f460	0	214719	player	libopenmpt	Ultimate Soundtracker 1.0-1.21	4	51236	3b1ab0ac	1ff28766	ZVUK/MOD/TGM.MOD
0ec59a4f2633823333962ed5253470d4	1	281799	player+silence	uade	Noisetracker 1.x	0	179614	4656c78d	74a71aaa	ZVUK/MOD/BETWEENT.MOD
0f32d9822a36bee9bf01fe8e4caed4ee	1	111681	player+silence	uade	Protracker compatible	0	171228	8456819f	e310df0e	ZVUK/MOD/DREAMING.MOD
0f429b76036964785a6aa72b30cb6986	1	82044	player	uade	Protracker compatible	0	105838	25b6c433	0c011e57	ZVUK/MOD/WALM.MOD
10239d27865466b86b75cc9146375d3e	1	188283	player	uade	Protracker compatible	0	208298	38b36dc6	c84673f7	ZVUK/MOD/XTASE.MOD
102a1b90765d59cc1a4f4a090599d674	0	107359	player	libopenmpt	Epic MegaGames MASI (New Version / Sinaria)	8	107873	29f02938	a2566812	HRY/SINARIA/SONG4.PSM
10977566e6ca55d0d25f953b50ced5ee	1	176287	player	uade	Soundtracker II (31 instr.)	0	150310	f780c44e	3673860f	ZVUK/MOD/FROG60.MOD
11a79ff1cf538a1e6ac247b236b6c30d	1	76920	player	uade	Protracker compatible	0	77168	da1fbf0d	7e1776c2	ZVUK/MOD/SADHISTO.MOD
11e8b6b76366ab69abb1b7f6962c69ec	1	345721	player	uade	Soundtracker II (15 instr.)	0	47574	2ed45d08	12a5abcf	ZVUK/MOD/STUNTMN2.MOD
12b1fd12704b4362424e8d405dc14236	0	61348	player	libopenmpt	Epic MegaGames MASI (New Version / Sinaria)	8	66637	5fdf5733	8d13961e	HRY/SINARIA/SONG5.PSM
12fc484de287313f7c5875a75dcd93ef	1	107645	player	uade	Protracker	0	145732	c19cbd73	112a4b72	ZVUK/MOD/ACID_PAN.MOD
1311f651fa0f4df4152369706cb8a046	1	235411	player+volume	uade	Noisetracker 1.x	0	222058	4a76122e	83e9e6c7	ZVUK/MOD/RVLUTION.MOD
134885bc512b7549d97ceeaaeb42a980	1	376466	player	uade	Protracker compatible	0	143655	b3efc943	c872d486	ZVUK/MOD/GRIND.MOD
1366733239d067be172c743ac92f7608	1	526314	player+silence	uade	Protracker	0	221546	c89c24fa	899171e6	ZVUK/MOD/KYROMART.MOD
136e7f4f775a5d40fc9a3273cf6e80fe	1	201726	player	uade	Protracker compatible	0	200556	7300d6e5	8a90d04c	ZVUK/MOD/COLD.MOD
13a839a40f7a00512a5bd1b4e82edb7d	1	176875	player+silence	uade	Protracker compatible	0	147818	995de645	03b7a0e3	ZVUK/MOD/RAGGTIME.MOD
13e0072b1f4ca0c5a86050dbe4b420f3	1	384122	player	uade	Soundtracker II (15 instr.)	0	70540	a2760411	eb5c7645	ZVUK/MOD/SAMSAM.MOD
14904905f75bd091bf31ddb4a8445934	1	178225	player+silence	uade	Protracker compatible	0	125818	cf876fd3	7e26b025	ZVUK/MOD/SERENADE.MOD
1505e92af634fe0275263128afc8bf69	1	428128	player	uade	Protracker compatible	0	175962	02afe75b	f24860d7	ZVUK/MOD/ARMADA.MOD
1505e92af634fe0275263128afc8bf69	2	381570	player
1505e92af634fe0275263128afc8bf69	3	381570	player
1600947b0edc497bb8790df9785a58ee	1	176769	player	uade	Protracker	0	131276	08befd84	e5ebed61	ZVUK/MOD/NOT_JUST.MOD
16ac2d7a7f6eaa0d5376c3f41870f1ac	1	254351	player+silence	uade	Soundtracker II (15 instr.)	0	136520	054c4ca7	9cd56798	ZVUK/MOD/DRAGONFU.MOD
16bc8e17ab130ef6038c563e7984df41	1	142809	player	uade	Protracker compatible	0	119477	72a4b66f	b02d76ef	ZVUK/MOD/NONAMNDD.MOD
16da4721a73868a6fa397d2b79cb8822	1	161305	player+silence	uade	Protracker compatible	0	89422	c66d81c3	6655fc46	ZVUK/MOD/STRCHLTN.MOD
176ebd69ec8be35afd626653817c389a	1	153721	player	uade	Noisetracker 1.x	0	97376	68490c98	1edfb20f	ZVUK/MOD/JESUS.MOD
177650e7abf953f28454b9295813d061	1	180089	player+volume	uade	Protracker compatible	0	123204	03d25a7a	48378fe0	ZVUK/MOD/HLRUNNER.MOD
17bec25fada7247d360ca48aa85ef8b3	1	176357	player	ft2play	Fasttracker (M.K.)	4	90425	3e4ae6d1	c3c9eefb	ZVUK/MOD/QUANTARI.MOD
17d12cca3cfa02755ed9743359d0906a	1	555735	player+volume	uade	Protracker	0	274794	cb4bf42c	3c31f57f	ZVUK/MOD/TESTINK.MOD
17d6c5b892253b1253685c7508d443ee	1	76665	player	ft2play	Fasttracker (M.K.)	4	89204	401d2e26	6ee89780	ZVUK/MOD/BUGZDEAL.MOD
17dd120ef98678ef69051aac2020a1d9	1	203635	player	uade	Soundtracker II (31 instr.)	0	79750	1858171e	4acbf2c2	ZVUK/MOD/APPROACH.MOD
17e631dddc000b893d712f748ed920d2	1	380284	player	uade	Protracker	0	149572	32f05904	51ea401b	ZVUK/MOD/CLSSFDCR.MOD
17eda6027dfa58a3c86433ab2787bf5f	1	146045	player	uade	Noisetracker 1.x	0	95268	0091128e	4ec8db2a	ZVUK/MOD/QUANTUM.MOD
18a5bf94776574edc76d2d9d91a3c8a8	0	47522	player	uade	Ultimate-Soundtracker or compatible	0	57596	9e5ae574	f307e6ad	ZVUK/MOD/SLL5.MOD
1a0fdc79a8fd5f0937ec978798068ed3	1	131034	player	uade	Protracker compatible	0	61946	baad3b69	b86da98e	ZVUK/MOD/YSB.MOD
1a8d6e13b5bd6902bb9c1f3be40f8d24	1	230541	player	uade	Noisetracker 1.x	0	58772	bb849016	5bfb6349	ZVUK/MOD/AXK8.MOD
1ad6cebcd89cdd87aa7c84f65f2a2597	1	296129	player	uade	Protracker compatible	0	96956	9ae49a90	79c7f66a	ZVUK/MOD/SLAPPYAN.MOD
1ae6a4a843cee46a8177a05eb609e5d4	1	106700	player	uade	Protracker compatible	0	92908	089e9309	3167c3e3	ZVUK/MOD/JAR.MOD
1b05cfa76e1dea447d31842d51e279ce	1	121088	player	uade	Protracker compatible	0	59804	2b220e6b	80e3ea32	ZVUK/MOD/TUNE2.MOD
1bfc2eba2c562741b8b0973de0bb83d5	1	199258	player+silence	uade	Noisetracker 1.x	0	162014	5a496eb3	557bce74	ZVUK/MOD/BLACKMOR.MOD
1c69b0752644627e35261602d69678d2	1	306055	player	uade	Soundtracker II (15 instr.)	0	204712	5f6905cc	bc51a5fb	ZVUK/MOD/MET.MOD
1cb9e2ac89ce1afaebe110f568d5fbb2	1	103786	player	uade	Protracker compatible	0	97780	2e955ef4	82723ad9	ZVUK/MOD/ONTHEROA.MOD
1cda6e9f2539e3fe16a2def1d2e719ec	1	249410	player	uade	Protracker compatible	0	102288	6f931a31	c576257a	ZVUK/MOD/IMPONERT.MOD
1cf991b5dcafb34f6e40dc1293f05950	1	519798	player	uade	Noisetracker 1.x	0	133116	8ada3cf6	fc729882	ZVUK/MOD/ISTNICHT.MOD
1d4a5467e6d855ccf4cd70ab1539b652	1	275555	player+silence	uade	Protracker	0	145000	5849246f	fd50d26a	ZVUK/MOD/XTC.MOD
1e2e49ae176756d97d7a66cd104a4530	1	138369	player	uade	Protracker compatible	0	40892	e94df7df	a20ad79d	ZVUK/MOD/BLIRG.MOD
1f293761615de9e1cd1eb606d2adefc7	1	254132	player	uade	Noisetracker 1.x	0	93602	91c60d60	429abdc3	ZVUK/MOD/TKG_I.MOD
1f3a7417f4f7468594f83fa71348f49a	1	222845	player	uade	Protracker compatible	0	94734	b5cea569	c81f355d	ZVUK/MOD/MASQRADE.MOD
1f4cd374c7a2a40e97e6fd98bd1f0b1a	1	240866	player+volume	uade	Protracker	0	234024	89299618	9dd57594	ZVUK/MOD/GETTHFNK.MOD
2068c1b8957e1a36d5cba89d7f81895e	0	138034	player	libopenmpt	Epic MegaGames MASI (New Version / Sinaria)	8	113835	463c58d6	f5dd2f29	HRY/SINARIA/SONG2.PSM
20bbc8e035928a4896f29588daf11fe1	1	107645	player	uade	Soundtracker II (31 instr.)	0	45728	e2aa91ea	e1ecdd8d	ZVUK/MOD/THESONG.MOD
2101415ecbd901ef1ffd3ed927a4b44f	0	130170	player	libopenmpt	Epic MegaGames MASI (Old Version)	9	134804	4ae6513a	b20ca4c7	HRY/EPICBALL/SONG00.PSM
220237509cade92bdefa2fb39618cfc6	1	179043	player+silence	uade	Protracker compatible	0	137148	9b89fede	12f67d20	ZVUK/MOD/XENOPHOB.MOD
22c512ebe855a5b86f13a88fc8676e42	0	63761	player	libopenmpt	Epic MegaGames MASI (Old Version)	9	111092	ce07095f	8fd15da6	HRY/EPICBALL/SONG0.PSM
22cc35a5d0f1430ae1f2919b1ea63cd3	1	298043	player+silence	uade	Protracker compatible	0	247854	4f745de7	ff0d81e0	ZVUK/MOD/SFCSONG.MOD
22e3d002ddfda9a24f31d029904bcf4f	1	117129	player	uade	Protracker	0	465356	534336f2	e164734e	ZVUK/MOD/JACKSON4.MOD
23764ee90d0476135158a5c518f7e67f	1	242055	player	uade	Protracker compatible	0	130382	7ab534f4	45ea99ca	ZVUK/MOD/CEBIT.MOD
239adb4923f5885111cb98c62cea7a4e	1	69224	player	uade	Protracker compatible	0	75688	f1083a6b	6cfa640b	ZVUK/MOD/TRAVELLI.MOD
241a6308d19f9ed544046f5afb3da425	1	255498	player	uade	Protracker compatible	0	105104	f670e40b	ff1d5d03	ZVUK/MOD/JAMBOREE.MOD
244c3a3883a8f0b16b81d19a02df9a9b	1	169093	player	uade	Protracker compatible	0	61048	be8b5199	55f176f2	ZVUK/MOD/JACKI.MOD
24e6482b1832e97fd34fc2afcecd55ee	1	210883	player+silence	uade	Soundtracker II (15 instr.)	0	45870	9aeed9a8	d9fd21f3	ZVUK/MOD/FACTORY.MOD
2677e9614ee68910a3dd3370efa0f2b7	1	215149	player	uade	Soundtracker II (31 instr.)	0	99400	a8337dff	4ca4e260	ZVUK/MOD/ROBOTRON.MOD
26b3d0a25fca5f1b6eed14ac0bf5a7bd	1	61568	player	uade	Protracker compatible	0	45430	eb2ea87d	a5419e56	ZVUK/MOD/BALL2.MOD
2739d555c585b7a841b6ec59acd45779	1	158845	player	uade	Protracker	0	116172	171a4afc	6fe525dc	ZVUK/MOD/NWWRLDMN.MOD
284ce6c29ed059764d5044b2b46605f2	1	153403	player+silence	uade	Protracker compatible	0	90822	6d5b49cf	a868627d	ZVUK/MOD/KILROY6.MOD
284cfad796b910ac9e98afb220ce1be9	1	153160	player+silence	uade	Noisetracker 1.x	0	71552	bd1dd6b9	cf781384	ZVUK/MOD/MXYGEN.MOD
2860e9b8b3d1b175ec59d1e56ba6c045	1	210205	player+silence	uade	Noisetracker 1.x	0	93588	86aef072	71de0ba2	ZVUK/MOD/ARCANE.MOD
28b1edc5780d654637d9513f8774a115	1	353418	player	uade	Noisetracker 1.x	0	91372	6b18c4a6	f85a998c	HRY/SKILLER/MUS3.MUS
28f3c5a2b73d27be16a4422d9012ffc0	0	360993	player	uade	Soundtracker II - V or compatible	0	196090	10c6aa59	577721fd	ZVUK/MOD/STORYIS.MOD
29fb51da0a6c08d83aa521329fcfd5cc	1	233093	player	uade	Protracker	0	76694	1108b25d	4a53cc61	ZVUK/MOD/GOODBYE.MOD
2b0ff9cb492330d8f5984d39ffc4e036	0	243559	player+silence	uade	Ultimate-Soundtracker or compatible	0	108560	d5835130	16ae8684	ZVUK/MOD/BLUE.MOD
2b61264fda776fa25bba16392d85fdd4	1	42358	player	uade	Protracker compatible	0	48954	18c45378	4bd55b3b	ZVUK/MOD/CJ.MOD
2ba319b7cfda513cc0bd0ef393b03306	1	38520	player	uade	Protracker	0	64468	8394de8c	54fc8b32	ZVUK/MOD/THEEND.MOD
2c1cdef21cc95eefb6710b38269f0843	0	114229	player+silence	uade	Soundtracker II - V or compatible	0	118554	24c4afb0	68650d2f	ZVUK/MOD/RABBIT.MOD
2c401ada8a017123a96862787cd15f27	1	96130	player	uade	Noisetracker 1.x	0	235672	8e3bdb9a	39b7159d	ZVUK/MOD/ENJOY.MOD
2cba0d2acf5ad658ad5fea959cf2d477	1	80115	player	uade	Protracker	0	119138	9a73ef7c	fd666ec9	ZVUK/MOD/ALFSBGBL.MOD
2d024a7aa1cf2d65b816d9ef000b81c7	1	69224	player	uade	Protracker compatible	0	124078	483ef007	36bd62cf	ZVUK/MOD/YELL.MOD
2d024a7aa1cf2d65b816d9ef000b81c7	2	46216	player
2d024a7aa1cf2d65b816d9ef000b81c7	3	46216	player
2d3f44a49db57f62a4121e3716c1162f	1	45433	player	uade	Protracker compatible	0	43176	0de15d20	e1eba3a8	ZVUK/MOD/INSPECT.MOD
2db3ce6cce4823120ce8d2de21c3ac4f	1	107645	player	uade	Protracker compatible	0	58106	93b1e6ad	0322ee6a	ZVUK/MOD/UA1T.MOD
2de3d886f3c4afd899d938047ae71123	1	127478	player	uade	Protracker compatible	0	182188	88e88452	c8c3f260	ZVUK/MOD/ICEBABY.MOD
2eddcbc763015690ac2194a33301a05a	1	242055	player	uade	Protracker	0	97756	172f42b1	1b1df0b3	ZVUK/MOD/SECURE3.MOD
2ef3c4044f18d88115f8aca70dc09cbc	1	230420	player	uade	Protracker compatible	0	91504	d251db83	541fc673	ZVUK/MOD/TRAINB.MOD
3005a2d8657d96e0259415e56ccf510e	1	30824	player	uade	Protracker	0	104204	ea9456ef	38180bf2	ZVUK/MOD/XPROJEKT.MOD
3035b874ebb47d91a36ba9dc5b4c3ff0	1	57730	player	uade	Protracker compatible	0	83248	a52d5dac	4c8869f5	ZVUK/MOD/MOVMNT77.MOD
3049088194087bcffb35139a61242abf	1	138369	player	uade	Protracker	0	63074	e5c2766c	831ecc55	ZVUK/MOD/OTA.MOD
305bca4a43f5c1c8b867f552cb8d86f4	1	279591	player	uade	Soundtracker II (31 instr.)	0	248769	0954b01b	ef182d63	ZVUK/MOD/NINJAWAR.MOD
306728c6b59cb13004d1ebf154cbb5fb	1	225075	player	uade	Protracker compatible	0	151434	e87331c7	a42ad3b1	ZVUK/MOD/HEAVYBAL.MOD
308975a50640ecb737a8dd0b616a4634	1	185751	player	uade	Protracker compatible	0	160990	60ad3a55	da4279ed	ZVUK/MOD/HYSTBABY.MOD
30a07bce70cc198904a56b77c0791be4	1	202208	player	uade	Protracker	0	60746	63f19e5c	7c8caf0c	ZVUK/MOD/HEAVEN2.MOD
30bcaede9d9a2e6307a675cdaea9ab31	1	304207	player	uade	Protracker	0	189366	c7bc193b	5167bd36	ZVUK/MOD/NIGHTMAR.MOD
31680f33ed6c7b8e541c57efbf85cecd	1	304567	player+silence	uade	Protracker compatible	0	184612	a6d450f3	c1093c65	ZVUK/MOD/INTRODUC.MOD
32c86a64c44732a792873d2e1075e23d	1	344129	player+silence	uade	Startrekker (4ch)	0	171738	d71a073d	85648022	ZVUK/MOD/MAMA.MOD
32f0eb5a4b357b556ebf2b3766782494	1	199200	player+silence	uade	Protracker	0	256276	e8495869	9d646e62	ZVUK/MOD/MOONGATE.MOD
33e426b4957f01a8458fefa58a986ead	1	76920	player	uade	Protracker	0	215308	a554e4e9	f47f17eb	ZVUK/MOD/YEO.MOD
33e8b9ee1e260bce204e2edb2763f7b5	1	141631	player+silence	uade	Protracker compatible	0	50908	01695b7f	e58931da	ZVUK/MOD/HOWDEEP.MOD
344c887648dc9e4befc9fa27345e903d	1	176060	player+silence	uade	Protracker compatible	0	62732	3f7bdba1	e24d2eea	ZVUK/MOD/CANON.MOD
34b3029b5fad9bb4d91e84b5a3d4d609	1	121088	player	uade	Soundtracker II (31 instr.)	0	59846	b051d4ed	bd0c77e8	ZVUK/MOD/UPFRONT.MOD
34c728755168f820165c2ac790c4fd3a	1	175118	player	ft2play	Fasttracker (M.K.)	4	141937	354602d7	9b39a59c	ZVUK/MOD/SEEYOLTR.MOD
3503353047ff886404ea35bc15d0ce5c	1	355841	player+silence	uade	Protracker compatible	0	252282	0f302eb0	40c81bb5	ZVUK/MOD/LIGHTNNG.MOD
36721aa5cffbf23d849177ef294e4a7e	1	287431	player	ft2play	Fasttracker (M.K.)	4	371025	c68a9143	88b43998	ZVUK/MOD/FIGHT1.MOD
36760780c07ebbd3f46676884fd2b969	1	216033	player	uade	Protracker compatible	0	166666	8a4476b5	fdda787f	ZVUK/MOD/VENTURES.MOD
37051c0c8cd4ef59a117c0c912a1f47e	1	134531	player	uade	Noisetracker 1.x	0	90914	e3825fe7	68920d73	ZVUK/PROG/VP/COUNTRY.MOD
372f86acfadd62897996de41b0cad3ba	1	115321	player	uade	Protracker compatible	0	104168	ccc1a884	1831d9d0	ZVUK/MOD/MOONRADR.MOD
37c9d62acf813d668932a1f044b9f1a4	1	298825	player+silence	uade	Soundtracker II (15 instr.)	0	115008	b6bea4b6	9dd25c57	ZVUK/MOD/DRAGNET.MOD
3848da5741c8d7749c8daeb4c09a3e53	1	115321	player	uade	Protracker compatible	0	160797	3f14ab0f	909a8df1	ZVUK/MOD/ANIHLATE.MOD
38d80c03092253fa9575159a22759af7	1	184686	player	uade	Soundtracker II (31 instr.)	0	248990	d259d4ec	751a00ac	ZVUK/MOD/TKGS.MOD
38e1118a59f2c9cf9e7079f40c281c4b	1	76920	player	uade	Soundtracker II (15 instr.)	0	58630	d926f943	72985c31	ZVUK/MOD/HIPHURRA.MOD
39313965c568327f1a224176834ca6f0	1	71816	player	uade	Protracker compatible	0	63194	4d07545c	8b95dea1	ZVUK/MOD/UPSIDDWN.MOD
3aaee41290193b20af044f496b12bd61	0	109677	player	libopenmpt	Epic MegaGames MASI (New Version)	4	79609	756c2db6	fd1e4e27	HRY/JAZZ/MENUSNG.PSM
3aaee41290193b20af044f496b12bd61	0	109677	player	libopenmpt	Epic MegaGames MASI (New Version)	4	79609	756c2db6	fd1e4e27	HRY/XMASJAZZ/MENUSNG.PSM
3b8b9e74a73aaa871ef4b63333276014	1	215149	player	uade	Soundtracker II (15 instr.)	0	56446	7ed5c6a1	d7ff533e	ZVUK/MOD/NONAME.MOD
3b8dc858e7d574ee9e92e38b53c1d3b6	1	223207	player	uade	Soundtracker II (15 instr.)	0	94738	17aa7611	6e180b0b	ZVUK/MOD/OXIGIN.MOD
3bb54823756352cd5a4e3d467e42ca48	1	61568	player	uade	Protracker compatible	0	92220	a15c4d83	ee643f35	ZVUK/MOD/REELHOUS.MOD
3bc2ca26081bf6ed5904e017596bf514	1	192141	player	uade	Protracker compatible	0	56958	3fec70ce	fb38db68	ZVUK/MOD/V48.MOD
3c1b78e2fdfa7f69d53d581ecde57571	1	115321	player	uade	Noisetracker 1.x	0	100236	c12426a3	63b24daa	ZVUK/MOD/JAMMYF.MOD
3c3e4421d3533d64bd3d2721cf912246	1	48125	player	uade	Protracker compatible	0	53064	884e6512	f2c7c3f8	ZVUK/MOD/RNTRO_TU.MOD
3dba3d500490c8b901f67887a3444370	1	230541	player	uade	Soundtracker II (15 instr.)	0	80798	284133ec	08c248df	ZVUK/MOD/WALKMAN.MOD
3dcda018292441fae0dd95177c357701	1	174272	player+silence	uade	Protracker	0	109796	380d6e71	b6e87a7a	ZVUK/MOD/XMASTYO1.MOD
3e5ca40e4cb724559d75e70638ac0a53	1	138485	player+silence	uade	Protracker compatible	0	228156	82e08de3	95649e1e	ZVUK/MOD/EUROVISI.MOD
3e921cb0eac2cab8555b53ce9c5fb55b	1	201083	player	uade	Soundtracker II (31 instr.)	0	62390	21acc345	aac57edc	ZVUK/MOD/FUSION.MOD
3ef561926788944e68216861dd1951e4	0	111194	player	libopenmpt	Epic MegaGames MASI (New Version)	4	103343	bbdb4f90	1960be37	HRY/JAZZ/SONG3.PSM
3f0fd4a175ff57a932f783feb929530e	1	192141	player	uade	Protracker compatible	0	56558	4577724a	e53302ae	ZVUK/MOD/WERWERU.MOD
3fae30cb6fbcae582f754dea3ff10dad	1	80758	player	uade	Protracker compatible	0	42804	1ef09514	2de855ba	ZVUK/MOD/ACID.MOD
3fff7902311571efcad8817ca55a192b	1	146045	player	uade	Soundtracker II (15 instr.)	0	204674	60a23661	c74d0a2b	ZVUK/MOD/BERLIN.MOD
401f9db44201762b3c2eb18d8aa1f68e	1	169093	player	uade	Soundtracker II (15 instr.)	0	101796	362bff5c	be9a85b0	ZVUK/MOD/LARS.MOD
402084730e3b4f236c90e42d0bbc6eac	0	102886	player	libopenmpt	Epic MegaGames MASI (New Version)	4	80880	92655fef	9d653017	HRY/JAZZ/SONG0.PSM
404ea37a508557d551bb2a30e1aa48d9	1	99325	player	uade	Protracker compatible	0	131368	f58d983b	f76a2191	ZVUK/MOD/BEYOND.MOD
4086915feef55754c0cdfc74baeebf86	1	103789	player+silence	uade	Noisetracker 1.x	0	100530	60d265b4	cc488602	HRY/SKILLER/MUS4.MUS
4086915feef55754c0cdfc74baeebf86	1	103789	player+silence	uade	Noisetracker 1.x	0	100530	60d265b4	cc488602	HRY/SKILLER/MUS5.MUS
413cec7b1e827954268676a702b94b8c	1	86767	player	uade	Protracker	0	169284	896c5b9b	96ce846c	ZVUK/MOD/XNITRO.MOD
4161364e130db462b14f302eb6df442d	1	317891	player	uade	Protracker	0	154468	dbbf0047	fe23b52b	ZVUK/MOD/EXTRACTI.MOD
41bab09f7e14b82f8096404b9f7d7b15	1	205039	player+silence	uade	Protracker	0	198911	15d17c89	988c120a	ZVUK/MOD/2NYTLIVE.MOD
423951c6677138f47bcfbebec1c1e926	1	275461	player+silence	uade	Protracker	0	163738	d2103f5e	4e631db3	ZVUK/MOD/SCRAMBLE.MOD
425f7c856f5b99babbdd6b46dfe09169	1	53793	player+volume	ft2play	Fasttracker (M.K.)	4	40909	73efb39d	da72a3ad	ZVUK/MOD/HALLS.MOD
42a8c609be3f801e3299908e316d2ef6	1	276597	player	uade	Protracker compatible	0	54644	9a224b4e	9a4f64df	ZVUK/MOD/MINIBLST.MOD
42b82a244100832cacda045b2668bb93	1	114034	player	uade	Protracker	0	27410	a45fda09	e73417ed	ZVUK/MOD/YO.MOD
42c8155f4f61d7866fd826006dbbe69a	1	207493	player	uade	Protracker compatible	0	105148	bf285315	fe2d70c6	ZVUK/MOD/LIMBO.MOD
436674ade521c634e25a6777a8bb1599	1	261245	player	uade	Protracker compatible	0	65113	ebf50aff	e58cc4bc	HRY/GUNHED/MUS11.MUS
43d15f5324d27479af21099fa62cc342	1	138369	player	uade	Noisetracker 1.x	0	135862	e7245dcd	698ac50c	ZVUK/MOD/AIRWOLF.MOD
44850d953dfa22ea3daedc889294c9b3	1	476294	player	uade	Protracker	0	135678	32405138	5a6a933c	ZVUK/MOD/DECORE.MOD
44cace85f4b31146add958fb02dbd93c	1	134531	player	uade	Protracker compatible	0	68682	4ec33946	1ea9fe40	ZVUK/MOD/PARTY.MOD
45b51a18abc58643c8b7cb2b5ff935a3	1	261245	player	uade	Noisetracker 1.x	0	65900	1bd97a1c	7cd564aa	ZVUK/MOD/RMEGASJ.MOD
45f5bf5a66789525d59c08e403b8e5ca	1	207493	player	uade	Protracker compatible	0	139428	50b209ed	e3aad5d5	ZVUK/MOD/ELCTRCDR.MOD
45ff356c0fe2c9fd8a4f8907f27a8457	1	153721	player	uade	Noisetracker 1.x	0	123576	f44c6939	a62e3a09	ZVUK/PROG/VP/HELMUT.MOD
460f34f280237ff087d0cd1fca6ebe8b	1	238197	player	uade	Protracker compatible	0	115904	5f89434e	0c33a57b	ZVUK/MOD/NUCONTRO.MOD
47708df03f5c5b548d445b88af23c765	1	157579	player	uade	Noisetracker 1.x	0	91034	e98d9fb1	77ef30f9	ZVUK/MOD/SMOKE.MOD
49199af8c39eb1042237fc40ca4bce12	1	84616	player	uade	Noisetracker 1.x	0	22248	e2b2019b	0f67c1e6	ZVUK/MOD/PRELUDE.MOD
4959272632085a665a0cdcd53782e2fa	1	161397	player	uade	Protracker compatible	0	41148	c2c911d5	f09c3863	ZVUK/MOD/GOLDRUNR.MOD
49aa26bb48671e012ec311917da283ca	1	377310	player	uade	Protracker compatible	0	194244	dcc86a77	4ede5b40	ZVUK/MOD/DEEP.MOD
49cfd6be87936d8ede059b64397fe308	1	205236	player+silence	uade	Protracker compatible	0	199926	e62e1392	9e927426	ZVUK/MOD/TONIGHT_.MOD
4a23a7621e732580bc3bd6b7f287c93b	1	226603	player	uade	Protracker	0	181882	0ff949a9	f527608e	ZVUK/MOD/SADNESS.MOD
4a27ee04714205c984f2753cf3a85dff	1	170379	player	uade	Protracker	0	62342	2ecf48d3	4383f0d5	ZVUK/MOD/RBTX1.MOD
4a433791322dabeb0df2e6937569c699	1	95302	player+silence	uade	Protracker compatible	0	157004	8548710c	cb8ec46d	ZVUK/MOD/BURRITOB.MOD
4a47e4f17d04516b347842f630d72626	1	238197	player	uade	Protracker compatible	0	131668	1f37be41	81cb6c40	ZVUK/MOD/MINOAN.MOD
4a871f28e06e7c756adfad8235bf4452	1	176769	player	uade	Protracker compatible	0	58960	00109222	c39f1d88	ZVUK/MOD/ROCKNPEB.MOD
4b7b7c0e537842b74625a4f3846e53a9	1	102520	player	uade	Protracker compatible	0	83452	9bdc6b38	1624e477	ZVUK/MOD/ACIDROCK.MOD
4bf9848a7bb220d2406cbecc28ed0a9d	1	276597	player	uade	Soundtracker II (31 instr.)	0	76896	30171836	8efa1d1d	ZVUK/MOD/LEPELTHM.MOD
4c808db7bf44e1800171f8cc85082ebf	1	192141	player	uade	Soundtracker II (15 instr.)	0	59320	999b48d9	cf9e2d28	ZVUK/MOD/CAMBOD.MOD
4c917cfaa2a08a991ac7778f257bd3a6	1	414866	player	uade	Protracker compatible	0	214670	4e23b822	bf6cc57c	ZVUK/MOD/MCHAMMER.MOD
4ce7387cf12b44ab01c23ef32274eb85	1	182006	player+silence	uade	Noisetracker 1.x	0	91456	949ddd55	4bc78d80	ZVUK/MOD/SAHARA.MOD
4d0cad918a6f25941af5d86f1c3879b9	1	103806	player	uade	Protracker compatible	0	71932	e0c0ff9c	511e6e8e	ZVUK/MOD/LAMBADA.MOD
4d2fdfd7bda4a5d65a1979f007dff890	1	69224	player	uade	Protracker compatible	0	60814	ee2d91ae	caeda904	ZVUK/MOD/JINGLE.MOD
4d3e1d8d501d72fa46d680531e430c9e	1	153721	player	uade	Noisetracker 1.x	0	89582	60809da4	82ebcb40	ZVUK/MOD/16RASTER.MOD
4e84e4d7f571fb3c216738d75ef36acc	1	192141	player	uade	Protracker compatible	0	190698	5c9e2079	466142d3	ZVUK/MOD/FRFRMGTR.MOD
4e9c7aa1c2228f6559bf8ce072271448	1	90283	player	uade	Protracker compatible	0	91299	1c08920a	91df5851	ZVUK/MOD/BREATH.MOD
4eb19cab8eb52a6e175ee7a3c57ee49a	1	138369	player	uade	Protracker compatible	0	84210	f027f63b	44628f75	ZVUK/MOD/SALUTE.MOD
4ec0e04e21218e598492456e1016b913	1	92272	player	uade	Protracker compatible	0	59378	1c10487a	bb30990b	ZVUK/MOD/KILROY2.MOD
4f40fa95f03391cf0a5c992ec8a171dc	0	80972	player	libopenmpt	Epic MegaGames MASI (New Version)	8	40760	087ad0c1	7dc2d4a7	HRY/XMASJAZZ/BONUS.PSM
50323df48b7523aeebccfeea8bba563a	1	284293	player	uade	Soundtracker II (15 instr.)	0	99068	de17ca8b	4b632e98	ZVUK/MOD/SETDANCE.MOD
50cadcd1963563097c56f813bffc62fe	1	132360	player	uade	Protracker compatible	0	263744	859800cc	ea0f4d53	ZVUK/MOD/BATDANCE.MOD
5103289bd98d58dafd896f0e28da0e29	1	184445	player	uade	Protracker compatible	0	147026	085f2a3d	39f0ff2a	ZVUK/MOD/ASIMOV.MOD
523685fe4c701212c6b382546eb541db	1	192141	player	uade	Protracker	0	120424	ec07bde6	dca64994	ZVUK/MOD/SLDSTTNT.MOD
52432dcf098176c3c91fb8a7c4e3c539	0	6984	player+volume	libopenmpt	Epic MegaGames MASI (New Version)	4	58884	8e804191	0bc83978	HRY/JAZZ/ENDLEVEL.PSM
52432dcf098176c3c91fb8a7c4e3c539	0	6984	player+volume	libopenmpt	Epic MegaGames MASI (New Version)	4	58884	8e804191	0bc83978	HRY/XMASJAZZ/ENDLEVEL.PSM
52d06d5bce44299005bd9f055e2a705c	1	153721	player	uade	Soundtracker II (15 instr.)	0	56184	fc0339cf	c08e9e9a	ZVUK/MOD/ENOLAMIX.MOD
54026f5284756c5b7d0e75cab76cfa03	1	388372	player+silence	uade	Protracker	0	221724	a1c2f0e4	b20cdbfa	ZVUK/MOD/ITSMYCNT.MOD
54957a0191b7f9dbf9aac425282151a4	0	81353	player	libopenmpt	DSMI Advanced Music Format v14	4	49887	f4168e4a	7737e106	DEMO/LIONKING/LION1.AMF
54a6033af515eb1be2c3d7a1023baa54	1	163969	player	uade	Protracker	0	27598	40f86780	bc7456f4	ZVUK/MOD/4MA.MOD
54ad48bd0016b14360f8972d730115c2	1	192141	player	uade	Protracker compatible	0	56646	1f379399	afb0c2a5	ZVUK/MOD/KTHRSIS.MOD
54efa74444589c08ffbc110866034960	1	868668	player+silence	uade	Protracker	0	158120	43cc9867	0fc648c6	ZVUK/MOD/SOOTHSYR.MOD
551f04e1169625ff002733a68d670d71	1	108931	player	uade	Soundtracker II (15 instr.)	0	111052	593c9cc9	c0dc151c	ZVUK/MOD/AWESOME1.MOD
553708662390bf8d365968da43d892d7	1	123921	player	uade	Soundtracker II (15 instr.)	0	63832	8397adbe	aad3713b	ZVUK/MOD/6.MOD
553c2819d3df222e24bde7f936b3fdb6	1	631993	player+silence	uade	Noisetracker 1.x	0	116076	0e82706a	61967f76	ZVUK/MOD/AXELF.MOD
5546040f232c41dd20cd09a4611492b7	1	249731	player	uade	Protracker compatible	0	50052	c76275a1	44a6b9a0	ZVUK/MOD/CRYNGSPY.MOD
5546c73938c906b2f1e395634c4e8372	0	158285	player+silence	libopenmpt	Ultimate Soundtracker 1.0-1.21	4	101284	1c63d4fa	6568e32c	ZVUK/MOD/RIFF.MOD
55d965ccc1529e74a371742187957818	1	193616	player+silence	uade	Protracker compatible	0	68628	ad3b9879	4eb4bf1c	ZVUK/MOD/SCROLL.MOD
55e2de544796b08cc356f41f5891cdc6	1	207493	player	uade	Protracker compatible	0	133732	d1404cce	bdd1e399	ZVUK/MOD/XIPHOS.MOD
56295d451ace619f0b7c1302f5955cee	1	276597	player	uade	Noisetracker 1.x	0	52566	f75031f0	b940d814	HRY/GUNHED/MUS7.MUS
562dce350fd7b18853d9d1c36989283e	1	107645	player	uade	Protracker	0	125054	47f8c731	5991a432	ZVUK/MOD/SUNWIND.MOD
57f43c052f4117b5e4c645e332388926	1	130693	player	uade	Protracker compatible	0	71054	d1a24fc3	7144cd4d	ZVUK/MOD/COMPLICA.MOD
586dde7d42a5a0d22ec6479dd9df876c	1	327817	player	uade	Protracker compatible	0	100561	f25790f4	b5aca7df	ZVUK/MOD/ILLBETHE.MOD
58a8ac7674160d0ec6340048470c39ff	1	257258	player+silence	uade	Soundtracker II (15 instr.)	0	126756	575260e3	160fcd68	ZVUK/MOD/CANT.MOD
594f745dda30fa0e70a2936589d83a74	1	0	nosound	uade	Noisetracker 1.x	0	21770	15c6044b	26a05e7e	HRY/GUNHED/MUS6.MUS
5a4860c5f756038c5e7273c90f622b4b	1	238197	player	uade	Protracker compatible	0	115724	3eaf0534	e9c21562	ZVUK/MOD/IRONTEAR.MOD
5a95a2bc325168b38ef936ef34e27580	1	107645	player	uade	Noisetracker 1.x	0	44984	2b18667d	d202d39c	ZVUK/MOD/SOLODRUM.MOD
5b3e44612707792040a838b95b1eb607	1	238197	player	uade	Protracker compatible	0	161922	38167586	9306b6ad	ZVUK/MOD/PUMPUMJM.MOD
5c0c924099a2942439a97963d2c947c1	0	174337	player	uade	Ultimate-Soundtracker or compatible	0	66436	a9e25e64	4e873a97	ZVUK/MOD/KENT.MOD
5c8ef689db128d6d9e23ff7401ab243b	1	268564	player+volume	uade	Protracker	0	432158	c8a6216c	ef289f4d	ZVUK/MOD/BEYOND_M.MOD
5cbbcab3b08aa0ba41fa5144828bc220	1	285490	player+silence	uade	Soundtracker II (31 instr.)	0	143336	6db93e87	6337a8f5	ZVUK/MOD/BEZ_CALM.MOD
5ce16ef0d02cee85d70cd657256c6b59	1	181451	player+silence	uade	Protracker compatible	0	116882	94cf0fe2	a3d9550b	ZVUK/MOD/1ST_SHOT.MOD
5d04808a44bdda040c56bc62492ecf71	1	244587	player	uade	Protracker	0	256500	16752c3d	721245ef	ZVUK/MOD/DEVIATOR.MOD
5da76b48edf0b0d67548cd2dd46e079e	1	139373	player	uade	Protracker compatible	0	130749	c84e5568	5fb9a3db	ZVUK/MOD/RTMDGKND.MOD
5e8fff92f6df88abf56bc565dd83f1d0	1	230541	player	uade	Noisetracker 1.x	0	71384	a680e024	5587bd49	HRY/GUNHED/MUS1.MUS
5eb312f328a24292576af2729af72c5d	1	363987	player	uade	Protracker compatible	0	214418	dfb0fc45	c1ba7c8b	ZVUK/MOD/ELETRIK.MOD
5eca6140e2244cd27861da807648d162	1	96130	player	uade	Protracker	0	66712	7a0df9a4	5387cc39	ZVUK/MOD/BLUSBRS3.MOD
5f6c0fb95ba9161ccd59e528bc17c32e	1	178135	player	uade	Soundtracker II (31 instr.)	0	129530	de0edf23	9e76864b	ZVUK/MOD/LIGHTNIN.MOD
60f49fbe4275367a82d5dbb26fcf9bf4	1	184445	player	uade	Protracker compatible	0	162158	48c4223f	b3dc8f36	ZVUK/MOD/BREEDERR.MOD
61c173cf5676c4db149021efecdbbc35	1	146045	player	uade	Protracker compatible	0	150474	20b64fa0	c841bd82	ZVUK/MOD/KAOSKAOS.MOD
6205ce23216b0cf539d3c1b512f8eab9	1	175663	player+volume	uade	Protracker compatible	0	144772	66288d7a	e4d08e82	ZVUK/MOD/RBI.MOD
62e5889862b4060a2e1f5f91639cf6a0	1	152429	player+volume	uade	Protracker compatible	0	144204	8c2227a7	1bedd91f	ZVUK/MOD/ASPHYXIA.MOD
635ef6ab74479daccefd47d531e6ce28	1	192141	player	uade	Protracker	0	102418	da75587f	3fe28858	ZVUK/MOD/CLTFTCHN.MOD
63c2fc11a81e070ef46041907707a15c	1	76920	player	uade	Protracker compatible	0	60666	b91d4294	98ecad65	ZVUK/MOD/PROFONDO.MOD
6431eba71003d8879671c23822ceac12	1	180200	silence	uade	Startrekker (4ch)	0	142048	9f4a3fec	516e681e	ZVUK/MOD/RASH_MIX.MOD
643bf237a14d8dd7a9f17f519ed7c179	1	199797	player	uade	Protracker compatible	0	188048	e451bee0	0da7c108	ZVUK/MOD/SADOSEX.MOD
6445ca7f72b267b46b94e3466dee2552	0	132921	player	libopenmpt	DSMI Advanced Music Format v14	4	218380	1026862a	c9659e62	DEMO/ALADIN/LEVEL.AMF
6445ca7f72b267b46b94e3466dee2552	1	130485	player
6445ca7f72b267b46b94e3466dee2552	10	158323	player
6445ca7f72b267b46b94e3466dee2552	2	98413	player
6445ca7f72b267b46b94e3466dee2552	3	134519	player
6445ca7f72b267b46b94e3466dee2552	4	91383	player
6445ca7f72b267b46b94e3466dee2552	5	129726	player
6445ca7f72b267b46b94e3466dee2552	6	81478	player
6445ca7f72b267b46b94e3466dee2552	7	22366	player
6445ca7f72b267b46b94e3466dee2552	8	12281	player
6445ca7f72b267b46b94e3466dee2552	9	65502	player
644bb695bbb3a62eb77510ce8def62ac	1	169093	player	uade	Protracker compatible	0	140470	2d1811fa	53ef919c	ZVUK/MOD/ACID_AGE.MOD
6518a42695822406adbe7be6e5420c37	1	186836	player	uade	Protracker compatible	0	177152	92eb01af	23524cf6	ZVUK/MOD/LABYRINT.MOD
659503bcdb76a77790edbcd743a7ea62	1	158642	player+silence	uade	Noisetracker 1.x	0	101368	8cf70487	4131ece8	ZVUK/MOD/RIPP.MOD
659e66da9f71b006617eef1fa72363b0	1	215149	player	uade	Protracker	0	74994	74f8964c	9729cf70	ZVUK/MOD/SEEKERZ.MOD
65f355d965236242b2dd64c76d46642b	1	275083	player+silence	uade	Protracker	0	56320	7502f642	8f497df7	ZVUK/MOD/EMPORI.MOD
661bf5e1fb6a827d697b6e0c15b44287	1	127920	player	uade	Protracker	0	302974	2a02b3bc	6cab5846	ZVUK/MOD/HOUSEOUT.MOD
66e5a7577d490b89f6eace6685f5a054	1	262531	player	uade	Noisetracker 1.x	0	91026	71fc9cc8	540196ce	ZVUK/MOD/KILL67.MOD
66e96ec9a4e43b6b96c02d66c96a19f6	1	50378	player+silence	uade	Soundtracker II (15 instr.)	0	83782	10c4fb30	83ea872c	ZVUK/MOD/JARREDEM.MOD
672ecf589ef37a590bd22279fdc94be3	1	117229	player	uade	Soundtracker II (15 instr.)	0	52714	98ede11f	a1a1ba5a	ZVUK/MOD/XRAY.MOD
6771fa1396f838b8fdd54e0973160c0a	1	130693	player	uade	Noisetracker 1.x	0	53248	21d535e9	1a0ced76	ZVUK/MOD/ALWAYSON.MOD
67a0ead75f90756ee4ca3bc4d8f7cf1d	0	115028	player	libopenmpt	Epic MegaGames MASI (New Version / Sinaria)	8	42528	fcd7b27e	be48e19f	HRY/SINARIA/SONG8.PSM
68316e3a30fbdf9849387e028b853209	1	81427	player+silence	uade	Protracker compatible	0	70890	5afeb12f	9a21850a	ZVUK/MOD/ASTXCD1M.MOD
68cdd504f50a3b2ce408cbc85ad0cbd8	1	309701	player+volume	uade	Protracker compatible	0	252004	93092abe	8e0d98e0	ZVUK/MOD/FLIPHOUS.MOD
68dd096ec04e470bc742b364950af9d3	1	199797	player	uade	Noisetracker 1.x	0	88404	25abc149	4a81d997	ZVUK/MOD/GHOST.MOD
6933f53acba0033993f15317b40f1ffa	1	125449	player+silence	uade	Noisetracker 1.x	0	62780	b35095bb	1b532d46	ZVUK/MOD/REMIX3.MOD
69882c2bc56e2077ea12b5aea15c1b98	1	65406	player	uade	Soundtracker II (15 instr.)	0	189920	49b30dde	5476e823	ZVUK/MOD/RRYBAB.MOD
69a25edfd0f34742119ddd05d42f855f	1	159204	player+silence	uade	Noisetracker 1.x	0	146880	ab2f544c	7d587ea5	ZVUK/MOD/ECSTACY.MOD
69b7237fe0863c0ac181ea0ee02f9ffa	1	188605	player+silence	uade	Protracker compatible	0	162918	0e1cc520	a959caf8	ZVUK/MOD/MOVE.MOD
6a5bcd6319d8f51322cfe022c6d0d868	1	383901	player	uade	Soundtracker II (31 instr.)	0	97336	f0139f5f	f4406551	ZVUK/MOD/DRAGONS2.MOD
6a87dc133f0fca0d2cef3d75ebc7d441	1	193388	player+silence	uade	Startrekker (4ch)	0	238342	883b5ee1	77beaebf	ZVUK/MOD/CALLING.MOD
6ad8ec26f9b8cb9904495c6fdf3c603c	1	199797	player	uade	Soundtracker II (31 instr.)	0	68400	dad3d1ef	85b0c71c	ZVUK/MOD/STARWARS.MOD
6b767a1cbc2ab7a7be5527392d09961e	1	99968	player	uade	Protracker compatible	0	50944	6db5324a	b617ab4e	ZVUK/MOD/YUM.MOD
6ba65801c817435ed584c317de48c616	1	192141	player	uade	Protracker compatible	0	88480	89d1e536	843334ad	ZVUK/MOD/6BEAT.MOD
6bba241300965536305e2d175d97892b	1	122494	player	uade	Protracker compatible	0	66942	879e54c5	c828442c	ZVUK/MOD/BALL4.MOD
6bc46ab6a469886839297feead389e2f	1	71655	player+silence	uade	Protracker	0	50000	7f79ca01	94e94d48	ZVUK/MOD/BLDNTHRF.MOD
6c613f2f8f48ea6e0125ecf5f24f711f	0	142629	player	uade	Ultimate-Soundtracker or compatible	0	58412	bb74980f	ebd933fa	ZVUK/MOD/EBYT.MOD
6d059f27573c92687524b2b18b0c5271	1	363746	player	uade	Protracker	0	150084	683ac36b	f9c787ef	ZVUK/MOD/CO_OPRTN.MOD
6d6863193db7dddd57812f9be154e900	1	394691	player	uade	Protracker compatible	0	142752	674dd9ff	463ab110	ZVUK/MOD/BLUE3.MOD
6dcbc98241eef65bf1e23dca0a3901f2	1	257407	player	uade	Protracker compatible	0	227102	90737252	40dbdaa6	ZVUK/MOD/DEAD.MOD
6ddbdff3cceecb87cd4a47507a4cd4bf	1	179984	player	uade	Protracker	0	263766	f4673591	fec0a32f	ZVUK/MOD/GETDOWN.MOD
6e594e5e4bdf3da558381840c41b61b5	1	284293	player	uade	Noisetracker 1.x	0	59256	cab95cc8	2c0f4993	HRY/SKILLER/MUS9.MUS
6f32f1c71045f6cb72138aafadbb06ea	1	414807	player+silence	uade	Protracker compatible	0	165182	39b17d5d	2f77a5cf	ZVUK/MOD/2010.MOD
6f6023a8433b9d4e4b9df45443101642	1	138369	player	uade	Protracker compatible	0	90642	683264b5	a0b934c7	ZVUK/MOD/STEAM.MOD
6f8ade8fccd37c95ef7a0bed358816a8	1	237112	player	uade	Protracker compatible	0	65023	ef14a96b	e5f1a276	ZVUK/MOD/REBELS2.MOD
6fb6acd7df4f0717c92e9d168535c0e8	1	354826	player+silence	uade	Protracker compatible	0	184430	51b9135b	5db4800c	ZVUK/MOD/JAM.MOD
70497a4f7487a919efd1f13dc3493f66	1	155569	player	uade	Protracker compatible	0	43004	4a57aef7	a87ae934	ZVUK/MOD/OBLIVION.MOD
71c6bde921139e506a5c4f686d38b715	1	99968	player	uade	Soundtracker II (31 instr.)	0	86672	3e374fd3	3ce3c166	ZVUK/MOD/EQUINOXE.MOD
724705cdd83b9d4c84988577bf735c93	1	224131	player	uade	Noisetracker 1.x	0	123304	3125121f	651ab3ad	ZVUK/MOD/GALACTIC.MOD
724c6939297cf75692b26109f6cce050	1	359522	player+silence	uade	Soundtracker II (31 instr.)	0	236277	65b06901	e3b83998	ZVUK/MOD/KNIGHT.MOD
72a75e503f3f6c67b1acf32d13b0fe92	1	315017	player	uade	Noisetracker 1.x	0	88060	40b10e9f	50f49a43	HRY/SKILLER/MUS2.MUS
731f8a3be716e40707dce4898f149161	1	316792	player+silence	ft2play	Fasttracker (M.K.)	4	101622	0539b33c	b43f9a14	ZVUK/MOD/SANDMAN.MOD
7404e11d09f161a5e11b5f7a8ed83802	1	53872	player	uade	Noisetracker 1.x	0	50700	14cf4917	6698a27c	ZVUK/MOD/DEPP.MOD
74158d467ba8804c13f04d42a41362d7	0	138034	player	libopenmpt	Ultimate Soundtracker 1.0-1.21	4	58568	31fbbccd	150171d2	ZVUK/MOD/ULD.MOD
741fc6d28eb99ff2d026f0b7bdc24736	1	192141	player	uade	Noisetracker 1.x	0	50058	417cdc66	55cb5a75	ZVUK/MOD/FUNTUNE.MOD
742d0f3f43f8622f377649f37972c0f7	1	144136	player	uade	Protracker	0	134368	4f4e68c0	052ccc8e	ZVUK/MOD/DREAMSCP.MOD
74788e1680ab83abd304f65c97c26838	1	138369	player	uade	Protracker compatible	0	126436	ba39f9df	0e96894e	ZVUK/MOD/ART.MOD
74ac35b4bf41d435e1f04f1dd249e41e	1	115321	player	uade	Soundtracker II (15 instr.)	0	79310	432be897	a26fe5c7	ZVUK/MOD/S1.MOD
752af1d32c66f4d0a9f8e42818ccdbba	1	158211	player+volume	uade	Soundtracker II (15 instr.)	0	121904	847606e3	c9867e26	ZVUK/MOD/CHOPPER.MOD
756d43d0d432314bf0f39ed90072057e	1	207493	player	uade	Protracker compatible	0	156148	61ae6c23	6a85fea6	ZVUK/MOD/CSMCLSTR.MOD
758143bfb9259f90c41bc68099720373	1	162683	player	uade	Soundtracker II (15 instr.)	0	105164	43a102fe	84c5c6a4	ZVUK/MOD/11-1.MOD
758e05c9f004006e8beb68fd079751bf	1	238197	player	uade	Soundtracker II (31 instr.)	0	58052	437b348c	cc3a2e03	ZVUK/MOD/IT.MOD
769211422fa798f706770d32437b9608	1	414866	player	uade	Noisetracker 1.x	0	214704	9a468fed	ffca1006	ZVUK/MOD/RANYNGHT.MOD
76a31e7e7efdfbcdc9d3737029197ee1	1	199797	player	uade	Protracker compatible	0	69762	c1f425f2	1264f7ac	ZVUK/MOD/ITALOHOS.MOD
772887b4316c08b0634d7002d454b38a	1	66029	player	uade	Protracker compatible	0	68960	efc44e20	8036ca1b	ZVUK/MOD/OPERATIN.MOD
772db5db70ca885652637eac67f7fd1a	1	370287	player+silence	uade	Soundtracker II (31 instr.)	0	129732	53a6a889	b54e5087	ZVUK/MOD/RAZOR.MOD
77f4e0524f7bfc74a49720486bb3c49c	1	132722	player	uade	Protracker compatible	0	104813	13866171	ed2055ef	ZVUK/MOD/ZIMBALZA.MOD
78037bc59710b7006851461a373aa80d	1	114277	player+silence	uade	Noisetracker 1.x	0	107998	57b6b9c1	7cb6d6b0	ZVUK/MOD/HUBALUBA.MOD
780d3bf33498bbc93605bf0cc420754f	1	106821	player	uade	Noisetracker 1.x	0	72734	5e327fe8	bdc00aad	ZVUK/MOD/SYNC3.MOD
782580588c0b6698907d367665cd9fe2	0	74768	player	libopenmpt	Epic MegaGames MASI (New Version)	8	86521	637669fb	9795981d	HRY/XMASJAZZ/XM3.PSM
7825da0bdc31950982abd5d2a0593efb	1	128121	player	uade	Soundtracker II (15 instr.)	0	64628	1be1423d	5da08af8	ZVUK/MOD/AWESOME2.MOD
7825da0bdc31950982abd5d2a0593efb	1	128121	player	uade	Soundtracker II (15 instr.)	0	64628	1be1423d	5da08af8	ZVUK/MOD/RWESOME2.MOD
78c1b1819ae2859feed508c334e99d1a	1	138369	player	uade	Soundtracker II (15 instr.)	0	99532	3561a088	20dced0c	ZVUK/MOD/SELFCTRL.MOD
7966e988b4d6f1f3a51fdf1ee05efee3	1	200225	player+silence	uade	Protracker	0	216890	7e03fec8	f54b7580	ZVUK/MOD/BSNDRFR.MOD
7a190290ce41cda3ede1d71b29b6b62c	1	130693	player	uade	Soundtracker II (15 instr.)	0	71544	86ab8b0a	85c71989	ZVUK/MOD/DENSITY.MOD
7a53e1f879a65be8f651d13375cbc195	1	160131	player	uade	Protracker	0	74060	5a87461a	dfe0082c	ZVUK/MOD/CYBRTRNC.MOD
7a9b620b7a25525cef35161720349bfd	1	499342	player	uade	Noisetracker 1.x	0	105862	6c57d1eb	f65976d4	HRY/SKILLER/MUS8.MUS
7b6737ed3f8ade7da54744a009469c69	1	46216	player	uade	Protracker	0	112714	225255c9	cb18a60d	ZVUK/PROG/SCLUB/DEFLOVE.MOD
7be006b91aaefffbf3eb8dc1cd9655c4	1	69224	player	uade	Noisetracker 1.x	0	28602	a273f75e	a3d3053a	HRY/GUNHED/MUS3.MUS
7be726dd01ffa142456aa6367cf91293	1	110518	player	uade	Protracker compatible	0	56844	99793748	03557664	ZVUK/MOD/DATSWHAP.MOD
7be726dd01ffa142456aa6367cf91293	2	116586	player
7c0a69e2db49b0a23379b7131a16663e	1	245893	player	uade	Noisetracker 1.x	0	79430	84d1434c	c1b89635	ZVUK/MOD/CRYSTALH.MOD
7d0ddb3534f1b911a9aa7248fcf842ce	1	256141	player	uade	Protracker compatible	0	105336	4f7a996b	7b629ae1	ZVUK/MOD/BEAT.MOD
7e10ff32119a8527c08f21bb76798814	1	153721	player	uade	Soundtracker II (31 instr.)	0	88876	4a91db1c	018da26a	ZVUK/MOD/KAWAI.MOD
7e70ccd2a700ae9abb0cd59f51dec4d1	1	153962	player	uade	Startrekker (4ch)	0	70968	93399de8	ca565b07	ZVUK/MOD/KEEPIT.MOD
7e8b6cd6f2f62364182d19831966aa20	1	268921	player	uade	Protracker	0	107514	d513efe1	ad87335f	ZVUK/MOD/STORIES.MOD
7efbb224822a5598a042506062c018bc	1	83712	player	uade	Protracker compatible	0	146148	04b8c242	db43b52c	ZVUK/MOD/SPEDHEAD.MOD
7f2a8abf3bc0b356a411f70952a973c4	0	115028	player	libopenmpt	Master Soundtracker 1.0	4	110866	20a95485	d977ad84	ZVUK/MOD/MADMONKS.MOD
7f981818fb8131368fa765f49a7e307b	1	179321	player	uade	Protracker	0	76870	2ec6a749	a0b3bfdf	ZVUK/MOD/INCONTS1.MOD
7fa28e2797e055dfaed0a07ec31fd851	1	307321	player	uade	Protracker	0	162446	cf108a3a	01f1d3cc	ZVUK/MOD/HAMMER.MOD
7fa8c7e5ee1c0614ce53005e5dbdfd1e	1	160064	player+silence	uade	Noisetracker 1.x	0	96978	22f4728d	de4e0dc4	ZVUK/MOD/MEGAFOR.MOD
7fedeaa97631b63b485ce69c99855fed	1	183355	player+silence	uade	Soundtracker II (31 instr.)	0	83480	176d8dd4	a2770c57	ZVUK/MOD/BZ.MOD
809ad1b5517da4cbe63a5ea596d6f8b3	1	921606	player+silence	uade	Protracker	0	148490	3864b38e	11d5f193	ZVUK/MOD/NEODRINK.MOD
819d24739e977095cd7e974e7a8df05d	1	73082	player	uade	Noisetracker 1.x	0	57128	d94be46b	71566739	ZVUK/MOD/PIANO.MOD
82b0be936ec646bd2f8681d19176936e	1	310016	player+silence	uade	Soundtracker II (31 instr.)	0	78742	53c7718c	52cf2bb8	ZVUK/MOD/MAGNETIC.MOD
83de275b4bf85aec5956c2258069a3d7	1	15472	player	uade	Noisetracker 1.x	0	40156	7b102a20	48cdbd46	ZVUK/MOD/PENNY.MOD
8655e11476112fb8583e18bacbb17b7b	1	153351	player	ft2play	Fasttracker (M.K.)	4	377253	7c9ea47e	92328090	ZVUK/MOD/COMMS.MOD
86ac141490e065761cce59ef32d7a0a1	1	161397	player	uade	Soundtracker II (15 instr.)	0	76768	abaf9c03	94b75411	ZVUK/MOD/LAZYSUND.MOD
86ae14310d504c6b1ad11b546f3aaf8d	1	291636	player+silence	uade	Protracker compatible	0	274728	47806c5e	149f78e5	ZVUK/MOD/ELMSTRT.MOD
86f01dc297ea0a7ab73ceadae54d6827	1	96693	player	uade	Protracker	0	55586	2601ad42	89bca8dc	ZVUK/MOD/BIGDREAM.MOD
8753660275b685780302c30e8a33e73d	0	34202	silence	uade	Soundtracker II - V or compatible	0	82428	62118379	27cfbbe5	ZVUK/MOD/JULKLAP.MOD
877219abffb6ebfd6a9140278e465759	1	430278	player	uade	Protracker compatible	0	163570	44a29add	787d21e3	ZVUK/MOD/IMAGWOMN.MOD
878bef4d7e08299f3a53023de12be2b1	1	155767	player+silence	uade	Soundtracker II (15 instr.)	0	171880	8f11cbc1	20c453a2	ZVUK/MOD/BLOOD.MOD
879a79b9883d19bd718165f68fad855a	1	197009	player+silence	uade	Protracker	0	155714	c3f78448	aaa6676f	ZVUK/MOD/YUMMYGAB.MOD
8820770b4a8dc7bc584248819b01ae6d	1	69224	player	uade	Soundtracker II (15 instr.)	0	31244	566d455d	b332b46d	ZVUK/MOD/MERDE.MOD
886683397daa7562b961da6b60c152d0	1	306819	player	uade	Noisetracker 1.x	0	138966	8311958e	324284c4	ZVUK/MOD/RIFFRAFF.MOD
8a1cae202d60a21ac127205ecb93afdf	1	194693	player	uade	Protracker compatible	0	82110	a596d4c3	9b7f2e05	ZVUK/MOD/RIFF_RFF.MOD
8a5a27c49eba9a4039c0e8927064eaae	1	143493	player	uade	Protracker compatible	0	92480	c3b70695	626f4fe1	ZVUK/MOD/SHADOWFI.MOD
8a75bbfbc9416e71f7083fa243c1ec13	1	38520	player	uade	Soundtracker II (15 instr.)	0	20596	5ed05c14	eaf60c8e	ZVUK/MOD/DRUM02.MOD
8aa89941e69187ffb647120ebe01f5b7	1	344134	player	uade	Protracker compatible	0	127648	59d36278	9ec7e5a4	ZVUK/MOD/PLANETS.MOD
8b00260a2f82aef89efc89b5f2db5086	1	307321	player	uade	Soundtracker II (15 instr.)	0	68080	8fcdc9a3	88bff995	ZVUK/MOD/TJ.MOD
8bb8735cffc3c85ea20bc767e9c7c57a	1	197245	player	uade	Noisetracker 1.x	0	86902	25111f90	420cd06a	ZVUK/MOD/SECPROJ.MOD
8cb50f1ac19241fd2594e363314f5e3b	1	188562	player+silence	uade	Protracker compatible	0	115272	c8f95924	132517ed	ZVUK/MOD/RHYTHMAS.MOD
8e09d49231e63a16c81d0c52cfdeb211	1	166521	player	uade	Soundtracker II (15 instr.)	0	86864	7cc1a7a3	3ad4b30c	ZVUK/MOD/NIGHT.MOD
8e391ad58439de0aafa4503555a30e3b	1	249490	player	uade	Protracker	0	212992	ae0d28ef	bc778441	ZVUK/MOD/RISE.MOD
8eaf470a40705d7048a5754d1a3699a5	1	237333	player	uade	Protracker	0	265170	c8b97658	f85be79e	ZVUK/MOD/WRLD_WAR.MOD
8f17c0ac16056df538896443a5c36558	1	214638	player+silence	uade	Protracker	0	191488	8f5ba8a4	37c3d0cb	ZVUK/MOD/RESONANC.MOD
902bd29ac8e50b73c695d3f77b9c97db	0	47522	player	uade	Ultimate-Soundtracker or compatible	0	28472	e7319947	20a6ba83	ZVUK/MOD/DRUM03.MOD
907e1754b4dec6fb4b8bd908487e0bd3	1	384122	player	uade	Soundtracker II (15 instr.)	0	116528	fb4f31b2	582c1e38	ZVUK/MOD/DATAMUS.MOD
92117c5c4559e3ca34f2ac9d4682afe5	1	176769	player	uade	Protracker compatible	0	56626	384ad9ba	e917268e	ZVUK/MOD/DOTS.MOD
92d442d2f4ef3c34e5d74ff8002bf3d3	0	182255	player	uade	Ultimate-Soundtracker or compatible	0	62216	48986912	59fe3f31	ZVUK/MOD/JOHN1.MOD
92d5b08730fb6add100d8c36caccb230	0	47522	player	uade	Ultimate-Soundtracker or compatible	0	33896	625bf4e5	f66a46f3	ZVUK/MOD/ENDTHEME.MOD
92f6f9e075dda9fe2ee8b65c811a6e16	1	130693	player	uade	Protracker compatible	0	58744	069de627	eac95832	ZVUK/MOD/BEAT2C2.MOD
934304a6309388f72f9a8f0fe6a2bbd7	1	184445	player	uade	Noisetracker 1.x	0	81252	26907bde	34630f83	ZVUK/MOD/RSIGSC.MOD
939c0318214b2fbdcd660f6653c1eb0e	1	184445	player	uade	Soundtracker II (31 instr.)	0	107273	7deefb0c	f4d7dc77	ZVUK/MOD/SPACE2.MOD
93f84bb29b764c0e80b0c960a2dc4918	1	296048	player	uade	Protracker	0	137356	8bf2184e	7a4671c8	ZVUK/MOD/PHNTSMGR.MOD
9420a3c4b116f3627ded85f6d3fabfa9	1	140643	player+volume	uade	Soundtracker II (15 instr.)	0	64618	43ba7c16	c69aa43a	ZVUK/MOD/DMNSRVNG.MOD
9467b8ffad8efb5d178fdd9bfa350714	1	236931	player	uade	Protracker compatible	0	103934	32d871e9	cec86676	ZVUK/MOD/DRAGON3.MOD
95c0c3b1716d3a2e3dd1b7043cf2cbdd	1	289067	player+silence	uade	Soundtracker II (15 instr.)	0	88204	f23a8b12	9aa43b06	ZVUK/MOD/CLOCKWOR.MOD
95c2baed765f02240b8564d1b6114364	1	97638	player	uade	Protracker compatible	0	213472	a1c94489	94012f0a	ZVUK/MOD/CUIDADO.MOD
95ff053a62049b8e9aaf72a8baf15c72	1	238197	player	uade	Protracker compatible	0	120972	a3c7fb63	92468cd6	ZVUK/MOD/RNATION.MOD
9602f78648360e4498721e123064f2a1	1	115321	player	uade	Soundtracker II (15 instr.)	0	53792	b63cbeb7	75c710f0	ZVUK/MOD/TUERKES.MOD
96398bfd902781eb92cb90e9e674260e	0	130365	player	libopenmpt	Epic MegaGames MASI (New Version / Sinaria)	8	48261	9265ade8	8b90a94f	HRY/SINARIA/SONG1.PSM
9731535a9556d90c3aaffbc0b5c77b0d	1	198531	player	uade	Noisetracker 1.x	0	24232	081fcd80	21e73be7	HRY/SKILLER/MUS7.MUS
9735af206bc01237254a4e68e187fcae	1	360632	player+silence	uade	Protracker compatible	0	157496	2b722251	5943fa6a	ZVUK/MOD/IRONCRWN.MOD
97ed5448dfe91da3d04036d1cf89edc1	1	139393	player	uade	Protracker compatible	0	88596	2570671d	507db08f	ZVUK/MOD/TRASH.MOD
98921471bacc2100f42a98e553476b90	1	165908	player+silence	uade	Protracker	0	149208	2f75252c	ba43a393	ZVUK/MOD/TILLFRDY.MOD
994a90d1837a8557e5007f10d1cf2b73	1	395520	player+silence	uade	Noisetracker 1.x	0	103552	110d4088	377de0b8	HRY/SKILLER/MUS1.MUS
99c10fdcaa359c169f1b8ee777f4b57d	1	228110	player	uade	Protracker	0	176630	6ddc28bd	05ceed74	ZVUK/MOD/INJEOPRD.MOD
9a808b7562ea6b1bfa111d5be202385d	1	308527	player	uade	Protracker	0	125172	c4d0e4bb	dc1945ed	ZVUK/MOD/XMASMIX.MOD
9a88d58be4273cee82a57215009b75a5	1	107645	player	uade	Protracker	0	281230	79c8de9e	503fbf30	ZVUK/MOD/U4IA.MOD
9ab6803f5365c0c680d133faa86abe30	0	99691	player	libopenmpt	Ultimate Soundtracker 1.0-1.21	4	104740	958e34d7	8a5ffeb0	ZVUK/MOD/JWX1.MOD
9b214e1f16c0cf323fb4fb194ee9bf8d	1	99968	player	uade	Soundtracker II (31 instr.)	0	121596	c096e53d	0d349cad	ZVUK/MOD/JUST.MOD
9b66f327d290f6b91c9e509d1b8c5744	1	130693	player	uade	Protracker compatible	0	93694	2ee7d5ac	920ae2a3	ZVUK/MOD/EINSTEIN.MOD
9c0cf44215c82d45072eba7d6d1658c0	1	361073	player	uade	Noisetracker 1.x	0	196608	63c006b4	ad137f6e	ZVUK/MOD/THESTORY.MOD
9c82841f8fdf64244821d731ebda9d19	1	129387	player	uade	Protracker compatible	0	234986	df615cb6	53307634	ZVUK/MOD/LOVSTNKS.MOD
9cb934a9f205da7945522fea5294bbaf	1	215149	player	uade	Noisetracker 1.x	0	69644	1082f62c	2e5bbd3a	ZVUK/MOD/INC.MOD
9dcfb468d28f9fa1a970d594dcbfcbf5	1	300143	player+volume	uade	Protracker	0	111872	cfd7ca9d	91553e56	ZVUK/MOD/CHANT.MOD
9e09f57aa23803889aa008d191f1db82	1	254625	player+silence	uade	Protracker	0	91066	80424342	3c4ba848	ZVUK/MOD/SHELLEY.MOD
9e1fa034faa21705711031603ae03671	0	81798	player	libopenmpt	Epic MegaGames MASI (New Version)	4	92474	b7d87766	20f99ae7	HRY/JAZZ/BOSS.PSM
9e6418146a766e63779ee06469767191	1	15472	player	uade	Protracker compatible	0	73012	6a4677f5	c958373d	ZVUK/MOD/CHASEHQ.MOD
9e6418146a766e63779ee06469767191	2	7678	player+silence
9e6418146a766e63779ee06469767191	3	20596	player
9e6418146a766e63779ee06469767191	4	55178	player
9e6418146a766e63779ee06469767191	5	28915	player
9e6418146a766e63779ee06469767191	6	56424	player
9e6418146a766e63779ee06469767191	7	41715	player
9e8741fda45d2e1cbd7c33235a6e3103	1	122997	player	uade	Noisetracker 1.x	0	149166	452421f5	7d5c61c9	ZVUK/MOD/M1_SONG.MOD
9ed73fa1cf0ea8b02dad729f0bc1afe7	1	96130	player	uade	Soundtracker II (15 instr.)	0	56592	f95a4510	3a5afa2d	ZVUK/MOD/ALIVE.MOD
9ee409f33a07aeb3bcf093842b859f2e	1	146045	player	uade	Soundtracker II (15 instr.)	0	188030	2b961c9b	4b745311	ZVUK/MOD/MAPPELKI.MOD
9f136d042b5c88d6a5c9ee66b42f26c2	1	81723	player	uade	Soundtracker II (15 instr.)	0	55450	bc510fae	6f3738df	ZVUK/MOD/AIRBORNE.MOD
9f69fd4e53626be89d62ede6ec6fa533	1	264247	player+silence	uade	Protracker compatible	0	130574	0481a653	00d655f2	ZVUK/MOD/JJSON.MOD
9f69fd4e53626be89d62ede6ec6fa533	1	264247	player+silence	uade	Protracker compatible	0	130574	0481a653	00d655f2	ZVUK/MOD/JUMPING.MOD
9fa68b6cb8563903cf38f17e1b7b6111	1	221645	player+silence	uade	Protracker compatible	0	197900	d7455b98	35e44319	ZVUK/MOD/18TH2MAN.MOD
a00ffe9c2e8bfcddc95a1b161b2758f3	1	307321	player	uade	Protracker compatible	0	78296	5421ceef	fc1e1295	ZVUK/MOD/RALYMAST.MOD
a02f4a0b62de3691461464229be0189b	1	143493	player	uade	Soundtracker II (15 instr.)	0	59844	87040e43	94d5df3f	ZVUK/MOD/WOTROCK.MOD
a04b053dd77bcabbc5bea3c666668636	1	176769	player	uade	Soundtracker II (31 instr.)	0	154140	a90e93ee	55be53ed	ZVUK/MOD/RENDZ_VS.MOD
a0bdbf588853fb1c16cba7fadb798b9f	1	285157	player	uade	Protracker	0	139086	a9a75f68	dcda61f3	ZVUK/MOD/STREET_J.MOD
a0f7985fabd4eb5cd175c293eebc06a8	1	252243	player	uade	Protracker compatible	0	232621	2e06c7e0	c1fa01a8	ZVUK/MOD/MUS6.MOD
a102c107571769df6aebf9528ad9fe7e	1	599170	player	uade	Noisetracker 1.x	0	89018	e03da9ea	7e1426b3	HRY/GUNHED/MUS4.MUS
a1427da886e87caff6c882ba858a0850	1	264213	player+silence	uade	Noisetracker 1.x	0	112676	6b99729e	404574c2	ZVUK/MOD/DNS.MOD
a1cca1d0c69fddd0fd1b71c34d6ff9fc	1	138369	player	uade	Protracker	0	119156	5d62d4b7	965536e6	ZVUK/MOD/DARKDANC.MOD
a2f8f8ea492ded29365fdc4c8b8fd192	1	183670	player+silence	uade	Soundtracker II (15 instr.)	0	111536	0ec2238a	5070dae1	ZVUK/MOD/SPACE.MOD
a340565eab5444614bf2ef7580ec0aac	1	80758	player	uade	Protracker compatible	0	64194	1ae6c584	d7c569d7	ZVUK/MOD/THEBEAT.MOD
a455dbf0e528c4175254210b6e70d47a	1	126995	player	uade	Protracker compatible	0	233858	90bb67a3	69018a43	ZVUK/MOD/GILLIGAN.MOD
a4f58c6f9dc6a5ced618f22885eb5851	1	338045	player	uade	Noisetracker 1.x	0	72044	9a81c887	25f116ad	ZVUK/MOD/BLUEBRRY.MOD
a5402e64cc1f3ada47d275c816eadbaf	1	122997	player	uade	Protracker compatible	0	136000	bafea637	45c29611	ZVUK/MOD/HOUSE.MOD
a6347d5e8f0c946bbdc1a375036831a1	1	143546	player	ft2play	Fasttracker (M.K.)	4	73063	14864aa7	c7239ca4	ZVUK/MOD/RHRN.MOD
a64f633fc0d88f7799c74bee6092bd9b	1	330369	player	uade	Protracker compatible	0	251336	c77dbbdc	50f5eb9e	ZVUK/MOD/PARTISON.MOD
a651806724308ea5038e6410217b7330	1	637350	player	uade	Protracker (vblank)	0	224256	1a71adc5	7420c24b	ZVUK/MOD/KLISJE.MOD
a80d2c4022a79ea5bea839a406f21e8c	1	205564	player	uade	Protracker compatible	0	92246	5b80665c	eafb78d7	ZVUK/MOD/COUSTEAU.MOD
a82440bcd96e72e9d13dd370fe74d4ae	1	242055	player	uade	Protracker compatible	0	123210	42f13e5f	800be8c1	ZVUK/MOD/CREAM.MOD
a90830c21495b8a4d04f76fa59743a4a	1	169093	player	uade	Soundtracker II (15 instr.)	0	84796	9bc12938	09507b18	ZVUK/MOD/SAVAGE3.MOD
aa64a7980b5b16c0325d4645828d97a9	1	107645	player	uade	Soundtracker II (31 instr.)	0	71613	eb5d50a6	7bdadfc0	ZVUK/MOD/RITZ.MOD
aaff750bcead61a465b6ed6054043f7b	1	207493	player	uade	Soundtracker II (31 instr.)	0	75972	b8b43d43	408d9054	ZVUK/MOD/POWER.MOD
ababb2abd36d49bae7112cf2e5700ffc	1	138369	player	uade	Protracker compatible	0	164534	0975a321	ac35ba99	ZVUK/MOD/PSY.MOD
abf3d85c9320d06814ca6e9adaa8ede6	1	192141	player	uade	Protracker compatible	0	137007	d29f2571	1257cb0b	ZVUK/MOD/INYOURFA.MOD
ac30a21bd83f46cafe7f462c7fe95b52	1	119179	player	uade	Protracker compatible	0	70504	ec8bda92	f3b4b2bb	ZVUK/MOD/KEFRENS2.MOD
ac30a21bd83f46cafe7f462c7fe95b52	1	119179	player	uade	Protracker compatible	0	70504	ec8bda92	f3b4b2bb	ZVUK/MOD/KFRNSTN2.MOD
ac55bce6ac9c849e940964d2ba9b730f	0	92022	player	libopenmpt	Epic MegaGames MASI (New Version)	8	140563	8478eaea	0f435417	HRY/XMASJAZZ/XM2.PSM
ac5db86e2d0d48fd6d1c41df1ab4b546	1	288392	player	uade	Protracker compatible	0	210714	00fa9d08	da3b7491	ZVUK/MOD/DAISYCHN.MOD
ad9dce05001cf0757fff668f1f7f4dc2	1	360311	player+silence	uade	Noisetracker 1.x	0	355686	c9cc29aa	b0d59fad	ZVUK/MOD/FINSKAMX.MOD
ae3c04d653b7b5e251b3233eb1500771	1	130693	player	uade	Protracker compatible	0	80724	42370b5c	29cefc70	ZVUK/MOD/TAKEOFF.MOD
aec0a62f74c5eff4e44f0fad938cf9a7	1	84616	player	uade	Protracker compatible	0	139196	fcbc2aaf	53bb2349	ZVUK/MOD/SWC_HITS.MOD
af93db9d5733092f5bbf64a232dd08a1	1	170580	player	uade	Protracker compatible	0	197674	4afca2d4	e909042f	ZVUK/MOD/AFRICA.MOD
afc08ca311b78cfe5b9d2b6bdcb7cce6	1	251881	player	uade	Soundtracker II (15 instr.)	0	147416	1d5393aa	649e3aa6	ZVUK/MOD/GRENSLVS.MOD
affe955442156acfd0f4f3c84dfee4ca	1	474867	player	uade	Protracker	0	140907	8815e10d	16da5980	ZVUK/MOD/REVLON.MOD
b01a547b87f9a0edeb16c427ecc31dce	1	122997	player	uade	Protracker compatible	0	81474	2c5b1a10	2b992440	ZVUK/MOD/ITSASIN.MOD
b0d0bacb7173ff719a96ba0be1194c36	1	122997	player	uade	Noisetracker 1.x	0	33166	5b5a2c67	bbadb539	HRY/GUNHED/MUS9.MUS
b1c24c868f88bd3c0de0d0d89caf500f	1	97798	player	uade	Startrekker (4ch)	0	233154	8cd5bf9c	8a5c2d7b	ZVUK/MOD/TRNCDVST.MOD
b1ca1cc4c0fca80b50155be8e2afb3dd	1	134531	player	uade	Soundtracker II (15 instr.)	0	56364	a1b003f4	55aa4d38	ZVUK/MOD/ACESHIGH.MOD
b2abbb10522ff30005c2c5b5550761a0	1	219328	player	uade	Protracker	0	78606	e717cd5f	73b079d2	ZVUK/MOD/TWLGHTDR.MOD
b2b4f0df7fb1e422946e1f190b23e9fa	1	294665	player+silence	uade	Noisetracker 1.x	0	95346	8dac3348	0816c2d6	ZVUK/MOD/CREATION.MOD
b37372493d8f42ea363524c0a9dbade2	1	138369	player	uade	Noisetracker 1.x	0	28314	b868838c	22040272	ZVUK/MOD/CHATCALL.MOD
b41e1aa61bb22b7334736b4f34c8034e	0	86910	player	libopenmpt	Epic MegaGames MASI (Old Version)	4	58852	036ca23a	aa6587c1	HRY/EPICBALL/SONG1.PSM
b41e1aa61bb22b7334736b4f34c8034e	1	5112	player
b44c0421970fe7ac787b35a893634cea	1	107645	player	uade	Protracker	0	117086	d97cf03e	a818c347	ZVUK/MOD/JOJO.MOD
b5609d5dcc2406454bd8c9647a72aeca	1	119179	player	uade	Protracker compatible	0	234840	e46f51d0	e16dc7ca	ZVUK/MOD/FUNKY_CO.MOD
b586269b6540d19d6dce5aebfcffc163	1	134651	player	uade	Protracker compatible	0	52968	79325ddc	6abff8b1	ZVUK/MOD/ALBERT_S.MOD
b5d96d12d0329691a55b9d09e203a0fb	1	170379	player	uade	Protracker compatible	0	54408	e81b2f06	e33f9a29	ZVUK/MOD/PRINCRAZ.MOD
b61ab688d21d19c7a1ee5392d73298af	0	199382	player	libopenmpt	Ultimate Soundtracker 1.8-2.0	4	91416	b47540b9	e1cb7b85	ZVUK/MOD/SLL7.MOD
b6830b502ab406bcca32c1abbb8f4fd7	1	283858	player+silence	uade	Protracker	0	122924	8a93d363	7d0198bd	ZVUK/MOD/I_NEED_U.MOD
b6c0db6e8c3cba3acd24e00de197f42a	1	279069	player	uade	Protracker compatible	0	148908	798a9396	7858c366	ZVUK/MOD/BRIDGE.MOD
b6d0aabbc4eeac27631dfbe2606a408f	1	146045	player	uade	Soundtracker II (15 instr.)	0	84202	c24b0204	aa4dc827	ZVUK/MOD/AWESOME5.MOD
b712a8f621abd757ebe6decda320a3c6	1	140921	player	uade	Soundtracker II (15 instr.)	0	100766	2d004b3d	ad431f2b	ZVUK/MOD/HARD.MOD
b712a8f621abd757ebe6decda320a3c6	1	140921	player	uade	Soundtracker II (15 instr.)	0	100766	2d004b3d	ad431f2b	ZVUK/MOD/RSIHARD.MOD
b7989afe7d71f47ea1ad0c402aebaf3e	1	220886	player+silence	uade	Protracker compatible	0	191104	1948f5fc	e5961f9d	ZVUK/MOD/BARBRIAN.MOD
b7a2a786c067df4a84eb184ca69eb2fa	1	161397	player	uade	Protracker	0	80000	dfa356b0	4f701421	ZVUK/MOD/YEHAT.MOD
b8c6e7cc272a26b3aa4a572d36fb9441	1	389265	player+silence	uade	Protracker	0	108430	cbe3084d	20ffb644	ZVUK/MOD/WHSTLMYC.MOD
b95d73e080e3bc1444ff29ab63c90901	1	154297	player+volume	uade	Noisetracker 1.x	0	86158	c4da51c9	a8492129	ZVUK/MOD/ALF.MOD
ba12fb91db69404f3001fcc8ca078749	1	330369	player	uade	Noisetracker 1.x	0	40594	2a19476c	c9596cef	HRY/GUNHED/MUS2.MUS
bb48aa3a0d1c1ffd1a09c5803eb0afd9	1	161397	player	uade	Soundtracker II (15 instr.)	0	127022	01fcc8f5	9b54ea90	ZVUK/MOD/BANANAS.MOD
bc13bd6bac1b221755e4dd3dd3b26011	1	191307	player+silence	ft2play	Fasttracker (M.K.)	4	60490	15d95c9f	10a4fb72	HRY/GUNHED/MUS8.MUS
bc26f59253d33087831874851993af12	1	153721	player	uade	Noisetracker 1.x	0	89591	ce9960f8	e487db4a	ZVUK/MOD/RASTM.MOD
bc3db2da6b8c57eca7ae208a85cfb442	1	192141	player	uade	Noisetracker 1.x	0	131192	292dde22	d0db8abc	ZVUK/MOD/RAMBLING.MOD
bd2594003cb48fb579217b9cbbda9455	1	249490	player	uade	Noisetracker 1.x	0	212870	acd8bc7e	744f8b2c	ZVUK/MOD/RSI.MOD
bd34dfd8dad9bd39cb0247a23e381cfc	1	238197	player	uade	Protracker compatible	0	58944	11bdf5bd	16015cb5	ZVUK/MOD/BLUEMOND.MOD
bd94141cf1388b7b76ad793cd4514d05	1	176769	player	uade	Protracker	0	381308	939eddfb	c96c7c94	ZVUK/MOD/FREUDIAN.MOD
bf4b5a506cecd013b19488bb763985d0	1	153721	player	uade	Startrekker (4ch)	0	59180	7f3ff4ff	9209a860	ZVUK/MOD/CARRION.MOD
c025aee1f2b29fd077a62b8ff1e39f1d	1	224754	player	uade	Soundtracker II (15 instr.)	0	45392	b3472354	ee5de18c	ZVUK/MOD/NECRON.MOD
c07a358a47482d4c02ec9a0c60a89277	1	215149	player	uade	Soundtracker II (31 instr.)	0	95464	d6f99115	f3d6e347	ZVUK/MOD/LSSNSNLV.MOD
c24a60389b14ecfea13d00b820b160f1	1	159363	player+silence	ft2play	Fasttracker (M.K.)	4	66261	a35d3754	adb9405c	ZVUK/MOD/IGD.MOD
c2cf94f841863dc16ce10f3fabf7c91b	1	255317	player	uade	Noisetracker 1.x	0	143030	767d7518	731ac76d	ZVUK/MOD/12WAR.MOD
c3290b74673ca0f57c1a72a7c5a46b54	1	73082	player	uade	Noisetracker 1.x	0	55800	83c2048d	1d723b98	ZVUK/MOD/PLINKER1.MOD
c375cef809be259f3fdbf3bbc2f8bae5	1	220936	player	uade	Protracker compatible	0	105440	8031baca	3e0ee95a	ZVUK/MOD/COMTORS.MOD
c3d84b27c1143d9fbdbf9fdd7150344e	1	315017	player	uade	Protracker compatible	0	111868	94d4a4a3	3efad69e	ZVUK/MOD/2NDFACE.MOD
c3d8952ad561d3252efbb90235f94e43	1	138369	player	uade	Protracker compatible	0	150620	ef4162db	e82a4c56	ZVUK/MOD/TOPLESS.MOD
c48672c32fc9ff08ffb7fde7f5ea8880	1	314354	player	uade	Protracker compatible	0	60508	2fdd8d56	6e714384	ZVUK/MOD/BRS.MOD
c4b0e357ca4e234bc731ca16edbd62b6	1	92272	player	uade	Protracker	0	111270	085d8a76	5fa7cec7	ZVUK/MOD/DANCEDAY.MOD
c4e12ad867ed5c70a4cc312a0e2c38af	1	161913	player+silence	uade	Protracker compatible	0	116230	11561c6e	25cb4132	ZVUK/MOD/GAUNTLET.MOD
c647125ca56b360baa9f8fc44cf66560	1	202047	player	uade	Noisetracker 1.x	0	155478	b8c67672	e1426994	ZVUK/MOD/INYREYES.MOD
c65b5c3d8be95b1a1722ff87fe4228db	1	76920	player	uade	Soundtracker II (15 instr.)	0	51024	7cd3fa4f	0e55594d	ZVUK/MOD/PROJ09.MOD
c6cb0970d3d4d7c0cd78ba9295174fa0	1	135797	player	uade	Protracker	0	45440	ebfc6789	9e22d2f5	ZVUK/MOD/ENTERTAN.MOD
c6edc7d85d603fb498696084b8851a18	1	161397	player	uade	Protracker compatible	0	55552	be5cb236	e3279a72	ZVUK/MOD/BALLMAIN.MOD
c991584f95fe127d260017f136b952ee	1	38520	player	uade	Soundtracker II (31 instr.)	0	25704	e8d21cc3	f3717ad1	ZVUK/MOD/PRETEND.MOD
c999200f6db50d73a3d048ff7ee69b6b	1	122997	player	uade	Noisetracker 1.x	0	71282	fb29ff70	47be5d45	ZVUK/MOD/POPCORN.MOD
c9d2bdc87acb8121094796d1f81b9eba	1	241527	player+silence	uade	Protracker compatible	0	205088	0e1e3585	f91746be	ZVUK/MOD/ACIDOFIL.MOD
ca01dd9fd2b510df99f29be9662f855a	1	368770	player	uade	Noisetracker 1.x	0	52238	ed08dbf2	c1c749be	ZVUK/MOD/RAINER.MOD
ca178016ffaa310a7ff170ae007d8000	1	319160	player+silence	uade	Protracker	0	161992	8de4b29f	ed680065	ZVUK/MOD/INFANITA.MOD
ca314991c2741c97f96e0de4fb054fbd	1	146045	player	uade	Protracker compatible	0	88708	928381de	8fafae06	ZVUK/MOD/NEW.MOD
cae4b4e114e679cb2b368ba469299a12	1	197245	player	uade	Soundtracker II (31 instr.)	0	79866	4f864806	50acd21f	ZVUK/MOD/STARDUST.MOD
cae537852f8543ae56976735dccfeb31	1	235645	player	uade	Protracker compatible	0	92178	c3180af6	8e971423	ZVUK/MOD/ALCHOL.MOD
ccbcfed0982eb10c7a9f3131dce8a2e2	1	171340	player+volume	uade	Protracker	0	270530	cf825fc0	6f29c331	ZVUK/MOD/XMAS.MOD
ccbf8ba463b3b310d5e98d74c3218583	1	533563	player	uade	Protracker compatible	0	193542	24281617	cce60b5e	ZVUK/MOD/SHOWTUNE.MOD
cd314a3444678974919db8a328ba8d9c	1	321568	player	uade	Protracker	0	176416	0c08ae14	0dfef1a8	ZVUK/MOD/XSTATIC.MOD
cd820e3cf8af19cd2f044e61b3eadd96	1	259668	player+silence	uade	Protracker compatible	0	51260	139988e7	3fa9cfdb	ZVUK/MOD/BACARDI.MOD
ce40a702515002285eb307a3aaedf5b8	1	348320	player	ft2play	Fasttracker (M.K.)	4	340987	54fa1ce1	b5197208	ZVUK/MOD/JOKE.MOD
ce76f58446ca13247a268b40f7591dfe	1	407707	player+silence	uade	Protracker	0	218388	b2f077c3	a8429c9e	ZVUK/MOD/TRANZSVN.MOD
cebf04392dcbc502f396a07cf3eda3a3	1	98682	player	uade	Protracker compatible	0	297856	47685a1c	aa1b6382	ZVUK/MOD/JACK.MOD
cee1a1f25991488cdcca1c323f93a067	1	242055	player	uade	Noisetracker 1.x	0	410878	d8376cac	97f475fa	ZVUK/MOD/DIEAGAIN.MOD
cf2a22a97390a311c2a45c61f136c902	1	201914	player+silence	uade	Protracker compatible	0	87312	eef96cbc	d7a06d0c	ZVUK/MOD/JAMMIN2.MOD
cf4cd640e9f83655396ebd3062ad7d10	1	181506	player+silence	uade	Startrekker (4ch)	0	272694	9a69be15	3e2de43c	ZVUK/MOD/STARTREK.MOD
d033a31f240e9c28a2c11d2ccf0c0420	1	315017	player	uade	Protracker	0	205959	e685f1b4	da4e09ef	ZVUK/MOD/DEADJIM.MOD
d03f0b6e25974ad64eb30412954c804f	1	336639	player	uade	Protracker	0	113038	116ef3a3	e9d7d936	ZVUK/MOD/SHPSFTHD.MOD
d0e61283309c5d72a050d14fcb2e6704	1	299993	player+silence	uade	Protracker	0	347582	a5cbd2fd	8b8ac39f	ZVUK/MOD/SPACDBRS.MOD
d1571f8a8b9fa64eaac71cad9423f32f	1	321873	player+silence	uade	Protracker compatible	0	127223	e580463a	53cc7ffe	ZVUK/MOD/DAS_OMEN.MOD
d21d1ddc9943de73412c8c00fe2b60f6	1	276436	player+silence	uade	Protracker compatible	0	232298	3702d5f1	a581ef3e	ZVUK/MOD/OCC_SAN_.MOD
d2404f6b7b2fe8611ebb112fdc668e99	1	199797	player	uade	Soundtracker II (31 instr.)	0	307562	ed0ae9f5	02dc547d	ZVUK/MOD/MYWY2HLL.MOD
d2506a1f55f6cd0cf1367606f44d7fec	1	448142	player	uade	Protracker compatible	0	51196	2300dae7	d9658592	ZVUK/MOD/VERTMAD.MOD
d2c24a7f6ddd6d94e87d0267ec6fc441	1	146045	player	uade	Protracker compatible	0	218112	984fcd81	32c318fd	ZVUK/MOD/COPCRAZY.MOD
d37987a0981b6f65104c75d3fc36e59c	1	371209	player+silence	uade	Protracker	0	101106	9bae2fa8	a12a6058	ZVUK/MOD/BODVEIZR.MOD
d3c5bfc62527be36b060052fd58aee16	1	315017	player	uade	Protracker compatible	0	241436	559c78a3	65d04666	ZVUK/MOD/IWANTIT8.MOD
d3d7763fb8d4990b1c81156743d7241d	1	208136	player	uade	Protracker compatible	0	144026	948b918f	4776241e	ZVUK/MOD/ZINESFX.MOD
d3fe4866b80b2bcb233f58fdf981c3d1	1	92272	player	uade	Soundtracker II (31 instr.)	0	61880	fb1ebb36	03e8ccf7	ZVUK/MOD/DELTA2.MOD
d47320346b53d6da3d7a099e08e3c728	1	279250	player	uade	Startrekker (4ch)	0	98524	456da8a8	69d29d0d	ZVUK/MOD/YOMAN.MOD
d517426b8719cdd76c101730df043962	1	245893	player	uade	Protracker compatible	0	460096	4de7c7f5	041112b5	ZVUK/MOD/DIGITAL.MOD
d569d0bb976a3f07a54094aab7178c9e	1	572586	player	uade	Protracker	0	215784	e10b074c	2324feba	ZVUK/MOD/1960.MOD
d59a4bb3b5bc902b01d153e1d983e0f2	1	115321	player	uade	Soundtracker II (15 instr.)	0	60558	a64d02fb	dee1c5bf	ZVUK/MOD/KYLIEMIX.MOD
d59fd3cedc38167231836e4004738724	1	75718	player+silence	uade	Noisetracker 1.x	0	22738	a15c1a9b	702b8e95	HRY/GUNHED/MUS10.MUS
d66ecb45bbf0a72bcc4788aae00255a2	1	492852	player	uade	Startrekker (4ch)	0	327928	1e38e9f3	e0ee2c75	ZVUK/MOD/RHAPSPRP.MOD
d6966b937d5ecfc5816740007b3aac44	0	134410	player	uade	Soundtracker II - V or compatible	0	40664	eadc5036	7cfe40c8	ZVUK/MOD/LDRUNNER.MOD
d6d7ffbb43e1d89311797bf6dcabc8c2	1	268921	player	uade	Protracker	0	782630	d2161870	bb2adf34	ZVUK/MOD/XMEDLEY.MOD
d6d8209c0548fc260ebbc9ff60876f9f	1	233093	player	uade	Protracker	0	49886	9253262c	2dd098bc	ZVUK/MOD/LOUDHOUS.MOD
d6df0b1b4b895a79b6cc82688edfa36f	1	340617	player	uade	Protracker compatible	0	183898	44513271	57ce5fd6	ZVUK/MOD/AUDIOKRA.MOD
d719589aab37d3d6b47d05b5febe987c	1	140921	player	uade	Protracker	0	106646	717b943c	2be97d0c	ZVUK/MOD/THE_LAST.MOD
d866e90489b81c5f66355ae47066078d	1	199625	player+silence	uade	Soundtracker II (15 instr.)	0	166072	6546f187	c00b1ac7	ZVUK/MOD/CHERIS.MOD
d93daab642822921f391596f1d33a587	1	184445	player	uade	Protracker	0	95530	8ca5854d	fc4c7590	ZVUK/MOD/UPRISING.MOD
d9b5a918b9b05a2a9f2d57ae0ec87bae	1	398686	player+silence	uade	Noisetracker 1.x	0	289626	04b227a7	9653f8ab	ZVUK/MOD/PINKPANT.MOD
da1d753f7aadde3fc1c777e51edd02c6	1	172931	player	uade	Protracker compatible	0	143674	1ce4deca	ac8a72ff	ZVUK/MOD/BACKPOP.MOD
da591746d5f8d3f4400815875db52fad	1	92272	player	uade	Protracker compatible	0	93262	d8e496f3	38624d79	ZVUK/MOD/JOURNAL.MOD
daed32f53ec77dc638ee120105e0be85	0	145944	player	uade	Soundtracker II - V or compatible	0	72250	3255fe99	98827e91	ZVUK/MOD/RONKEN.MOD
db5fe470056ee366a5a0137f88b3ca64	1	161397	player	uade	Noisetracker 1.x	0	96520	63d804f6	0704dfc8	ZVUK/MOD/DEFENDER.MOD
db612244398574e9fa11b8fb87e8dec5	1	1013916	player	uade	Protracker compatible	0	150778	21a903a2	7ced4d95	ZVUK/MOD/GROOVING.MOD
dbae389b7771878bb64448fe9668992e	1	122997	player	uade	Noisetracker 1.x	0	305498	c0380764	a6de5e42	ZVUK/MOD/MUZAXXMI.MOD
dbe33830461f69a48256ddcfee3e4189	1	161397	player	uade	Protracker	0	75158	3e73c529	63d0dcfd	ZVUK/MOD/SHADOWS.MOD
dc1fd4b54752e6762b760ad1d34d40cb	1	289739	player	uade	Protracker compatible	0	350706	f6883a25	b25a59fe	ZVUK/MOD/WHITE.MOD
dc488376bb21c0b227d35a3e66d94fdf	0	61688	player	libopenmpt	DSMI Advanced Music Format v14	4	292684	97804707	ca0c22d5	DEMO/ALADIN/WNW.AMF
dc614eca7db6b6ae43a6ead6c496000a	1	208349	player	ft2play	Fasttracker (M.K.)	4	301313	b621f0fe	19be9d52	ZVUK/MOD/ITCHHGTG.MOD
dc9e20eca45e968c045fccbe660f2e21	1	192141	player	uade	Soundtracker II (31 instr.)	0	86600	f372d09d	fd57701b	ZVUK/MOD/SHADO.MOD
dcb1fa306c95df2472935001da0e56db	1	276597	player	uade	Protracker compatible	0	122618	58fe1226	56fcd414	ZVUK/MOD/LASER_2.MOD
dcc99ba4b047158baa583729e2b92ae0	0	130365	player	libopenmpt	Epic MegaGames MASI (New Version / Sinaria)	8	57864	7568331c	fa6d1823	HRY/SINARIA/SONG10.PSM
dd52c8e02ab6e9e289056ad2286dd358	1	112769	player	uade	Soundtracker II (15 instr.)	0	73722	ee8b06ad	4183f0a8	ZVUK/MOD/DELTA.MOD
dd5b4a1bc607b74b5d240af8370779a4	1	352391	player+silence	uade	Protracker compatible	0	193036	2baec2a7	31182d6c	ZVUK/MOD/DRAGONSF.MOD
dda7ee47c19f28b1918109db859e057c	1	295580	player+silence	uade	Protracker	0	240556	8f02a2b9	c189c7e9	ZVUK/MOD/RIDINGTH.MOD
ded71bca765f2ee83ebf5de69880ec64	0	268841	player	uade	Soundtracker II - V or compatible	0	150668	bea77c7c	6e03bba9	ZVUK/MOD/JOHANSEN.MOD
def3337df9f20ef2c821cf8b3ef67960	1	218194	player+silence	uade	Protracker	0	222158	3407c290	d7590cd7	ZVUK/MOD/HARAKIRI.MOD
df030625d17bd1e5c8b9dfceac0f98bd	1	146045	player	uade	Noisetracker 1.x	0	56772	ec9fd5c2	58fff981	ZVUK/MOD/QUANTUMX.MOD
df136720eec085e4c19de36fad782811	1	261245	player	uade	Soundtracker II (15 instr.)	0	90826	2f6021a3	4a493eb1	ZVUK/MOD/MEGAMIX.MOD
e0622b626697e35fb293b3a09c8a05ec	1	226844	player	uade	Protracker compatible	0	125992	efe90483	ec322f42	ZVUK/MOD/MUSICX.MOD
e0654e61721d2b25f9a737c2e30adfaa	1	122997	player	uade	Noisetracker 1.x	0	90024	1b8e799f	1cc8bf7e	ZVUK/MOD/TOYOTA3.MOD
e1e2a18ce7d94c73364eb6bc90a37da3	1	128563	player	uade	Protracker	0	110702	a8dc838f	e928008f	ZVUK/MOD/TOMSDINE.MOD
e24306aca2567206a848a6c45b65efe9	1	138369	player	uade	Soundtracker II (15 instr.)	0	67286	a29ca8d5	3b244043	ZVUK/MOD/DEATHST.MOD
e2f9602751b6528c8fe34c1162dbb605	1	51320	player	uade	Protracker compatible	0	20900	46bdbd24	11177121	ZVUK/MOD/ANIMATE.MOD
e3638dee926dfba76adcaf9083bc3bf9	1	122997	player	uade	Noisetracker 1.x	0	56596	1f59b0ba	221bf21e	ZVUK/MOD/BIGNJAP.MOD
e36dbb6544a302d3cfe3dd64b01e3135	1	277903	player	uade	Noisetracker 1.x	0	78086	4ad77aef	144153a4	ZVUK/MOD/ROCK.MOD
e3a24f357236356b7507e8aa6414690f	0	0	nosound	libopenmpt	Ultimate Soundtracker 1.0-1.21	4	16388	f20cf612	adbd0131	HRY/TUBULAR/TEDIT/OBJ/OBJ0C.DAT
e3b69ce908580e87a32d6bedf1e136cb	0	69017	player	libopenmpt	Ultimate Soundtracker 1.0-1.21	4	49792	697c300e	3ebbf6ea	ZVUK/MOD/GIGA.MOD
e4174cb9b8c46b40acd4f3c84076273e	1	122677	player	ft2play	Fasttracker (M.K.)	4	111700	74047250	fcf377d1	ZVUK/MOD/7.MOD
e4fd94366dc7e587e2a619432d056290	0	188893	player+silence	libopenmpt	Ultimate Soundtracker 1.0-1.21	4	76916	2a1ba904	b424f969	ZVUK/MOD/SLL2.MOD
e5c2d863a6c0fe9cf0555921e5a6b037	1	157559	player+silence	uade	Noisetracker 1.x	0	62000	ba2bf285	877e4879	ZVUK/MOD/RIFF1.MOD
e5dafbcdf23b7f387aa09c79f4cfc8ea	1	249731	player	uade	Protracker compatible	0	103808	4de02cca	50859cfe	ZVUK/MOD/REMIX.MOD
e5e14b05c6d3fc2bc551304c29270377	1	55962	player	uade	Noisetracker 1.x	0	51712	434172f7	c7ab4388	ZVUK/MOD/AIRWOLF2.MOD
e6b08eaf1113c927f629048bfdbf6150	1	80135	player	uade	Protracker	0	104814	210b7619	19098dbe	ZVUK/MOD/TEDDYB.MOD
e6c382d374cb9d2b156d20741b66abdb	1	194050	player	uade	Noisetracker 1.x	0	78928	874b1094	f9a8fdbd	ZVUK/MOD/LETPARTY.MOD
e74ec63fa08349449296b0fbff9db036	1	175243	player+volume	uade	Protracker compatible	0	73462	51d895d0	5e45809f	ZVUK/MOD/RHYTHM.MOD
e7ade0cf177bdd3f1d0842d01c65de28	1	306790	player+volume	uade	Protracker compatible	0	124840	e6a73b8c	2d593304	ZVUK/MOD/MIG29.MOD
e7bb2e2ff476822ac5f0edcefe776ca6	1	220293	player	uade	Protracker compatible	0	126070	cfb8b4d5	ad5e3f25	ZVUK/MOD/CRO.MOD
e7dbd8ddc2db75c9189c588329451d84	1	207493	player	uade	Protracker	0	269512	30424006	1a51fcb7	ZVUK/MOD/CRIMEZ.MOD
e88862c3566b31eefec93fd7b2dfc476	1	245893	player	uade	Protracker compatible	0	60414	1f33c224	a17d77bf	ZVUK/MOD/FLOATING.MOD
e89f8e192ce5389407049d9faef0ee8f	0	122697	player	libopenmpt	Epic MegaGames MASI (New Version)	4	119943	c14839e9	f87a1e90	HRY/JAZZ/SONG17.PSM
e8e4218be1dbb3ec6dceef9583086204	1	146045	player	uade	Noisetracker 1.x	0	94848	f055c435	3fbcad83	ZVUK/MOD/ALIEN.MOD
e972f6db0e92b2da53feb1838e275730	1	233093	player	uade	Protracker compatible	0	192730	8ee68c20	373ffe8e	ZVUK/MOD/FLTCHTHM.MOD
e9b51af4e30eabfc9f94ce2eddcde4ae	0	160062	player+volume	uade	Soundtracker II - V or compatible	0	95294	d83a7086	c9b339a3	ZVUK/MOD/MEGAFCE2.MOD
e9f76f9755996e0451d8447babc31794	1	92272	player	uade	Noisetracker 1.x	0	79428	82ccdef9	c9d50c0d	ZVUK/MOD/INT1.MOD
ea7c3a42143bedf3a1c0cc48a8d4596d	1	247693	player+volume	uade	Protracker compatible	0	88446	0c7af0d3	7a796bbb	ZVUK/MOD/MEGAFUNK.MOD
eacf75bf63085b521473eed8b4a9065d	1	307321	player	uade	Protracker compatible	0	135656	da77912b	025fdf94	ZVUK/MOD/KFRNSTN1.MOD
eb810fab4e5e299308fcb46b3718cb36	1	188605	player+silence	uade	Protracker compatible	0	161044	6375acd7	a5840c60	ZVUK/MOD/MAKEMOVE.MOD
eba7b98c292a4a62b3dc32ed1470dd18	1	394310	player+silence	uade	Protracker compatible	0	161320	b0dcf2b7	8e568ec5	ZVUK/MOD/LUNAWAVE.MOD
ebf621a073b525322838c91796e96600	1	107339	player	ft2play	Fasttracker (M.K.)	4	165765	2d0a0710	61bc3be3	ZVUK/MOD/CHAT4.MOD
ec2e9f793c332c8b80eb934c72f3dcc5	0	260731	player	libopenmpt	Defjam Soundtracker III / Alpha Flight SoundTracker IV / D.O.C. SoundTracker IV / VI	4	68464	5035621c	fcbdf5e4	ZVUK/MOD/AMEGAS.MOD
ee0b4b0a8d7bd12d4aa8e14851403bbf	1	268564	player+volume	uade	Protracker	0	402166	b02688d3	da0d3f83	ZVUK/MOD/BEYONDMU.MOD
ee4b651691839c6e0b459f0c9a873301	1	199023	player+silence	uade	Protracker	0	79948	c3e4f06c	66faaca2	ZVUK/MOD/ACOUSTIC.MOD
ee86fc9b00fa98fbf619383618e6c622	1	138369	player	uade	Protracker compatible	0	59062	6cc6d660	3506de56	ZVUK/MOD/HITSQUAD.MOD
ee93d387eefa7d837dea0c68ef767c45	1	84616	player	uade	Noisetracker 1.x	0	57892	97c1cdee	68bc1389	ZVUK/MOD/TONALEC.MOD
eeaae7962f7e115834984a9ce920ffd3	1	146045	player	uade	Protracker compatible	0	70378	46267979	2bac4cf9	ZVUK/MOD/METAL.MOD
eec0680cc6e07d0a5979da8449edcbb4	1	141162	player	uade	Protracker compatible	0	65112	da61a95c	66013d13	ZVUK/MOD/AWESOME3.MOD
ef8e30c2a421c1eba94ddb415f83a96c	0	210416	player+silence	libopenmpt	Master Soundtracker 1.0	4	144383	17b736bf	e1243465	ZVUK/MOD/EAGLE.MOD
efa92ea36d5c34ee7c883b71ecd0449c	1	76920	player	uade	Protracker compatible	0	104264	cd335cbb	a3c9a7cf	ZVUK/MOD/CRUELTYO.MOD
f058bb803c92c02c6b738ae995fecda5	1	133245	player	uade	Soundtracker II (31 instr.)	0	97676	4d15a903	d0c65162	ZVUK/MOD/MON.MOD
f0a7987fbb4690d55de373fa59cda62f	1	77025	player+volume	uade	Protracker compatible	0	44861	c4e95bb9	80178797	ZVUK/MOD/ILLUMINA.MOD
f21a6cefe7deaa014a8782d535d24765	1	44910	player	uade	Noisetracker 1.x	0	51320	41fcb360	7a7a5877	ZVUK/MOD/FAIR.MOD
f28f5a988b3100060ee66deca814dd27	1	172898	player+volume	uade	Soundtracker II (31 instr.)	0	131072	9adff5f5	659eb898	ZVUK/MOD/DAS_BOOT.MOD
f34fd6960181b95030fe04238d7a5f91	1	180607	player	uade	Protracker compatible	0	80006	5ae4d503	c65618ff	ZVUK/MOD/PC90.MOD
f3d9212ea228c13335f5832794c58e76	1	230541	player	uade	Protracker compatible	0	126728	779c5e6a	20d48000	ZVUK/MOD/RESTRCTD.MOD
f4acde78e5e414e8b97568f5e15779a8	1	192764	player	uade	Soundtracker II (15 instr.)	0	103068	37c9b8ce	6e50fa57	ZVUK/MOD/RATTRASH.MOD
f500d1485c66b2afe6f218b5f46050f6	1	207493	player	uade	Protracker compatible	0	55882	98b53a84	ebdd505f	ZVUK/MOD/GANTAR.MOD
f536dbc069fef06540ac5bea60d87273	1	187318	player	uade	Protracker compatible	0	62058	391afc04	2aa4692b	ZVUK/MOD/AFTRAIN.MOD
f598613a30b0f5164ca62a495e4a3e43	1	319403	player+volume	uade	Protracker compatible	0	211370	6649c5bf	de1e82b2	ZVUK/MOD/WILDWEST.MOD
f660acd4a59dcd343654eba35758f4e7	1	281239	player	uade	Soundtracker II (15 instr.)	0	93032	dc7cd1bd	2c57a35f	ZVUK/MOD/BEAST2.MOD
f6c98e19feca29b47df3ea1859b5d4c6	1	66672	player	uade	Protracker	0	25472	f3d91cc4	eb77efe6	ZVUK/MOD/AQUA.MOD
f6f9997f3b48ff24065906f677f6d49b	1	345561	player	uade	Protracker compatible	0	99798	49de7efb	6272437e	ZVUK/MOD/MONTYMOL.MOD
f70f6caba681a4eeb0b5007e5431c571	1	310094	player	uade	Protracker	0	132488	83837209	31ef56c5	ZVUK/MOD/COLUMBNT.MOD
f74098d7a8df91e0d96aeb938cc50948	1	315017	player	uade	Noisetracker 1.x	0	73056	29794a5d	d119811a	HRY/SKILLER/MUS6.MUS
f7a22a52fe29fcc3d8cd5c55137043a7	1	238197	player	uade	Protracker compatible	0	56644	8e11d35b	56f8b49d	ZVUK/MOD/BLUMNDAY.MOD
f8857f15ecee0a0df0834b3a16f07776	1	281239	player	uade	Protracker compatible	0	93516	22dd662d	5d4ed045	ZVUK/MOD/INGAMETW.MOD
fa0d6276b1e5da5a18d766e194768362	1	176769	player	uade	Soundtracker II (15 instr.)	0	69124	345bf533	9f71f0a3	ZVUK/MOD/THORAX.MOD
fa908c5f8ac40ed47233de7e579cc37b	1	169093	player	uade	Soundtracker II (31 instr.)	0	107632	74e6265d	45c1e2a8	ZVUK/MOD/DRAGON.MOD
fb120b4560c784efea1494804267ffa0	1	61568	player	uade	Soundtracker II (31 instr.)	0	40146	989ee005	388ea431	ZVUK/MOD/KEEPGOIN.MOD
fb3da04a51001d1a0c743e2de4cad7e0	0	88188	player	libopenmpt	Epic MegaGames MASI (New Version)	4	98008	8881158a	95eaf9b4	HRY/JAZZ/BONUS.PSM
fbae7e894cade34efac1c50dd5630186	1	102520	player	uade	Protracker compatible	0	79104	c69c689a	dc1c22f3	ZVUK/MOD/JOANNA.MOD
fc013e124ea6458176235f779d3585b8	1	172931	player	uade	Noisetracker 1.x	0	90020	406e9d73	ba111b42	ZVUK/MOD/MOS.MOD
fc631c396ce9c49a2f7b86d28308b7a1	1	428252	player+silence	uade	Protracker	0	189600	d3dc6e24	bd9bb0ef	ZVUK/MOD/1992.MOD
fda3900964aef845ff65fb03e55955a2	1	263455	player	uade	Protracker	0	141264	66b00e8c	f4021322	ZVUK/MOD/UPONME.MOD
fda3900964aef845ff65fb03e55955a2	2	207493	player
fe6d53c19401833665ff3a63d0c68733	1	380284	player	uade	Noisetracker 1.x	0	215298	bc1623f5	7db13a23	ZVUK/MOD/IVEFALL.MOD
feb45d9b08a007377db36cd889d2eb36	1	128035	player+silence	uade	Noisetracker 1.x	0	40120	5b8bda8d	53eeb05d	ZVUK/MOD/BLADE.MOD
ff2be2493f82149b4cabc2d7730934ec	1	169093	player	uade	Protracker	0	140514	72064cfa	42a8b3d4	ZVUK/MOD/WAIT4U.MOD
ff33fc3113ed3eb2e15aa7469901368b	1	587156	player+silence	uade	Soundtracker II (31 instr.)	0	224052	23570ee6	d53b5939	ZVUK/MOD/DREAMV13.MOD
ff6f08bc19d6886590d4a41fb9a643d2	1	128121	player	uade	Protracker compatible	0	123742	be9524ae	69a8bfe4	ZVUK/MOD/FREEZING.MOD
ff78e74a73c3eeedd2a4f7b19bdcf2a2	1	144216	player	uade	Protracker compatible	0	303946	5e8665aa	7d0d881a	ZVUK/MOD/MUBLIC.MOD
ffb980fce5b1143dd45e2b145a741f25	1	256322	player	uade	Protracker	0	140248	db2f0ba6	7484db16	ZVUK/MOD/PHANTASY.MOD
