0027ae65460d226b99f14942525bf72d	1	307321	player	uade	Protracker	0	44762	a7ab3869	ecbd31da	Programs/Graphics/AnimTools/VideoTracker/Modules/mod.techno1
002eaffd6aedd2bd95cf2a07dabb45d3	1	104371	player+silence	uade	OctaMED MMD1	0	215274	4f7bd733	04e7170b	DataFiles/Mods/Misc/Mod.BEER!
037007ebc600f4a2e99525de45aee4bb	1	99968	player	uade	P40A - P40B - P41A	0	22764	efc34d43	e8c4573f	Programs/Music/Players/P4xx/modules/P40A.GiftOfGods
0379a44027157aeea19db8a66e4a493b	1	14408	player+silence	uade	Protracker	0	31326	aae80b1c	6cdb9b31	Games/DeluxeGalaga/GALAGA.JINGLE2
043b5e5c1945cfbc992ca4dc0e391c3a	1	143493	player	uade	Protracker	0	13890	fe0205ca	b58979c0	DataFiles/Mods/Synth/Mod.back to basics
04b2cd1329ccf76598a1b5f1a36f1482	1	203653	player+silence	uade	Protracker	0	298354	a721cc18	c4677fbe	DataFiles/Mods/Hits/Mod.invisible man
04bf1af363f0c349c6411a060414d280	1	38520	player	uade	Jochen Hippel	0	15734	7eb8c537	54b12f17	DataFiles/Mods/tfmx/Wings of Death/Wings of Death-Intro
04bf1af363f0c349c6411a060414d280	2	122936	player
04bf1af363f0c349c6411a060414d280	3	0	nosound
04bf1af363f0c349c6411a060414d280	4	140217	player
04bf1af363f0c349c6411a060414d280	5	23228	player
04bf1af363f0c349c6411a060414d280	6	0	nosound
04bf1af363f0c349c6411a060414d280	7	11574	player
04dc0a5dab332ad137ea3adc83122778	1	130693	player	uade	Soundtracker II (15 instr.)	0	81622	a709ca46	d72a460a	DataFiles/Mods/Hits/Mod.mastserv
052184af4cad60e30931e66776dd379b	1	293569	player+silence	uade	Protracker	0	228106	1aac9b91	edbf4b23	DataFiles/Mods/Techn/Mod.synesthesia
05387748d345ee776b7881f4159767f6	1	234023	player+silence	uade	Protracker	0	290552	ebef5cd0	4080c1ec	DataFiles/Mods/Techn/Mod.clairvoyance
0584fd255492995680d28565971051c3	1	65527	player	uade	Protracker	0	60506	dccda245	a2062af7	Programs/Music/SampleEdit/SamPull/Mod.SPSong!
05a6177f39551e21d9b6c5a0c359e0d3	1	99968	player	uade	Soundtracker II (15 instr.)	0	62216	b5afde6e	c75aeb4b	DataFiles/Mods/Hits/Mod.push_it
067f06fad4edbc3816d05c45ebd7f92f	0	30704	player	uade	FaceTheMusic	0	24188	299c3037	6a45f0ff	Programs/WorkBench/DesktopMAGIC/DM_Tunes/AccoHop.FTM
067f43e93c11f6431b1c3101cc4a4394	0	215068	player	uade	Synth 4.0	0	25522	8fd4a725	2a9c06ef	Programs/Music/MISC/ExoticModules/SYN.Alcazzar
0720c055decb9c1461edcbc08a7fa6b8	1	83217	player+silence	uade	OctaMED MMD1	0	38496	4ef71883	3ee8b322	Programs/Music/Edit/Octa5/Modules Supplied by MUG/5
083e79d201b0f26ec84ef47387a5a96b	1	84817	player	uade	Protracker	0	16490	745b0646	ba1fa8ac	DataFiles/Mods/Synth/Mod.shortie1{2}
08552a8c959ab94a7402a17a89f2044d	1	320121	player	uade	Protracker compatible	0	309766	16a52e5e	cfef7cd1	DataFiles/Mods/Soft/Mod.infectous
086355fe69de4225a9480431bf2b667a	1	203635	player	uade	Protracker compatible	0	265304	04bf5298	36eb66b7	DataFiles/Mods/Techn/Mod.the final housem
09362ecdda2d99a18818b9ed11fe2857	1	62834	player	uade	Protracker compatible	0	18486	f2b941b3	e1df00ac	DataFiles/Mods/Synth/Mod.intromusic3
0957e6dedf4ce62668ca3647b1d3b2c5	1	228853	player	uade	Protracker compatible	0	157922	fd4ff017	c7a4867b	DataFiles/Mods/Hits/Mod.another one
0995771445595b9c3ebc37fe65898d8a	1	241255	player+silence	uade	OctaMED MMD0	0	123118	f3266425	107bdd07	Programs/Music/Edit/Octa5/MAGICNOISES/TERMINATOR II
09df390f396e55bfddb92f4bc2068741	1	115321	player	uade	Noisetracker 1.x	0	97224	7c9d5562	229d3189	DataFiles/Mods/Synth/Mod.roll-out
09fafeb109828f9578c3615c4a7bb3fc	1	280455	player	uade	Protracker	0	137124	c621c833	91f2dcb9	DataFiles/Mods/Soft/Mod.digital innovation2
0a67beaeb76f62839fbdbed9aeabafaa	1	265206	player+silence	uade	Protracker	0	399278	2f422384	fcadfd0a	DataFiles/Mods/Hits/Mod.2-unlimited
0a775f063fa6a54ebb5ef860a803caa9	1	119179	player	uade	Noisetracker 1.x	0	99948	19f883d3	525b721f	DataFiles/Mods/Soft/Mod.lifestyle.rules.1
0af02e278861a90f160dbdbdc310b2cf	1	53872	player	uade	Protracker	0	19458	139934a2	9917ccfa	DataFiles/Mods/Synth/Mod.masterintro
0b18967cd64b0b4c1ac09055b870282e	1	282364	player	uade	Protracker compatible	0	140380	8ab96c98	af77fb82	DataFiles/Mods/Misc/Mod.Tuna_Fish
0bc29989cd1cbe3a2b499b0a9df88ad6	1	157579	player	uade	Protracker	0	74010	2ae22b11	e97002fc	DataFiles/Mods/Misc/Mod.chase
0c1ddda087bc077a8081ea88a0d25c81	1	23168	player	uade	Protracker	0	7690	683d04b6	d3bb990b	DataFiles/Mods/Synth/Mod.hopla
0c2bdb7fa411fb8378a0a6f99a7df37c	1	249731	player	uade	Protracker	0	139286	bce46538	14d6d9b2	DataFiles/Mods/Techn/Mod.reach tech-no limit
0c634970a70e45bc708aa03c6942a03a	1	122997	player	uade	Protracker	0	114958	4794cac5	c41fbb1c	DataFiles/Mods/Soft/Mod.dead and burried
0c9142cb903c09ded06e2c0101396f0e	1	120505	player	uade	Protracker	0	40430	7ec6e6e8	4ca8cdc3	DataFiles/Mods/Misc/Mod.necroscope
0cbb4899ae7bc61089839923359c5582	1	291969	player	uade	Protracker compatible	0	149076	e4546d75	cd22a1fb	DataFiles/Mods/Misc/Mod.pestilence
0ced035355293d8183752f7e2095b085	1	3600000	timeout	uade	Soundtracker II (31 instr.)	0	278542	9373e797	281dd4f5	DataFiles/Mods/Techn/Mod.future chakra
0cf226e14e48f73dba8edbce65f48ed5	1	169093	player	uade	Protracker	0	50986	c1f2a5a7	0ef4b199	DataFiles/Mods/Misc/Mod.starsails
0dee161cc267ae6d8a3939c49fec8959	1	120726	player	uade	OctaMED MMD0	0	49606	914c5566	6fbce809	Games/MegaBall/MB_Music/HighScore.tune
0ea0a334e7b633dc8d1d0565fa95d680	0	38420	player	uade	Synth 4.0	0	3260	e3515deb	38cc11db	Programs/Music/MISC/ExoticModules/SYN.Sarcophaser-hiscore
0ec873c6af24c46000c498e2cc3e1486	1	62834	player	uade	Protracker	0	14270	f0c95540	ee29b084	DataFiles/Mods/Synth/Mod.behind the walls
0efa01259fd37f180600d0923509070c	0	61448	player	uade	Mugician	0	4084	df082dfa	b961aeee	Programs/Music/MISC/ExoticModules/DMU.FerryTeel
10f12c0d229e0d3f9c8ec4415ff33069	1	725282	player	uade	Protracker	0	457796	1a88aaa7	e5357c43	DataFiles/Mods/Techn/Mod.oracle
114707ec758aa2a7b4ce4f4117dbe920	1	63477	player	uade	Protracker	0	10826	123e09ee	e6e5f4e7	DataFiles/Mods/Synth/Mod.wink of an eye
12a249d7cdf0b265f319cce4b6b6f3fe	1	194693	player	uade	Protracker	0	106566	06aebb20	a63f7bd6	Programs/Music/Edit/IceTracker/icetracker11.dms/modules/mod.illusivereal
12a249d7cdf0b265f319cce4b6b6f3fe	1	194693	player	uade	Protracker	0	106566	06aebb20	a63f7bd6	Programs/Music/Edit/IceTracker/modules/mod.illusivereal
12f313ffb83382ff3c0ae631cd153b7f	1	460942	player	uade	Protracker	0	282838	3efa2953	7b3a441b	DataFiles/Mods/Techn/Mod.techmaru
1311f651fa0f4df4152369706cb8a046	1	235411	player+volume	uade	Noisetracker 1.x	0	222058	4a76122e	83e9e6c7	DataFiles/Mods/Misc/Mod.azied revolution
13501f4d05c5e22712102b34af5b8b71	1	64442	player	uade	Protracker compatible	0	44120	cabc74df	35e70bf8	DataFiles/Mods/Misc/Mod.vcc+gigicar 1989 !!
13b74d86b01cab3ad01433309b822c2f	1	404919	player	uade	Protracker compatible	0	179008	a1798129	e1080e26	DataFiles/Mods/Trash/Mod.this_is_thrash
148bc52beb844fb17fa8ee214d0949a6	1	253569	player	uade	Noisetracker 1.x	0	112590	164a9cfd	3953b0a1	DataFiles/Mods/Soft/Mod.hymn to aurora
15a1c7e857388362a832a0348dcb4100	1	131037	player+silence	st3play	Scream Tracker 3.00 (GUS)	12	264066	2a8813c3	908d100a	Programs/Music/Players/PS3M/mods/S3M.Crystal Dragon
15a1c7e857388362a832a0348dcb4100	2	14864	player+silence
167998b4c955f351b63b05971ec7ab37	1	296048	player	uade	Protracker compatible	0	137356	fbb69842	e1d0263c	DataFiles/Mods/Soft/Mod.phantasmagoria.ntii
179fe25e8b60261a69ed80fe7a4c37b5	1	76920	player	uade	Protracker	0	93934	b0328d12	32687731	DataFiles/Mods/Soft/Mod.where now
17e2acee71156af0f5bdea7361206126	1	46216	player	uade	P40A - P40B - P41A	0	4704	c279a4f5	5506604d	Programs/Music/Players/P4xx/modules/P40B.Yela
180df9d082fc31cc32b507660e2e03e0	1	122997	player	uade	Soundtracker II (15 instr.)	0	46296	c22cedbc	fe5f159e	DataFiles/Mods/Synth/Mod.commando
1839e8cf1e3582ecac5775daa021f021	1	357151	player+silence	uade	Protracker	0	332208	739d8bc7	54a04cb1	DataFiles/Mods/Techn/Mod.progress the house
1870694fb2696d98dae8c7d0281b6dc6	0	0	nosound	uade	Martin Walker	0	77875	7af7c787	8315528f	Programs/Music/MISC/ExoticModules/MW.GERMAN
1870694fb2696d98dae8c7d0281b6dc6	1	0	nosound
1870694fb2696d98dae8c7d0281b6dc6	2	150686	player
1870694fb2696d98dae8c7d0281b6dc6	3	56183	player
1870694fb2696d98dae8c7d0281b6dc6	4	68822	player
1870694fb2696d98dae8c7d0281b6dc6	5	34702	player
1870694fb2696d98dae8c7d0281b6dc6	6	59599	player
192b8918bc0812e7b83d0cf746fec82f	1	142642	player+silence	uade	Protracker	0	61144	95e532d5	a6658707	DataFiles/Mods/Techn/Mod.technostyle ii
19a49d353b62f697372bcbd5cc6231f0	1	226020	player	uade	Protracker	0	92714	9b36dcf5	339ff400	DataFiles/Mods/Misc/Mod.goldentemple
1a9942f32cfc1d9f79807cc089f7f875	1	146045	player	uade	Protracker compatible	0	39498	6fe0533c	d7ebfa5f	DataFiles/Mods/Soft/Mod.paradox1
1b9c20ff60f49980831e5792fdf4f29d	1	56424	player	uade	Protracker	0	11816	172bab41	83dddf4f	DataFiles/Mods/Synth/Mod.transfusion 2
1bdd5b087287f3a5135bd6d2dd0cb4f4	1	262407	player+silence	uade	Protracker	0	212006	db7a1ef7	c1241f51	DataFiles/Mods/Techn/Mod.mayday resistance
1be9738ea91b48b141d37249fa2f396e	1	220293	player	uade	Noisetracker 1.x	0	87514	3f5973fa	95e7564c	DataFiles/Mods/Synth/Mod.bs1-song23-m
1d30185b99e4592f2dc79aa1ef6db701	1	217865	player+silence	uade	Protracker	0	156862	26e6e1cc	8f4dd1e7	DataFiles/Mods/Soul/Mod.heat loss
1d30185b99e4592f2dc79aa1ef6db701	2	15472	player
1dffe8a886d2481c972cf416f07ebc66	1	176287	player	uade	Protracker	0	235368	399d684c	7c113f2d	DataFiles/Mods/Soft/Mod.lady rose
1ee5789db5752469bbd65a25416e0db9	1	42358	player	uade	Protracker	0	12484	1a363fa6	5a8bc939	DataFiles/Mods/Synth/Mod.walkie-chip ii
1f05f080a73b33d52c326642b858132c	1	76920	player	uade	Protracker	0	15244	251e313b	b3b586b1	DataFiles/Mods/Synth/Mod.guf
1f9f2f95fc7220193d13d9cc1c935f44	1	394310	player+silence	uade	Protracker compatible	0	132350	3672fcd1	e1d46def	DataFiles/Mods/Soft/Mod.luna-waves
2013b3d21e9a6bc9768820e171fc6076	1	291842	player+silence	uade	Protracker compatible	0	274732	b3b0f2e7	9228c5ad	DataFiles/Mods/Misc/Mod.Elm.street.shuffle
205bd53e6e195582cd617cb7e740a433	1	313731	player	uade	Protracker	0	124740	c5d5505d	daf1cb55	DataFiles/Mods/Soft/Mod.obscure-season
2078fcac7cabe651dfd115f6faf10832	1	61568	player	uade	Protracker	0	9456	87bfe30a	d0b468c7	DataFiles/Mods/Synth/Mod.matkamies
21608d2c7185e28e631def989dc2c8f1	1	233841	player+silence	uade	Protracker	0	152652	b7618d39	32cd456b	DataFiles/Mods/Misc/Mod.stardust memories
21e82d7bd1c5774171e106a13b64a3f4	1	208056	player	uade	Protracker	0	68882	8b8b2236	3c029beb	DataFiles/Mods/Soft/Mod.mandelforce
2200886d42fbd8b3e51c3369a375c42e	1	254292	player	uade	Protracker	0	152512	845f796b	3fb3adb6	DataFiles/Mods/Soft/Mod.undersea by codex
234a65a78e90bd02eb8689e506fefb37	1	241010	player	uade	Protracker	0	177396	4c241b21	613db172	DataFiles/Mods/Techn/Mod.technology-pardyv2
23764ee90d0476135158a5c518f7e67f	1	242055	player	uade	Protracker compatible	0	130382	7ab534f4	45ea99ca	DataFiles/Mods/Soft/Mod.cream_of_the_earth
239f1b56d5dfac7062f1b8c2801a0242	1	111728	player+silence	uade	Protracker	0	108588	286a7544	c9de3e14	DataFiles/Mods/Misc/Mod.jammin'-for-nothing
23bd2464e369067facc9fdc22a80c4b2	1	184445	player	uade	P40A - P40B - P41A	0	36282	a54eaffe	9738155b	Games/DEMO/SuperFrog/Disk1/L3MU
24de8ad359b910a0d1794bf4d18c6f7a	1	308607	player	uade	Protracker	0	91526	c41adedd	9d917261	DataFiles/Mods/Soul/MICROWOR.MOD
24f824b7a87214529f3e931ee203c865	1	224674	player	uade	Protracker	0	215182	e13f52b6	6a8f3bd8	DataFiles/Mods/Misc/Mod.varanen
258c20d7c9a109aef4d2b5f93ad887d2	1	198832	player	uade	Protracker	0	114506	a4411113	25cece70	DataFiles/Mods/Hits/Mod.pinochio
25e401e10fc47e39dd62092ec8b3e3f5	1	424390	player	uade	Protracker	0	347038	1a49808a	1a589b74	DataFiles/Mods/Techn/Mod.visitors
25f5ebcc9bf0820ef227d23cf76fb638	1	125348	player	uade	Protracker	0	96868	9ff83b9f	72b057c3	DataFiles/Mods/Misc/Mod.climbthewalls!
2623ab3d69a1b05f68a51544af4bf168	1	161397	player	uade	Protracker compatible	0	66074	b6a60a25	a9310f12	DataFiles/Mods/Soft/Mod.l.a. by night
266bb5dced656f525021d94c0111b49d	1	163969	player	uade	Protracker compatible	0	27598	ffe8125d	e5e5a453	DataFiles/Mods/Synth/Mod.chiptune
26ed5688b97a7b7bc85de0f2d60a5fe6	1	115321	player	uade	Protracker compatible	0	38692	5d54fce2	b5d38ab1	DataFiles/Mods/Misc/Mod.andromeda
27ad3de1e53d80c47ba4dc6867eb0f75	1	76920	player	uade	Protracker	0	23302	8e3e8066	66c8500e	DataFiles/Mods/Synth/Mod.factory-theme
29c1f1e1e53567cad4d721ffbcf5fc66	1	147974	player	uade	Protracker compatible	0	71828	bcc3daf6	56e2fe2f	DataFiles/Mods/Misc/Mod.Kingsize
2a87f7e19eac8e8245a8d6f2d5ae44f3	1	121731	player	uade	Protracker	0	151558	8dc8fe17	fef383a2	DataFiles/Mods/Techn/Mod.teknosjock
2b3d544e9cb74d89f9ea6917aa9a46c7	1	431825	player+silence	uade	Protracker	0	255412	acbc9be4	0f1d0115	DataFiles/Mods/Soft/Mod.{{{{ florence }}}}
2b4479186e754b27a141a0aee0cde634	1	213240	player	uade	Protracker	0	116852	61a0d497	a420727d	DataFiles/Mods/Trash/Mod.good_nihtgmare!
2b709621d6a839abb47c770c35cdbcad	1	368127	player	uade	Protracker	0	238970	0ef1ee6f	010d5990	DataFiles/Mods/Techn/Mod.tnitc
2bfb104cb7d7a49807969c9caa185049	1	236047	player+silence	uade	Protracker	0	258618	b40aad9b	7dd02205	DataFiles/Mods/Techn/Mod.
2bfd8b5bc43c5d3ec09d77a8e16cf681	1	146045	player	uade	Noisetracker 1.x	0	38048	3001d836	c09b91ea	DataFiles/Mods/Synth/Mod.sidremix2
2c80ce4073b4d860a75e13c0eddd0b5a	1	397212	player+silence	uade	Protracker	0	304406	70f0cf8c	f42918de	DataFiles/Mods/Techn/Mod.digital distress
2d0243f9dde02e69a045b4df1f1673e9	1	124926	player	uade	Protracker	0	54666	3ea77249	167f3b70	DataFiles/Mods/Soft/Mod.orgasm remix i
2db5638485e02d6213793472f588125b	1	159288	player+volume	uade	OctaMED MMD1	0	169552	caf15d9d	68f592d7	Games/ZombieII/Zombie2.mod
2e1ddcaeb9603e64257ab155305e02d5	1	298825	player+silence	uade	Soundtracker II (15 instr.)	0	115008	c38738fd	6b9daea5	DataFiles/Mods/Hits/Mod.dragnet
2ef3834ce32b5b33f9bab168f2c98b25	1	298172	player+silence	uade	Noisetracker 1.x	0	93458	e6e763a4	f8091a9e	DataFiles/Mods/Hits/Mod.lets hear it for..
2f035a58489c81e745b9f9936812b7e8	1	293969	player+silence	uade	Protracker	0	162598	78a88451	114264f7	DataFiles/Mods/Soft/Mod.hidden shadows compo
2f085513edc9bab53cde87d5ac732723	1	93800	player	uade	Protracker	0	72776	1c5545aa	d15d1b2f	DataFiles/Mods/Misc/Mod.physical.compo
2f753a57d7fe7f5253b54670c210be6b	1	66331	player	uade	Protracker	0	147840	193fd423	04ab5061	DataFiles/Mods/Misc/Mod.heat-wave
2f753a57d7fe7f5253b54670c210be6b	2	65507	player
30b770e23e727c9b29a9f60223074d09	1	27006	player	uade	Protracker	0	12288	a15c7b00	4e705ad1	DataFiles/Mods/Synth/Mod.inorganic tissue
30cfbedd5b64f446992509aa169a0730	1	188283	player	uade	Protracker	0	40232	47da7a80	6df40e62	DataFiles/Mods/Synth/Mod.schronz
30fde044d09065473045f45b13aa5556	1	282619	player+silence	uade	Protracker	0	281698	87016171	3bb574f7	DataFiles/Mods/Misc/Mod.god watches
310761e5e500f5f8f7cbdf28b4f6522d	1	289847	player+silence	uade	Protracker	0	406354	9c93ee19	b82f129e	DataFiles/Mods/Soft/Mod.guitar slinger
334e4a180bd105265b34d4ac37f1bbd6	1	399842	player+silence	uade	Protracker compatible	0	117664	00f3e486	b804b8e2	DataFiles/Mods/Synth/Mod.4-mat's.madness
33ce967abccead94c29a3842d7f3219a	1	82044	player	uade	Protracker	0	12208	1453b26b	1c4a6924	DataFiles/Mods/Synth/Mod.purple-shades
33d711a28bfa599512fe9d82d2dc0686	1	396781	player	uade	Protracker	0	191754	4bba7dd6	2b374cbe	DataFiles/Mods/Soft/Mod.shining
33d9c9faed01c0d0ec6acdd1ead26846	1	98682	player	uade	Protracker	0	25968	df854838	d9b56f66	DataFiles/Mods/Synth/Mod.turritune.tixtune5
34a9279d1d714eff0be3e00008516197	1	197255	player+silence	uade	Protracker	0	93062	d4cc71fe	4d40929f	DataFiles/Mods/Misc/Mod.hybridization
351d15f41e0c907ea73a900920d0577b	1	143493	player	uade	Protracker compatible	0	78120	908ddc54	f9d0e079	DataFiles/Mods/Soft/Mod.organ dreams
35b562a1666e41b4da3f32a59e10cc97	1	71816	player	uade	Protracker	0	10050	14555edb	bc0a11db	DataFiles/Mods/Synth/Mod.techno-waves.ice
35e671617f03669e56cb35c5629e47f5	1	377591	player	uade	Protracker	0	195456	e64a0a9f	070c6c2c	Programs/Graphics/AnimTools/VideoTracker/Modules/mod.gabberuh!.pp
362a2b8e61250a6bea9e6bb32ea0afca	1	23168	player	uade	Protracker	0	8700	5267b5d0	a695ae27	DataFiles/Mods/Synth/Mod.antipasti 19
36beb8c167e061f520c81af8b5b6355a	0	142629	player	uade	Ultimate-Soundtracker or compatible	0	105292	6954c0a7	dbfb32a2	DataFiles/Mods/Hits/Mod.poing
372eb3fd7e9ff130d3f09ac0dfaf8d80	1	116642	player+silence	uade	Protracker compatible	0	253766	ec89f6dd	0b662f58	DataFiles/Mods/Misc/Mod.Basketball
37b6112469b117a3fcba73e219187151	1	257887	player+volume	uade	Protracker	0	126058	a5e0d555	52e32f31	DataFiles/Mods/Soft/Mod.d.o.s theme-2
37ba29d0bd488a5cfeb34e0fbebfa522	1	51320	player	uade	Protracker	0	20900	4a679166	d1cff6ba	DataFiles/Mods/Synth/Mod.introfronty
37da07eaa148185d450fec300bd61b11	1	321407	player	uade	Protracker	0	269974	1453062c	08268bad	DataFiles/Mods/Techn/Mod.hardcore
387d3485cd8f0cedd01830bbf8297a57	1	194813	player	uade	Protracker	0	253560	8986511e	889e171d	DataFiles/Mods/Soul/Mod.breath of air
38a543c7b74019856e5fab356ff9b643	1	117872	player	uade	Protracker	0	132728	bc0654d1	37a0d7ef	DataFiles/Mods/Soft/Mod.digital innovation3
3967691891607f6be7a6b697f3294d7c	1	86525	player	uade	P40A - P40B - P41A	0	10764	5a002d3e	aa5b4ff8	Programs/Music/Players/P4xx/modules/P40A.Stellar10
3973370e2330144855a4ec4d48485d88	1	128121	player	uade	Noisetracker 1.x	0	100606	6ea68cf0	edcefb06	DataFiles/Mods/Synth/Mod.16 bit
3a0a3d45d211c7a9846df155806ebcdb	1	254594	player	uade	Protracker	0	284004	c9997dea	2f244c31	DataFiles/Mods/Soul/Mod.boom! and she cums!
3b57db1472df8f224c0d9cc440db1d9b	1	197968	player	uade	Protracker	0	87628	54d35f8a	0184feb0	DataFiles/Mods/Trash/Mod.t.g.m
3bb28bd388c352927b34c639f1af54cc	1	157579	player	uade	Soundtracker II (15 instr.)	0	90550	c72628ab	7ef52644	DataFiles/Mods/Hits/Mod.smoke_ot_water
3c0378cc26342b063a17aea6c38bf5dc	1	191982	player+silence	uade	Protracker	0	159038	da3c6820	69880508	DataFiles/Mods/Soft/Mod.basic instinct
3c995c8de9a3cd0659eb1a55053a0cd6	1	95166	player	uade	Protracker compatible	0	52742	5640396f	706d2631	DataFiles/Mods/Misc/Mod.oldsmoke
3d13eac2218cd79cf0cd103851dd6ce0	1	94081	player	uade	Noisetracker 1.x	0	197566	177c6927	c8b5eb3e	DataFiles/Mods/Soul/Mod.dave s funky u4ia!
3d94a19a85e7c28a3cd470991ac3945d	1	94322	player	uade	Protracker compatible	0	100169	503bcf1b	870757bb	DataFiles/Mods/Soft/Mod.paranoiality
3e32d6cbaed563ed2fadc7a2e84fb763	1	453246	player	uade	Protracker	0	100632	113a600c	c5f70327	Programs/Communic/Casio_Comm/Modules/mod.real time demo
3e98f3b63d2058ff34cbf6dbd1fe6ce3	1	66672	player	uade	Protracker	0	6318	e5a9b942	a9493b91	DataFiles/Mods/Synth/Mod.blamerproof
3ea6662c43070194b1b46b64966afb4f	1	242055	player	uade	Protracker	0	123214	d18486e2	8be1ae64	DataFiles/Mods/Soft/Mod.cream of the earth
3eaea7361e8a89db92ee53d397891faa	1	241312	player	uade	OctaMED MMD1	0	136168	be06aba4	45ca28ad	Programs/Music/Edit/Octa5/Modules Supplied by MUG/3
3ee1bd6b140d7d071b7683af1cb254c8	1	31306	player	uade	Protracker	0	11436	528db1d3	be32239d	DataFiles/Mods/Synth/Mod.sundancer
3f2d70a1edd0a4454bc9cd7a6c3aea40	1	65085	player	uade	Protracker compatible	0	235286	c7c2be17	a40228f6	DataFiles/Mods/Hits/Mod.back to life
3f2de21745bd3e7aaf28ade96083e131	1	113713	player	uade	Protracker	0	278636	98818db6	4e8e0992	DataFiles/Mods/Hits/Mod.rode schoentjes
3fc9605be9dd91c0021626492ad707b1	1	407290	player	uade	Protracker	0	193820	c9b8acc3	0d150056	Programs/Music/Edit/Protracker3.10/MODULES/MOD.THE MOEBIUS.PP
3fc9605be9dd91c0021626492ad707b1	1	407290	player	uade	Protracker	0	193820	c9b8acc3	0d150056	Programs/Music/Edit/Protracker3.10B/MODULES/mod.the moebius.pp
40215b2ff0515c5eeb05dbda0d771ad8	1	143091	player	uade	Noisetracker 1.x	0	117442	cb911a67	b4f440bf	DataFiles/Mods/Soft/Mod.d.o.s theme-3
4057e1b2fb4aae6a6c301b6e85a0c803	1	38520	player	uade	ProRunner 2.0	0	8034	a67c8596	57401a8d	Programs/Music/MISC/ProRunCrack/snt.ProRunner2.0
40f32cbcd70fcc8c3f81e2b733472298	1	267257	player+silence	uade	OctaMED MMD1	0	324186	5b2ddf50	560da8be	Programs/Graphics/AnimTools/VideoTracker/Modules/mod.bonzai
41121891e27ece6efe2044fcfd820990	1	62834	player	uade	Protracker	0	18486	d4e7cfc1	83f0adfc	DataFiles/Mods/Synth/Mod.in2romusic3
414aeb9334366147a60f6cb404059b30	1	96693	player	uade	Protracker compatible	0	55586	cc531df1	7c637d45	DataFiles/Mods/Techn/Mod.hypnautic-ii
419a554adfa62536086432c7bd6ca50b	1	146045	player	uade	Protracker	0	171916	61577a44	979536a6	DataFiles/Mods/Techn/Mod.technomania
423951c6677138f47bcfbebec1c1e926	1	275461	player+silence	uade	Protracker	0	163738	d2103f5e	4e631db3	DataFiles/Mods/Soft/Mod.scrambled mind
42437e9a303d8c541b73a3f01b937809	1	138369	player	uade	Protracker compatible	0	38384	1e8e8bc3	66ebcd40	DataFiles/Mods/Synth/Mod.2.ball
42561c6f10b1178142b23a593f1a9317	1	161397	player	uade	Noisetracker 1.x	0	252760	cbff7bf9	e12dcdae	DataFiles/Mods/Soft/Mod.spell
43104b3ca83fded41359c8712df4f1af	1	103806	player	uade	Protracker	0	15960	474648fb	5058789b	DataFiles/Mods/Synth/Mod.highspeed
43911599cb586868acdf4a7ead2fe86b	1	163547	player	uade	Protracker	0	240242	dda416bb	6e18c0bb	DataFiles/Mods/Misc/Mod.last_test
43e64a6dc49c08d295bb3b82df117811	1	337945	player	uade	Jochen Hippel	0	210448	15d20308	3405e273	DataFiles/Mods/tfmx/Wings of Death/Wings of Death-Title
43e64a6dc49c08d295bb3b82df117811	2	0	nosound
43e64a6dc49c08d295bb3b82df117811	3	0	nosound
44afba94c6324863903a815cf8a09944	1	167787	player+silence	uade	Protracker	0	98604	f69cee1d	591fdb28	DataFiles/Mods/Trash/Mod.thrashzone
456d2a73575d088db2c2bffe9dd3b072	1	374109	player+silence	uade	Protracker	0	124750	103bdedf	0a3ff21f	DataFiles/Mods/Soft/Mod.enlightment
45b69e5330b64f341fd8bd5bab14f955	1	111101	player	uade	Protracker	0	56658	b0fa1aa3	fecb69e6	DataFiles/Mods/Misc/Mod.70s reprise
47cc6a2b4a68e3c5c1b8299a76b56699	1	63377	player	uade	OctaMED MMD0	0	116090	148dee83	0d8aeaf5	Programs/Music/Edit/DA/River.emod
47cc6a2b4a68e3c5c1b8299a76b56699	1	63377	player	uade	OctaMED MMD0	0	116090	148dee83	0d8aeaf5	Programs/Music/Players/DA2.5/river.emod
49058ff3b9bbb8fc961bbb41c5920eed	1	99968	player	uade	Protracker compatible	0	158704	7449c857	ad5b5b74	DataFiles/Mods/Soul/Mod.funky melodyz ii
49954554fa6ec1414e80ef2130868e62	1	188605	player+silence	uade	Protracker compatible	0	162918	ad0f3c16	c17a2024	DataFiles/Mods/Misc/Mod.Make_Your_Move
49aa1a547c59d0abddb619039e731677	1	138369	player	uade	P40A - P40B - P41A	0	7554	6fbab4b0	d0033282	Programs/Music/Players/P4xx/modules/P40B.DigitalGrim
49ac3f68052141d4303c80fac4bed18a	1	312376	player+silence	uade	Protracker	0	336104	39e3ab4e	6419fc92	DataFiles/Mods/Techn/Mod.akira rave ii
4a871f28e06e7c756adfad8235bf4452	1	176769	player	uade	Protracker compatible	0	58960	00109222	c39f1d88	DataFiles/Mods/Synth/Mod.rock n pebble
4b93ad31f421fb5b1cd75ed5d7cc30b0	1	376144	player	uade	Protracker	0	237266	da32f7e0	21514944	DataFiles/Mods/Techn/Mod.temporal modulus
4bb31085300eb255bb100b6eb09854c2	1	234359	player	uade	P40A - P40B - P41A	0	40514	a882af3a	3ec46491	Games/DEMO/SuperFrog/Disk1/L1MU
4be4630f16d30be32c1b0db44d339788	1	41072	player	uade	Protracker	0	8412	c8431d45	1308b22c	DataFiles/Mods/Synth/Mod.ussr
4be4ce1ebf77045dc437ee125012140c	1	128121	player	uade	Protracker compatible	0	15116	a280399e	aaf8c11c	DataFiles/Mods/Synth/Mod.{c}hip-2
4cb4d4cbe41c93f44d18bc7411a8fb02	1	51320	player	uade	Protracker	0	9082	0017dd44	766b7507	DataFiles/Mods/Synth/Mod.an9
4cfe58e40470a826db1039f9e3bb0dc3	1	88434	player	uade	Protracker	0	120132	01e46956	c3487e45	DataFiles/Mods/Soft/Mod.yoh!
4d2965b894140a5cd9ae296f25e79bc7	1	71816	player	uade	Protracker	0	39372	4c0544a7	34a2bcd6	DataFiles/Mods/Synth/Mod.whistling fred
4de4b2b481c217cefc3f7a45c463eadc	1	61568	player	uade	Protracker	0	10872	f468f807	fc59e179	DataFiles/Mods/Synth/Mod.trained_by_noxious
4eb19cab8eb52a6e175ee7a3c57ee49a	1	138369	player	uade	Protracker compatible	0	84210	f027f63b	44628f75	DataFiles/Mods/Synth/Mod.salute
4f5a6ca02691a0df56e259347c30bc0a	0	14339	loop	uade	UADE	0	1316	fa85cc80	9b9b6e56	Programs/Music/MISC/ExoticModules/CUSTOM.HackMag7Music
4f6585202c4b20610b4b5c33deeadf18	1	147009	player	uade	Protracker	0	22136	cfcb2c8b	962ad5ff	DataFiles/Mods/Synth/Mod.chit2-music
506a3313d0bcb39e0cdf5d49a2ff3f88	1	75875	player	uade	Protracker	0	18000	d26e3556	217852bd	DataFiles/Mods/Synth/Mod.feed your chicken!!
513f0f911f671c62c2b5134d48d41827	1	119279	player	uade	Protracker	0	199876	4aab244e	76db8b03	DataFiles/Mods/Soul/Mod.funkanette
518d031ecab63fb1b6b3f504834e2b64	1	53872	player	uade	Protracker	0	5870	ed11d2a4	a3fc5c5e	DataFiles/Mods/Synth/Mod.julgubbe rulez!
51e2436b0b4ddef4e5f48de066083e8c	1	318878	player+silence	uade	Protracker	0	143238	6f9dbc70	d5a8dd58	DataFiles/Mods/Trash/Mod.you_must_remember!
5280c531d648eb7797600cad628c2888	1	307321	player	uade	Protracker	0	226654	ff9895df	83b7bfd7	DataFiles/Mods/Soft/Mod.the-dark-ii
5300e306d7224887cbc88791cd718ec9	1	92272	player	uade	P40A - P40B - P41A	0	25422	4f419b0b	5f46747f	Games/DEMO/SuperFrog/Disk1/LFMU
53e1feb4ecdc271661a1d12a617f43d6	1	153761	player	uade	Protracker compatible	0	266322	cd8d4564	5c2484b2	DataFiles/Mods/Soft/Mod.u2
540716a27fdb914521c428681ac3500d	1	46216	player	uade	Protracker	0	17026	81f641eb	d2fe0046	DataFiles/Mods/Synth/Mod.lamerproof2
54529fdb8cc371daf2b4c7c2dae764fd	1	57730	player	uade	Protracker	0	17594	336e2737	4b128d38	DataFiles/Mods/Synth/Mod.nemesis intro
54ad48bd0016b14360f8972d730115c2	1	192141	player	uade	Protracker compatible	0	56646	1f379399	afb0c2a5	DataFiles/Mods/Soft/Mod.katharsis
54f780eccfd549fea18c6a8ca9693a7b	1	99968	player	uade	Protracker compatible	0	116452	897c1f0d	4cf5ad43	DataFiles/Mods/Soul/Mod.soulbeat
552fe4f457ea4aa79158bce53a4ca9ce	1	387015	player	uade	Protracker	0	175648	cde3f53e	9823057d	DataFiles/Mods/Techn/Mod.technology
553708662390bf8d365968da43d892d7	1	123921	player	uade	Soundtracker II (15 instr.)	0	63832	8397adbe	aad3713b	DataFiles/Mods/Hits/Mod.brill
55a915288cda3825dc679645126ea78a	1	7796	player	uade	Protracker	0	2142	83d6365b	402174a0	DataFiles/Mods/Synth/Mod.a-team
56416a36c4fa0eaae5def2e93057da7a	1	240930	player	uade	Protracker	0	300718	fe0df0dc	83ea0540	DataFiles/Mods/Misc/Mod.beatex
575c1177520a586df728c5761c5f94c2	1	141363	player	uade	Protracker	0	130564	6d0dc453	4041cfec	DataFiles/Mods/Soft/Mod.message from prague
57fcb6825d77473cd22128a62d49ee86	0	30744	player	uade	Synth 4.0	0	3932	ddfdea0b	4d3e1b97	Programs/Music/MISC/ExoticModules/SYN.Sanxion_2000-hiscore
58cc39b14066216a9bbb3ca4d6932248	1	102762	player	uade	OctaMED MMD0	0	53178	9f018439	20d0bc26	Games/MegaBall/MB_Music/GameOver.tune
5917469b6ac6c224ffbd351c489ff725	1	59197	player	uade	Protracker	0	10086	51e36af7	5acd84b7	DataFiles/Mods/Synth/Mod.happy ending
5a720e449b16a68e02f472e71b040831	1	184023	player	st3play	Scream Tracker 3.00 (SB)	16	154376	c854dae4	081650a9	Programs/Music/Players/PS3M/mods/DARKNESS.S3M
5a720e449b16a68e02f472e71b040831	2	45392	player
5abf29a339a58770b5d9e07e153a2c4c	1	270850	player	uade	Protracker	0	129404	ebef6a80	f346b803	Programs/Communic/Casio_Comm/Modules/mod.limited electronic
5adaaeea4afde5229aa418f25b4a0974	1	105072	player	uade	Protracker	0	87544	ec6eda6a	6179c8b4	Programs/Music/Edit/IceTracker/icetracker11.dms/modules/mod.agony_end of game
5adaaeea4afde5229aa418f25b4a0974	1	105072	player	uade	Protracker	0	87544	ec6eda6a	6179c8b4	Programs/Music/Edit/IceTracker/modules/mod.agony_end of game
5b33e7ab67e509d02aade039c2c83047	1	213978	player+silence	uade	Protracker compatible	0	231648	0cc14f5c	f244fe57	DataFiles/Mods/Soft/Mod.song3
5b8d1c470aac156ae1975521e044b8b4	1	271553	player	uade	OctaMED MMD0	0	74466	d9d5ac6c	97260d72	Programs/Music/Players/Edplayers/DemoSongs/EdP.DemoSong4.pp
5bad403cd6990192889b58bb46155ed4	1	211472	player	uade	Protracker	0	113208	07c17f82	6b893c64	DataFiles/Mods/Hits/Mod.magneticfieldsv
5c897b1e6278d34e2042bafca730f891	1	345721	player	uade	Protracker compatible	0	145504	403e9e4f	0cf416ee	DataFiles/Mods/Techn/Mod.suspense
5c8d5f8166bafa870067be7ab9c4fc6d	1	130693	player	uade	Protracker	0	18796	26963f85	5bf77137	DataFiles/Mods/Synth/Mod.o-tune coop
5ce94960feaa26f74bce0b1f78171061	1	435221	player	uade	Protracker	0	99316	16591ea3	be917956	DataFiles/Mods/Soft/Mod.chip chop 2 {final}
5d4cc3c1bbd743beac54641eb85f096e	1	82687	player	uade	Protracker	0	14532	dd08a56c	20a90c75	DataFiles/Mods/Synth/Mod.inmenu1
5d72d0acbdf4a3334950126a1d286258	1	238482	player+silence	uade	Protracker compatible	0	341540	73c95e5b	e97f4ecd	DataFiles/Mods/Soul/Mod.911 is a joke
600a44c162597db0a4ed09124eaf83f0	1	149883	player	uade	Protracker compatible	0	140892	5b92eaca	387d9b1c	DataFiles/Mods/Misc/Mod.noise-hunter v2.01
607e6dc96e01ce96a1b93e32a5dc3f2b	1	147090	player	uade	Protracker compatible	0	131070	66b5746c	2fc37409	DataFiles/Mods/Soul/Mod.mellow ii
60afc75f5566769a0c2919df85361dc7	1	80758	player	uade	Protracker	0	15222	d4c4d3a8	3ac144fc	DataFiles/Mods/Synth/Mod.an4
60cde05976f6161b0554dd65b1a3b92d	1	637350	player	uade	Protracker (vblank)	0	223232	f01f32bd	8fad533a	DataFiles/Mods/Soft/Mod.klisje paa klisje
61165396cf48bd751d209132fdbd46a4	1	97695	player+silence	uade	P40A - P40B - P41A	0	82536	17ffbe93	9d5d825d	Programs/Music/Players/P4xx/modules/P41A.TopAzz&Hawk
6149e2e6a7d7089d83b5d78f78d1d1d8	1	134209	player	uade	P40A - P40B - P41A	0	60446	b57225d4	61e68ce3	Games/DEMO/SuperFrog/Disk1/MUSC
614a8c9781daae06cfcb3d5248445f32	1	82973	player+silence	uade	Protracker compatible	0	60038	891a0c0b	793e64a8	DataFiles/Mods/Misc/Mod.guitarz
61a18515388f32e0d61a38bbfb5c2e1f	1	176146	player	uade	Protracker	0	104020	19522b56	fe886363	DataFiles/Mods/Soft/Mod.pyramidpump
6260ad4df3ea4792f90e7397c5aefecb	1	197737	player+silence	uade	Protracker	0	268222	dd965c83	de6151bc	DataFiles/Mods/Hits/Mod.no limit
6301dc24b14c307e86ccbd7be8e3d3e7	1	189549	player	uade	Protracker	0	17266	15dfe46f	9fed5938	DataFiles/Mods/Synth/Mod.share and enjoy
6398ceea4f3ab14b4f7f80462214e368	1	189408	player	uade	Protracker	0	66626	2706ac7c	b544a978	DataFiles/Mods/Soul/Mod.counter-measure
63a605dc507b7b4fa299eba133e4382f	1	199797	player	uade	Protracker	0	169176	86e6d5d6	8480c975	DataFiles/Mods/Soft/Mod.altar_of_light
647fd41fe9707b109b309196ca23d816	1	195959	player	uade	Protracker compatible	0	86564	bbe0fb64	660057fc	DataFiles/Mods/Soul/Mod.funk'n jam
649705108de4e6c856505b74f6fcd4d2	1	46216	player	uade	Noisetracker 1.x	0	9760	84133b1e	7691194b	DataFiles/Mods/Soft/Mod.lemon
649705108de4e6c856505b74f6fcd4d2	1	46216	player	uade	Noisetracker 1.x	0	9760	84133b1e	7691194b	DataFiles/Mods/Synth/Mod.lemon
64fff73f718ccea654e57d9b04e05e06	1	207493	player	uade	Protracker	0	99310	4d5874c9	74f1e52d	DataFiles/Mods/Soul/Mod.pee-wee's-funhouse
65272342818f1687038932b53e33df49	1	84717	player	uade	OctaMED MMD1	0	261368	f1b6f0ad	1267ebe6	Games/REKO-Productions/MUSIC/Default.WINM
6531647fb4f289a3dd505a9f387670e7	1	265103	player	uade	STK_2.6 - IceTracker	0	221746	c09e05d7	fe30837e	Programs/Music/Edit/IceTracker/icetracker11.dms/modules/mod.order of death ii
659e66da9f71b006617eef1fa72363b0	1	215149	player	uade	Protracker	0	74994	74f8964c	9729cf70	DataFiles/Mods/Misc/Mod.seekerz
66c35f85008f562a0ff216e3551c2ef4	1	391134	player	uade	Protracker	0	139000	17848dcc	455245d6	DataFiles/Mods/Misc/Mod.lk
66cfbe0f84e84f9f89e59cc1c1d74e9b	0	53679	player	libopenmpt	Ultimate Soundtracker 1.0-1.21	4	29072	2a213f98	7ac8689c	DataFiles/Mods/Synth/Mod.quiet
677e6d317a5e5e5d489a1763a2792a19	1	301313	player	uade	Protracker compatible	0	209944	3c68194c	a3b6ef8f	DataFiles/Mods/Hits/Mod.el gondor pasa
67b2fc69add2d873928a872d346a4e79	1	282577	player+silence	uade	Protracker	0	570386	9d493683	37722474	DataFiles/Mods/Techn/Mod.meltdown by tkw
680fe4b726bda929cc37af41c07f5872	1	50175	player	uade	OctaMED MMD1	0	69962	759a4a2b	84bafde8	Games/derringdo/derring.m
68a8634a3a646b3b0222cd5c6f71394a	1	282552	player+silence	uade	OctaMED MMD1	0	293534	8e5036c9	1e136e0d	Programs/Music/Edit/Octa5/Modules Supplied by MUG/1
695c22f1650a7fafa800bb89acf9d960	1	174734	player+silence	uade	Protracker	0	112140	34ff8752	29902ac7	DataFiles/Mods/Trash/Mod.mad_gun_kill_again
6a5bcd6319d8f51322cfe022c6d0d868	1	383901	player	uade	Soundtracker II (31 instr.)	0	97336	f0139f5f	f4406551	DataFiles/Mods/Synth/Mod.ddragons2
6a93ed8b57eb79705f7ac926eab420b8	1	84616	player	uade	Protracker compatible	0	181498	1ebd527b	b9fc7ff3	DataFiles/Mods/Hits/Mod.get in to techno
6aaadc8ac3b3015e29b1a081dc24821a	1	151017	player+silence	uade	Protracker	0	67980	6dd325dd	f5e33e58	DataFiles/Mods/Misc/Mod.sonic dreams
6af81d66db7e1e3bc0dee092afe71e0a	1	194050	player	uade	Noisetracker 1.x	0	59060	6782859d	bb65dd13	DataFiles/Mods/Hits/Mod.eye of the tiger
6c895ce3265e3ef296823ebf96e59389	1	169093	player	uade	Protracker compatible	0	106288	420a43ac	b9e0255f	DataFiles/Mods/Synth/Mod.punchsmash
6d8f34a9887aa91811c05fafdc9f696d	1	247641	player	uade	OctaMED MMD1	0	103876	bad7c8d7	9a10e723	Games/MegaBall/MB_Music/Title.tune
6e040a5bc4cb4218a9926bd81115fa47	1	90363	player	uade	Protracker	0	24492	3f5e7d49	cf4be8b1	DataFiles/Mods/Synth/Mod.pc-beat
6e2afd82f626a29cf08550a3ed133455	1	272759	player	uade	Noisetracker 1.x	0	97472	b219c59b	1f1c9d9a	Programs/Communic/Casio_Comm/Modules/Mod.crazycomets
6f40842b04de573e04ba1ed3d427839c	1	181893	player	uade	Protracker compatible	0	253588	6b56aeca	f6bd5c1e	DataFiles/Mods/Misc/Mod.i-have-power
6fa7ca9918b77f6e68c2ecbb737d9818	1	59880	player	uade	Protracker	0	13768	122e3af2	5c7fd098	DataFiles/Mods/Synth/Mod.more satisfaction
6fca7eb0a4db0e42609d9b72d3d83103	1	147765	player+silence	uade	Protracker	0	139824	354ee53f	07c5c3a5	DataFiles/Mods/Misc/Mod.love the 7th wave
6feeefdfa0914e3f8bcf2097382b44d5	1	355869	player	uade	Protracker compatible	0	46882	02d9b448	f3f57ddc	DataFiles/Mods/Synth/Mod.shadow warriors 2
70131c8a74135fc3e870cc87160ca7cb	1	152515	player	uade	Protracker	0	44160	a5087d41	380a7698	DataFiles/Mods/Misc/Mod.chuckrock-title
702cec05c4471ae5e1b1229543b987e9	1	478464	player	uade	Protracker	0	160218	66a02d1e	116f1666	DataFiles/Mods/Misc/Mod.knulla kuk !!!
702cec05c4471ae5e1b1229543b987e9	1	478464	player	uade	Protracker	0	160218	66a02d1e	116f1666	DataFiles/Mods/Soft/Mod.knulla kuk !!!
702f17dd2e75c6a83de906be7a783694	1	184445	player	uade	Protracker compatible	0	72950	f0ec823e	1c265db2	DataFiles/Mods/Hits/Mod.hangar18
70a04be147d56716e17591825d3f2dd8	1	59338	player	uade	Protracker	0	49116	9782afa1	18018352	DataFiles/Mods/Synth/Mod.bse ii
7221f5f1e9007af4958fbdf61851341c	1	107645	player	uade	Protracker	0	50702	a1b12739	09cda268	Programs/Communic/Casio_Comm/Modules/Mod.airline
72410c8c5e4d64da4441f53b76622357	1	251720	player	uade	OctaMED MMD0	0	59330	96096771	508c3a51	Games/MegaBall/MB_Music/MBmus09
726ad964a9b977e8bffca013d7d674a4	1	35968	player	uade	Protracker	0	10414	d0a0c915	044f6975	DataFiles/Mods/Synth/Mod.loneliness
72e381ec8bfe60984d8d01602160240a	1	416523	player+volume	uade	Soundtracker II (31 instr.)	0	308930	3ba2de42	171af8f8	DataFiles/Mods/Techn/Mod.entropy
72edf11dec16e747c3adc94447b9c1e2	1	210374	player+silence	uade	Protracker	0	370804	c82aad74	432da99a	DataFiles/Mods/Techn/Mod.tribeofman
7329247ac188ab350b7457c4bcb5a06c	1	387015	player	uade	Protracker	0	175648	2473d236	45b0cff3	DataFiles/Mods/Misc/Mod.technology
73528d581fa795bc3d3a53c070917ad3	1	169093	player	uade	Protracker compatible	0	67200	440223e6	31ed9038	DataFiles/Mods/Synth/Mod.nurd
7373ea5e4f2a4afb883e0fe7054c5fc0	1	224526	player+silence	uade	Startrekker (4ch)	0	141750	23fe2d18	dfac3a07	DataFiles/Mods/Trash/Mod.ig-metall
737433e23b7228a84a5a050912ebea74	1	195939	player	uade	Protracker	0	174254	645a30ad	a6cf63c1	DataFiles/Mods/Soul/Mod.moondance
7481a038441928026dd0fad69846d1bc	1	174217	player	uade	Protracker compatible	0	64512	a8f62669	8b80d5ad	DataFiles/Mods/Soft/Mod.subspace2
74993b3c87672e367bb40b37871b1010	1	128121	player	uade	Protracker	0	137078	19062d2f	8c1542a0	DataFiles/Mods/Trash/Mod.alternando
75686821180485901ad25b7866ad6f60	1	703339	player	uade	Protracker compatible	0	141118	158e7581	f087a236	DataFiles/Mods/Soft/Mod.prgfunk
75a126f9ec1ea76bfaf1e4cdaf92850f	1	139466	player+silence	uade	Protracker	0	292544	f8050e40	6cce38e1	DataFiles/Mods/Misc/Mod.fuck the norm
76232e1fc5910aa319c744b727704d3e	1	325567	player	uade	Protracker	0	103396	9ff5422f	c8b9ca57	DataFiles/Mods/Misc/Mod.space-song
763b1351a857b3dc62473a8810814dfb	1	85501	player	uade	Protracker	0	11760	a49b49a8	fff9ae0c	DataFiles/Mods/Synth/Mod.calypso-chip
769641679984349f02f771d40efa74da	1	330082	player+silence	uade	Protracker	0	299572	b5715ff2	a7fd7d53	DataFiles/Mods/Techn/Mod.jungletothecore
771f80d19016202c2cce32acf79fe1e7	1	51320	player	uade	Protracker	0	16074	02c4568a	6f955f60	DataFiles/Mods/Synth/Mod.mondaymorning
77b75dae169bcdc016d0cd9cafa1dd25	1	51320	player	uade	Protracker	0	12870	72dc31a0	8007ffbc	DataFiles/Mods/Synth/Mod.mel o'dee i
77b7aa41b77863a7a8a73db04d63f7c3	1	164963	player+silence	uade	Protracker	0	167970	a17dfd39	71b66284	DataFiles/Mods/Soul/Mod.velo matrix
77fe92b72848f31cfb95e0a0f54fb118	1	130693	player	uade	Protracker	0	65822	1d7e52b3	7eb90da5	DataFiles/Mods/Techn/Mod.re-call
78681a7b9c1faae4a66828126153cc95	1	92272	player	uade	Protracker	0	24608	7b9ab0e1	93c36e7a	DataFiles/Mods/Synth/Mod.syfuid.long
78e299d0bf8b2fff45a2a7ec04ddd70b	1	169001	player+volume	uade	Protracker	0	336162	28f7d279	8c6c07a3	DataFiles/Mods/Misc/Mod.out of fashion
78f2befc56382a2c3850f34e3b5de3c7	1	31789	player	uade	Protracker	0	10352	0c953740	1f3b3450	DataFiles/Mods/Synth/Mod.nitromani
78fefa64aeca05e04988d8ee05db6c57	1	237164	player+volume	uade	Protracker compatible	0	132220	d9bbf3d1	5f6e68fc	DataFiles/Mods/Soft/Mod.nescafe
795e37259f15606c86343a002e429de3	1	202396	player+silence	uade	Protracker compatible	0	135136	f02bdf20	572345cd	DataFiles/Mods/Misc/Mod.yello
7996c1e8ff7547e7a39913b1f65207bc	1	89720	player	uade	Protracker	0	16384	2fe1e792	8f2f36b7	DataFiles/Mods/Synth/Mod.short-tume
7a1f350f5ad6d815a9b190d9cbfce5fe	1	250274	player+silence	uade	OctaMED MMD0	0	62354	4b835c5d	1135c148	Programs/Music/Edit/Octa5/MAGICNOISES/TAKE IT SLOW
7a745635e2a00b19d5f1db84abe04d91	1	395053	player	uade	Protracker compatible	0	131486	29fb43d5	32670cf7	DataFiles/Mods/Soft/Mod.polarchase
7b053c9fcb32fa3d051dc80c0f6dbea4	1	215149	player	uade	Protracker	0	20352	d8ffd376	cc28088e	DataFiles/Mods/Synth/Mod.bigger is better
7c5287ea85bd364f761bcdeb3ce898d6	1	202550	player	uade	Protracker	0	33520	dbc08cc2	864df773	DataFiles/Mods/Synth/Mod.wild machine
7c7c58478c670ae01b8f065741b81459	1	128121	player	uade	Protracker compatible	0	105982	4f932849	62194380	DataFiles/Mods/Hits/Mod.all that she wants
7ca6e79be6599e7c42ab8648537d6606	1	182315	player	uade	Protracker	0	604676	ba09b36b	49bbd274	DataFiles/Mods/Techn/Mod.whats up -dancemigs
7cbacbf34ba3fb325ce33174231810e6	1	124202	player	uade	Protracker compatible	0	272322	8ed989c7	d63e112a	DataFiles/Mods/Misc/Mod.Yaunt.longversion
7ce68c053b3d940fb9adcec6075bc40b	1	130693	player	uade	Protracker	0	16728	d95f73df	ec90a312	DataFiles/Mods/Synth/Mod.digital bass-line
7dd0a2465a7079de0767f193dfbfd62c	1	192141	player	uade	Protracker	0	58974	195bdad6	d224e1a0	DataFiles/Mods/Misc/Mod.carvup-title
7deb8041e07e8b289fe6b2d2fb4642cd	0	103686	player	uade	Mugician	0	22286	7912dbb6	d74666e9	Programs/Music/MISC/ExoticModules/DMU.Reinelein
7deb8041e07e8b289fe6b2d2fb4642cd	1	11534	player
7e673a32022782cabb5f6b5232fb1cc9	1	30824	player	uade	Protracker	0	62654	9664012c	b58422a3	Games/DeluxeGalaga/GALAGA.JINGLE1
7f41c99d93370062218b09e525573421	1	290000	player	uade	Protracker	0	253680	122505c7	3979a543	DataFiles/Mods/Techn/Mod.revolution
8094c8e8aa97462d95486f09971c45b1	1	153721	player	uade	Protracker compatible	0	152472	1fb31663	b10676dd	DataFiles/Mods/Soft/Mod.utterly weird
817dcbb7970da2c8ae2a5ae50405126f	1	198226	silence	uade	Protracker	0	230678	b104aedf	d34e3c01	DataFiles/Mods/Soul/Mod.a trip to funkyland
81e6a176a5ce06f0bb280ca5d6959bfe	1	20596	player	uade	Protracker	0	9012	c8afaf81	46c663fb	DataFiles/Mods/Synth/Mod.chipmunks
81eee44d8635c27b4bce6493489c432b	1	134531	player	uade	Protracker	0	145652	b77ee403	ba2aad47	DataFiles/Mods/Techn/Mod.terminal fuckup
829341ca01a10fa529ac005788b5803f	1	46216	player	uade	Protracker compatible	0	55376	776cdd44	4cb4ce69	DataFiles/Mods/Soft/Mod.leander1.1
8364041d99cdda5d45dc1ae7d0d1b1fa	1	115321	player	uade	Protracker	0	22838	581ca60f	6a3fa271	DataFiles/Mods/Synth/Mod.chipsong
8364e5a95e7af76d36ec499c585a6f50	1	87168	player	uade	Protracker	0	11144	a87b6146	1a3e2bc1	DataFiles/Mods/Synth/Mod.hustler.chip
837a8d071e4b03d853e0a4e5a0a6a5ea	1	11654	player	uade	Protracker	0	18388	8ff82e34	ad9ced3b	DataFiles/Mods/Synth/Mod.tix6
8383eb4bb208e2b97b1f8d69f4cd857f	1	98682	player	uade	Protracker	0	12416	10bfe72b	d535d7e1	DataFiles/Mods/Synth/Mod.chiptune-12k
83baa5b47a5ff98f615a3ffc28802f81	1	27951	player	uade	Protracker	0	105592	ce448d59	c861371b	DataFiles/Mods/Techn/Mod.euphoria
84135b215983f2a5adba07ff9ca5e18c	1	138369	player	uade	Protracker	0	134622	866fc82a	941e31a7	DataFiles/Mods/Soft/Mod.lemon soda
8416482fc10f95d112b5a9b50d28b897	1	238197	player	uade	Protracker compatible	0	161922	621a760b	43a947f0	DataFiles/Mods/Hits/Mod.pumpupjam
8423efff375a80f2591ba795133515c2	1	76920	player	uade	Protracker	0	17750	fd739d62	0950dea2	DataFiles/Mods/Synth/Mod.for fun2
84775a2372e4cfb94aef7a146c404d5a	1	320449	player+silence	uade	Protracker	0	377946	b52d7465	e8b68483	DataFiles/Mods/Techn/Mod.pandemic predator
8500e47f317bce108b72b3e7b8a20b37	1	219007	player	uade	Protracker compatible	0	162772	db983a38	26af9e29	DataFiles/Mods/Soft/Mod.scoopex theme
850fdcfadc73bc5e2341bc950af0f85f	1	997298	player+silence	uade	Protracker	0	270688	571b6403	7fdcb8fa	DataFiles/Mods/Techn/Mod.xenologie part 1
85391f45a0ad7cfb612f983822c62595	1	122997	player	uade	Protracker	0	24314	79258cb3	0a22a3c1	DataFiles/Mods/Synth/Mod.city of angels
855663304502cfedc347b946bb809d89	1	30824	player	uade	P40A - P40B - P41A	0	5198	faf1d097	b2544924	Programs/Music/Players/P4xx/modules/P40A.Metr0Mix
85741df69725b6b0f776d912ccda4d17	1	128044	player+silence	uade	Protracker	0	255628	231f07d9	9bf9e7a2	DataFiles/Mods/Misc/Mod.jimi hendrix
8585de114219382430245948d0d8d998	1	65406	player	uade	Protracker	0	12222	7770f6da	baa56570	DataFiles/Mods/Synth/Mod.traek og chip
8604c10f7101101c0da90992fd16b3da	1	82044	player	uade	P40A - P40B - P41A	0	5224	f38076b7	a3b17a44	Programs/Music/Players/P4xx/modules/P41A.Fairlight
865aa84fd5abb80d78720297e454cf2d	1	211409	player+silence	uade	Protracker	0	423046	7538a974	1acddbcd	DataFiles/Mods/Misc/Mod.albanmix
86a49b4523fc6d773f8c54718f4dcb1d	1	179482	player	uade	Protracker	0	104706	4c78b4e6	bb2bb66d	DataFiles/Mods/Trash/Mod.bad_words
86bebab60fce694432c799d58337bc7a	1	188605	player+silence	uade	Protracker compatible	0	161044	ded9cb7e	edc169e8	DataFiles/Mods/Soul/Mod.make your move
875c5fc439054e568bea940cbe67fba4	1	127236	player	uade	OctaMED MMD0	0	159584	b73972e9	1fbc6a73	Programs/Music/Edit/DA/LondonRain.emod
875c5fc439054e568bea940cbe67fba4	1	127236	player	uade	OctaMED MMD0	0	159584	b73972e9	1fbc6a73	Programs/Music/Players/DA2.5/londonrain.emod
877bdf1e2dbfebe3493ce3e4f07e1b01	1	75011	player	uade	Protracker	0	82950	bc6851d4	f20d07bd	DataFiles/Mods/Soft/Mod.trabalash
877bdf1e2dbfebe3493ce3e4f07e1b01	1	75011	player	uade	Protracker	0	82950	bc6851d4	f20d07bd	DataFiles/Mods/Soul/Mod.trabalash
88ed3b89ca693185b9ed467e905684f5	1	76920	player	uade	Protracker	0	10452	94a11a95	86106716	DataFiles/Mods/Synth/Mod.warning sign
8991f908ce160e06c6b8bf8a25435562	1	230541	player	uade	Protracker	0	150562	e4ee912d	a685699b	DataFiles/Mods/Techn/Mod.modulectrix
8a029ac498d453beb929db9a73c3c6b4	1	459436	player+silence	uade	Protracker	0	375630	6e623164	84f03ed1	DataFiles/Mods/Misc/Mod.beatwave
8a1e56bebd0ed0c8e14c19ee5a709ab7	1	24756	player	uade	Protracker	0	8000	b2da212d	3f709f19	DataFiles/Mods/Synth/Mod.mixie mini version!
8a9b3b4d4aeffa1fdd52387a412f12c1	1	278205	player	uade	Protracker	0	324572	90d64007	783c2401	DataFiles/Mods/Techn/Mod.welcome to the futur
8cc4f0ea805d817b901b77042300d1c7	1	119641	player	uade	Protracker	0	110380	416ab85b	3f6591fa	DataFiles/Mods/Techn/Mod.tekno peaks
8cc531c7a712467da8c5563a0aeaf0e6	1	147974	player	uade	Protracker	0	14636	ea3495b6	553b66e8	DataFiles/Mods/Synth/Mod.an1
8e71221964f1074655a6ff2a139086e8	1	103786	player	uade	Noisetracker 1.x	0	58776	b325482b	d40113cf	DataFiles/Mods/Synth/Mod.vampire
8ed6ca0c28ba54091f48675a8a96e129	1	355764	silence	uade	Protracker	0	283550	745dac99	f09a7cef	DataFiles/Mods/Soft/Mod.{{{ the war }}}
8ff264f5f4763c468fd992ac896e91e5	1	169093	player	uade	Noisetracker 1.x	0	54404	3e296281	3cd59edb	DataFiles/Mods/Soft/Mod.twilight warp.jugi
905defe9cfa76598bfd0daeaf9706c49	1	64120	player	uade	Protracker	0	9956	8c0c4191	4fa19d9b	DataFiles/Mods/Synth/Mod.ader{lanternen}
906a6de9ae0335f928303fabd65c6fb4	1	279307	player+silence	uade	Protracker compatible	0	139815	951595cc	91145c64	DataFiles/Mods/Hits/Mod.live to tell
915ca9bedfb0dd98e10aa734d46323dc	1	381410	player+silence	uade	Protracker compatible	0	110236	9ee57ab2	295fc42f	DataFiles/Mods/Soft/Mod.we're the devils
91d74b71f53171701f41a17d5ba0594c	1	76920	player	uade	Protracker	0	10308	aef47193	706cdd0b	DataFiles/Mods/Synth/Mod.disco zax
924b002208e44b39837ff39bd0098a0f	1	46216	player	uade	Protracker	0	16950	a95a7725	26c05595	DataFiles/Mods/Synth/Mod.ice_cloud
9258cd840442bcf8eaa4676dc3162451	1	322693	player	uade	Protracker	0	351546	0516e8a3	b5c68434	DataFiles/Mods/Hits/Mod.das_boot_{tremors}
9258cd840442bcf8eaa4676dc3162451	1	322693	player	uade	Protracker	0	351546	0516e8a3	b5c68434	DataFiles/Mods/Techn/Mod.das_boot_{tremors}
925bec23d1ac51d1c3357a84db5a3f11	1	122997	player	uade	Protracker compatible	0	97584	bd287677	4ea4a671	DataFiles/Mods/Misc/Mod.Yaunt.shortversion
927b0766abe4830b8e62ece8f2035cac	1	206870	player	uade	Protracker	0	101720	9b8784d2	40ca4c27	DataFiles/Mods/Misc/Mod.paradise-party
93b235103485042c3efb84fe5c67edc8	1	350620	player+silence	uade	Soundtracker II (31 instr.)	0	120400	04314538	442129ca	DataFiles/Mods/Soft/Mod.out run
95b6c914384dded28e7db2781121a3d5	1	249285	player+silence	uade	Protracker	0	218778	186e4e09	b0b257a5	DataFiles/Mods/Techn/Mod.dark angels rage
95cda4bb08775973fae2ea02e42810da	1	280837	player	uade	Protracker	0	313430	b2822bcd	c46f49c5	DataFiles/Mods/Techn/Mod.red alert
9611407db37a9608387b5150217add1c	1	84616	player	uade	Soundtracker II (15 instr.)	0	39470	ce89e4f3	c75d0460	DataFiles/Mods/Hits/Mod.tubbells
962f2392fabdb19712e26a74ce61f830	1	176769	player	uade	Noisetracker 1.x	0	78762	7c3c11ac	ed5abca4	DataFiles/Mods/Hits/Mod.edge8
9677a156f21b07f74e6203c45860dbe3	1	253569	player	uade	Noisetracker 1.x	0	150336	126787bf	6c2a3ff6	DataFiles/Mods/Soft/Mod.silhouette
96940e9efbbd6999c2616245dff01e9c	1	30824	player	uade	Protracker	0	8748	446db795	23f003d7	DataFiles/Mods/Synth/Mod.metr0mix
969f67d60ec7402699f74308483deb78	1	130693	player	uade	Protracker	0	213986	db49d89f	70533290	DataFiles/Mods/Techn/Mod.vagina extremus
971d4af9f4d7c94b9bd19237893e5bb2	1	306055	player	uade	Protracker compatible	0	157500	b5f11a67	9fe3a9d0	DataFiles/Mods/Misc/Mod.Beatn_The_Art
97617fecf3276abc67c1a17f65d2bd80	1	286041	player	uade	Protracker	0	150150	6fef3903	300c8d4b	DataFiles/Mods/Soul/Mod.inner_circle
97ed5448dfe91da3d04036d1cf89edc1	1	139393	player	uade	Protracker compatible	0	88596	2570671d	507db08f	DataFiles/Mods/Trash/Mod.trash-collector
98de9c3354bb1dee3fe1f4086a883858	1	87048	player	uade	Protracker	0	302820	14720690	3ff0a7fe	DataFiles/Mods/Misc/Mod.chaos
998a2af1df9d6d213e1f397fa15aa687	1	61568	player	uade	Protracker	0	9062	363d3396	b4295467	DataFiles/Mods/Synth/Mod.virgill-intro2
998fb8fe249f1132c81bb8273de87a67	1	160064	player+silence	uade	Soundtracker II (15 instr.)	0	95294	556a0330	acd9dfd7	DataFiles/Mods/Synth/Mod.megaf
99cd4ef2438e3d24e631f4449e988dad	1	41072	player	uade	Protracker	0	7750	765915e3	9d211b58	DataFiles/Mods/Synth/Mod.hulk hulk!!!!!!
9b224aa43dea721f13fc5b508ff0c18c	1	216133	player	uade	Protracker compatible	0	189738	ba9746ba	0255bd95	DataFiles/Mods/Soul/Mod.wir happy hippos
9c4ee33a7df24524eebcd6a78317778a	1	276597	player	uade	Protracker	0	87776	8f84b758	f5390882	DataFiles/Mods/Misc/Mod.agrometrical dream2
9d5c5b255f203300c77a05b13e0f735e	1	302539	player	uade	Protracker compatible	0	158526	3153af37	3807b3ce	DataFiles/Mods/Soft/Mod.progressive-funk
9d5c5b255f203300c77a05b13e0f735e	2	260401	player
9e50d0191164aa51e2095383550b4e50	1	107323	player	st3play	Scream Tracker 3.00 (SB)	5	97332	8903009d	dca80670	Programs/Music/Players/PS3M/mods/PARTY2.S3M
9ed5b7b4ba9b7e78e1aa4027257e441b	1	63477	player	uade	P40A - P40B - P41A	0	18180	d223d776	6246838b	Programs/Music/Players/P4xx/modules/P40A.Stellar8
9f136d042b5c88d6a5c9ee66b42f26c2	1	81723	player	uade	Soundtracker II (15 instr.)	0	55450	bc510fae	6f3738df	DataFiles/Mods/Soft/Mod.airborne
9fd352d12562e2f6d37ae373dd543bed	1	60986	player	uade	OctaMED MMD0	0	32438	7843a3b0	4dcea48e	Programs/Music/Players/Edplayers/DemoSongs/MusicBox2.pp
a0f5b243d2969380dc36205170a7ee0f	1	61568	player	uade	Noisetracker 1.x	0	31562	bf503d0f	3ecffae0	DataFiles/Mods/Hits/Mod.pump up the jam
a1b31acee5f6e3e76f5e98ee829128df	1	61568	player	uade	Protracker	0	8000	042a3912	4cfb3914	DataFiles/Mods/Synth/Mod.an6
a232f709a27bebb98c13f4e01f64bf68	1	305131	player	uade	Protracker compatible	0	126348	99c13802	9558c470	DataFiles/Mods/Misc/Mod.Clear-a-zill
a29de6a32c403dd13f5c78787018d6bf	1	21721	player	uade	Protracker	0	14014	d67ce6f1	5526fa85	DataFiles/Mods/Synth/Mod.an5
a4441ba94cda373eb30d5d36c460cd7b	1	229034	player	uade	Protracker	0	19854	b280dcb6	8cbedf55	DataFiles/Mods/Synth/Mod.marty mania i
a61a2a5f4cc7ca30fce1d3c8d4599cb9	1	204292	player+silence	st3play	Scream Tracker 3.01 (GUS)	16	111829	d4c6200b	8ce97e1b	Programs/Music/Players/PS3M/mods/50000mhz.s3m
a6440026742719775f9584b7eadd3e07	1	230955	player+silence	uade	Protracker	0	145294	44b7e2d0	3bbe83d2	DataFiles/Mods/Misc/Mod.optimum fuckup
a65959fb9b8e31371390ed00b0a4a839	1	192141	player	uade	Protracker compatible	0	72916	b309f6bb	9473d4c1	DataFiles/Mods/Hits/Mod.modeldis
a686f505d61615cfd9f608a1eda1795a	1	159589	player+silence	uade	Protracker	0	89444	ffaad3e0	630999ae	Programs/Disk/Copy_Utils/CopyC_DEMO/mods/mod.copy-c_song.pp
a7a6904a820d4c07a2055224d025a5c3	1	61568	player	uade	Protracker	0	30682	f62dc6ee	5ae0a30e	Games/Scorched_Tanks/mod.ari-san<crossroad>
a7a6904a820d4c07a2055224d025a5c3	1	61568	player	uade	Protracker	0	30682	f62dc6ee	5ae0a30e	Games/Scorched_Tanks/mod.horizons'edge
a8612d452b56b92f996f4d8aae0eaac0	1	250671	player+volume	uade	Protracker	0	197038	479acfcd	1c3438ea	DataFiles/Mods/Soft/Mod.desert dream-titel
a923366efa8f61edebdf5b471dd1c992	1	69224	player	uade	Protracker	0	79758	3e5ce544	42b5cdc1	DataFiles/Mods/Misc/Mod.sheiscoming
a9405964cc276b316bba6976f7539f38	1	374275	player	uade	OctaMED MMD0	0	48406	ddaa2cba	8bba9a69	Programs/Music/Edit/MED3.22/demos/Synth-a-sysmic
a95431360524046c56ac49735374d69d	1	25720	player	uade	Protracker	0	8528	b121a33f	0e41fdc1	DataFiles/Mods/Synth/Mod.microforce-intro1
a9a8b317f5f3ef7e36f25e98b308b400	1	462449	player	uade	OctaMED MMD0	0	53124	c698e055	d01fdab2	Programs/Music/Edit/MED3.22/demos/stärkelsesirap
aa4f0d57cbfbf5025e22a78e8974ec7c	1	247780	player+silence	uade	Protracker	0	186886	00159b7a	8390cbb5	DataFiles/Mods/Misc/Mod.schizofrenetic{int}
aa76063c24d5d8db1f6a7de0e7d86db3	1	123057	player	uade	Protracker compatible	0	93338	03bcd140	03bc44bd	DataFiles/Mods/Misc/Mod.More.pills.please
ab118e9c6d5f34cef6b51cc2bbccc697	1	259716	player+silence	uade	OctaMED MMD1	0	97632	cacf74a6	30a81ba5	Programs/Music/Edit/Octa5/Modules Supplied by MUG/2
ab9c37ee8cb51d4a1e4c9c1c9abd0640	1	146045	player	uade	Noisetracker 1.x	0	55862	5aed8ccc	71e26dd3	DataFiles/Mods/Synth/Mod.tennis
ac017f878d11fbc3e814aba7819507c7	1	207918	player+silence	uade	OctaMED MMD0	0	120142	2a790f94	3074259d	Programs/Music/Edit/Octa5/MAGICNOISES/HAPPY HOUR
ad66606427f11d5a35bf9a78cbb49dfa	1	287408	player	uade	Protracker compatible	0	207454	f263ed04	36059ada	DataFiles/Mods/Hits/Mod.toms diner
adc58517b999ce202f5961dc571b8706	1	41072	player	uade	Protracker	0	18128	58038f74	74872549	DataFiles/Mods/Synth/Mod.rocker-focker
ae451c79c87c42abfa90a0028f79b534	1	292552	player	uade	OctaMED MMD0	0	109692	2fb5fe45	edd230a1	Games/AmigaBoulderDash/abd.mod
ae5660aa88483a3cabbc5c264a4bd451	1	76920	player	uade	Protracker	0	14806	e303c2c1	5bd96fb4	DataFiles/Mods/Synth/Mod.hotwires
ae6225175debf8f1771700a51402b815	1	210487	player	uade	Protracker	0	164018	997d971c	03f2d6f2	DataFiles/Mods/Misc/Mod.bladeraver
aeab35c58886b696db4ff9c473abf432	1	243234	player+silence	uade	Protracker	0	213682	a36e00ed	b5974488	DataFiles/Mods/Misc/Mod.suffocate
af6fd7334dbfa7098cf72a9e6fe98384	1	155650	player	uade	Noisetracker 1.x	0	70772	26deb3b2	2684b1a7	DataFiles/Mods/Hits/Mod.marina-marina
af81f0e03219a54cbc6d8b539955474d	1	107645	player	uade	Protracker	0	12864	8a4d07f1	9df2989f	DataFiles/Mods/Synth/Mod.it's grim up north
afdb46deff8e7f91442c54097fbe4366	1	334837	player+silence	uade	Protracker	0	143070	bf8cc034	bcad82aa	DataFiles/Mods/Misc/Mod.hardcore
b0a456e6ac3c98519b2b935d9e1fd4c9	1	205839	player+silence	uade	Protracker	0	320566	9cf1469e	e4c2c3e2	DataFiles/Mods/Hits/Mod.c&c.musicfactory
b10c1d35309d1f3a42b920adeb3bc666	1	61568	player	uade	Protracker	0	84984	37051676	6905ed9a	DataFiles/Mods/Techn/Mod.drave
b11e9b008dbbb4ffe1004c8ec8ea0cd9	1	41072	player	uade	Protracker	0	11846	e55c5fe4	44bc4a5d	DataFiles/Mods/Synth/Mod.intro-tune
b15b665f9e39c06dbea952b8306efab7	1	195959	player	uade	Protracker compatible	0	295691	711accb6	b4e0d334	DataFiles/Mods/Hits/Mod.orinocco rave
b1c2cd174f22953199e056a734c6f142	1	142709	player	uade	Protracker	0	24148	fc481af2	f7c3fc8f	DataFiles/Mods/Synth/Mod.rendezvous 92{u}
b1c7e6f7320e0bea46eeb1da75e9309e	1	191789	player+silence	uade	Protracker compatible	0	166654	b0042b98	9bc5ecfa	DataFiles/Mods/Hits/Mod.wild thing
b1e2d318c1a1164e23419dea3904e248	1	99968	player	uade	Protracker compatible	0	103516	0d4f1373	16c64a29	DataFiles/Mods/Misc/Mod.Le_Grind
b21f144bf5f4452d75889f4e1de91291	1	149883	player	uade	Protracker	0	78810	6769c57f	a4ad8ee0	Programs/Communic/Casio_Comm/Modules/mod.Super Cauldron
b2644d60dee0bdab3aa3d802c268b1b0	1	222845	player	uade	Protracker	0	130006	23939102	987611a9	Programs/Graphics/GenLock/videoWorkshop/MOD.ELYSIUM
b2abbb10522ff30005c2c5b5550761a0	1	219328	player	uade	Protracker	0	78606	e717cd5f	73b079d2	DataFiles/Mods/Soft/Mod.twilightdreams
b2f1e9b3564e29587aa0516ae106cf78	1	276597	player	uade	Protracker	0	116426	acfc102d	6be81a2b	DataFiles/Mods/Misc/Mod.px.bladswede remix!
b36695e3581e34cff82828ff6c95e9be	1	217098	player	uade	Protracker compatible	0	164566	d43464b9	db43bc6d	DataFiles/Mods/Soft/Mod.jum-hop of stranger
b3c81bb8e3c4f0ad98e6d45120ddc62b	1	166030	player+volume	uade	Protracker compatible	0	87580	024e4416	acc44bf8	DataFiles/Mods/Hits/Mod.equinoxe2
b425caa42c329b90d0628804741bc041	1	96130	player	uade	Protracker	0	23846	04ef3cbb	b570687c	DataFiles/Mods/Synth/Mod.i vote 4...{2nd v.}
b43f27a841f21002dac064d599e6d00a	0	0	nosound	uade	Martin Walker	0	56857	a622c2b2	e0c2043e	Programs/Music/MISC/ExoticModules/MW.LoVmusic
b43f27a841f21002dac064d599e6d00a	1	0	nosound
b43f27a841f21002dac064d599e6d00a	10	31467	player
b43f27a841f21002dac064d599e6d00a	11	33175	player
b43f27a841f21002dac064d599e6d00a	12	26805	player
b43f27a841f21002dac064d599e6d00a	13	26805	player
b43f27a841f21002dac064d599e6d00a	2	61970	player
b43f27a841f21002dac064d599e6d00a	3	7595	player
b43f27a841f21002dac064d599e6d00a	4	7696	player
b43f27a841f21002dac064d599e6d00a	5	6852	player
b43f27a841f21002dac064d599e6d00a	6	7816	player
b43f27a841f21002dac064d599e6d00a	7	7696	player
b43f27a841f21002dac064d599e6d00a	8	3737	player
b43f27a841f21002dac064d599e6d00a	9	964	player
b552891f13ee4c4740d6d13e047c2075	1	58213	player	uade	Protracker	0	31934	3780cebb	b781c9a0	DataFiles/Mods/Synth/Mod.it's phenomenal
b5609d5dcc2406454bd8c9647a72aeca	1	119179	player	uade	Protracker compatible	0	234840	e46f51d0	e16dc7ca	DataFiles/Mods/Soul/Mod.funky cold medina
b5b3256cb4fda6c2517a6775271dbc86	1	38520	player	uade	Noisetracker 1.x	0	27956	1b8fbb62	c9d50012	DataFiles/Mods/Synth/Mod.tristar01
b667369ace126c6ec2d03043604444a7	1	218987	player	uade	OctaMED MMD1	0	307918	14f9e126	df68d400	Games/REKO-Productions/MUSIC/Default.MUSX
b69d09e0c1d418c4abf6984c4a004e90	1	76920	player	uade	Protracker	0	30524	d9adebc4	c4ea60a1	DataFiles/Mods/Synth/Mod.menumusic.3{nuke}
b6abfda016930dbf8867728cbba2cb38	1	401503	player+volume	uade	Protracker	0	403192	e4fc1eda	a29f2d17	DataFiles/Mods/Soft/Mod.want my love {512k}
b6e456ae1a3d93cd9969ce9bdc76f0de	1	53872	player	uade	Protracker	0	7670	25f4694b	7e43e1f8	DataFiles/Mods/Synth/Mod.piknukipale
b729e15531a4a20898c97758a0590473	1	293255	player	uade	Protracker	0	124848	77874193	123e0c88	DataFiles/Mods/Soft/Mod.rainfall fab cj
b7989afe7d71f47ea1ad0c402aebaf3e	1	220886	player+silence	uade	Protracker compatible	0	191104	1948f5fc	e5961f9d	DataFiles/Mods/Misc/Mod.bar-brian
b79e2aad920f620248987ebfbd9ff463	1	121610	player	uade	OctaMED MMD0	0	33808	fe92d32b	0c832d88	Games/spacetaxi/data/spt.cia
b79e2aad920f620248987ebfbd9ff463	2	39023	player
b79e2aad920f620248987ebfbd9ff463	3	7615	player
b79e2aad920f620248987ebfbd9ff463	4	3757	player
b79e2aad920f620248987ebfbd9ff463	5	25057	player
b7a9985e4c5a9a3e9758257317bf3c42	1	170580	player	uade	Protracker	0	197674	235874d0	f91d0351	DataFiles/Mods/Soft/Mod.yoafrica-dia
b7f11c190b1f451c28ff597a4d1b11fc	1	197888	player	uade	Protracker	0	282372	cb9b816d	58242695	Programs/Music/Edit/IceTracker/icetracker11.dms/modules/mod.bass'n tek
b7f11c190b1f451c28ff597a4d1b11fc	1	197888	player	uade	Protracker	0	282372	cb9b816d	58242695	Programs/Music/Edit/IceTracker/modules/mod.bass'n tek
b8264b1aec201b16650ec1db2ce67636	1	140278	player	uade	Noisetracker 1.x	0	48082	d3d03dda	342be6b9	DataFiles/Mods/Hits/Mod.don't go
b879ed3a6fdc06096404eda0fae6388d	1	285701	silence	uade	Protracker	0	151698	93cdfc9e	af6b2446	DataFiles/Mods/Soft/Mod.overture
b8bb344a03f8c867b0cb84fe1de6948d	1	69646	player	uade	OctaMED MMD1	0	77600	8c5125e7	fac8343f	Games/MegaBall/MB_Music/ExtraLife.tune
b8c023032577804626811b2f4a6bef8b	1	288171	player	uade	Protracker compatible	0	109936	ea80e35d	6e5900a8	DataFiles/Mods/Synth/Mod.fun
b9cedad44c8f3946e80f72e71916e971	1	245893	player	uade	Noisetracker 1.x	0	157256	b08fdebf	c459f99a	DataFiles/Mods/Soft/Mod.italohouse.1
ba46fc34b3f13514e6d3d19b82de3809	1	423893	player+silence	uade	Protracker	0	316126	5ac90d97	790ec604	DataFiles/Mods/Techn/Mod.temporal modulus 2
ba94f452346b4ea437d0980f014228b6	1	169575	player	uade	OctaMED MMD1	0	61658	7a5c5c01	d2d98415	Games/MegaBall/MB_Music/MBmus06
ba9cd7ebe9653b44bd1ee9f934459208	1	286865	player	uade	Protracker	0	144876	57cc4228	49acf59b	DataFiles/Mods/Soft/Mod.desert dream-end
bac0e0462bdd76feb9d0c393feb35fcc	1	92272	player	uade	Protracker	0	16976	2e88ab8e	903159d6	DataFiles/Mods/Synth/Mod.secret gardens
bb0ad24296a47c58520c338c7cd126c3	1	632023	player+silence	uade	Soundtracker II (15 instr.)	0	113280	768a36dc	23a6f828	DataFiles/Mods/Hits/Mod.axel_f
bbaf4f4b1ba9686800dc65ef458bf59a	1	313088	player	uade	Protracker	0	131388	a58167bd	8c607a1a	DataFiles/Mods/Soft/Mod.monkeydroid
bbdd95963710615c31b7c329b233aa43	1	192020	player	uade	Protracker	0	50000	14c4ab58	90ecfd33	DataFiles/Mods/Soft/Mod.magic melodie 2
bd091394e169a0a8f8ed6dc268c8678b	1	92272	player	uade	ProRunner 2.0	0	49930	9b8bab0c	21fbdd68	Programs/Music/MISC/ProRunCrack/snt.ExoticIntro
be2bafaf5a9d5415e1b15ee0f95b315f	1	140921	player	uade	Protracker	0	77458	a8a5b6fe	874667fb	DataFiles/Mods/Synth/Mod.chip.porph
be395eb4d26df799883b3336e1d7563a	1	82366	player	uade	Protracker	0	9968	99afe77b	ef380de2	DataFiles/Mods/Synth/Mod.mental madness
be75ee0e30a30cda44f182d6c5f2f85b	1	115321	player	uade	Protracker compatible	0	92476	bab8581a	410ee3a7	DataFiles/Mods/Soul/Mod.funky melodyz iv
bf9b5ad5a7750e279184d92e942305e2	1	245893	player	uade	Protracker compatible	0	69424	e286b320	e30dab65	DataFiles/Mods/Synth/Mod.crystalhammer
bfeea3820669eb420caf974f2a68be47	1	138369	player	uade	Protracker	0	15410	6b321283	a00926be	DataFiles/Mods/Synth/Mod.super mario land
c07a358a47482d4c02ec9a0c60a89277	1	215149	player	uade	Soundtracker II (31 instr.)	0	95464	d6f99115	f3d6e347	DataFiles/Mods/Hits/Mod.lessons in love
c08306ceac4b5bda5067209fb90f13c9	1	179160	player	uade	Protracker	0	234578	0117d668	74cb4509	DataFiles/Mods/Soft/Mod.bag rasta
c12fa92e1cf17084bc27c4ddd83c4469	1	258774	player	uade	Protracker compatible	0	169428	2bb212bb	f2a91fe3	DataFiles/Mods/Soft/Mod.expressions
c2d864e628141c8fcee5e7ee772b1bf1	1	184445	player	uade	Protracker	0	186692	5c59c4f0	ffcea582	DataFiles/Mods/Soft/Mod.visitors
c300017ac9411a874f590a015f4245c0	1	61568	player	uade	Protracker	0	9808	ce2fbf71	179b6200	DataFiles/Mods/Synth/Mod.intromuz-4.hb
c32cf027560d55bcedaaccbd564c089f	1	334840	player+silence	uade	Protracker	0	217338	9a7f5a9c	efd48f84	DataFiles/Mods/Soft/Mod.all the way
c405a5e20212c4be5018f2c2db6fb7ba	1	272025	silence	uade	Protracker	0	296372	31199d86	ad1de8d0	DataFiles/Mods/Misc/Mod.tekknological
c4297b943fed1011347e1e66e2d911db	1	46216	player	uade	Protracker	0	10486	44dd7ea0	547918da	DataFiles/Mods/Synth/Mod.a10
c494bfe79f3f56b35b55cc602f5e7a33	1	122997	player	uade	Noisetracker 1.x	0	50632	7cbbae36	70bc9ca2	DataFiles/Mods/Soft/Mod.sky.myamigaisdead
c5115eac5dd3b17bbc4ed107e4509fba	1	203715	player	uade	P40A - P40B - P41A	0	54192	b9ea2a80	9098a3d1	Programs/Music/Players/P4xx/modules/P40A.Stella
c564afc4bb79b7260e46e01dc60b8e6c	1	174197	player	uade	Startrekker (4ch)	0	71508	419f753a	8bc7daa7	DataFiles/Mods/Synth/Mod.dontcare
c568de8a181432f1ac116560b2e3fef7	1	71816	player	uade	Protracker	0	31252	29bcfc06	61ebec5a	DataFiles/Mods/Synth/Mod.gyroscope
c59868052c4d0caa128907dbda639ad2	1	69224	player	uade	Protracker	0	23760	4fb37dec	296d4f64	DataFiles/Mods/Synth/Mod.cool tune
c6dcd264c7dc51156e8b1338dee7a74c	1	138369	player	uade	Protracker	0	20514	d73b57c9	66f393c1	DataFiles/Mods/Synth/Mod.an3
c6fb41f94bcc7aee78a37f909676a47d	1	84616	player	uade	Protracker compatible	0	48884	01d6326f	0fb76168	DataFiles/Mods/Soft/Mod.sleep
c77963d98ce7a7799d7c82fd4cae2285	1	151370	player+silence	uade	MED4 (8ch)	0	115316	0c722244	d19860be	Programs/Music/Edit/OctomedV2/Demos/Esc2Heaven
c7d3317191b18ca1b64c8c8de8ad72c8	1	83330	player	uade	Protracker	0	15202	0f461692	f3c5139d	DataFiles/Mods/Synth/Mod.intromuz-1.hb
c7e60c71eabf7580f54db9708e0c3001	1	222845	player	uade	Noisetracker 1.x	0	98818	5565ced1	b67fe1a0	DataFiles/Mods/Hits/Mod.fourth redez-vous
c7ec427d1f2b618fc74eef16883c5a82	1	237378	player+silence	uade	Protracker	0	161930	a69e3fa6	a9d12b0a	DataFiles/Mods/Soul/Mod.axel goes funkey!
c81fd454190f41def49198717ea0aea9	1	258613	player	uade	Protracker	0	139772	b9b3be6f	faa3c322	Programs/Communic/Casio_Comm/Modules/mod.darksun's number 3
c849a21157155a6eb2b93fd137d9feb7	1	38520	player	uade	Protracker compatible	0	5656	ede26019	d4a3d9e9	DataFiles/Mods/Synth/Mod.supershort
c97f69f7d95b7141547faa0d32cf5c2b	1	414806	player+silence	uade	Protracker	0	165182	6ed8a251	e836608d	DataFiles/Mods/Soft/Mod.vcc+gigicar 1989 !!
cb34c66f58ec486554549de0e094889c	1	204941	player	uade	Noisetracker 1.x	0	79606	f1723719	8ef9977b	DataFiles/Mods/Hits/Mod.crockets theme
cc2060b82718b6620aebd1a9620cd216	1	123921	player	uade	Soundtracker II (31 instr.)	0	64316	527fce72	fc2e3a43	DataFiles/Mods/Hits/Mod.just the way
cc46752a2b951b9ddcbb4baca6cbc3b8	1	185289	player	uade	Protracker	0	452356	bdd32a9d	723d51b4	DataFiles/Mods/Trash/Mod.death in your ass
cc8e8c101bd30486358ef81096b695e2	1	161397	player	uade	Protracker	0	196812	28167706	6b24696b	DataFiles/Mods/Soul/Mod.cloud jumpin'
ccd70694bbca71334fa9aa78fd70dd07	1	490386	player+silence	uade	Protracker	0	232518	c0c583d3	59c2c127	DataFiles/Mods/Techn/Mod.cofw
cdd7ee4d1b35fe9dd8e431a69d1a3a89	1	44910	player	uade	Protracker compatible	0	24880	e085c99c	6d6a50af	DataFiles/Mods/Synth/Mod.roboingame
cdebd984b183f41f1ee180339a3d8377	1	19310	player	uade	Protracker compatible	0	32256	b4b8b829	79922dff	DataFiles/Mods/Soft/Mod.introkiller
cef73c3370296940d312d2478c6a2d01	1	107645	player	uade	Soundtracker II (15 instr.)	0	54704	06aa9a3a	f44a85cb	DataFiles/Mods/Synth/Mod.song2
cfe70c3df6f853a4b846db4821f9fdc8	1	153160	player+silence	uade	Noisetracker 1.x	0	71518	95e62402	c053a6ea	DataFiles/Mods/Hits/Mod.oxigen
d009f92e7cd5335bcc8524f738fd8924	1	183480	player	uade	Protracker	0	29446	e59a7c2d	42b68a86	DataFiles/Mods/Synth/Mod.turrigol
d037db405a142c8469526b044c59dd89	1	388277	player+silence	uade	Protracker compatible	0	190306	b78b96cb	1823ced5	DataFiles/Mods/Hits/Mod.abacab
d18c7f795ff2972bb97899c593f9bd12	1	362741	player	uade	Protracker	0	98678	2bb73093	b2dec894	Programs/Communic/Casio_Comm/Modules/mod.garbage collection
d18c7f795ff2972bb97899c593f9bd12	2	362741	player
d18c7f795ff2972bb97899c593f9bd12	3	366579	player
d194de6760c340117370ff93312878d8	1	19310	player	uade	Protracker	0	2124	c47c9d75	c38cedf3	DataFiles/Mods/Synth/Mod.vbl_suxx
d199c7ce6ab9487b4ea15bc171ea7651	1	77885	player	uade	Protracker	0	16702	8c0d403c	52b9e45f	DataFiles/Mods/Synth/Mod.scales of joy
d207fb646d205396fbf384e3318f0b4c	1	135334	player	uade	OctaMED MMD1	0	335074	2cda7177	acfac085	Games/REKO-Productions/MUSIC/Intro.MUSX
d20dcf91093f6d22701b095cf2bd411d	1	476294	player	uade	Protracker	0	135678	3a61b2a9	a22068a8	DataFiles/Mods/Misc/Mod.decore
d24815fc7aa21ad019a04867d38e3223	1	51320	player	uade	Protracker	0	7448	6162910e	52ddb305	DataFiles/Mods/Synth/Mod.smallish.b_iv+
d2de04b27306e66f1df0f20228191d46	1	162205	player+silence	st3play	Scream Tracker 3.01 (GUS)	16	271426	1a2fd260	f1b68ec1	Programs/Music/Players/PS3M/mods/devil.s3m
d4520574dc1c0b89013d5c5594e165b3	1	192786	player+silence	uade	OctaMED MMD0	0	81002	fd35020e	2461f19c	Programs/Music/Edit/Octa5/MAGICNOISES/MAGIC NOISES
d54403a9eb8c320ca9b891022fc5dc2f	1	84616	player	uade	Noisetracker 1.x	0	17128	35caad0e	c9d92a3f	DataFiles/Mods/Synth/Mod.prelude
d569d0bb976a3f07a54094aab7178c9e	1	572586	player	uade	Protracker	0	215784	e10b074c	2324feba	DataFiles/Mods/Hits/Mod.1960's
d59a4bb3b5bc902b01d153e1d983e0f2	1	115321	player	uade	Soundtracker II (15 instr.)	0	60558	a64d02fb	dee1c5bf	DataFiles/Mods/Hits/Mod.kyliemix
d70c817aab079088d3ce706708d02b34	1	130693	player	uade	Protracker compatible	0	63360	1c042cb4	a8b13443	DataFiles/Mods/Synth/Mod.dugger mixxx
d719589aab37d3d6b47d05b5febe987c	1	140921	player	uade	Protracker	0	106646	717b943c	2be97d0c	DataFiles/Mods/Soft/Mod.the last one
d73e5aa1c13a4d7175ee10d165e508d9	1	233177	player+silence	uade	Noisetracker 1.x	0	43296	aa9f6113	46cde8e5	DataFiles/Mods/Synth/Mod.moi
d76aa6567ed3d7ff8eb9fec91fe40055	1	315284	player+silence	uade	Protracker	0	416768	d308b72b	b8a6c904	DataFiles/Mods/Techn/Mod.reincarnation
d7a625d58c05c7ca54108fadd19f9b91	1	38520	player	uade	P40A - P40B - P41A	0	46640	ab29571b	e842dd61	Programs/Music/Players/P4xx/modules/P40B.Cipher
d7d6954f7a8844ef2c701e63d3e8b522	1	162281	player	uade	Protracker	0	124032	b16b5e16	dddaecce	DataFiles/Mods/Misc/Mod.{{{ street gang }}}
d94042746e27e0f7755f9f580f555310	1	48085	player	uade	OctaMED MMD0	0	58610	85257150	e8577e7e	Programs/Graphics/Edit/KidsPaint/bog
dab16800801913a19001f218d053ab49	1	184445	player	uade	Protracker compatible	0	79928	707478d4	c276a155	DataFiles/Mods/Synth/Mod.third dimension
db842d7f83848f45f2a29e31d5953cc1	1	83303	player+volume	uade	Protracker	0	82546	889b71d7	0ff0d90d	DataFiles/Mods/Misc/Mod.flashback-options2
db8fef87cbd2e500be4314b8dbf89746	1	122997	player	uade	Protracker	0	10808	a8125ea1	44cc8258	DataFiles/Mods/Synth/Mod.yellowcandy
dc43b3cd40b2515d1ab8f79e82104238	1	134531	player	uade	Protracker	0	57150	12637ea0	88c886a4	DataFiles/Mods/Misc/Mod.camels from space
ddc739d69f400bcc6a35680a7d5c63f0	0	0	nosound	uade	Martin Walker	0	71263	95c8323a	73d13692	Programs/Music/MISC/ExoticModules/MW.BRITISH
ddc739d69f400bcc6a35680a7d5c63f0	1	0	nosound
ddc739d69f400bcc6a35680a7d5c63f0	2	151028	player
ddc739d69f400bcc6a35680a7d5c63f0	3	46799	player
ddc739d69f400bcc6a35680a7d5c63f0	4	58635	player
ddc739d69f400bcc6a35680a7d5c63f0	5	37817	player
ddc739d69f400bcc6a35680a7d5c63f0	6	56726	player
de3d694561fd6755ca76fe0cb8fca5c9	1	450699	player+silence	uade	Protracker	0	227558	fce069a1	3394ae47	DataFiles/Mods/Techn/Mod.techno-house-party
de50693a4dbd1c74d10f948acb5e58a7	1	122997	player	uade	Protracker compatible	0	191824	63d257f6	07de1947	DataFiles/Mods/Misc/Mod.wheels of steel
de6330bc4835fff829e59fc507f82dbb	1	138369	player	uade	Protracker compatible	0	26534	7ff28b63	7fada3ce	DataFiles/Mods/Synth/Mod.short
de7ccfbea8fbe9f0feba06d49ea9ee87	1	438035	player+volume	uade	Protracker	0	417010	b0a7b94b	da3d2630	DataFiles/Mods/Hits/Mod.rhythm is a dancer
df006f0a3147d9dc8c809153fce38d1d	1	391818	player	uade	Protracker	0	113928	ee054615	18a24157	Games/DeluxeGalaga/GALAGA.MUSIC
dfb7a10cce73a1ae416b88c37e60d000	1	221177	player	uade	Protracker	0	114108	3fd89bea	7dfd486e	DataFiles/Mods/Soft/Mod.d.o.s theme-1
e036ae85472a70be8523261dfb9bf9fa	1	84616	player	uade	Protracker	0	11924	d2b868c7	6429a3ac	DataFiles/Mods/Synth/Mod.doubled up
e09abf36f5a3bf5821f0f51245a7687a	1	203635	player	uade	Protracker	0	180446	87d30f49	510d14fd	DataFiles/Mods/Misc/Mod.madhouse jazz
e2746a39258d05cf92e26aabaa125fb9	1	202935	player+silence	uade	Protracker compatible	0	133642	45058325	248d1ffe	DataFiles/Mods/Soft/Mod.nightfly
e2ffc2d6e71c16a13a3dc03c995a1736	1	111483	player	uade	P40A - P40B - P41A	0	89646	1f0e28a6	36889d66	Programs/Music/Players/P4xx/modules/P40B.WDI.pp
e3d3d2297db2aee5e477055743cea8eb	1	253569	player	uade	Soundtracker II (15 instr.)	0	75908	7bf8f518	02901e9b	DataFiles/Mods/Synth/Mod.alliance
e43989a90954409f5df5f2293cbf0842	1	217098	player	uade	Protracker	0	158740	319cd3b0	faf16ee9	DataFiles/Mods/Misc/Mod.jum-hop of stranger
e5bdc7692707f8eab94eb2f33b21479b	1	115321	player	uade	Protracker	0	16782	bff9532d	235e3cfd	DataFiles/Mods/Synth/Mod.'s-ram-hot
e70cbe4322c46feb87ad13a3c42e5b7a	1	148134	player	uade	Protracker compatible	0	66774	2b9ac3e2	0e78ae18	DataFiles/Mods/Misc/Mod.super-baz +
e7c6148ceb3c40acd18d3d007f2d4af2	1	116586	player	uade	Protracker	0	23010	b4289398	06c6df0d	DataFiles/Mods/Synth/Mod.pl-selector_tune
e908a60d861f612a85d4d64f48fd579e	1	23168	player	uade	Protracker	0	7690	89a207c4	ecc81dd2	DataFiles/Mods/Synth/Mod.dreamland
e909273c30d78689c1bbae9a3010b2c5	1	130693	player	uade	Protracker compatible	0	196304	2757aded	4b3aa9ec	DataFiles/Mods/Soul/Mod.funky melodyz iii
e9249209e3fd6f0c4709cbe5d5481170	0	184344	player	uade	Synth 4.0	0	26158	326ff3c4	d8fe7f2b	Programs/Music/MISC/ExoticModules/SYN.Fairlight
e961dcab54657df08467feff9cdd07a3	1	15472	player	uade	Protracker	0	7644	a7a01852	e436b146	DataFiles/Mods/Synth/Mod.microforce-intro4
e97e5f234c776b88aa0d0079a62eaafd	1	188042	player	uade	Protracker compatible	0	89804	b6db8320	7805958d	DataFiles/Mods/Misc/Mod.Italiane.spetziale
e9f6b68a72176f8a64bd7e91c081ff91	1	234218	player	uade	Protracker	0	256274	5bf9a6f2	6993bd78	DataFiles/Mods/Techn/Mod.underground
ea125c0e0ce47171b0105b48a525a198	1	78307	player	uade	Protracker compatible	0	55620	0eda6bf7	0cb1f04e	DataFiles/Mods/Techn/Mod.secret techno
ea24fca18214b6d2d13174f73482f8e4	1	184445	player	uade	Protracker compatible	0	155514	bf8581d9	29360b3d	DataFiles/Mods/Techn/Mod.theory
ea5b42cc67f35a2cdb9a1a0943363a75	1	439381	player	uade	Protracker	0	225610	b42b3b4d	fd33fd9a	Programs/Graphics/AnimTools/VideoTracker/Modules/mod.real nightmare.klr
ea5df69bd2654efd8d3db5356cd6c028	0	121610	player	uade	David Whittaker	0	47632	5bb713b0	0f683e22	Programs/Music/MISC/ExoticModules/DWOLD.ArmyMoves
ea5df69bd2654efd8d3db5356cd6c028	1	103706	player
ea5df69bd2654efd8d3db5356cd6c028	2	924	player
ea5df69bd2654efd8d3db5356cd6c028	3	3235	player
ea8b7a91d105f3a3e0bc742fd7ce6ac5	1	23168	player	uade	Protracker	0	7730	863df89b	6cfc9ad8	DataFiles/Mods/Synth/Mod.do you wanne...yep
ea9cb0b5e5dd99d7da81e420efb9122a	1	196562	player	uade	Protracker	0	78912	f892ff16	4775bee9	DataFiles/Mods/Techn/Mod.longing for techno2
eaf7235285060afdc94b531e62c7357b	1	146045	player	uade	Protracker	0	141372	91203d97	a529e85d	DataFiles/Mods/Misc/Mod.rocketup
ebc838835176b96a75da9acf4c0d54b7	1	30824	player	uade	Protracker	0	30338	e7729333	209b856e	DataFiles/Mods/Synth/Mod.flying world
ebcfc454a5aab1118c9e7387269c2835	1	213461	player	uade	Protracker	0	251964	3b77addf	30a66bbc	Programs/Graphics/AnimTools/VideoTracker/Modules/mod.blerk
ec820e136d59a3b1ce7c8425c7187ec4	1	53872	player	uade	Protracker	0	47850	6321139b	2acaf254	Programs/Music/SampleEdit/SamPull/samp2.0.LHA/mod.sample
ec9135a1223364d8b8d36c4b37817928	1	151946	player+silence	uade	Protracker	0	322832	8009ae52	ceec7d75	Programs/Graphics/AnimTools/VideoTracker/Modules/mod.i_will_trans_u
eccd9a206093eaad0926edc15662107b	1	174840	player	uade	Protracker compatible	0	213608	6e060582	34cda699	DataFiles/Mods/Misc/Mod.Cooking_It_Up
ed1e1c050c9d0138ddbc68613bfa09f1	1	102520	player	uade	Protracker	0	113676	6c222cb2	e7c89ea0	DataFiles/Mods/Soft/Mod.radioshock
ed547a3e7bc54bcfab9cf88ebbd598a0	1	102520	player	uade	Protracker	0	12134	2636713c	7bc4e025	DataFiles/Mods/Synth/Mod.clown omania by dvs
ed55ec7cb61e20723af86f3f60345e8f	1	180237	player+silence	uade	Protracker	0	243134	3de75dbb	e2a1ca5a	DataFiles/Mods/Soft/Mod.incognite
eda151f6c0e44ed0a6a645960569142e	1	94242	player	uade	Protracker	0	188866	4597d2b5	06a277a1	DataFiles/Mods/Soft/Mod.laudamus te
eeb5fa4d1bc7fc8d6beae62569e41947	1	122997	player	uade	Protracker	0	54998	8b730778	5fb3a1f3	DataFiles/Mods/Soul/Mod.speed storm
eeb7b27f84af739a8540d639933c7522	1	261245	player	uade	Protracker compatible	0	87454	9f5cc26d	6265cc90	DataFiles/Mods/Misc/Mod.stjamkitintroii
f0302548377e94f77b06aef47d18a68c	1	170057	player	uade	Protracker compatible	0	68404	a77c9c61	c224d57d	DataFiles/Mods/Hits/Mod.circle in the sand
f064fcff14b3d598c9e9ca2ee34be84b	1	105715	player	uade	Protracker	0	15060	66d5b348	a2bbdcf0	DataFiles/Mods/Synth/Mod.summerpanic
f0cd18378651e43c1599d366f058981e	1	134531	player	uade	Protracker	0	62810	8897400d	6f89c70c	DataFiles/Mods/Misc/Mod.welcome home
f0cdcaa2451b46e0c2d83d44c58fd674	1	30824	player	uade	Protracker	0	5316	0eed18c6	95f5742b	DataFiles/Mods/Synth/Mod.an8
f0d07da1089894c1131b6b97470e9140	1	41072	player	uade	Protracker	0	19810	244b6f35	bd76ee41	DataFiles/Mods/Soft/Mod.worldmap
f0d07da1089894c1131b6b97470e9140	1	41072	player	uade	Protracker	0	19810	244b6f35	bd76ee41	DataFiles/Mods/Synth/Mod.worldmap
f1944d8affe8a58311d703057b59bcd7	0	61830	player	uade	IFF EMOD	0	39490	c569abf2	63beffd6	Programs/Music/Edit/QuadraComp/Modules/SynthCorn.EMOD
f21a6cefe7deaa014a8782d535d24765	1	44910	player	uade	Noisetracker 1.x	0	51320	41fcb360	7a7a5877	DataFiles/Mods/Synth/Mod.fairlight
f28784fae40186aa0230fbbf57ebec15	1	382451	player+silence	uade	Soundtracker II (31 instr.)	0	201908	be635f8b	58d26eeb	DataFiles/Mods/Techn/Mod.iwannacudance
f2a5541005ef5331888a1f2704e43b48	1	215872	player	uade	Protracker compatible	0	104051	382c1bd8	c464a1e8	DataFiles/Mods/Hits/Mod.come as you are
f2c7bbea326ce92708b1b31f70d75e5f	1	146045	player	uade	Protracker	0	69646	515582dd	ef25bef5	DataFiles/Mods/Misc/Mod.background noises
f3799ce71802e222ed9480e922f57794	1	115321	player	uade	Protracker	0	29934	63584c96	2d68ffd7	DataFiles/Mods/Synth/Mod.creppo {chipcutmix}
f3d9212ea228c13335f5832794c58e76	1	230541	player	uade	Protracker compatible	0	126728	779c5e6a	20d48000	DataFiles/Mods/Soft/Mod.restricted
f4f46b29df73c55e70ba8bad7e588209	1	222070	player+silence	ft2play	Fasttracker (M.K.)	4	347956	4c22d305	7eff3300	DataFiles/Mods/Techn/Mod.aftershock}}
f4fb0ff2cb7d4b64cf18afbeca5c0d96	1	222845	player	uade	Protracker	0	127582	84102e8f	a2ae118d	DataFiles/Mods/Misc/Mod.fast food
f544bc17aa1ca3d7eb4f0e2f05a6873b	1	84616	player	uade	Protracker	0	124190	1580db62	d02899f1	DataFiles/Mods/Soft/Mod.while_were_waiting
f596ffc13e81a48e212746c7a1cede38	1	147331	player	uade	Protracker	0	89866	8170f14f	f9d7b04f	DataFiles/Mods/Misc/Mod.5
f5a1b779826b1605aee12f0e5682ae27	1	173252	player	uade	Protracker	0	100798	e2c2cffa	db2d296a	DataFiles/Mods/Soft/Mod.the anvil chorus
f637d43efec6d6f14cd44fadb227f327	1	115321	player	uade	Protracker compatible	0	63078	8b46a24a	b6f28383	DataFiles/Mods/Techn/Mod.technobable
f702bfff552a2e7acbdb9c81ca41d87a	1	88279	player+silence	uade	OctaMED MMD1	0	116532	5122ec5e	47572d54	Programs/Music/Edit/Octa5/Modules Supplied by MUG/4
f7084a45795d5aa75ecd8fe29f8dd6ab	1	246923	player+silence	uade	Noisetracker 1.x	0	83058	c123bf0a	3bb59cc5	DataFiles/Mods/Hits/Mod.big in japan
f754064c4b3ad856d2a0280f354f56da	1	213481	player	uade	Protracker	0	132236	81fbee59	cecdf90d	DataFiles/Mods/Trash/Mod.messe_nere
f7d7d1200e102525fb543df9c19cb377	1	721323	player	uade	Protracker	0	498248	5abb9547	49903e7e	DataFiles/Mods/Techn/Mod.pandemix
f99f3c5345ff927ef2850102d8994a4b	1	92272	player	uade	Protracker	0	17118	0f8c9563	c7240f80	DataFiles/Mods/Synth/Mod.an2
fa175f05303fd4bb6077c9604101bfdb	0	276706	loop	uade	UADE	0	72540	fabd1f75	ab21b884	Programs/Music/MISC/ExoticModules/CUSTOM.OnslaughtMoN
fa175f05303fd4bb6077c9604101bfdb	1	39879	loop
fa175f05303fd4bb6077c9604101bfdb	2	69357	loop
fa76d3881444dac9e1d7ca9c6ac83c85	1	289109	player	ft2play	Fasttracker (M.K.)	4	180470	db8b76cb	28ea5d3b	DataFiles/Mods/Techn/Mod.radio exorcist ii
fa8b1ef0bbe9eb892921f63441e1efd0	1	46216	player	uade	Noisetracker 1.x	0	35826	a3bbe6de	b215e1ab	DataFiles/Mods/Synth/Mod.title-ocean
faa21c3e4e75a6925c87474337f3486c	1	71173	player	uade	Protracker	0	85628	c2f9d372	a5a8bda9	DataFiles/Mods/Misc/Mod.parasites
fac43a9bc968b5d71a245fe9bc1ba81b	1	146045	player	uade	Protracker	0	133928	115a2bcd	e093a462	DataFiles/Mods/Soul/Mod.random waveforms
fb1b6eadfd78385fa948cbe060003388	1	117872	player	uade	Protracker	0	18060	b0bf6292	b2041285	DataFiles/Mods/Synth/Mod.mel1
fb6ad6d4e63c3b640e2c207bec93b7d5	1	230541	player	uade	Protracker	0	150900	10c4d9da	2e29c90e	DataFiles/Mods/Soft/Mod.excalibur outrun
fb8b56fc11be00e7ab5139083b9adf58	1	353418	player	uade	Protracker compatible	0	334956	d00d7573	d188ed2c	DataFiles/Mods/Hits/Mod.ladadee remix
fbae7e894cade34efac1c50dd5630186	1	102520	player	uade	Protracker compatible	0	79104	c69c689a	dc1c22f3	DataFiles/Mods/Hits/Mod.joanna
fc5585c09d215d3cda3b1bae2ea101ab	1	83190	player	uade	Protracker	0	26722	fd664291	b9f3fc20	DataFiles/Mods/Soft/Mod.mamushka
fc6863f3ea3b3285ba9922602c96390f	1	720017	player	uade	Protracker	0	440174	dfdc0940	941d5b3c	DataFiles/Mods/Techn/Mod.inherit the stars
fcbf33094f8250663b48f1b664e35e6c	1	122997	player	uade	Protracker	0	87278	cba2abbd	4200c44d	DataFiles/Mods/Misc/Mod.manomagic-remix.fab
fce3f72774a2693c7fe1ff4d56c1f950	1	26042	player	uade	Protracker	0	8556	730c96dc	384977c2	DataFiles/Mods/Synth/Mod.vedmassefaktorer
fd8f9b1fa9613196d2310703349be40e	1	72118	player	uade	Protracker	0	41364	ce6a4b89	68e7f4a9	DataFiles/Mods/Misc/Mod.turrican {intro}
fd93d8f91d0f9f6e51ce37b75c579104	1	107645	player	uade	Protracker	0	12774	a68870eb	53d5016e	DataFiles/Mods/Synth/Mod.its grim up north
fe062a264132716b195cbded5eaf167d	1	204941	player	uade	Protracker	0	108456	4e3449c3	b146119c	DataFiles/Mods/Trash/Mod.violent_death
fe0aa72ecfa96e5296cc363340f71eb3	1	61568	player	uade	Protracker	0	10246	a22f6a59	f50fb3a2	DataFiles/Mods/Synth/Mod.ruby-tuesday
fe0db4236f377ee0fa7605dd795dd4af	1	344129	player+silence	uade	Protracker compatible	0	171738	5cb83f4a	ce75b581	DataFiles/Mods/Hits/Mod.mama{new}
fe585c552950c2aca73d8b63e7e64715	1	180325	player	uade	Protracker	0	224760	4c579872	8e863a39	DataFiles/Mods/Misc/Mod.chaotic creation
fe5b6f548deefb655fad2bff2b07b149	1	362279	player	st3play	Scream Tracker 3.00 (SB)	9	197290	0c45c9fd	f1581d6c	Programs/Music/Players/PS3M/mods/CHAOS.S3M
ff7ca8aee91db3ec76a043b8cae45337	1	220775	player	uade	OctaMED MMD0	0	21070	94d94c4e	ae4c3efa	Games/MegaBall/MB_Music/MBmus04
